INSERT INTO PUBLIC.OBJECT_METADATA (ID, NAME, METADATA_TYPE, REFERENCE_METADATA, REFERENCE_METADATA_NAME) VALUES('a8485aa8f7a7481b8828e638330f5291','Policy_Type','OBJECT',null,null);
INSERT INTO PUBLIC.OBJECT_METADATA (ID, NAME, METADATA_TYPE, REFERENCE_METADATA, REFERENCE_METADATA_NAME) VALUES('c8286a1447f548a885cd3783c3c2dbef','AirportFBOLineBusiness_Type','MODEL',null,null);
INSERT INTO PUBLIC.OBJECT_METADATA (ID, NAME, METADATA_TYPE, REFERENCE_METADATA, REFERENCE_METADATA_NAME) VALUES('4fa89203e94a4637baa0484d19b460c5','CURRENCY','OBJECT',null,null);
INSERT INTO PUBLIC.PRIMITIVE_METADATA (ID, NAME, METADATA_TYPE) VALUES('6240ce877a244a73a1253961131c6cc9','IndustryCode_Type','PRIMITIVE');
INSERT INTO PUBLIC.OBJECT_FIELD_METADATA (ID, NAME, METADATA_TYPE, PARENT_METADATA,PARENT_METADATA_NAME, REFERENCE_METADATA, REFERENCE_METADATA_NAME, REFERENCE_METADATA_TYPE)VALUES('f532ca76e77049968618e04f91a41977','CurCd','FIELD','4fa89203e94a4637baa0484d19b460c5','CURRENCY','6240ce877a244a73a1253961131c6cc9','IndustryCode_Type','PRIMITIVE');
INSERT INTO PUBLIC.PRIMITIVE_METADATA (ID, NAME, METADATA_TYPE) VALUES('c896845db6f640c6bf65093333a64c69','Decimal','PRIMITIVE');
INSERT INTO PUBLIC.OBJECT_FIELD_METADATA (ID, NAME, METADATA_TYPE, PARENT_METADATA,PARENT_METADATA_NAME, REFERENCE_METADATA, REFERENCE_METADATA_NAME, REFERENCE_METADATA_TYPE)VALUES('a5164017a13a480b940051d719a8a939','Amt','FIELD','4fa89203e94a4637baa0484d19b460c5','CURRENCY','c896845db6f640c6bf65093333a64c69','Decimal','PRIMITIVE');
INSERT INTO PUBLIC.OBJECT_FIELD_METADATA (ID, NAME, METADATA_TYPE, PARENT_METADATA,PARENT_METADATA_NAME, REFERENCE_METADATA, REFERENCE_METADATA_NAME, REFERENCE_METADATA_TYPE)VALUES('6892301501cd42ce9cccc662ef0e0858','WrittenAmt','MODEL_RELATION','c8286a1447f548a885cd3783c3c2dbef','AirportFBOLineBusiness_Type','4fa89203e94a4637baa0484d19b460c5','CURRENCY','OBJECT');
INSERT INTO PUBLIC.OBJECT_METADATA (ID, NAME, METADATA_TYPE, REFERENCE_METADATA, REFERENCE_METADATA_NAME) VALUES('38c854e9d08c462aad57cea310dc624d','Pilot_Type','OBJECT',null,null);
INSERT INTO PUBLIC.OBJECT_FIELD_METADATA (ID, NAME, METADATA_TYPE, PARENT_METADATA,PARENT_METADATA_NAME, REFERENCE_METADATA, REFERENCE_METADATA_NAME, REFERENCE_METADATA_TYPE)VALUES('85ae3c7b48224e9aa359aaefeca8546d','PilotExt','FIELD','38c854e9d08c462aad57cea310dc624d','Pilot_Type',null,null,null);
INSERT INTO PUBLIC.OBJECT_METADATA (ID, NAME, METADATA_TYPE, REFERENCE_METADATA, REFERENCE_METADATA_NAME) VALUES('d95b1cb018eb42c690b817b73cf4d5fa','GeneralPartyInfo_Type','OBJECT',null,null);
INSERT INTO PUBLIC.OBJECT_METADATA (ID, NAME, METADATA_TYPE, REFERENCE_METADATA, REFERENCE_METADATA_NAME) VALUES('02f87e48703e4070b19e633337850703','NameInfo_Type','OBJECT',null,null);
INSERT INTO PUBLIC.OBJECT_METADATA (ID, NAME, METADATA_TYPE, REFERENCE_METADATA, REFERENCE_METADATA_NAME) VALUES('39535c3b770f4f6f8258b2a7fb00dd26','NonTaxIdentity_Type','OBJECT',null,null);
INSERT INTO PUBLIC.PRIMITIVE_METADATA (ID, NAME, METADATA_TYPE) VALUES('8a10954e8f804649843603fc62c05eea','NonTaxIdType','PRIMITIVE');
INSERT INTO PUBLIC.OBJECT_FIELD_METADATA (ID, NAME, METADATA_TYPE, PARENT_METADATA,PARENT_METADATA_NAME, REFERENCE_METADATA, REFERENCE_METADATA_NAME, REFERENCE_METADATA_TYPE)VALUES('16e192545d2d4739ba44042e1aedfc37','NonTaxIdTypeCd','FIELD','39535c3b770f4f6f8258b2a7fb00dd26','NonTaxIdentity_Type','8a10954e8f804649843603fc62c05eea','NonTaxIdType','PRIMITIVE');
INSERT INTO PUBLIC.PRIMITIVE_METADATA (ID, NAME, METADATA_TYPE) VALUES('4ffb0bcc3ec946d1af3ef883f4c3a4e6','Boolean','PRIMITIVE');
INSERT INTO PUBLIC.OBJECT_FIELD_METADATA (ID, NAME, METADATA_TYPE, PARENT_METADATA,PARENT_METADATA_NAME, REFERENCE_METADATA, REFERENCE_METADATA_NAME, REFERENCE_METADATA_TYPE)VALUES('9045b3aa24f1462ba7ca9e2cdde253bb','PrimaryNonTaxInd','FIELD','39535c3b770f4f6f8258b2a7fb00dd26','NonTaxIdentity_Type','4ffb0bcc3ec946d1af3ef883f4c3a4e6','Boolean','PRIMITIVE');
INSERT INTO PUBLIC.PRIMITIVE_METADATA (ID, NAME, METADATA_TYPE) VALUES('556d0fd305d84c408c3f510bdb79e07f','C-60','PRIMITIVE');
INSERT INTO PUBLIC.OBJECT_FIELD_METADATA (ID, NAME, METADATA_TYPE, PARENT_METADATA,PARENT_METADATA_NAME, REFERENCE_METADATA, REFERENCE_METADATA_NAME, REFERENCE_METADATA_TYPE)VALUES('cc6f703c29904e85a21a5db9c151924f','StateProv','FIELD','39535c3b770f4f6f8258b2a7fb00dd26','NonTaxIdentity_Type','556d0fd305d84c408c3f510bdb79e07f','C-60','PRIMITIVE');
INSERT INTO PUBLIC.OBJECT_FIELD_METADATA (ID, NAME, METADATA_TYPE, PARENT_METADATA,PARENT_METADATA_NAME, REFERENCE_METADATA, REFERENCE_METADATA_NAME, REFERENCE_METADATA_TYPE)VALUES('dbcc56242f374199bc06b000d9c4cfb8','CountryCd','FIELD','39535c3b770f4f6f8258b2a7fb00dd26','NonTaxIdentity_Type','6240ce877a244a73a1253961131c6cc9','IndustryCode_Type','PRIMITIVE');
INSERT INTO PUBLIC.OBJECT_FIELD_METADATA (ID, NAME, METADATA_TYPE, PARENT_METADATA,PARENT_METADATA_NAME, REFERENCE_METADATA, REFERENCE_METADATA_NAME, REFERENCE_METADATA_TYPE)VALUES('e71d79c601b043c6933c2b3735423355','Country','FIELD','39535c3b770f4f6f8258b2a7fb00dd26','NonTaxIdentity_Type','556d0fd305d84c408c3f510bdb79e07f','C-60','PRIMITIVE');
INSERT INTO PUBLIC.OBJECT_FIELD_METADATA (ID, NAME, METADATA_TYPE, PARENT_METADATA,PARENT_METADATA_NAME, REFERENCE_METADATA, REFERENCE_METADATA_NAME, REFERENCE_METADATA_TYPE)VALUES('35a6f08b26004f30922e4176c59be256','NonTaxIdentityExt','FIELD','39535c3b770f4f6f8258b2a7fb00dd26','NonTaxIdentity_Type',null,null,null);
INSERT INTO PUBLIC.PRIMITIVE_METADATA (ID, NAME, METADATA_TYPE) VALUES('3da4bbbc6bf44d5f941e647b8e8408dc','AssignedIdentifier','PRIMITIVE');
INSERT INTO PUBLIC.OBJECT_FIELD_METADATA (ID, NAME, METADATA_TYPE, PARENT_METADATA,PARENT_METADATA_NAME, REFERENCE_METADATA, REFERENCE_METADATA_NAME, REFERENCE_METADATA_TYPE)VALUES('39c2a452d1c544a0b956f2cb7c013400','NonTaxId','FIELD','39535c3b770f4f6f8258b2a7fb00dd26','NonTaxIdentity_Type','3da4bbbc6bf44d5f941e647b8e8408dc','AssignedIdentifier','PRIMITIVE');
INSERT INTO PUBLIC.OBJECT_FIELD_METADATA (ID, NAME, METADATA_TYPE, PARENT_METADATA,PARENT_METADATA_NAME, REFERENCE_METADATA, REFERENCE_METADATA_NAME, REFERENCE_METADATA_TYPE)VALUES('c4f8186a49644e49bbe2a6078acd2d58','StateProvCd','FIELD','39535c3b770f4f6f8258b2a7fb00dd26','NonTaxIdentity_Type','6240ce877a244a73a1253961131c6cc9','IndustryCode_Type','PRIMITIVE');
INSERT INTO PUBLIC.OBJECT_FIELD_METADATA (ID, NAME, METADATA_TYPE, PARENT_METADATA,PARENT_METADATA_NAME, REFERENCE_METADATA, REFERENCE_METADATA_NAME, REFERENCE_METADATA_TYPE)VALUES('4030985fd28c4fef8b0d4726b9d5ca10','NonTaxIdentity','MODEL_RELATION','02f87e48703e4070b19e633337850703','NameInfo_Type','39535c3b770f4f6f8258b2a7fb00dd26','NonTaxIdentity_Type','OBJECT');
INSERT INTO PUBLIC.OBJECT_FIELD_METADATA (ID, NAME, METADATA_TYPE, PARENT_METADATA,PARENT_METADATA_NAME, REFERENCE_METADATA, REFERENCE_METADATA_NAME, REFERENCE_METADATA_TYPE)VALUES('cb46eda9acd64ad0993f47e0a7260d40','NameInfoExt','FIELD','02f87e48703e4070b19e633337850703','NameInfo_Type',null,null,null);
INSERT INTO PUBLIC.OBJECT_METADATA (ID, NAME, METADATA_TYPE, REFERENCE_METADATA, REFERENCE_METADATA_NAME) VALUES('7be78e2f05ea4f07b532a39aa3eeb99d','SupplementaryNameInfo_Type','OBJECT',null,null);
INSERT INTO PUBLIC.PRIMITIVE_METADATA (ID, NAME, METADATA_TYPE) VALUES('2344631100044813a5126adcfb93e80d','C-255','PRIMITIVE');
INSERT INTO PUBLIC.OBJECT_FIELD_METADATA (ID, NAME, METADATA_TYPE, PARENT_METADATA,PARENT_METADATA_NAME, REFERENCE_METADATA, REFERENCE_METADATA_NAME, REFERENCE_METADATA_TYPE)VALUES('bb1217dbced447f0adda1e25900faf5c','SupplementaryName','FIELD','7be78e2f05ea4f07b532a39aa3eeb99d','SupplementaryNameInfo_Type','2344631100044813a5126adcfb93e80d','C-255','PRIMITIVE');
INSERT INTO PUBLIC.PRIMITIVE_METADATA (ID, NAME, METADATA_TYPE) VALUES('3975401146a74bd391d7ef37c7a90a26','SupplementaryNameType','PRIMITIVE');
INSERT INTO PUBLIC.OBJECT_FIELD_METADATA (ID, NAME, METADATA_TYPE, PARENT_METADATA,PARENT_METADATA_NAME, REFERENCE_METADATA, REFERENCE_METADATA_NAME, REFERENCE_METADATA_TYPE)VALUES('126cbccbc91d4db4884356a6e102ef13','SupplementaryNameCd','FIELD','7be78e2f05ea4f07b532a39aa3eeb99d','SupplementaryNameInfo_Type','3975401146a74bd391d7ef37c7a90a26','SupplementaryNameType','PRIMITIVE');
INSERT INTO PUBLIC.PRIMITIVE_METADATA (ID, NAME, METADATA_TYPE) VALUES('15814333b5aa47b2a194834a34e32e90','C-10','PRIMITIVE');
INSERT INTO PUBLIC.OBJECT_FIELD_METADATA (ID, NAME, METADATA_TYPE, PARENT_METADATA,PARENT_METADATA_NAME, REFERENCE_METADATA, REFERENCE_METADATA_NAME, REFERENCE_METADATA_TYPE)VALUES('f0c5ee3172d74c8ca8957e5f8ada0271','BranchId','FIELD','7be78e2f05ea4f07b532a39aa3eeb99d','SupplementaryNameInfo_Type','15814333b5aa47b2a194834a34e32e90','C-10','PRIMITIVE');
INSERT INTO PUBLIC.OBJECT_FIELD_METADATA (ID, NAME, METADATA_TYPE, PARENT_METADATA,PARENT_METADATA_NAME, REFERENCE_METADATA, REFERENCE_METADATA_NAME, REFERENCE_METADATA_TYPE)VALUES('12c86d6e5aee463692598f51892f34bd','SupplementaryNameInfoExt','FIELD','7be78e2f05ea4f07b532a39aa3eeb99d','SupplementaryNameInfo_Type',null,null,null);
INSERT INTO PUBLIC.OBJECT_FIELD_METADATA (ID, NAME, METADATA_TYPE, PARENT_METADATA,PARENT_METADATA_NAME, REFERENCE_METADATA, REFERENCE_METADATA_NAME, REFERENCE_METADATA_TYPE)VALUES('a8ea38371ffb4aaf985d17d72cafe6c2','SupplementaryNameInfo','MODEL_RELATION','02f87e48703e4070b19e633337850703','NameInfo_Type','7be78e2f05ea4f07b532a39aa3eeb99d','SupplementaryNameInfo_Type','OBJECT');
INSERT INTO PUBLIC.PRIMITIVE_METADATA (ID, NAME, METADATA_TYPE) VALUES('f5e1671ab9224e1da8f2bdb53c9dc398','TitleRelationship','PRIMITIVE');
INSERT INTO PUBLIC.OBJECT_FIELD_METADATA (ID, NAME, METADATA_TYPE, PARENT_METADATA,PARENT_METADATA_NAME, REFERENCE_METADATA, REFERENCE_METADATA_NAME, REFERENCE_METADATA_TYPE)VALUES('d5881ccc8c344ff288b07c84603e8096','TitleRelationshipCd','FIELD','02f87e48703e4070b19e633337850703','NameInfo_Type','f5e1671ab9224e1da8f2bdb53c9dc398','TitleRelationship','PRIMITIVE');
INSERT INTO PUBLIC.OBJECT_FIELD_METADATA (ID, NAME, METADATA_TYPE, PARENT_METADATA,PARENT_METADATA_NAME, REFERENCE_METADATA, REFERENCE_METADATA_NAME, REFERENCE_METADATA_TYPE)VALUES('d9bc19ef04404f038fc70690e306f922','TitleRelationshipDesc','FIELD','02f87e48703e4070b19e633337850703','NameInfo_Type','2344631100044813a5126adcfb93e80d','C-255','PRIMITIVE');
INSERT INTO PUBLIC.PRIMITIVE_METADATA (ID, NAME, METADATA_TYPE) VALUES('25eebd863f184232be4964a29df98a0b','LegalEntity','PRIMITIVE');
INSERT INTO PUBLIC.OBJECT_FIELD_METADATA (ID, NAME, METADATA_TYPE, PARENT_METADATA,PARENT_METADATA_NAME, REFERENCE_METADATA, REFERENCE_METADATA_NAME, REFERENCE_METADATA_TYPE)VALUES('d3c34f1d43994365a55eeb97c49104b0','LegalEntityCd','FIELD','02f87e48703e4070b19e633337850703','NameInfo_Type','25eebd863f184232be4964a29df98a0b','LegalEntity','PRIMITIVE');
INSERT INTO PUBLIC.OBJECT_METADATA (ID, NAME, METADATA_TYPE, REFERENCE_METADATA, REFERENCE_METADATA_NAME) VALUES('5ba9c8641c274c3f91d28581717e39a2','TaxIdentity_Type','OBJECT',null,null);
INSERT INTO PUBLIC.OBJECT_FIELD_METADATA (ID, NAME, METADATA_TYPE, PARENT_METADATA,PARENT_METADATA_NAME, REFERENCE_METADATA, REFERENCE_METADATA_NAME, REFERENCE_METADATA_TYPE)VALUES('4710d07e576e46b2a8525033eda34c46','StateProv','FIELD','5ba9c8641c274c3f91d28581717e39a2','TaxIdentity_Type','556d0fd305d84c408c3f510bdb79e07f','C-60','PRIMITIVE');
INSERT INTO PUBLIC.OBJECT_FIELD_METADATA (ID, NAME, METADATA_TYPE, PARENT_METADATA,PARENT_METADATA_NAME, REFERENCE_METADATA, REFERENCE_METADATA_NAME, REFERENCE_METADATA_TYPE)VALUES('e761df4a87b04a49a80a76de26d3511b','CountryCd','FIELD','5ba9c8641c274c3f91d28581717e39a2','TaxIdentity_Type','6240ce877a244a73a1253961131c6cc9','IndustryCode_Type','PRIMITIVE');
INSERT INTO PUBLIC.OBJECT_FIELD_METADATA (ID, NAME, METADATA_TYPE, PARENT_METADATA,PARENT_METADATA_NAME, REFERENCE_METADATA, REFERENCE_METADATA_NAME, REFERENCE_METADATA_TYPE)VALUES('8216b40b665847f39ef01fd9e8b0699e','Country','FIELD','5ba9c8641c274c3f91d28581717e39a2','TaxIdentity_Type','556d0fd305d84c408c3f510bdb79e07f','C-60','PRIMITIVE');
INSERT INTO PUBLIC.OBJECT_FIELD_METADATA (ID, NAME, METADATA_TYPE, PARENT_METADATA,PARENT_METADATA_NAME, REFERENCE_METADATA, REFERENCE_METADATA_NAME, REFERENCE_METADATA_TYPE)VALUES('79c19f616648403cb6712c14c1819750','TaxId','FIELD','5ba9c8641c274c3f91d28581717e39a2','TaxIdentity_Type','3da4bbbc6bf44d5f941e647b8e8408dc','AssignedIdentifier','PRIMITIVE');
INSERT INTO PUBLIC.PRIMITIVE_METADATA (ID, NAME, METADATA_TYPE) VALUES('758dd42031424055a8b9a8d65666b347','C-80','PRIMITIVE');
INSERT INTO PUBLIC.OBJECT_FIELD_METADATA (ID, NAME, METADATA_TYPE, PARENT_METADATA,PARENT_METADATA_NAME, REFERENCE_METADATA, REFERENCE_METADATA_NAME, REFERENCE_METADATA_TYPE)VALUES('e82697c5851c4a708974932156ceba40','City','FIELD','5ba9c8641c274c3f91d28581717e39a2','TaxIdentity_Type','758dd42031424055a8b9a8d65666b347','C-80','PRIMITIVE');
INSERT INTO PUBLIC.OBJECT_FIELD_METADATA (ID, NAME, METADATA_TYPE, PARENT_METADATA,PARENT_METADATA_NAME, REFERENCE_METADATA, REFERENCE_METADATA_NAME, REFERENCE_METADATA_TYPE)VALUES('c8e629da88f44f2490e0d39a66c4bcf8','TaxIdentityExt','FIELD','5ba9c8641c274c3f91d28581717e39a2','TaxIdentity_Type',null,null,null);
INSERT INTO PUBLIC.OBJECT_FIELD_METADATA (ID, NAME, METADATA_TYPE, PARENT_METADATA,PARENT_METADATA_NAME, REFERENCE_METADATA, REFERENCE_METADATA_NAME, REFERENCE_METADATA_TYPE)VALUES('1ec6c571e2fd4d56ab63547e9603a117','StateProvCd','FIELD','5ba9c8641c274c3f91d28581717e39a2','TaxIdentity_Type','6240ce877a244a73a1253961131c6cc9','IndustryCode_Type','PRIMITIVE');
INSERT INTO PUBLIC.PRIMITIVE_METADATA (ID, NAME, METADATA_TYPE) VALUES('334117331b82450fa57007bb3e0faae7','TaxIdType','PRIMITIVE');
INSERT INTO PUBLIC.OBJECT_FIELD_METADATA (ID, NAME, METADATA_TYPE, PARENT_METADATA,PARENT_METADATA_NAME, REFERENCE_METADATA, REFERENCE_METADATA_NAME, REFERENCE_METADATA_TYPE)VALUES('8d62b45bbb04410bab458927a71a0428','TaxIdTypeCd','FIELD','5ba9c8641c274c3f91d28581717e39a2','TaxIdentity_Type','334117331b82450fa57007bb3e0faae7','TaxIdType','PRIMITIVE');
INSERT INTO PUBLIC.PRIMITIVE_METADATA (ID, NAME, METADATA_TYPE) VALUES('4aa23ceca9374701b7716d432173c7c2','C-50','PRIMITIVE');
INSERT INTO PUBLIC.OBJECT_FIELD_METADATA (ID, NAME, METADATA_TYPE, PARENT_METADATA,PARENT_METADATA_NAME, REFERENCE_METADATA, REFERENCE_METADATA_NAME, REFERENCE_METADATA_TYPE)VALUES('2f6c121120dc4b9896ebff0478723af6','TaxIdSource','FIELD','5ba9c8641c274c3f91d28581717e39a2','TaxIdentity_Type','4aa23ceca9374701b7716d432173c7c2','C-50','PRIMITIVE');
INSERT INTO PUBLIC.OBJECT_FIELD_METADATA (ID, NAME, METADATA_TYPE, PARENT_METADATA,PARENT_METADATA_NAME, REFERENCE_METADATA, REFERENCE_METADATA_NAME, REFERENCE_METADATA_TYPE)VALUES('5a96e144d6444966a5a70f605f2922b6','County','FIELD','5ba9c8641c274c3f91d28581717e39a2','TaxIdentity_Type','4aa23ceca9374701b7716d432173c7c2','C-50','PRIMITIVE');
INSERT INTO PUBLIC.OBJECT_FIELD_METADATA (ID, NAME, METADATA_TYPE, PARENT_METADATA,PARENT_METADATA_NAME, REFERENCE_METADATA, REFERENCE_METADATA_NAME, REFERENCE_METADATA_TYPE)VALUES('4b7c1ad3b9cb4ab286cb998f8bea4561','TaxIdentity','MODEL_RELATION','02f87e48703e4070b19e633337850703','NameInfo_Type','5ba9c8641c274c3f91d28581717e39a2','TaxIdentity_Type','OBJECT');
INSERT INTO PUBLIC.OBJECT_FIELD_METADATA (ID, NAME, METADATA_TYPE, PARENT_METADATA,PARENT_METADATA_NAME, REFERENCE_METADATA, REFERENCE_METADATA_NAME, REFERENCE_METADATA_TYPE)VALUES('c180aa49ca6f479086202ef54f7db921','ProfessionalDesignationCd','FIELD','02f87e48703e4070b19e633337850703','NameInfo_Type','6240ce877a244a73a1253961131c6cc9','IndustryCode_Type','PRIMITIVE');
INSERT INTO PUBLIC.OBJECT_FIELD_METADATA (ID, NAME, METADATA_TYPE, PARENT_METADATA,PARENT_METADATA_NAME, REFERENCE_METADATA, REFERENCE_METADATA_NAME, REFERENCE_METADATA_TYPE)VALUES('a0773cafedab4f22afb6930e0f012c1f','NameInfo','MODEL_RELATION','d95b1cb018eb42c690b817b73cf4d5fa','GeneralPartyInfo_Type','02f87e48703e4070b19e633337850703','NameInfo_Type','OBJECT');
INSERT INTO PUBLIC.OBJECT_METADATA (ID, NAME, METADATA_TYPE, REFERENCE_METADATA, REFERENCE_METADATA_NAME) VALUES('30a55f74dc40428d80b20c08a9569415','PreferredContact_Type','OBJECT',null,null);
INSERT INTO PUBLIC.OBJECT_METADATA (ID, NAME, METADATA_TYPE, REFERENCE_METADATA, REFERENCE_METADATA_NAME) VALUES('2ba28904532b44bfb94bb9bca9b86a8a','DURATION','OBJECT',null,null);
INSERT INTO PUBLIC.OBJECT_FIELD_METADATA (ID, NAME, METADATA_TYPE, PARENT_METADATA,PARENT_METADATA_NAME, REFERENCE_METADATA, REFERENCE_METADATA_NAME, REFERENCE_METADATA_TYPE)VALUES('cb88053c030e4c52928d24ab26c6b7c0','LocalStandardTimeInd','FIELD','2ba28904532b44bfb94bb9bca9b86a8a','DURATION','4ffb0bcc3ec946d1af3ef883f4c3a4e6','Boolean','PRIMITIVE');
INSERT INTO PUBLIC.OBJECT_METADATA (ID, NAME, METADATA_TYPE, REFERENCE_METADATA, REFERENCE_METADATA_NAME) VALUES('6ea00f59f744484788c58524dc777dae','LapsePeriod_Type','OBJECT',null,null);
INSERT INTO PUBLIC.OBJECT_FIELD_METADATA (ID, NAME, METADATA_TYPE, PARENT_METADATA,PARENT_METADATA_NAME, REFERENCE_METADATA, REFERENCE_METADATA_NAME, REFERENCE_METADATA_TYPE)VALUES('0ac082bf69e8425495279fa78a74d07e','LapsePeriodExt','FIELD','6ea00f59f744484788c58524dc777dae','LapsePeriod_Type',null,null,null);
INSERT INTO PUBLIC.OBJECT_FIELD_METADATA (ID, NAME, METADATA_TYPE, PARENT_METADATA,PARENT_METADATA_NAME, REFERENCE_METADATA, REFERENCE_METADATA_NAME, REFERENCE_METADATA_TYPE)VALUES('7d005181e47c44f2bec0886d9ff34900','LapseTypeCd','FIELD','6ea00f59f744484788c58524dc777dae','LapsePeriod_Type','6240ce877a244a73a1253961131c6cc9','IndustryCode_Type','PRIMITIVE');
INSERT INTO PUBLIC.PRIMITIVE_METADATA (ID, NAME, METADATA_TYPE) VALUES('838cab4e48a54d0bb23ca5ea9db454ab','Long','PRIMITIVE');
INSERT INTO PUBLIC.OBJECT_FIELD_METADATA (ID, NAME, METADATA_TYPE, PARENT_METADATA,PARENT_METADATA_NAME, REFERENCE_METADATA, REFERENCE_METADATA_NAME, REFERENCE_METADATA_TYPE)VALUES('ee66988dd7c548f2ae5437e55397b5e0','NumDaysLapse','FIELD','6ea00f59f744484788c58524dc777dae','LapsePeriod_Type','838cab4e48a54d0bb23ca5ea9db454ab','Long','PRIMITIVE');
INSERT INTO PUBLIC.PRIMITIVE_METADATA (ID, NAME, METADATA_TYPE) VALUES('3a7f6e6e4d124518a7407e7883f9d5ec','FormalDate','PRIMITIVE');
INSERT INTO PUBLIC.OBJECT_FIELD_METADATA (ID, NAME, METADATA_TYPE, PARENT_METADATA,PARENT_METADATA_NAME, REFERENCE_METADATA, REFERENCE_METADATA_NAME, REFERENCE_METADATA_TYPE)VALUES('144732bd24ce4026937077cb05ad5aac','ExpirationDt','FIELD','6ea00f59f744484788c58524dc777dae','LapsePeriod_Type','3a7f6e6e4d124518a7407e7883f9d5ec','FormalDate','PRIMITIVE');
INSERT INTO PUBLIC.OBJECT_FIELD_METADATA (ID, NAME, METADATA_TYPE, PARENT_METADATA,PARENT_METADATA_NAME, REFERENCE_METADATA, REFERENCE_METADATA_NAME, REFERENCE_METADATA_TYPE)VALUES('f7c6973df6d1437385c5401c7c418817','EffectiveDt','FIELD','6ea00f59f744484788c58524dc777dae','LapsePeriod_Type','3a7f6e6e4d124518a7407e7883f9d5ec','FormalDate','PRIMITIVE');
INSERT INTO PUBLIC.OBJECT_FIELD_METADATA (ID, NAME, METADATA_TYPE, PARENT_METADATA,PARENT_METADATA_NAME, REFERENCE_METADATA, REFERENCE_METADATA_NAME, REFERENCE_METADATA_TYPE)VALUES('9bdf7bf3f03244c88968caf2bd31d64e','LapsePeriod','MODEL_RELATION','2ba28904532b44bfb94bb9bca9b86a8a','DURATION','6ea00f59f744484788c58524dc777dae','LapsePeriod_Type','OBJECT');
INSERT INTO PUBLIC.OBJECT_FIELD_METADATA (ID, NAME, METADATA_TYPE, PARENT_METADATA,PARENT_METADATA_NAME, REFERENCE_METADATA, REFERENCE_METADATA_NAME, REFERENCE_METADATA_TYPE)VALUES('030ac025a1d3490291849e221c04e829','Description','FIELD','2ba28904532b44bfb94bb9bca9b86a8a','DURATION','2344631100044813a5126adcfb93e80d','C-255','PRIMITIVE');
INSERT INTO PUBLIC.PRIMITIVE_METADATA (ID, NAME, METADATA_TYPE) VALUES('51d491822772403b96d2277d75c8912f','Time','PRIMITIVE');
INSERT INTO PUBLIC.OBJECT_FIELD_METADATA (ID, NAME, METADATA_TYPE, PARENT_METADATA,PARENT_METADATA_NAME, REFERENCE_METADATA, REFERENCE_METADATA_NAME, REFERENCE_METADATA_TYPE)VALUES('29f57cca294a462d990a8f66b94ad981','EndTime','FIELD','2ba28904532b44bfb94bb9bca9b86a8a','DURATION','51d491822772403b96d2277d75c8912f','Time','PRIMITIVE');
INSERT INTO PUBLIC.OBJECT_FIELD_METADATA (ID, NAME, METADATA_TYPE, PARENT_METADATA,PARENT_METADATA_NAME, REFERENCE_METADATA, REFERENCE_METADATA_NAME, REFERENCE_METADATA_TYPE)VALUES('682252a24aca4b99af8bd66ea718a156','ExpirationDt','FIELD','2ba28904532b44bfb94bb9bca9b86a8a','DURATION','3a7f6e6e4d124518a7407e7883f9d5ec','FormalDate','PRIMITIVE');
INSERT INTO PUBLIC.OBJECT_FIELD_METADATA (ID, NAME, METADATA_TYPE, PARENT_METADATA,PARENT_METADATA_NAME, REFERENCE_METADATA, REFERENCE_METADATA_NAME, REFERENCE_METADATA_TYPE)VALUES('3f6236e010fb4b7396ed8f4e3143c730','BothDaysInclusiveInd','FIELD','2ba28904532b44bfb94bb9bca9b86a8a','DURATION','4ffb0bcc3ec946d1af3ef883f4c3a4e6','Boolean','PRIMITIVE');
INSERT INTO PUBLIC.OBJECT_FIELD_METADATA (ID, NAME, METADATA_TYPE, PARENT_METADATA,PARENT_METADATA_NAME, REFERENCE_METADATA, REFERENCE_METADATA_NAME, REFERENCE_METADATA_TYPE)VALUES('0b06b78162064ea1b225139ec319bd5b','StartTime','FIELD','2ba28904532b44bfb94bb9bca9b86a8a','DURATION','51d491822772403b96d2277d75c8912f','Time','PRIMITIVE');
INSERT INTO PUBLIC.OBJECT_FIELD_METADATA (ID, NAME, METADATA_TYPE, PARENT_METADATA,PARENT_METADATA_NAME, REFERENCE_METADATA, REFERENCE_METADATA_NAME, REFERENCE_METADATA_TYPE)VALUES('f051a140e5664ef5805a26b96a6bb8ed','ContinuousInd','FIELD','2ba28904532b44bfb94bb9bca9b86a8a','DURATION','4ffb0bcc3ec946d1af3ef883f4c3a4e6','Boolean','PRIMITIVE');
INSERT INTO PUBLIC.OBJECT_METADATA (ID, NAME, METADATA_TYPE, REFERENCE_METADATA, REFERENCE_METADATA_NAME) VALUES('1df1057b06734b019460d9f8fb0a43b0','MEASUREMENT','OBJECT',null,null);
INSERT INTO PUBLIC.OBJECT_FIELD_METADATA (ID, NAME, METADATA_TYPE, PARENT_METADATA,PARENT_METADATA_NAME, REFERENCE_METADATA, REFERENCE_METADATA_NAME, REFERENCE_METADATA_TYPE)VALUES('f938bd2e74c043abb8a855b1d2ce9c90','UnitMeasurementCd','FIELD','1df1057b06734b019460d9f8fb0a43b0','MEASUREMENT','6240ce877a244a73a1253961131c6cc9','IndustryCode_Type','PRIMITIVE');
INSERT INTO PUBLIC.OBJECT_FIELD_METADATA (ID, NAME, METADATA_TYPE, PARENT_METADATA,PARENT_METADATA_NAME, REFERENCE_METADATA, REFERENCE_METADATA_NAME, REFERENCE_METADATA_TYPE)VALUES('b82ac87a69e849dc96361a4eaadab0d2','NumUnits','FIELD','1df1057b06734b019460d9f8fb0a43b0','MEASUREMENT','c896845db6f640c6bf65093333a64c69','Decimal','PRIMITIVE');
INSERT INTO PUBLIC.OBJECT_FIELD_METADATA (ID, NAME, METADATA_TYPE, PARENT_METADATA,PARENT_METADATA_NAME, REFERENCE_METADATA, REFERENCE_METADATA_NAME, REFERENCE_METADATA_TYPE)VALUES('bba6694832164e9295b20b0e993ec94a','DurationPeriod','MODEL_RELATION','2ba28904532b44bfb94bb9bca9b86a8a','DURATION','1df1057b06734b019460d9f8fb0a43b0','MEASUREMENT','OBJECT');
INSERT INTO PUBLIC.OBJECT_FIELD_METADATA (ID, NAME, METADATA_TYPE, PARENT_METADATA,PARENT_METADATA_NAME, REFERENCE_METADATA, REFERENCE_METADATA_NAME, REFERENCE_METADATA_TYPE)VALUES('e0fa9afcbda24fac8df9fd72531e6c8f','EffectiveDt','FIELD','2ba28904532b44bfb94bb9bca9b86a8a','DURATION','3a7f6e6e4d124518a7407e7883f9d5ec','FormalDate','PRIMITIVE');
INSERT INTO PUBLIC.OBJECT_FIELD_METADATA (ID, NAME, METADATA_TYPE, PARENT_METADATA,PARENT_METADATA_NAME, REFERENCE_METADATA, REFERENCE_METADATA_NAME, REFERENCE_METADATA_TYPE)VALUES('6fd2c6c7c3734c3f90f2d64fd628cb75','GB.BothDaysInclusiveInd','FIELD','2ba28904532b44bfb94bb9bca9b86a8a','DURATION','4ffb0bcc3ec946d1af3ef883f4c3a4e6','Boolean','PRIMITIVE');
INSERT INTO PUBLIC.OBJECT_FIELD_METADATA (ID, NAME, METADATA_TYPE, PARENT_METADATA,PARENT_METADATA_NAME, REFERENCE_METADATA, REFERENCE_METADATA_NAME, REFERENCE_METADATA_TYPE)VALUES('8d27cca5a3f24d08b9c2e671ba1b6da4','ContactDuration','MODEL_RELATION','30a55f74dc40428d80b20c08a9569415','PreferredContact_Type','2ba28904532b44bfb94bb9bca9b86a8a','DURATION','OBJECT');
INSERT INTO PUBLIC.OBJECT_FIELD_METADATA (ID, NAME, METADATA_TYPE, PARENT_METADATA,PARENT_METADATA_NAME, REFERENCE_METADATA, REFERENCE_METADATA_NAME, REFERENCE_METADATA_TYPE)VALUES('5e60e656f6264404bc5a79eae3c6583f','PreferredContactExt','FIELD','30a55f74dc40428d80b20c08a9569415','PreferredContact_Type',null,null,null);
INSERT INTO PUBLIC.OBJECT_FIELD_METADATA (ID, NAME, METADATA_TYPE, PARENT_METADATA,PARENT_METADATA_NAME, REFERENCE_METADATA, REFERENCE_METADATA_NAME, REFERENCE_METADATA_TYPE)VALUES('cdb20e3d13de4bceb8ec5008ef111364','PreferencePriority','FIELD','30a55f74dc40428d80b20c08a9569415','PreferredContact_Type','838cab4e48a54d0bb23ca5ea9db454ab','Long','PRIMITIVE');
INSERT INTO PUBLIC.OBJECT_FIELD_METADATA (ID, NAME, METADATA_TYPE, PARENT_METADATA,PARENT_METADATA_NAME, REFERENCE_METADATA, REFERENCE_METADATA_NAME, REFERENCE_METADATA_TYPE)VALUES('90006bf54caf4a0e81d64b515787ba96','BlackoutDuration','MODEL_RELATION','30a55f74dc40428d80b20c08a9569415','PreferredContact_Type','2ba28904532b44bfb94bb9bca9b86a8a','DURATION','OBJECT');
INSERT INTO PUBLIC.OBJECT_FIELD_METADATA (ID, NAME, METADATA_TYPE, PARENT_METADATA,PARENT_METADATA_NAME, REFERENCE_METADATA, REFERENCE_METADATA_NAME, REFERENCE_METADATA_TYPE)VALUES('933e7519dba241c6ac1e6f0374bf425c','PreferredContact','MODEL_RELATION','d95b1cb018eb42c690b817b73cf4d5fa','GeneralPartyInfo_Type','30a55f74dc40428d80b20c08a9569415','PreferredContact_Type','OBJECT');
INSERT INTO PUBLIC.OBJECT_METADATA (ID, NAME, METADATA_TYPE, REFERENCE_METADATA, REFERENCE_METADATA_NAME) VALUES('f385568ab6b54cc38c190ef5eeffe324','Communications_Type','OBJECT',null,null);
INSERT INTO PUBLIC.OBJECT_METADATA (ID, NAME, METADATA_TYPE, REFERENCE_METADATA, REFERENCE_METADATA_NAME) VALUES('e7a59edb1f6746c2a1ac158dd95136bb','WebsiteInfo_Type','OBJECT',null,null);
INSERT INTO PUBLIC.PRIMITIVE_METADATA (ID, NAME, METADATA_TYPE) VALUES('0029b8a16faa4b06bee0b14b694aebdb','CommunicationUse','PRIMITIVE');
INSERT INTO PUBLIC.OBJECT_FIELD_METADATA (ID, NAME, METADATA_TYPE, PARENT_METADATA,PARENT_METADATA_NAME, REFERENCE_METADATA, REFERENCE_METADATA_NAME, REFERENCE_METADATA_TYPE)VALUES('fd72cd56c4d54f33b280d779f2c403be','CommunicationUseCd','FIELD','e7a59edb1f6746c2a1ac158dd95136bb','WebsiteInfo_Type','0029b8a16faa4b06bee0b14b694aebdb','CommunicationUse','PRIMITIVE');
INSERT INTO PUBLIC.PRIMITIVE_METADATA (ID, NAME, METADATA_TYPE) VALUES('e956cb629b1e4f55a3f04fd31e03037b','URLType','PRIMITIVE');
INSERT INTO PUBLIC.OBJECT_FIELD_METADATA (ID, NAME, METADATA_TYPE, PARENT_METADATA,PARENT_METADATA_NAME, REFERENCE_METADATA, REFERENCE_METADATA_NAME, REFERENCE_METADATA_TYPE)VALUES('2992a1561a8f4c079db9840557639b7e','WebsiteURL','FIELD','e7a59edb1f6746c2a1ac158dd95136bb','WebsiteInfo_Type','e956cb629b1e4f55a3f04fd31e03037b','URLType','PRIMITIVE');
INSERT INTO PUBLIC.OBJECT_FIELD_METADATA (ID, NAME, METADATA_TYPE, PARENT_METADATA,PARENT_METADATA_NAME, REFERENCE_METADATA, REFERENCE_METADATA_NAME, REFERENCE_METADATA_TYPE)VALUES('f4ba43dd01df44598d19f84ea8517752','WebsiteInfoExt','FIELD','e7a59edb1f6746c2a1ac158dd95136bb','WebsiteInfo_Type',null,null,null);
INSERT INTO PUBLIC.OBJECT_FIELD_METADATA (ID, NAME, METADATA_TYPE, PARENT_METADATA,PARENT_METADATA_NAME, REFERENCE_METADATA, REFERENCE_METADATA_NAME, REFERENCE_METADATA_TYPE)VALUES('1ef6ae76974a40288134591415de8dc1','WebsiteInfo','MODEL_RELATION','f385568ab6b54cc38c190ef5eeffe324','Communications_Type','e7a59edb1f6746c2a1ac158dd95136bb','WebsiteInfo_Type','OBJECT');
INSERT INTO PUBLIC.OBJECT_FIELD_METADATA (ID, NAME, METADATA_TYPE, PARENT_METADATA,PARENT_METADATA_NAME, REFERENCE_METADATA, REFERENCE_METADATA_NAME, REFERENCE_METADATA_TYPE)VALUES('a396524ae1844b03b7c831f9e223c8ae','CommunicationsExt','FIELD','f385568ab6b54cc38c190ef5eeffe324','Communications_Type',null,null,null);
INSERT INTO PUBLIC.OBJECT_METADATA (ID, NAME, METADATA_TYPE, REFERENCE_METADATA, REFERENCE_METADATA_NAME) VALUES('d60ff66fde7e4b25aacae957adb384cf','EmailInfo_Type','OBJECT',null,null);
INSERT INTO PUBLIC.OBJECT_FIELD_METADATA (ID, NAME, METADATA_TYPE, PARENT_METADATA,PARENT_METADATA_NAME, REFERENCE_METADATA, REFERENCE_METADATA_NAME, REFERENCE_METADATA_TYPE)VALUES('1ae14d225adf47ef977d9065a4ff1259','CommunicationUseCd','FIELD','d60ff66fde7e4b25aacae957adb384cf','EmailInfo_Type','0029b8a16faa4b06bee0b14b694aebdb','CommunicationUse','PRIMITIVE');
INSERT INTO PUBLIC.OBJECT_FIELD_METADATA (ID, NAME, METADATA_TYPE, PARENT_METADATA,PARENT_METADATA_NAME, REFERENCE_METADATA, REFERENCE_METADATA_NAME, REFERENCE_METADATA_TYPE)VALUES('63a9a12ec8f243fcabff03d48d12788d','EmailAddr','FIELD','d60ff66fde7e4b25aacae957adb384cf','EmailInfo_Type','2344631100044813a5126adcfb93e80d','C-255','PRIMITIVE');
INSERT INTO PUBLIC.OBJECT_FIELD_METADATA (ID, NAME, METADATA_TYPE, PARENT_METADATA,PARENT_METADATA_NAME, REFERENCE_METADATA, REFERENCE_METADATA_NAME, REFERENCE_METADATA_TYPE)VALUES('4f6a89c66dcc4394874fcc14f3d85e70','EmailInfoExt','FIELD','d60ff66fde7e4b25aacae957adb384cf','EmailInfo_Type',null,null,null);
INSERT INTO PUBLIC.OBJECT_FIELD_METADATA (ID, NAME, METADATA_TYPE, PARENT_METADATA,PARENT_METADATA_NAME, REFERENCE_METADATA, REFERENCE_METADATA_NAME, REFERENCE_METADATA_TYPE)VALUES('9293feaa25694fd4973e803996dbe82d','DoNotContactInd','FIELD','d60ff66fde7e4b25aacae957adb384cf','EmailInfo_Type','4ffb0bcc3ec946d1af3ef883f4c3a4e6','Boolean','PRIMITIVE');
INSERT INTO PUBLIC.OBJECT_FIELD_METADATA (ID, NAME, METADATA_TYPE, PARENT_METADATA,PARENT_METADATA_NAME, REFERENCE_METADATA, REFERENCE_METADATA_NAME, REFERENCE_METADATA_TYPE)VALUES('0c1913d0da70465d8df59fcac6f33497','EmailInfo','MODEL_RELATION','f385568ab6b54cc38c190ef5eeffe324','Communications_Type','d60ff66fde7e4b25aacae957adb384cf','EmailInfo_Type','OBJECT');
INSERT INTO PUBLIC.OBJECT_METADATA (ID, NAME, METADATA_TYPE, REFERENCE_METADATA, REFERENCE_METADATA_NAME) VALUES('bd0add0fa33a4f449e040e8f23cb1e51','PhoneInfo_Type','OBJECT',null,null);
INSERT INTO PUBLIC.OBJECT_FIELD_METADATA (ID, NAME, METADATA_TYPE, PARENT_METADATA,PARENT_METADATA_NAME, REFERENCE_METADATA, REFERENCE_METADATA_NAME, REFERENCE_METADATA_TYPE)VALUES('1a581895aeae40048be184a70c2db812','CommunicationUseCd','FIELD','bd0add0fa33a4f449e040e8f23cb1e51','PhoneInfo_Type','0029b8a16faa4b06bee0b14b694aebdb','CommunicationUse','PRIMITIVE');
INSERT INTO PUBLIC.OBJECT_FIELD_METADATA (ID, NAME, METADATA_TYPE, PARENT_METADATA,PARENT_METADATA_NAME, REFERENCE_METADATA, REFERENCE_METADATA_NAME, REFERENCE_METADATA_TYPE)VALUES('cd4288491b7e46fba15f5c7fcfdeaad7','EmailAddr','FIELD','bd0add0fa33a4f449e040e8f23cb1e51','PhoneInfo_Type','2344631100044813a5126adcfb93e80d','C-255','PRIMITIVE');
INSERT INTO PUBLIC.PRIMITIVE_METADATA (ID, NAME, METADATA_TYPE) VALUES('2738cd69b0a8422d913f1cd3d0867a1e','PhoneNumberType','PRIMITIVE');
INSERT INTO PUBLIC.OBJECT_FIELD_METADATA (ID, NAME, METADATA_TYPE, PARENT_METADATA,PARENT_METADATA_NAME, REFERENCE_METADATA, REFERENCE_METADATA_NAME, REFERENCE_METADATA_TYPE)VALUES('3accf656d24d4f11a361dcdc5949d5f1','PhoneNumber','FIELD','bd0add0fa33a4f449e040e8f23cb1e51','PhoneInfo_Type','2738cd69b0a8422d913f1cd3d0867a1e','PhoneNumberType','PRIMITIVE');
INSERT INTO PUBLIC.OBJECT_FIELD_METADATA (ID, NAME, METADATA_TYPE, PARENT_METADATA,PARENT_METADATA_NAME, REFERENCE_METADATA, REFERENCE_METADATA_NAME, REFERENCE_METADATA_TYPE)VALUES('b8e2fafec21c48d3a093161af08aaed1','DoNotContactInd','FIELD','bd0add0fa33a4f449e040e8f23cb1e51','PhoneInfo_Type','4ffb0bcc3ec946d1af3ef883f4c3a4e6','Boolean','PRIMITIVE');
INSERT INTO PUBLIC.OBJECT_FIELD_METADATA (ID, NAME, METADATA_TYPE, PARENT_METADATA,PARENT_METADATA_NAME, REFERENCE_METADATA, REFERENCE_METADATA_NAME, REFERENCE_METADATA_TYPE)VALUES('366fab384fde4a9594f523fa712abfae','PhoneInfoExt','FIELD','bd0add0fa33a4f449e040e8f23cb1e51','PhoneInfo_Type',null,null,null);
INSERT INTO PUBLIC.PRIMITIVE_METADATA (ID, NAME, METADATA_TYPE) VALUES('0126c945c5ba47c1b111c56ea3cace01','PhoneType','PRIMITIVE');
INSERT INTO PUBLIC.OBJECT_FIELD_METADATA (ID, NAME, METADATA_TYPE, PARENT_METADATA,PARENT_METADATA_NAME, REFERENCE_METADATA, REFERENCE_METADATA_NAME, REFERENCE_METADATA_TYPE)VALUES('57f204b7c3724ca4838142577542ee0d','PhoneTypeCd','FIELD','bd0add0fa33a4f449e040e8f23cb1e51','PhoneInfo_Type','0126c945c5ba47c1b111c56ea3cace01','PhoneType','PRIMITIVE');
INSERT INTO PUBLIC.OBJECT_FIELD_METADATA (ID, NAME, METADATA_TYPE, PARENT_METADATA,PARENT_METADATA_NAME, REFERENCE_METADATA, REFERENCE_METADATA_NAME, REFERENCE_METADATA_TYPE)VALUES('8d8e7e3bfb9446a3985221fb739fe996','PhoneInfo','MODEL_RELATION','f385568ab6b54cc38c190ef5eeffe324','Communications_Type','bd0add0fa33a4f449e040e8f23cb1e51','PhoneInfo_Type','OBJECT');
INSERT INTO PUBLIC.OBJECT_FIELD_METADATA (ID, NAME, METADATA_TYPE, PARENT_METADATA,PARENT_METADATA_NAME, REFERENCE_METADATA, REFERENCE_METADATA_NAME, REFERENCE_METADATA_TYPE)VALUES('6bd2318971be4d09aaf784288821dcfb','Communications','MODEL_RELATION','d95b1cb018eb42c690b817b73cf4d5fa','GeneralPartyInfo_Type','f385568ab6b54cc38c190ef5eeffe324','Communications_Type','OBJECT');
INSERT INTO PUBLIC.OBJECT_FIELD_METADATA (ID, NAME, METADATA_TYPE, PARENT_METADATA,PARENT_METADATA_NAME, REFERENCE_METADATA, REFERENCE_METADATA_NAME, REFERENCE_METADATA_TYPE)VALUES('1f6ee5d1a17d4e6c91d438bd41d1d9a5','EffectiveDt','FIELD','d95b1cb018eb42c690b817b73cf4d5fa','GeneralPartyInfo_Type','3a7f6e6e4d124518a7407e7883f9d5ec','FormalDate','PRIMITIVE');
INSERT INTO PUBLIC.OBJECT_METADATA (ID, NAME, METADATA_TYPE, REFERENCE_METADATA, REFERENCE_METADATA_NAME) VALUES('759d14d8f09b4177b35c09e2f3403b97','Addr_Type','OBJECT',null,null);
INSERT INTO PUBLIC.PRIMITIVE_METADATA (ID, NAME, METADATA_TYPE) VALUES('55b59a1110684fd89e504a9f6215f5d2','C-64','PRIMITIVE');
INSERT INTO PUBLIC.OBJECT_FIELD_METADATA (ID, NAME, METADATA_TYPE, PARENT_METADATA,PARENT_METADATA_NAME, REFERENCE_METADATA, REFERENCE_METADATA_NAME, REFERENCE_METADATA_TYPE)VALUES('075067f26fb9499695065b410e3d7386','Addr3','FIELD','759d14d8f09b4177b35c09e2f3403b97','Addr_Type','55b59a1110684fd89e504a9f6215f5d2','C-64','PRIMITIVE');
INSERT INTO PUBLIC.OBJECT_FIELD_METADATA (ID, NAME, METADATA_TYPE, PARENT_METADATA,PARENT_METADATA_NAME, REFERENCE_METADATA, REFERENCE_METADATA_NAME, REFERENCE_METADATA_TYPE)VALUES('348e0ea91f6d4bda9f47958d81ffc030','Addr4','FIELD','759d14d8f09b4177b35c09e2f3403b97','Addr_Type','55b59a1110684fd89e504a9f6215f5d2','C-64','PRIMITIVE');
INSERT INTO PUBLIC.OBJECT_FIELD_METADATA (ID, NAME, METADATA_TYPE, PARENT_METADATA,PARENT_METADATA_NAME, REFERENCE_METADATA, REFERENCE_METADATA_NAME, REFERENCE_METADATA_TYPE)VALUES('9014d5472e3e4bfbbd875021298e7064','Addr2','FIELD','759d14d8f09b4177b35c09e2f3403b97','Addr_Type','55b59a1110684fd89e504a9f6215f5d2','C-64','PRIMITIVE');
INSERT INTO PUBLIC.OBJECT_FIELD_METADATA (ID, NAME, METADATA_TYPE, PARENT_METADATA,PARENT_METADATA_NAME, REFERENCE_METADATA, REFERENCE_METADATA_NAME, REFERENCE_METADATA_TYPE)VALUES('5a352c3f14fa4421807b6d35d6a47cd8','Township','FIELD','759d14d8f09b4177b35c09e2f3403b97','Addr_Type','4aa23ceca9374701b7716d432173c7c2','C-50','PRIMITIVE');
INSERT INTO PUBLIC.OBJECT_FIELD_METADATA (ID, NAME, METADATA_TYPE, PARENT_METADATA,PARENT_METADATA_NAME, REFERENCE_METADATA, REFERENCE_METADATA_NAME, REFERENCE_METADATA_TYPE)VALUES('b8858a28345c4b3abec41f8af2bf20fb','StateProv','FIELD','759d14d8f09b4177b35c09e2f3403b97','Addr_Type','556d0fd305d84c408c3f510bdb79e07f','C-60','PRIMITIVE');
INSERT INTO PUBLIC.OBJECT_FIELD_METADATA (ID, NAME, METADATA_TYPE, PARENT_METADATA,PARENT_METADATA_NAME, REFERENCE_METADATA, REFERENCE_METADATA_NAME, REFERENCE_METADATA_TYPE)VALUES('e7d4fdfc3c8f44af9d8114c4f7ea0b2b','CountryCd','FIELD','759d14d8f09b4177b35c09e2f3403b97','Addr_Type','6240ce877a244a73a1253961131c6cc9','IndustryCode_Type','PRIMITIVE');
INSERT INTO PUBLIC.PRIMITIVE_METADATA (ID, NAME, METADATA_TYPE) VALUES('e4bca59f12a0471cbc402c5dd9fca121','C-11','PRIMITIVE');
INSERT INTO PUBLIC.OBJECT_FIELD_METADATA (ID, NAME, METADATA_TYPE, PARENT_METADATA,PARENT_METADATA_NAME, REFERENCE_METADATA, REFERENCE_METADATA_NAME, REFERENCE_METADATA_TYPE)VALUES('f87007aa294d43bf8021107013f5eb63','PostalCode','FIELD','759d14d8f09b4177b35c09e2f3403b97','Addr_Type','e4bca59f12a0471cbc402c5dd9fca121','C-11','PRIMITIVE');
INSERT INTO PUBLIC.OBJECT_FIELD_METADATA (ID, NAME, METADATA_TYPE, PARENT_METADATA,PARENT_METADATA_NAME, REFERENCE_METADATA, REFERENCE_METADATA_NAME, REFERENCE_METADATA_TYPE)VALUES('db81343881ae434cb363effa3c30f05d','DoNotContactInd','FIELD','759d14d8f09b4177b35c09e2f3403b97','Addr_Type','4ffb0bcc3ec946d1af3ef883f4c3a4e6','Boolean','PRIMITIVE');
INSERT INTO PUBLIC.PRIMITIVE_METADATA (ID, NAME, METADATA_TYPE) VALUES('7e10c358053d44bfb97735236c763121','C-12','PRIMITIVE');
INSERT INTO PUBLIC.OBJECT_FIELD_METADATA (ID, NAME, METADATA_TYPE, PARENT_METADATA,PARENT_METADATA_NAME, REFERENCE_METADATA, REFERENCE_METADATA_NAME, REFERENCE_METADATA_TYPE)VALUES('41bbd14f949c463cbfe66101ac8e5275','Latitude','FIELD','759d14d8f09b4177b35c09e2f3403b97','Addr_Type','7e10c358053d44bfb97735236c763121','C-12','PRIMITIVE');
INSERT INTO PUBLIC.OBJECT_METADATA (ID, NAME, METADATA_TYPE, REFERENCE_METADATA, REFERENCE_METADATA_NAME) VALUES('d407969c2e4d4e3a9915b497eb1896e4','LegalAddr_Type','OBJECT',null,null);
INSERT INTO PUBLIC.OBJECT_FIELD_METADATA (ID, NAME, METADATA_TYPE, PARENT_METADATA,PARENT_METADATA_NAME, REFERENCE_METADATA, REFERENCE_METADATA_NAME, REFERENCE_METADATA_TYPE)VALUES('dde9b55bd8a54e1587ebe8c9e4edbaa0','Description','FIELD','d407969c2e4d4e3a9915b497eb1896e4','LegalAddr_Type','2344631100044813a5126adcfb93e80d','C-255','PRIMITIVE');
INSERT INTO PUBLIC.OBJECT_FIELD_METADATA (ID, NAME, METADATA_TYPE, PARENT_METADATA,PARENT_METADATA_NAME, REFERENCE_METADATA, REFERENCE_METADATA_NAME, REFERENCE_METADATA_TYPE)VALUES('d4165729bce347b7b1bceaa2fc7eb408','LegalAddrExt','FIELD','d407969c2e4d4e3a9915b497eb1896e4','LegalAddr_Type',null,null,null);
INSERT INTO PUBLIC.PRIMITIVE_METADATA (ID, NAME, METADATA_TYPE) VALUES('7500fdfad7674a11936a92341a79e219','LegalAddress','PRIMITIVE');
INSERT INTO PUBLIC.OBJECT_FIELD_METADATA (ID, NAME, METADATA_TYPE, PARENT_METADATA,PARENT_METADATA_NAME, REFERENCE_METADATA, REFERENCE_METADATA_NAME, REFERENCE_METADATA_TYPE)VALUES('2f1c9a4174994cf0970954ae53b6c77e','LegalAddrCd','FIELD','d407969c2e4d4e3a9915b497eb1896e4','LegalAddr_Type','7500fdfad7674a11936a92341a79e219','LegalAddress','PRIMITIVE');
INSERT INTO PUBLIC.OBJECT_FIELD_METADATA (ID, NAME, METADATA_TYPE, PARENT_METADATA,PARENT_METADATA_NAME, REFERENCE_METADATA, REFERENCE_METADATA_NAME, REFERENCE_METADATA_TYPE)VALUES('c5f68052ae7847efad5b9627c98d78d7','LegalAddr','MODEL_RELATION','759d14d8f09b4177b35c09e2f3403b97','Addr_Type','d407969c2e4d4e3a9915b497eb1896e4','LegalAddr_Type','OBJECT');
INSERT INTO PUBLIC.OBJECT_FIELD_METADATA (ID, NAME, METADATA_TYPE, PARENT_METADATA,PARENT_METADATA_NAME, REFERENCE_METADATA, REFERENCE_METADATA_NAME, REFERENCE_METADATA_TYPE)VALUES('5cb4b781b50a41319da8fd9f2434aa6e','City','FIELD','759d14d8f09b4177b35c09e2f3403b97','Addr_Type','758dd42031424055a8b9a8d65666b347','C-80','PRIMITIVE');
INSERT INTO PUBLIC.OBJECT_FIELD_METADATA (ID, NAME, METADATA_TYPE, PARENT_METADATA,PARENT_METADATA_NAME, REFERENCE_METADATA, REFERENCE_METADATA_NAME, REFERENCE_METADATA_TYPE)VALUES('83a049c44e7a4059b3284b3b23586bb8','StateProvCd','FIELD','759d14d8f09b4177b35c09e2f3403b97','Addr_Type','6240ce877a244a73a1253961131c6cc9','IndustryCode_Type','PRIMITIVE');
INSERT INTO PUBLIC.PRIMITIVE_METADATA (ID, NAME, METADATA_TYPE) VALUES('a4b81fd1e40e4433af2e311a98e6c894','C-13','PRIMITIVE');
INSERT INTO PUBLIC.OBJECT_FIELD_METADATA (ID, NAME, METADATA_TYPE, PARENT_METADATA,PARENT_METADATA_NAME, REFERENCE_METADATA, REFERENCE_METADATA_NAME, REFERENCE_METADATA_TYPE)VALUES('ca0b39bf55544368b375378715b5f4a5','Longitude','FIELD','759d14d8f09b4177b35c09e2f3403b97','Addr_Type','a4b81fd1e40e4433af2e311a98e6c894','C-13','PRIMITIVE');
INSERT INTO PUBLIC.OBJECT_FIELD_METADATA (ID, NAME, METADATA_TYPE, PARENT_METADATA,PARENT_METADATA_NAME, REFERENCE_METADATA, REFERENCE_METADATA_NAME, REFERENCE_METADATA_TYPE)VALUES('c3f813c897c6462c8610188ffe35e327','County','FIELD','759d14d8f09b4177b35c09e2f3403b97','Addr_Type','4aa23ceca9374701b7716d432173c7c2','C-50','PRIMITIVE');
INSERT INTO PUBLIC.OBJECT_FIELD_METADATA (ID, NAME, METADATA_TYPE, PARENT_METADATA,PARENT_METADATA_NAME, REFERENCE_METADATA, REFERENCE_METADATA_NAME, REFERENCE_METADATA_TYPE)VALUES('3834896acc504ba4b2f65a3da40e368d','Country','FIELD','759d14d8f09b4177b35c09e2f3403b97','Addr_Type','556d0fd305d84c408c3f510bdb79e07f','C-60','PRIMITIVE');
INSERT INTO PUBLIC.OBJECT_METADATA (ID, NAME, METADATA_TYPE, REFERENCE_METADATA, REFERENCE_METADATA_NAME) VALUES('ba3be0e0317741b08f872c1fca47ad8f','ItemIdInfo_Type','OBJECT',null,null);
INSERT INTO PUBLIC.OBJECT_METADATA (ID, NAME, METADATA_TYPE, REFERENCE_METADATA, REFERENCE_METADATA_NAME) VALUES('3dd4cd8a078b468394c590b2135c0c30','OtherIdentifier_Type','OBJECT',null,null);
INSERT INTO PUBLIC.OBJECT_METADATA (ID, NAME, METADATA_TYPE, REFERENCE_METADATA, REFERENCE_METADATA_NAME) VALUES('b51896f71c7d421a84e54025ea8331f9','UUID','OBJECT',null,null);
INSERT INTO PUBLIC.OBJECT_FIELD_METADATA (ID, NAME, METADATA_TYPE, PARENT_METADATA,PARENT_METADATA_NAME, REFERENCE_METADATA, REFERENCE_METADATA_NAME, REFERENCE_METADATA_TYPE)VALUES('535ed7c41b7d4d069dd78c0c70c5b462','UID','MODEL_RELATION','3dd4cd8a078b468394c590b2135c0c30','OtherIdentifier_Type','b51896f71c7d421a84e54025ea8331f9','UUID','OBJECT');
INSERT INTO PUBLIC.OBJECT_FIELD_METADATA (ID, NAME, METADATA_TYPE, PARENT_METADATA,PARENT_METADATA_NAME, REFERENCE_METADATA, REFERENCE_METADATA_NAME, REFERENCE_METADATA_TYPE)VALUES('ceda5217b66c4c2492cfeadb89b6ecee','OtherIdentifierExt','FIELD','3dd4cd8a078b468394c590b2135c0c30','OtherIdentifier_Type',null,null,null);
INSERT INTO PUBLIC.PRIMITIVE_METADATA (ID, NAME, METADATA_TYPE) VALUES('e42c1526046d4aa4a06ec809fa56fe28','IdentifierType','PRIMITIVE');
INSERT INTO PUBLIC.OBJECT_FIELD_METADATA (ID, NAME, METADATA_TYPE, PARENT_METADATA,PARENT_METADATA_NAME, REFERENCE_METADATA, REFERENCE_METADATA_NAME, REFERENCE_METADATA_TYPE)VALUES('bbf4dd030acb46db80f586742801107f','OtherIdTypeCd','FIELD','3dd4cd8a078b468394c590b2135c0c30','OtherIdentifier_Type','e42c1526046d4aa4a06ec809fa56fe28','IdentifierType','PRIMITIVE');
INSERT INTO PUBLIC.OBJECT_FIELD_METADATA (ID, NAME, METADATA_TYPE, PARENT_METADATA,PARENT_METADATA_NAME, REFERENCE_METADATA, REFERENCE_METADATA_NAME, REFERENCE_METADATA_TYPE)VALUES('ff9dbec7576545abaa15d989c7aa12dc','OtherId','FIELD','3dd4cd8a078b468394c590b2135c0c30','OtherIdentifier_Type','3da4bbbc6bf44d5f941e647b8e8408dc','AssignedIdentifier','PRIMITIVE');
INSERT INTO PUBLIC.OBJECT_FIELD_METADATA (ID, NAME, METADATA_TYPE, PARENT_METADATA,PARENT_METADATA_NAME, REFERENCE_METADATA, REFERENCE_METADATA_NAME, REFERENCE_METADATA_TYPE)VALUES('7a4d087193844f5aa2315b028c21ea64','OtherIdentifier','MODEL_RELATION','ba3be0e0317741b08f872c1fca47ad8f','ItemIdInfo_Type','3dd4cd8a078b468394c590b2135c0c30','OtherIdentifier_Type','OBJECT');
INSERT INTO PUBLIC.OBJECT_FIELD_METADATA (ID, NAME, METADATA_TYPE, PARENT_METADATA,PARENT_METADATA_NAME, REFERENCE_METADATA, REFERENCE_METADATA_NAME, REFERENCE_METADATA_TYPE)VALUES('4550a9321ff34cbdb8249ad8b7a1c09b','AgencyId','FIELD','ba3be0e0317741b08f872c1fca47ad8f','ItemIdInfo_Type','3da4bbbc6bf44d5f941e647b8e8408dc','AssignedIdentifier','PRIMITIVE');
INSERT INTO PUBLIC.OBJECT_FIELD_METADATA (ID, NAME, METADATA_TYPE, PARENT_METADATA,PARENT_METADATA_NAME, REFERENCE_METADATA, REFERENCE_METADATA_NAME, REFERENCE_METADATA_TYPE)VALUES('aaf3e3c69624471a8876e8ac751e07d5','ItemIdInfoExt','FIELD','ba3be0e0317741b08f872c1fca47ad8f','ItemIdInfo_Type',null,null,null);
INSERT INTO PUBLIC.PRIMITIVE_METADATA (ID, NAME, METADATA_TYPE) VALUES('d79ef4f06488440f9121bb3dba0ce108','DateTime','PRIMITIVE');
INSERT INTO PUBLIC.OBJECT_FIELD_METADATA (ID, NAME, METADATA_TYPE, PARENT_METADATA,PARENT_METADATA_NAME, REFERENCE_METADATA, REFERENCE_METADATA_NAME, REFERENCE_METADATA_TYPE)VALUES('87d084b33d974c66a5269ed653b80526','VersionStartDtTime','FIELD','ba3be0e0317741b08f872c1fca47ad8f','ItemIdInfo_Type','d79ef4f06488440f9121bb3dba0ce108','DateTime','PRIMITIVE');
INSERT INTO PUBLIC.OBJECT_FIELD_METADATA (ID, NAME, METADATA_TYPE, PARENT_METADATA,PARENT_METADATA_NAME, REFERENCE_METADATA, REFERENCE_METADATA_NAME, REFERENCE_METADATA_TYPE)VALUES('b5410da7490849f8a14f3e5363422417','SystemId','MODEL_RELATION','ba3be0e0317741b08f872c1fca47ad8f','ItemIdInfo_Type','b51896f71c7d421a84e54025ea8331f9','UUID','OBJECT');
INSERT INTO PUBLIC.OBJECT_FIELD_METADATA (ID, NAME, METADATA_TYPE, PARENT_METADATA,PARENT_METADATA_NAME, REFERENCE_METADATA, REFERENCE_METADATA_NAME, REFERENCE_METADATA_TYPE)VALUES('12093324849c4e6781b092ec3872a828','VersionEndDtTime','FIELD','ba3be0e0317741b08f872c1fca47ad8f','ItemIdInfo_Type','d79ef4f06488440f9121bb3dba0ce108','DateTime','PRIMITIVE');
INSERT INTO PUBLIC.OBJECT_FIELD_METADATA (ID, NAME, METADATA_TYPE, PARENT_METADATA,PARENT_METADATA_NAME, REFERENCE_METADATA, REFERENCE_METADATA_NAME, REFERENCE_METADATA_TYPE)VALUES('596b7c64b52543b49bf5cd5147c486b2','InsurerId','FIELD','ba3be0e0317741b08f872c1fca47ad8f','ItemIdInfo_Type','3da4bbbc6bf44d5f941e647b8e8408dc','AssignedIdentifier','PRIMITIVE');
INSERT INTO PUBLIC.PRIMITIVE_METADATA (ID, NAME, METADATA_TYPE) VALUES('43d52c0234024809806a2becf9d18a0f','C-30','PRIMITIVE');
INSERT INTO PUBLIC.OBJECT_FIELD_METADATA (ID, NAME, METADATA_TYPE, PARENT_METADATA,PARENT_METADATA_NAME, REFERENCE_METADATA, REFERENCE_METADATA_NAME, REFERENCE_METADATA_TYPE)VALUES('f9789c6ab5b44e90b6d8ed4d3650b231','VersionNumber','FIELD','ba3be0e0317741b08f872c1fca47ad8f','ItemIdInfo_Type','43d52c0234024809806a2becf9d18a0f','C-30','PRIMITIVE');
INSERT INTO PUBLIC.OBJECT_FIELD_METADATA (ID, NAME, METADATA_TYPE, PARENT_METADATA,PARENT_METADATA_NAME, REFERENCE_METADATA, REFERENCE_METADATA_NAME, REFERENCE_METADATA_TYPE)VALUES('8c592c64219a4c92a46c33ffd76aee8a','ItemIdInfo','MODEL_RELATION','759d14d8f09b4177b35c09e2f3403b97','Addr_Type','ba3be0e0317741b08f872c1fca47ad8f','ItemIdInfo_Type','OBJECT');
INSERT INTO PUBLIC.PRIMITIVE_METADATA (ID, NAME, METADATA_TYPE) VALUES('1fcc8cb3e1564edca3238994fa7bf22b','AddressType','PRIMITIVE');
INSERT INTO PUBLIC.OBJECT_FIELD_METADATA (ID, NAME, METADATA_TYPE, PARENT_METADATA,PARENT_METADATA_NAME, REFERENCE_METADATA, REFERENCE_METADATA_NAME, REFERENCE_METADATA_TYPE)VALUES('27d0ddd32d824816a6574e01b15ee87c','AddrTypeCd','FIELD','759d14d8f09b4177b35c09e2f3403b97','Addr_Type','1fcc8cb3e1564edca3238994fa7bf22b','AddressType','PRIMITIVE');
INSERT INTO PUBLIC.OBJECT_FIELD_METADATA (ID, NAME, METADATA_TYPE, PARENT_METADATA,PARENT_METADATA_NAME, REFERENCE_METADATA, REFERENCE_METADATA_NAME, REFERENCE_METADATA_TYPE)VALUES('ee2a5a7f8c8a4a669b7771017bc3943f','AddrExt','FIELD','759d14d8f09b4177b35c09e2f3403b97','Addr_Type',null,null,null);
INSERT INTO PUBLIC.OBJECT_FIELD_METADATA (ID, NAME, METADATA_TYPE, PARENT_METADATA,PARENT_METADATA_NAME, REFERENCE_METADATA, REFERENCE_METADATA_NAME, REFERENCE_METADATA_TYPE)VALUES('f0efcb67e4a84b2681344e1122224d6d','Addr','MODEL_RELATION','d95b1cb018eb42c690b817b73cf4d5fa','GeneralPartyInfo_Type','759d14d8f09b4177b35c09e2f3403b97','Addr_Type','OBJECT');
INSERT INTO PUBLIC.OBJECT_FIELD_METADATA (ID, NAME, METADATA_TYPE, PARENT_METADATA,PARENT_METADATA_NAME, REFERENCE_METADATA, REFERENCE_METADATA_NAME, REFERENCE_METADATA_TYPE)VALUES('3afa6c4867144f65ad11ea7385fcc4dd','GeneralPartyInfoExt','FIELD','d95b1cb018eb42c690b817b73cf4d5fa','GeneralPartyInfo_Type',null,null,null);
INSERT INTO PUBLIC.OBJECT_FIELD_METADATA (ID, NAME, METADATA_TYPE, PARENT_METADATA,PARENT_METADATA_NAME, REFERENCE_METADATA, REFERENCE_METADATA_NAME, REFERENCE_METADATA_TYPE)VALUES('81babf8fec99448da252bee3d4f09c40','GeneralPartyInfo','MODEL_RELATION','38c854e9d08c462aad57cea310dc624d','Pilot_Type','d95b1cb018eb42c690b817b73cf4d5fa','GeneralPartyInfo_Type','OBJECT');
INSERT INTO PUBLIC.OBJECT_METADATA (ID, NAME, METADATA_TYPE, REFERENCE_METADATA, REFERENCE_METADATA_NAME) VALUES('01acecf1474d45c1a40badaa50bc0f1d','PilotInfo_Type','OBJECT',null,null);
INSERT INTO PUBLIC.OBJECT_FIELD_METADATA (ID, NAME, METADATA_TYPE, PARENT_METADATA,PARENT_METADATA_NAME, REFERENCE_METADATA, REFERENCE_METADATA_NAME, REFERENCE_METADATA_TYPE)VALUES('80c0b06786a241e6be4c1f5c693c7811','PilotProfAircraft','FIELD','01acecf1474d45c1a40badaa50bc0f1d','PilotInfo_Type','2344631100044813a5126adcfb93e80d','C-255','PRIMITIVE');
INSERT INTO PUBLIC.OBJECT_METADATA (ID, NAME, METADATA_TYPE, REFERENCE_METADATA, REFERENCE_METADATA_NAME) VALUES('15e297229a9b45379b6259fa7d56404a','PersonInfo_Type','OBJECT',null,null);
INSERT INTO PUBLIC.PRIMITIVE_METADATA (ID, NAME, METADATA_TYPE) VALUES('55d797a015a746e59afc2eee5004d008','RaceType','PRIMITIVE');
INSERT INTO PUBLIC.OBJECT_FIELD_METADATA (ID, NAME, METADATA_TYPE, PARENT_METADATA,PARENT_METADATA_NAME, REFERENCE_METADATA, REFERENCE_METADATA_NAME, REFERENCE_METADATA_TYPE)VALUES('3ba8aa164610419892233ccf6e0e31e1','RaceCd','FIELD','15e297229a9b45379b6259fa7d56404a','PersonInfo_Type','55d797a015a746e59afc2eee5004d008','RaceType','PRIMITIVE');
INSERT INTO PUBLIC.PRIMITIVE_METADATA (ID, NAME, METADATA_TYPE) VALUES('395c33ebbd5b40f0aee8a4f93dbedf31','C-Infinite','PRIMITIVE');
INSERT INTO PUBLIC.OBJECT_FIELD_METADATA (ID, NAME, METADATA_TYPE, PARENT_METADATA,PARENT_METADATA_NAME, REFERENCE_METADATA, REFERENCE_METADATA_NAME, REFERENCE_METADATA_TYPE)VALUES('e40ee0999742427ab774d075779ea986','OccupationSubTypeDesc','FIELD','15e297229a9b45379b6259fa7d56404a','PersonInfo_Type','395c33ebbd5b40f0aee8a4f93dbedf31','C-Infinite','PRIMITIVE');
INSERT INTO PUBLIC.OBJECT_FIELD_METADATA (ID, NAME, METADATA_TYPE, PARENT_METADATA,PARENT_METADATA_NAME, REFERENCE_METADATA, REFERENCE_METADATA_NAME, REFERENCE_METADATA_TYPE)VALUES('e2b8612616ef49899258503ea2fd79dd','CoInsuredSameAddressInsuredInd','FIELD','15e297229a9b45379b6259fa7d56404a','PersonInfo_Type','4ffb0bcc3ec946d1af3ef883f4c3a4e6','Boolean','PRIMITIVE');
INSERT INTO PUBLIC.PRIMITIVE_METADATA (ID, NAME, METADATA_TYPE) VALUES('3b0a2ca6cf3a4fb19718e35aa60287cd','Date','PRIMITIVE');
INSERT INTO PUBLIC.OBJECT_FIELD_METADATA (ID, NAME, METADATA_TYPE, PARENT_METADATA,PARENT_METADATA_NAME, REFERENCE_METADATA, REFERENCE_METADATA_NAME, REFERENCE_METADATA_TYPE)VALUES('794afafc2aac40fbb2c8cba85bfe14a4','DeathDt','FIELD','15e297229a9b45379b6259fa7d56404a','PersonInfo_Type','3b0a2ca6cf3a4fb19718e35aa60287cd','Date','PRIMITIVE');
INSERT INTO PUBLIC.PRIMITIVE_METADATA (ID, NAME, METADATA_TYPE) VALUES('5d8a3168a6f14a8cb3b847e9bdd531de','Employer','PRIMITIVE');
INSERT INTO PUBLIC.OBJECT_FIELD_METADATA (ID, NAME, METADATA_TYPE, PARENT_METADATA,PARENT_METADATA_NAME, REFERENCE_METADATA, REFERENCE_METADATA_NAME, REFERENCE_METADATA_TYPE)VALUES('cf574d6b3d524318a9d13317873e6601','EmployerCd','FIELD','15e297229a9b45379b6259fa7d56404a','PersonInfo_Type','5d8a3168a6f14a8cb3b847e9bdd531de','Employer','PRIMITIVE');
INSERT INTO PUBLIC.OBJECT_FIELD_METADATA (ID, NAME, METADATA_TYPE, PARENT_METADATA,PARENT_METADATA_NAME, REFERENCE_METADATA, REFERENCE_METADATA_NAME, REFERENCE_METADATA_TYPE)VALUES('cd9394293a2f42d0bb1c8bdacd895c87','BirthDt','FIELD','15e297229a9b45379b6259fa7d56404a','PersonInfo_Type','3b0a2ca6cf3a4fb19718e35aa60287cd','Date','PRIMITIVE');
INSERT INTO PUBLIC.PRIMITIVE_METADATA (ID, NAME, METADATA_TYPE) VALUES('28dd36c415044adba444dff13453034c','Gender','PRIMITIVE');
INSERT INTO PUBLIC.OBJECT_FIELD_METADATA (ID, NAME, METADATA_TYPE, PARENT_METADATA,PARENT_METADATA_NAME, REFERENCE_METADATA, REFERENCE_METADATA_NAME, REFERENCE_METADATA_TYPE)VALUES('9b53762b83bf492a9d9221629eb13ccd','GenderCd','FIELD','15e297229a9b45379b6259fa7d56404a','PersonInfo_Type','28dd36c415044adba444dff13453034c','Gender','PRIMITIVE');
INSERT INTO PUBLIC.OBJECT_FIELD_METADATA (ID, NAME, METADATA_TYPE, PARENT_METADATA,PARENT_METADATA_NAME, REFERENCE_METADATA, REFERENCE_METADATA_NAME, REFERENCE_METADATA_TYPE)VALUES('cbd05a45b1f14012b0dbbbde015c16b4','DoNotSolicitInd','FIELD','15e297229a9b45379b6259fa7d56404a','PersonInfo_Type','4ffb0bcc3ec946d1af3ef883f4c3a4e6','Boolean','PRIMITIVE');
INSERT INTO PUBLIC.OBJECT_METADATA (ID, NAME, METADATA_TYPE, REFERENCE_METADATA, REFERENCE_METADATA_NAME) VALUES('9a5f0acb3813412e920cbc396055e9c8','EducationCourse_Type','OBJECT',null,null);
INSERT INTO PUBLIC.OBJECT_FIELD_METADATA (ID, NAME, METADATA_TYPE, PARENT_METADATA,PARENT_METADATA_NAME, REFERENCE_METADATA, REFERENCE_METADATA_NAME, REFERENCE_METADATA_TYPE)VALUES('9e4afa6d53aa4a45bb84c904e60c6b14','GraduationDt','FIELD','9a5f0acb3813412e920cbc396055e9c8','EducationCourse_Type','3b0a2ca6cf3a4fb19718e35aa60287cd','Date','PRIMITIVE');
INSERT INTO PUBLIC.OBJECT_FIELD_METADATA (ID, NAME, METADATA_TYPE, PARENT_METADATA,PARENT_METADATA_NAME, REFERENCE_METADATA, REFERENCE_METADATA_NAME, REFERENCE_METADATA_TYPE)VALUES('e5a080c56308458fa2effd96143b0fad','EducationCourseExt','FIELD','9a5f0acb3813412e920cbc396055e9c8','EducationCourse_Type',null,null,null);
INSERT INTO PUBLIC.OBJECT_FIELD_METADATA (ID, NAME, METADATA_TYPE, PARENT_METADATA,PARENT_METADATA_NAME, REFERENCE_METADATA, REFERENCE_METADATA_NAME, REFERENCE_METADATA_TYPE)VALUES('14656d85fac6442eb1a3f46f489063dd','InstitutionName','FIELD','9a5f0acb3813412e920cbc396055e9c8','EducationCourse_Type','2344631100044813a5126adcfb93e80d','C-255','PRIMITIVE');
INSERT INTO PUBLIC.PRIMITIVE_METADATA (ID, NAME, METADATA_TYPE) VALUES('07d6afb7c0b242da90cd3d25440830c8','CourseType','PRIMITIVE');
INSERT INTO PUBLIC.OBJECT_FIELD_METADATA (ID, NAME, METADATA_TYPE, PARENT_METADATA,PARENT_METADATA_NAME, REFERENCE_METADATA, REFERENCE_METADATA_NAME, REFERENCE_METADATA_TYPE)VALUES('39e8f40879524f23b5eb21365a079b56','CourseTypeCd','FIELD','9a5f0acb3813412e920cbc396055e9c8','EducationCourse_Type','07d6afb7c0b242da90cd3d25440830c8','CourseType','PRIMITIVE');
INSERT INTO PUBLIC.OBJECT_FIELD_METADATA (ID, NAME, METADATA_TYPE, PARENT_METADATA,PARENT_METADATA_NAME, REFERENCE_METADATA, REFERENCE_METADATA_NAME, REFERENCE_METADATA_TYPE)VALUES('580a29d4439f4bd98aec3705ece4da96','DegreeDesc','FIELD','9a5f0acb3813412e920cbc396055e9c8','EducationCourse_Type','2344631100044813a5126adcfb93e80d','C-255','PRIMITIVE');
INSERT INTO PUBLIC.OBJECT_FIELD_METADATA (ID, NAME, METADATA_TYPE, PARENT_METADATA,PARENT_METADATA_NAME, REFERENCE_METADATA, REFERENCE_METADATA_NAME, REFERENCE_METADATA_TYPE)VALUES('a8e2ce0aee00476ab7a736b6a6860d83','NumCertified','FIELD','9a5f0acb3813412e920cbc396055e9c8','EducationCourse_Type','838cab4e48a54d0bb23ca5ea9db454ab','Long','PRIMITIVE');
INSERT INTO PUBLIC.OBJECT_FIELD_METADATA (ID, NAME, METADATA_TYPE, PARENT_METADATA,PARENT_METADATA_NAME, REFERENCE_METADATA, REFERENCE_METADATA_NAME, REFERENCE_METADATA_TYPE)VALUES('86187ad17c1a4d59b0226b667ca3adaa','CourseExpirationDt','FIELD','9a5f0acb3813412e920cbc396055e9c8','EducationCourse_Type','3b0a2ca6cf3a4fb19718e35aa60287cd','Date','PRIMITIVE');
INSERT INTO PUBLIC.OBJECT_FIELD_METADATA (ID, NAME, METADATA_TYPE, PARENT_METADATA,PARENT_METADATA_NAME, REFERENCE_METADATA, REFERENCE_METADATA_NAME, REFERENCE_METADATA_TYPE)VALUES('7584e2463de34bea91ae0de212b415f7','CourseDesc','FIELD','9a5f0acb3813412e920cbc396055e9c8','EducationCourse_Type','4aa23ceca9374701b7716d432173c7c2','C-50','PRIMITIVE');
INSERT INTO PUBLIC.OBJECT_FIELD_METADATA (ID, NAME, METADATA_TYPE, PARENT_METADATA,PARENT_METADATA_NAME, REFERENCE_METADATA, REFERENCE_METADATA_NAME, REFERENCE_METADATA_TYPE)VALUES('3d42c79fe0d747ea97a2380bbf6009d9','InterventionSkillsInd','FIELD','9a5f0acb3813412e920cbc396055e9c8','EducationCourse_Type','4ffb0bcc3ec946d1af3ef883f4c3a4e6','Boolean','PRIMITIVE');
INSERT INTO PUBLIC.OBJECT_FIELD_METADATA (ID, NAME, METADATA_TYPE, PARENT_METADATA,PARENT_METADATA_NAME, REFERENCE_METADATA, REFERENCE_METADATA_NAME, REFERENCE_METADATA_TYPE)VALUES('78b5d5a636714340bd03c76e5f8dabaf','CourseDt','FIELD','9a5f0acb3813412e920cbc396055e9c8','EducationCourse_Type','3b0a2ca6cf3a4fb19718e35aa60287cd','Date','PRIMITIVE');
INSERT INTO PUBLIC.OBJECT_FIELD_METADATA (ID, NAME, METADATA_TYPE, PARENT_METADATA,PARENT_METADATA_NAME, REFERENCE_METADATA, REFERENCE_METADATA_NAME, REFERENCE_METADATA_TYPE)VALUES('e9a455a4169049f0a12eb3e0b6d87c30','AlcoholServersCertifiedInd','FIELD','9a5f0acb3813412e920cbc396055e9c8','EducationCourse_Type','4ffb0bcc3ec946d1af3ef883f4c3a4e6','Boolean','PRIMITIVE');
INSERT INTO PUBLIC.OBJECT_FIELD_METADATA (ID, NAME, METADATA_TYPE, PARENT_METADATA,PARENT_METADATA_NAME, REFERENCE_METADATA, REFERENCE_METADATA_NAME, REFERENCE_METADATA_TYPE)VALUES('54c1b84e24ad40908245fcdcbf9ded20','EducationCourse','MODEL_RELATION','15e297229a9b45379b6259fa7d56404a','PersonInfo_Type','9a5f0acb3813412e920cbc396055e9c8','EducationCourse_Type','OBJECT');
INSERT INTO PUBLIC.OBJECT_METADATA (ID, NAME, METADATA_TYPE, REFERENCE_METADATA, REFERENCE_METADATA_NAME) VALUES('0a76585a8ae342d897387f29800d50c8','MiscParty_Type','OBJECT',null,null);
INSERT INTO PUBLIC.OBJECT_FIELD_METADATA (ID, NAME, METADATA_TYPE, PARENT_METADATA,PARENT_METADATA_NAME, REFERENCE_METADATA, REFERENCE_METADATA_NAME, REFERENCE_METADATA_TYPE)VALUES('acff61c7fc374351bde13c35bb4b2e1c','GeneralPartyInfo','MODEL_RELATION','0a76585a8ae342d897387f29800d50c8','MiscParty_Type','d95b1cb018eb42c690b817b73cf4d5fa','GeneralPartyInfo_Type','OBJECT');
INSERT INTO PUBLIC.OBJECT_FIELD_METADATA (ID, NAME, METADATA_TYPE, PARENT_METADATA,PARENT_METADATA_NAME, REFERENCE_METADATA, REFERENCE_METADATA_NAME, REFERENCE_METADATA_TYPE)VALUES('700eb9d2f8574ea3b09e8e60ece22089','MiscPartyExt','FIELD','0a76585a8ae342d897387f29800d50c8','MiscParty_Type',null,null,null);
INSERT INTO PUBLIC.OBJECT_METADATA (ID, NAME, METADATA_TYPE, REFERENCE_METADATA, REFERENCE_METADATA_NAME) VALUES('8723e21cc4134fb0b744e584d7de422a','MiscPartyInfo_Type','OBJECT',null,null);
INSERT INTO PUBLIC.PRIMITIVE_METADATA (ID, NAME, METADATA_TYPE) VALUES('210bf198225241e8988fbdd69f8e72ea','RoleType','PRIMITIVE');
INSERT INTO PUBLIC.OBJECT_FIELD_METADATA (ID, NAME, METADATA_TYPE, PARENT_METADATA,PARENT_METADATA_NAME, REFERENCE_METADATA, REFERENCE_METADATA_NAME, REFERENCE_METADATA_TYPE)VALUES('94eda9f0541e4d88be6252314ae99c7e','MiscPartyRoleCd','FIELD','8723e21cc4134fb0b744e584d7de422a','MiscPartyInfo_Type','210bf198225241e8988fbdd69f8e72ea','RoleType','PRIMITIVE');
INSERT INTO PUBLIC.PRIMITIVE_METADATA (ID, NAME, METADATA_TYPE) VALUES('71f4b5eea4214c879bb508ba95a994b4','SubRoleType','PRIMITIVE');
INSERT INTO PUBLIC.OBJECT_FIELD_METADATA (ID, NAME, METADATA_TYPE, PARENT_METADATA,PARENT_METADATA_NAME, REFERENCE_METADATA, REFERENCE_METADATA_NAME, REFERENCE_METADATA_TYPE)VALUES('f545adcb892f4754a811e398b375a9fb','MiscPartySubRoleCd','FIELD','8723e21cc4134fb0b744e584d7de422a','MiscPartyInfo_Type','71f4b5eea4214c879bb508ba95a994b4','SubRoleType','PRIMITIVE');
INSERT INTO PUBLIC.OBJECT_FIELD_METADATA (ID, NAME, METADATA_TYPE, PARENT_METADATA,PARENT_METADATA_NAME, REFERENCE_METADATA, REFERENCE_METADATA_NAME, REFERENCE_METADATA_TYPE)VALUES('544c7482206648258bc495602fa3c4f0','MiscPartyInfoExt','FIELD','8723e21cc4134fb0b744e584d7de422a','MiscPartyInfo_Type',null,null,null);
INSERT INTO PUBLIC.PRIMITIVE_METADATA (ID, NAME, METADATA_TYPE) VALUES('d68704d271534c0a935a3012147640c4','PercentDecimal','PRIMITIVE');
INSERT INTO PUBLIC.OBJECT_FIELD_METADATA (ID, NAME, METADATA_TYPE, PARENT_METADATA,PARENT_METADATA_NAME, REFERENCE_METADATA, REFERENCE_METADATA_NAME, REFERENCE_METADATA_TYPE)VALUES('822c446d18af47e7a6ba0c609aa4f506','SubscriptionPct','FIELD','8723e21cc4134fb0b744e584d7de422a','MiscPartyInfo_Type','d68704d271534c0a935a3012147640c4','PercentDecimal','PRIMITIVE');
INSERT INTO PUBLIC.OBJECT_FIELD_METADATA (ID, NAME, METADATA_TYPE, PARENT_METADATA,PARENT_METADATA_NAME, REFERENCE_METADATA, REFERENCE_METADATA_NAME, REFERENCE_METADATA_TYPE)VALUES('df66499b8f7c43c2abca384fa5d49e6a','BirthDt','FIELD','8723e21cc4134fb0b744e584d7de422a','MiscPartyInfo_Type','3b0a2ca6cf3a4fb19718e35aa60287cd','Date','PRIMITIVE');
INSERT INTO PUBLIC.OBJECT_FIELD_METADATA (ID, NAME, METADATA_TYPE, PARENT_METADATA,PARENT_METADATA_NAME, REFERENCE_METADATA, REFERENCE_METADATA_NAME, REFERENCE_METADATA_TYPE)VALUES('3e701f6dd7324a2fa730729a2529916d','MiscPartyInfo','MODEL_RELATION','0a76585a8ae342d897387f29800d50c8','MiscParty_Type','8723e21cc4134fb0b744e584d7de422a','MiscPartyInfo_Type','OBJECT');
INSERT INTO PUBLIC.OBJECT_FIELD_METADATA (ID, NAME, METADATA_TYPE, PARENT_METADATA,PARENT_METADATA_NAME, REFERENCE_METADATA, REFERENCE_METADATA_NAME, REFERENCE_METADATA_TYPE)VALUES('5b1a7527978d496e8c8acfd372f518e9','ItemIdInfo','MODEL_RELATION','0a76585a8ae342d897387f29800d50c8','MiscParty_Type','ba3be0e0317741b08f872c1fca47ad8f','ItemIdInfo_Type','OBJECT');
INSERT INTO PUBLIC.OBJECT_METADATA (ID, NAME, METADATA_TYPE, REFERENCE_METADATA, REFERENCE_METADATA_NAME) VALUES('366dc9a89db94de3b92abf43ef1bf084','Link_Type','OBJECT',null,null);
INSERT INTO PUBLIC.OBJECT_FIELD_METADATA (ID, NAME, METADATA_TYPE, PARENT_METADATA,PARENT_METADATA_NAME, REFERENCE_METADATA, REFERENCE_METADATA_NAME, REFERENCE_METADATA_TYPE)VALUES('f4db90f4d4e0458499d36746ab2dce4a','Link','MODEL_RELATION','0a76585a8ae342d897387f29800d50c8','MiscParty_Type','366dc9a89db94de3b92abf43ef1bf084','Link_Type','OBJECT');
INSERT INTO PUBLIC.OBJECT_FIELD_METADATA (ID, NAME, METADATA_TYPE, PARENT_METADATA,PARENT_METADATA_NAME, REFERENCE_METADATA, REFERENCE_METADATA_NAME, REFERENCE_METADATA_TYPE)VALUES('d2c6c9ae07cd40d1b52628aebbab58a7','MiscParty','MODEL_RELATION','15e297229a9b45379b6259fa7d56404a','PersonInfo_Type','0a76585a8ae342d897387f29800d50c8','MiscParty_Type','OBJECT');
INSERT INTO PUBLIC.OBJECT_METADATA (ID, NAME, METADATA_TYPE, REFERENCE_METADATA, REFERENCE_METADATA_NAME) VALUES('7636c244dab64d2fb6017d20e487764a','MilitaryServiceInfo_Type','OBJECT',null,null);
INSERT INTO PUBLIC.OBJECT_FIELD_METADATA (ID, NAME, METADATA_TYPE, PARENT_METADATA,PARENT_METADATA_NAME, REFERENCE_METADATA, REFERENCE_METADATA_NAME, REFERENCE_METADATA_TYPE)VALUES('4983e469327f44c0ad5ff9e965f1e815','MilitaryServiceInfoExt','FIELD','7636c244dab64d2fb6017d20e487764a','MilitaryServiceInfo_Type',null,null,null);
INSERT INTO PUBLIC.OBJECT_FIELD_METADATA (ID, NAME, METADATA_TYPE, PARENT_METADATA,PARENT_METADATA_NAME, REFERENCE_METADATA, REFERENCE_METADATA_NAME, REFERENCE_METADATA_TYPE)VALUES('ed25d45c8eba41d0b06c34856ace1818','MilitaryBranchCd','FIELD','7636c244dab64d2fb6017d20e487764a','MilitaryServiceInfo_Type','6240ce877a244a73a1253961131c6cc9','IndustryCode_Type','PRIMITIVE');
INSERT INTO PUBLIC.OBJECT_FIELD_METADATA (ID, NAME, METADATA_TYPE, PARENT_METADATA,PARENT_METADATA_NAME, REFERENCE_METADATA, REFERENCE_METADATA_NAME, REFERENCE_METADATA_TYPE)VALUES('b17b7b2c96684798ad984c5e00f13224','MilitaryRankDesc','FIELD','7636c244dab64d2fb6017d20e487764a','MilitaryServiceInfo_Type','43d52c0234024809806a2becf9d18a0f','C-30','PRIMITIVE');
INSERT INTO PUBLIC.OBJECT_FIELD_METADATA (ID, NAME, METADATA_TYPE, PARENT_METADATA,PARENT_METADATA_NAME, REFERENCE_METADATA, REFERENCE_METADATA_NAME, REFERENCE_METADATA_TYPE)VALUES('baa78a35b39941248893a9e3624a5688','MilitaryServiceInfo','MODEL_RELATION','15e297229a9b45379b6259fa7d56404a','PersonInfo_Type','7636c244dab64d2fb6017d20e487764a','MilitaryServiceInfo_Type','OBJECT');
INSERT INTO PUBLIC.OBJECT_FIELD_METADATA (ID, NAME, METADATA_TYPE, PARENT_METADATA,PARENT_METADATA_NAME, REFERENCE_METADATA, REFERENCE_METADATA_NAME, REFERENCE_METADATA_TYPE)VALUES('c839a560af9841498b7b00472e0ecdeb','LengthTimeEmployed','MODEL_RELATION','15e297229a9b45379b6259fa7d56404a','PersonInfo_Type','1df1057b06734b019460d9f8fb0a43b0','MEASUREMENT','OBJECT');
INSERT INTO PUBLIC.OBJECT_FIELD_METADATA (ID, NAME, METADATA_TYPE, PARENT_METADATA,PARENT_METADATA_NAME, REFERENCE_METADATA, REFERENCE_METADATA_NAME, REFERENCE_METADATA_TYPE)VALUES('76e894c577a34e33a5fce6e90fb3c547','RaceDesc','FIELD','15e297229a9b45379b6259fa7d56404a','PersonInfo_Type','2344631100044813a5126adcfb93e80d','C-255','PRIMITIVE');
INSERT INTO PUBLIC.OBJECT_FIELD_METADATA (ID, NAME, METADATA_TYPE, PARENT_METADATA,PARENT_METADATA_NAME, REFERENCE_METADATA, REFERENCE_METADATA_NAME, REFERENCE_METADATA_TYPE)VALUES('7998b4c616a24af998e6d4bb95eb317d','CitizenshipCountryCd','FIELD','15e297229a9b45379b6259fa7d56404a','PersonInfo_Type','6240ce877a244a73a1253961131c6cc9','IndustryCode_Type','PRIMITIVE');
INSERT INTO PUBLIC.PRIMITIVE_METADATA (ID, NAME, METADATA_TYPE) VALUES('923d9121cb4247e6ba5025b5faf93662','MaritalStatus','PRIMITIVE');
INSERT INTO PUBLIC.OBJECT_FIELD_METADATA (ID, NAME, METADATA_TYPE, PARENT_METADATA,PARENT_METADATA_NAME, REFERENCE_METADATA, REFERENCE_METADATA_NAME, REFERENCE_METADATA_TYPE)VALUES('1257c69f4706435aba5615a53a80c26b','MaritalStatusCd','FIELD','15e297229a9b45379b6259fa7d56404a','PersonInfo_Type','923d9121cb4247e6ba5025b5faf93662','MaritalStatus','PRIMITIVE');
INSERT INTO PUBLIC.OBJECT_FIELD_METADATA (ID, NAME, METADATA_TYPE, PARENT_METADATA,PARENT_METADATA_NAME, REFERENCE_METADATA, REFERENCE_METADATA_NAME, REFERENCE_METADATA_TYPE)VALUES('7225748e86d3477fb229e988a3f779cb','LengthTimeCurrentAddr','MODEL_RELATION','15e297229a9b45379b6259fa7d56404a','PersonInfo_Type','2ba28904532b44bfb94bb9bca9b86a8a','DURATION','OBJECT');
INSERT INTO PUBLIC.OBJECT_FIELD_METADATA (ID, NAME, METADATA_TYPE, PARENT_METADATA,PARENT_METADATA_NAME, REFERENCE_METADATA, REFERENCE_METADATA_NAME, REFERENCE_METADATA_TYPE)VALUES('bb083d30b5134bca87ea70cf15a013f5','TitleRelationshipCd','FIELD','15e297229a9b45379b6259fa7d56404a','PersonInfo_Type','f5e1671ab9224e1da8f2bdb53c9dc398','TitleRelationship','PRIMITIVE');
INSERT INTO PUBLIC.OBJECT_FIELD_METADATA (ID, NAME, METADATA_TYPE, PARENT_METADATA,PARENT_METADATA_NAME, REFERENCE_METADATA, REFERENCE_METADATA_NAME, REFERENCE_METADATA_TYPE)VALUES('a78d1c4f188d4f2696d108048eac7990','NumDependents','FIELD','15e297229a9b45379b6259fa7d56404a','PersonInfo_Type','838cab4e48a54d0bb23ca5ea9db454ab','Long','PRIMITIVE');
INSERT INTO PUBLIC.OBJECT_FIELD_METADATA (ID, NAME, METADATA_TYPE, PARENT_METADATA,PARENT_METADATA_NAME, REFERENCE_METADATA, REFERENCE_METADATA_NAME, REFERENCE_METADATA_TYPE)VALUES('def1b63e40b440358d483a000cba542e','OccupationDesc','FIELD','15e297229a9b45379b6259fa7d56404a','PersonInfo_Type','2344631100044813a5126adcfb93e80d','C-255','PRIMITIVE');
INSERT INTO PUBLIC.OBJECT_FIELD_METADATA (ID, NAME, METADATA_TYPE, PARENT_METADATA,PARENT_METADATA_NAME, REFERENCE_METADATA, REFERENCE_METADATA_NAME, REFERENCE_METADATA_TYPE)VALUES('4ca311ae3d1a4b26bd9e6986ead50fea','PersonInfoExt','FIELD','15e297229a9b45379b6259fa7d56404a','PersonInfo_Type',null,null,null);
INSERT INTO PUBLIC.PRIMITIVE_METADATA (ID, NAME, METADATA_TYPE) VALUES('ed12e37f51dc4f5d9e8b8345a3759d9c','EducationLevel','PRIMITIVE');
INSERT INTO PUBLIC.OBJECT_FIELD_METADATA (ID, NAME, METADATA_TYPE, PARENT_METADATA,PARENT_METADATA_NAME, REFERENCE_METADATA, REFERENCE_METADATA_NAME, REFERENCE_METADATA_TYPE)VALUES('dcaa022eed534e8ea6f32ea182817b1b','EducationLevelCd','FIELD','15e297229a9b45379b6259fa7d56404a','PersonInfo_Type','ed12e37f51dc4f5d9e8b8345a3759d9c','EducationLevel','PRIMITIVE');
INSERT INTO PUBLIC.OBJECT_FIELD_METADATA (ID, NAME, METADATA_TYPE, PARENT_METADATA,PARENT_METADATA_NAME, REFERENCE_METADATA, REFERENCE_METADATA_NAME, REFERENCE_METADATA_TYPE)VALUES('a6bcccfc9aae43bc8a6bec822f3d27ca','LengthTimeCurrentOccupation','MODEL_RELATION','15e297229a9b45379b6259fa7d56404a','PersonInfo_Type','1df1057b06734b019460d9f8fb0a43b0','MEASUREMENT','OBJECT');
INSERT INTO PUBLIC.OBJECT_FIELD_METADATA (ID, NAME, METADATA_TYPE, PARENT_METADATA,PARENT_METADATA_NAME, REFERENCE_METADATA, REFERENCE_METADATA_NAME, REFERENCE_METADATA_TYPE)VALUES('b3fcd237da18455ba7927e943b676bfd','OccupationSubTypeCd','FIELD','15e297229a9b45379b6259fa7d56404a','PersonInfo_Type','6240ce877a244a73a1253961131c6cc9','IndustryCode_Type','PRIMITIVE');
INSERT INTO PUBLIC.OBJECT_METADATA (ID, NAME, METADATA_TYPE, REFERENCE_METADATA, REFERENCE_METADATA_NAME) VALUES('7a41ec01169048ea99949becbda852c4','MembershipInfo_Type','OBJECT',null,null);
INSERT INTO PUBLIC.OBJECT_FIELD_METADATA (ID, NAME, METADATA_TYPE, PARENT_METADATA,PARENT_METADATA_NAME, REFERENCE_METADATA, REFERENCE_METADATA_NAME, REFERENCE_METADATA_TYPE)VALUES('c1cfd18dd745404d954bdaf7b682c63f','MembershipInfoExt','FIELD','7a41ec01169048ea99949becbda852c4','MembershipInfo_Type',null,null,null);
INSERT INTO PUBLIC.OBJECT_FIELD_METADATA (ID, NAME, METADATA_TYPE, PARENT_METADATA,PARENT_METADATA_NAME, REFERENCE_METADATA, REFERENCE_METADATA_NAME, REFERENCE_METADATA_TYPE)VALUES('6a3dcab9627340a7b7093f14f025f130','MembershipId','FIELD','7a41ec01169048ea99949becbda852c4','MembershipInfo_Type','3da4bbbc6bf44d5f941e647b8e8408dc','AssignedIdentifier','PRIMITIVE');
INSERT INTO PUBLIC.OBJECT_FIELD_METADATA (ID, NAME, METADATA_TYPE, PARENT_METADATA,PARENT_METADATA_NAME, REFERENCE_METADATA, REFERENCE_METADATA_NAME, REFERENCE_METADATA_TYPE)VALUES('9ff1057b62684e9db1eaa9c023c1d337','MembershipTypeCd','FIELD','7a41ec01169048ea99949becbda852c4','MembershipInfo_Type','6240ce877a244a73a1253961131c6cc9','IndustryCode_Type','PRIMITIVE');
INSERT INTO PUBLIC.OBJECT_FIELD_METADATA (ID, NAME, METADATA_TYPE, PARENT_METADATA,PARENT_METADATA_NAME, REFERENCE_METADATA, REFERENCE_METADATA_NAME, REFERENCE_METADATA_TYPE)VALUES('a9b79bed89634d1e8609c0c279993bd9','MembershipInfo','MODEL_RELATION','15e297229a9b45379b6259fa7d56404a','PersonInfo_Type','7a41ec01169048ea99949becbda852c4','MembershipInfo_Type','OBJECT');
INSERT INTO PUBLIC.PRIMITIVE_METADATA (ID, NAME, METADATA_TYPE) VALUES('da24ae33cbe44771b0a1e46d198e4389','EmployeeStatus','PRIMITIVE');
INSERT INTO PUBLIC.OBJECT_FIELD_METADATA (ID, NAME, METADATA_TYPE, PARENT_METADATA,PARENT_METADATA_NAME, REFERENCE_METADATA, REFERENCE_METADATA_NAME, REFERENCE_METADATA_TYPE)VALUES('c0736fbc4a9d4f8fabc4515682c6a94f','EmployeeStatusCd','FIELD','15e297229a9b45379b6259fa7d56404a','PersonInfo_Type','da24ae33cbe44771b0a1e46d198e4389','EmployeeStatus','PRIMITIVE');
INSERT INTO PUBLIC.OBJECT_FIELD_METADATA (ID, NAME, METADATA_TYPE, PARENT_METADATA,PARENT_METADATA_NAME, REFERENCE_METADATA, REFERENCE_METADATA_NAME, REFERENCE_METADATA_TYPE)VALUES('cc437d7ad02644e090e9443779ad5b7b','EmployerDesc','FIELD','15e297229a9b45379b6259fa7d56404a','PersonInfo_Type','2344631100044813a5126adcfb93e80d','C-255','PRIMITIVE');
INSERT INTO PUBLIC.PRIMITIVE_METADATA (ID, NAME, METADATA_TYPE) VALUES('2b40d9677f3b4d94ab7c4600885c2ad4','OccupationClass','PRIMITIVE');
INSERT INTO PUBLIC.OBJECT_FIELD_METADATA (ID, NAME, METADATA_TYPE, PARENT_METADATA,PARENT_METADATA_NAME, REFERENCE_METADATA, REFERENCE_METADATA_NAME, REFERENCE_METADATA_TYPE)VALUES('f075b1cb38bb4f94a4aecd52a2ca54ec','OccupationClassCd','FIELD','15e297229a9b45379b6259fa7d56404a','PersonInfo_Type','2b40d9677f3b4d94ab7c4600885c2ad4','OccupationClass','PRIMITIVE');
INSERT INTO PUBLIC.OBJECT_FIELD_METADATA (ID, NAME, METADATA_TYPE, PARENT_METADATA,PARENT_METADATA_NAME, REFERENCE_METADATA, REFERENCE_METADATA_NAME, REFERENCE_METADATA_TYPE)VALUES('777cd3f9d07642c7a8b9f484a920b340','LengthTimeWithPreviousEmployer','MODEL_RELATION','15e297229a9b45379b6259fa7d56404a','PersonInfo_Type','1df1057b06734b019460d9f8fb0a43b0','MEASUREMENT','OBJECT');
INSERT INTO PUBLIC.OBJECT_FIELD_METADATA (ID, NAME, METADATA_TYPE, PARENT_METADATA,PARENT_METADATA_NAME, REFERENCE_METADATA, REFERENCE_METADATA_NAME, REFERENCE_METADATA_TYPE)VALUES('fe5a2664becc4708b2619138ae3222b5','PersonInfo','MODEL_RELATION','01acecf1474d45c1a40badaa50bc0f1d','PilotInfo_Type','15e297229a9b45379b6259fa7d56404a','PersonInfo_Type','OBJECT');
INSERT INTO PUBLIC.OBJECT_FIELD_METADATA (ID, NAME, METADATA_TYPE, PARENT_METADATA,PARENT_METADATA_NAME, REFERENCE_METADATA, REFERENCE_METADATA_NAME, REFERENCE_METADATA_TYPE)VALUES('821a1aa39cf146e2beb84d58850dc4d3','HiredDt','FIELD','01acecf1474d45c1a40badaa50bc0f1d','PilotInfo_Type','3b0a2ca6cf3a4fb19718e35aa60287cd','Date','PRIMITIVE');
INSERT INTO PUBLIC.PRIMITIVE_METADATA (ID, NAME, METADATA_TYPE) VALUES('3869bfeb4b5f47c0b4e159b3cfde6d71','C-25','PRIMITIVE');
INSERT INTO PUBLIC.OBJECT_FIELD_METADATA (ID, NAME, METADATA_TYPE, PARENT_METADATA,PARENT_METADATA_NAME, REFERENCE_METADATA, REFERENCE_METADATA_NAME, REFERENCE_METADATA_TYPE)VALUES('dbd374bb41d340e6bba2aea4d695a027','AirmanCertNumber','FIELD','01acecf1474d45c1a40badaa50bc0f1d','PilotInfo_Type','3869bfeb4b5f47c0b4e159b3cfde6d71','C-25','PRIMITIVE');
INSERT INTO PUBLIC.OBJECT_FIELD_METADATA (ID, NAME, METADATA_TYPE, PARENT_METADATA,PARENT_METADATA_NAME, REFERENCE_METADATA, REFERENCE_METADATA_NAME, REFERENCE_METADATA_TYPE)VALUES('75df7f7c0b094553b2ff95d5df40f85f','RegistrationId','FIELD','01acecf1474d45c1a40badaa50bc0f1d','PilotInfo_Type','3da4bbbc6bf44d5f941e647b8e8408dc','AssignedIdentifier','PRIMITIVE');
INSERT INTO PUBLIC.OBJECT_FIELD_METADATA (ID, NAME, METADATA_TYPE, PARENT_METADATA,PARENT_METADATA_NAME, REFERENCE_METADATA, REFERENCE_METADATA_NAME, REFERENCE_METADATA_TYPE)VALUES('7320b4a3bddb4fa58a570022b0585096','MedicalDt','FIELD','01acecf1474d45c1a40badaa50bc0f1d','PilotInfo_Type','3b0a2ca6cf3a4fb19718e35aa60287cd','Date','PRIMITIVE');
INSERT INTO PUBLIC.PRIMITIVE_METADATA (ID, NAME, METADATA_TYPE) VALUES('53b4c891108f4c4a9001ecd3b6a9fa11','C-15','PRIMITIVE');
INSERT INTO PUBLIC.OBJECT_FIELD_METADATA (ID, NAME, METADATA_TYPE, PARENT_METADATA,PARENT_METADATA_NAME, REFERENCE_METADATA, REFERENCE_METADATA_NAME, REFERENCE_METADATA_TYPE)VALUES('86d9cc909ba64f1e9b1e7e84dbaf0c0c','FlightReviewDesc','FIELD','01acecf1474d45c1a40badaa50bc0f1d','PilotInfo_Type','53b4c891108f4c4a9001ecd3b6a9fa11','C-15','PRIMITIVE');
INSERT INTO PUBLIC.PRIMITIVE_METADATA (ID, NAME, METADATA_TYPE) VALUES('5cfbd72e64d24e239aeb1009a40f1fd4','MedicalClass','PRIMITIVE');
INSERT INTO PUBLIC.OBJECT_FIELD_METADATA (ID, NAME, METADATA_TYPE, PARENT_METADATA,PARENT_METADATA_NAME, REFERENCE_METADATA, REFERENCE_METADATA_NAME, REFERENCE_METADATA_TYPE)VALUES('dfb71968f4864471af99dd138fec5606','MedicalClassCd','FIELD','01acecf1474d45c1a40badaa50bc0f1d','PilotInfo_Type','5cfbd72e64d24e239aeb1009a40f1fd4','MedicalClass','PRIMITIVE');
INSERT INTO PUBLIC.OBJECT_METADATA (ID, NAME, METADATA_TYPE, REFERENCE_METADATA, REFERENCE_METADATA_NAME) VALUES('3285c1967dbe4ac99f36a19629ae703f','Certification_Type','OBJECT',null,null);
INSERT INTO PUBLIC.PRIMITIVE_METADATA (ID, NAME, METADATA_TYPE) VALUES('dca96396670d4a49979b33da4c247da3','C-20','PRIMITIVE');
INSERT INTO PUBLIC.OBJECT_FIELD_METADATA (ID, NAME, METADATA_TYPE, PARENT_METADATA,PARENT_METADATA_NAME, REFERENCE_METADATA, REFERENCE_METADATA_NAME, REFERENCE_METADATA_TYPE)VALUES('eddf1a39dedf4bbc925d6e84d8a3667a','OtherCertification','FIELD','3285c1967dbe4ac99f36a19629ae703f','Certification_Type','dca96396670d4a49979b33da4c247da3','C-20','PRIMITIVE');
INSERT INTO PUBLIC.OBJECT_FIELD_METADATA (ID, NAME, METADATA_TYPE, PARENT_METADATA,PARENT_METADATA_NAME, REFERENCE_METADATA, REFERENCE_METADATA_NAME, REFERENCE_METADATA_TYPE)VALUES('b3daee4dd7b84b02a8746803c0908c11','OtherRating','FIELD','3285c1967dbe4ac99f36a19629ae703f','Certification_Type','dca96396670d4a49979b33da4c247da3','C-20','PRIMITIVE');
INSERT INTO PUBLIC.OBJECT_FIELD_METADATA (ID, NAME, METADATA_TYPE, PARENT_METADATA,PARENT_METADATA_NAME, REFERENCE_METADATA, REFERENCE_METADATA_NAME, REFERENCE_METADATA_TYPE)VALUES('5d8b9a1aeaaf44fe8850258aff08e727','CertificationExt','FIELD','3285c1967dbe4ac99f36a19629ae703f','Certification_Type',null,null,null);
INSERT INTO PUBLIC.PRIMITIVE_METADATA (ID, NAME, METADATA_TYPE) VALUES('cc63676bad4d4a38b2708a26c2e482ee','PilotRating','PRIMITIVE');
INSERT INTO PUBLIC.OBJECT_FIELD_METADATA (ID, NAME, METADATA_TYPE, PARENT_METADATA,PARENT_METADATA_NAME, REFERENCE_METADATA, REFERENCE_METADATA_NAME, REFERENCE_METADATA_TYPE)VALUES('53046dc5545340aa8148de9a3254698a','PilotRatingCd','FIELD','3285c1967dbe4ac99f36a19629ae703f','Certification_Type','cc63676bad4d4a38b2708a26c2e482ee','PilotRating','PRIMITIVE');
INSERT INTO PUBLIC.OBJECT_FIELD_METADATA (ID, NAME, METADATA_TYPE, PARENT_METADATA,PARENT_METADATA_NAME, REFERENCE_METADATA, REFERENCE_METADATA_NAME, REFERENCE_METADATA_TYPE)VALUES('149ef22567124492847ce6919ab7e69a','CertifiedInd','FIELD','3285c1967dbe4ac99f36a19629ae703f','Certification_Type','4ffb0bcc3ec946d1af3ef883f4c3a4e6','Boolean','PRIMITIVE');
INSERT INTO PUBLIC.PRIMITIVE_METADATA (ID, NAME, METADATA_TYPE) VALUES('caca3ae59c9b4adebb7bce7ebe22a309','CertificationType','PRIMITIVE');
INSERT INTO PUBLIC.OBJECT_FIELD_METADATA (ID, NAME, METADATA_TYPE, PARENT_METADATA,PARENT_METADATA_NAME, REFERENCE_METADATA, REFERENCE_METADATA_NAME, REFERENCE_METADATA_TYPE)VALUES('618eff56aec14d07a06eafb2b7a8f2ce','CertificationCd','FIELD','3285c1967dbe4ac99f36a19629ae703f','Certification_Type','caca3ae59c9b4adebb7bce7ebe22a309','CertificationType','PRIMITIVE');
INSERT INTO PUBLIC.OBJECT_FIELD_METADATA (ID, NAME, METADATA_TYPE, PARENT_METADATA,PARENT_METADATA_NAME, REFERENCE_METADATA, REFERENCE_METADATA_NAME, REFERENCE_METADATA_TYPE)VALUES('24a22bebbd1a482c943e283fcf6bb78c','CertificationDt','FIELD','3285c1967dbe4ac99f36a19629ae703f','Certification_Type','3b0a2ca6cf3a4fb19718e35aa60287cd','Date','PRIMITIVE');
INSERT INTO PUBLIC.OBJECT_FIELD_METADATA (ID, NAME, METADATA_TYPE, PARENT_METADATA,PARENT_METADATA_NAME, REFERENCE_METADATA, REFERENCE_METADATA_NAME, REFERENCE_METADATA_TYPE)VALUES('4d31b011d3ca46da9c22ad121edb6f9f','Certification','MODEL_RELATION','01acecf1474d45c1a40badaa50bc0f1d','PilotInfo_Type','3285c1967dbe4ac99f36a19629ae703f','Certification_Type','OBJECT');
INSERT INTO PUBLIC.OBJECT_METADATA (ID, NAME, METADATA_TYPE, REFERENCE_METADATA, REFERENCE_METADATA_NAME) VALUES('f7fe42530dbd4edcb3b4057ce16bc04f','LoggedHours_Type','OBJECT',null,null);
INSERT INTO PUBLIC.OBJECT_FIELD_METADATA (ID, NAME, METADATA_TYPE, PARENT_METADATA,PARENT_METADATA_NAME, REFERENCE_METADATA, REFERENCE_METADATA_NAME, REFERENCE_METADATA_TYPE)VALUES('df9de43ba75241b88f8a1eb62c4b00ba','LoggedHoursExt','FIELD','f7fe42530dbd4edcb3b4057ce16bc04f','LoggedHours_Type',null,null,null);
INSERT INTO PUBLIC.PRIMITIVE_METADATA (ID, NAME, METADATA_TYPE) VALUES('5a94513e8bc6468887d651e4b6f9d6b8','HrsType','PRIMITIVE');
INSERT INTO PUBLIC.OBJECT_FIELD_METADATA (ID, NAME, METADATA_TYPE, PARENT_METADATA,PARENT_METADATA_NAME, REFERENCE_METADATA, REFERENCE_METADATA_NAME, REFERENCE_METADATA_TYPE)VALUES('136efed4e47f450f8355f9d54b927b55','HrsTypeCd','FIELD','f7fe42530dbd4edcb3b4057ce16bc04f','LoggedHours_Type','5a94513e8bc6468887d651e4b6f9d6b8','HrsType','PRIMITIVE');
INSERT INTO PUBLIC.PRIMITIVE_METADATA (ID, NAME, METADATA_TYPE) VALUES('73037ac63ba046a49accb701f52e0505','LogType','PRIMITIVE');
INSERT INTO PUBLIC.OBJECT_FIELD_METADATA (ID, NAME, METADATA_TYPE, PARENT_METADATA,PARENT_METADATA_NAME, REFERENCE_METADATA, REFERENCE_METADATA_NAME, REFERENCE_METADATA_TYPE)VALUES('4f8a9914066a41e2875151cacb00fbb3','LogTypeCd','FIELD','f7fe42530dbd4edcb3b4057ce16bc04f','LoggedHours_Type','73037ac63ba046a49accb701f52e0505','LogType','PRIMITIVE');
INSERT INTO PUBLIC.OBJECT_FIELD_METADATA (ID, NAME, METADATA_TYPE, PARENT_METADATA,PARENT_METADATA_NAME, REFERENCE_METADATA, REFERENCE_METADATA_NAME, REFERENCE_METADATA_TYPE)VALUES('c983d2a34ae8429f99cff057a56773de','LogTypeDesc','FIELD','f7fe42530dbd4edcb3b4057ce16bc04f','LoggedHours_Type','53b4c891108f4c4a9001ecd3b6a9fa11','C-15','PRIMITIVE');
INSERT INTO PUBLIC.OBJECT_FIELD_METADATA (ID, NAME, METADATA_TYPE, PARENT_METADATA,PARENT_METADATA_NAME, REFERENCE_METADATA, REFERENCE_METADATA_NAME, REFERENCE_METADATA_TYPE)VALUES('6802774121c64e838aef44f126a88236','NumHours','FIELD','f7fe42530dbd4edcb3b4057ce16bc04f','LoggedHours_Type','838cab4e48a54d0bb23ca5ea9db454ab','Long','PRIMITIVE');
INSERT INTO PUBLIC.PRIMITIVE_METADATA (ID, NAME, METADATA_TYPE) VALUES('7c9113946db7435cb0053de34c768997','Year','PRIMITIVE');
INSERT INTO PUBLIC.OBJECT_FIELD_METADATA (ID, NAME, METADATA_TYPE, PARENT_METADATA,PARENT_METADATA_NAME, REFERENCE_METADATA, REFERENCE_METADATA_NAME, REFERENCE_METADATA_TYPE)VALUES('8628937260614a97ab672354625cf986','LogYr','FIELD','f7fe42530dbd4edcb3b4057ce16bc04f','LoggedHours_Type','7c9113946db7435cb0053de34c768997','Year','PRIMITIVE');
INSERT INTO PUBLIC.OBJECT_FIELD_METADATA (ID, NAME, METADATA_TYPE, PARENT_METADATA,PARENT_METADATA_NAME, REFERENCE_METADATA, REFERENCE_METADATA_NAME, REFERENCE_METADATA_TYPE)VALUES('6dd0866a6a1d46f794f27c4ca1091285','LoggedHours','MODEL_RELATION','01acecf1474d45c1a40badaa50bc0f1d','PilotInfo_Type','f7fe42530dbd4edcb3b4057ce16bc04f','LoggedHours_Type','OBJECT');
INSERT INTO PUBLIC.PRIMITIVE_METADATA (ID, NAME, METADATA_TYPE) VALUES('6efc928e66644a15b67261b5d32d9fb3','PilotProfPhase','PRIMITIVE');
INSERT INTO PUBLIC.OBJECT_FIELD_METADATA (ID, NAME, METADATA_TYPE, PARENT_METADATA,PARENT_METADATA_NAME, REFERENCE_METADATA, REFERENCE_METADATA_NAME, REFERENCE_METADATA_TYPE)VALUES('814552e068544ea199c2c4d5da54cb34','PilotProfPhaseCd','FIELD','01acecf1474d45c1a40badaa50bc0f1d','PilotInfo_Type','6efc928e66644a15b67261b5d32d9fb3','PilotProfPhase','PRIMITIVE');
INSERT INTO PUBLIC.OBJECT_METADATA (ID, NAME, METADATA_TYPE, REFERENCE_METADATA, REFERENCE_METADATA_NAME) VALUES('8ce3bed9016541eebf6e6f4e96cb74fe','SignatureInfo_Type','OBJECT',null,null);
INSERT INTO PUBLIC.PRIMITIVE_METADATA (ID, NAME, METADATA_TYPE) VALUES('87bf87ab11ff491286d152d86f57ac49','SignatureFormType','PRIMITIVE');
INSERT INTO PUBLIC.OBJECT_FIELD_METADATA (ID, NAME, METADATA_TYPE, PARENT_METADATA,PARENT_METADATA_NAME, REFERENCE_METADATA, REFERENCE_METADATA_NAME, REFERENCE_METADATA_TYPE)VALUES('5f2764514fa24c40935126c77a567553','SignatureFormTypeCd','FIELD','8ce3bed9016541eebf6e6f4e96cb74fe','SignatureInfo_Type','87bf87ab11ff491286d152d86f57ac49','SignatureFormType','PRIMITIVE');
INSERT INTO PUBLIC.OBJECT_FIELD_METADATA (ID, NAME, METADATA_TYPE, PARENT_METADATA,PARENT_METADATA_NAME, REFERENCE_METADATA, REFERENCE_METADATA_NAME, REFERENCE_METADATA_TYPE)VALUES('7d5623d3a3ed43c6ab42e68871919529','NameInfo','MODEL_RELATION','8ce3bed9016541eebf6e6f4e96cb74fe','SignatureInfo_Type','02f87e48703e4070b19e633337850703','NameInfo_Type','OBJECT');
INSERT INTO PUBLIC.OBJECT_FIELD_METADATA (ID, NAME, METADATA_TYPE, PARENT_METADATA,PARENT_METADATA_NAME, REFERENCE_METADATA, REFERENCE_METADATA_NAME, REFERENCE_METADATA_TYPE)VALUES('86ec377217f24150bb3b07088355e128','SignedTime','FIELD','8ce3bed9016541eebf6e6f4e96cb74fe','SignatureInfo_Type','51d491822772403b96d2277d75c8912f','Time','PRIMITIVE');
INSERT INTO PUBLIC.PRIMITIVE_METADATA (ID, NAME, METADATA_TYPE) VALUES('a4e5e507c5044a3a86cbeaaff7e3ff02','SignedBy','PRIMITIVE');
INSERT INTO PUBLIC.OBJECT_FIELD_METADATA (ID, NAME, METADATA_TYPE, PARENT_METADATA,PARENT_METADATA_NAME, REFERENCE_METADATA, REFERENCE_METADATA_NAME, REFERENCE_METADATA_TYPE)VALUES('06b0ad558ede44a28b5d985e55145ca1','SignedByCd','FIELD','8ce3bed9016541eebf6e6f4e96cb74fe','SignatureInfo_Type','a4e5e507c5044a3a86cbeaaff7e3ff02','SignedBy','PRIMITIVE');
INSERT INTO PUBLIC.OBJECT_FIELD_METADATA (ID, NAME, METADATA_TYPE, PARENT_METADATA,PARENT_METADATA_NAME, REFERENCE_METADATA, REFERENCE_METADATA_NAME, REFERENCE_METADATA_TYPE)VALUES('b7cd66a0b6e14633842c8dfc2f3dc2f5','ItemIdInfo','MODEL_RELATION','8ce3bed9016541eebf6e6f4e96cb74fe','SignatureInfo_Type','ba3be0e0317741b08f872c1fca47ad8f','ItemIdInfo_Type','OBJECT');
INSERT INTO PUBLIC.OBJECT_FIELD_METADATA (ID, NAME, METADATA_TYPE, PARENT_METADATA,PARENT_METADATA_NAME, REFERENCE_METADATA, REFERENCE_METADATA_NAME, REFERENCE_METADATA_TYPE)VALUES('850e93d4d52845c0ba7109b202b6ae47','SignatureInfoExt','FIELD','8ce3bed9016541eebf6e6f4e96cb74fe','SignatureInfo_Type',null,null,null);
INSERT INTO PUBLIC.OBJECT_FIELD_METADATA (ID, NAME, METADATA_TYPE, PARENT_METADATA,PARENT_METADATA_NAME, REFERENCE_METADATA, REFERENCE_METADATA_NAME, REFERENCE_METADATA_TYPE)VALUES('209fd7ec00e54844acd5cac0de4df321','SignatureInd','FIELD','8ce3bed9016541eebf6e6f4e96cb74fe','SignatureInfo_Type','4ffb0bcc3ec946d1af3ef883f4c3a4e6','Boolean','PRIMITIVE');
INSERT INTO PUBLIC.OBJECT_FIELD_METADATA (ID, NAME, METADATA_TYPE, PARENT_METADATA,PARENT_METADATA_NAME, REFERENCE_METADATA, REFERENCE_METADATA_NAME, REFERENCE_METADATA_TYPE)VALUES('5c12c85608e04e02bf87760abaab253f','SignedDt','FIELD','8ce3bed9016541eebf6e6f4e96cb74fe','SignatureInfo_Type','3b0a2ca6cf3a4fb19718e35aa60287cd','Date','PRIMITIVE');
INSERT INTO PUBLIC.OBJECT_FIELD_METADATA (ID, NAME, METADATA_TYPE, PARENT_METADATA,PARENT_METADATA_NAME, REFERENCE_METADATA, REFERENCE_METADATA_NAME, REFERENCE_METADATA_TYPE)VALUES('5b1c2d5509474b6680c6aecf0e9fc93a','Link','MODEL_RELATION','8ce3bed9016541eebf6e6f4e96cb74fe','SignatureInfo_Type','366dc9a89db94de3b92abf43ef1bf084','Link_Type','OBJECT');
INSERT INTO PUBLIC.OBJECT_FIELD_METADATA (ID, NAME, METADATA_TYPE, PARENT_METADATA,PARENT_METADATA_NAME, REFERENCE_METADATA, REFERENCE_METADATA_NAME, REFERENCE_METADATA_TYPE)VALUES('c82e5a06d8064564810fcc4f45688545','SignatureInfo','MODEL_RELATION','01acecf1474d45c1a40badaa50bc0f1d','PilotInfo_Type','8ce3bed9016541eebf6e6f4e96cb74fe','SignatureInfo_Type','OBJECT');
INSERT INTO PUBLIC.PRIMITIVE_METADATA (ID, NAME, METADATA_TYPE) VALUES('2fba43362c8e44a5898a4bf6cb2507b1','PilotType','PRIMITIVE');
INSERT INTO PUBLIC.OBJECT_FIELD_METADATA (ID, NAME, METADATA_TYPE, PARENT_METADATA,PARENT_METADATA_NAME, REFERENCE_METADATA, REFERENCE_METADATA_NAME, REFERENCE_METADATA_TYPE)VALUES('ff6ceef2b9e546fea65411fd356bd8e7','PilotTypeCd','FIELD','01acecf1474d45c1a40badaa50bc0f1d','PilotInfo_Type','2fba43362c8e44a5898a4bf6cb2507b1','PilotType','PRIMITIVE');
INSERT INTO PUBLIC.OBJECT_FIELD_METADATA (ID, NAME, METADATA_TYPE, PARENT_METADATA,PARENT_METADATA_NAME, REFERENCE_METADATA, REFERENCE_METADATA_NAME, REFERENCE_METADATA_TYPE)VALUES('3c9c5c6e56894b34bff1741951d53a6b','PilotProfPhaseDesc','FIELD','01acecf1474d45c1a40badaa50bc0f1d','PilotInfo_Type','2344631100044813a5126adcfb93e80d','C-255','PRIMITIVE');
INSERT INTO PUBLIC.OBJECT_FIELD_METADATA (ID, NAME, METADATA_TYPE, PARENT_METADATA,PARENT_METADATA_NAME, REFERENCE_METADATA, REFERENCE_METADATA_NAME, REFERENCE_METADATA_TYPE)VALUES('07c3532ec53845ca9d5d5676de1d9f6f','FlightReviewDt','FIELD','01acecf1474d45c1a40badaa50bc0f1d','PilotInfo_Type','3b0a2ca6cf3a4fb19718e35aa60287cd','Date','PRIMITIVE');
INSERT INTO PUBLIC.OBJECT_FIELD_METADATA (ID, NAME, METADATA_TYPE, PARENT_METADATA,PARENT_METADATA_NAME, REFERENCE_METADATA, REFERENCE_METADATA_NAME, REFERENCE_METADATA_TYPE)VALUES('fcb5d4e56e50438cb60193800ff13164','PilotInfoExt','FIELD','01acecf1474d45c1a40badaa50bc0f1d','PilotInfo_Type',null,null,null);
INSERT INTO PUBLIC.OBJECT_FIELD_METADATA (ID, NAME, METADATA_TYPE, PARENT_METADATA,PARENT_METADATA_NAME, REFERENCE_METADATA, REFERENCE_METADATA_NAME, REFERENCE_METADATA_TYPE)VALUES('77c3b504965f46c79b3c50313326097d','AOPANumber','FIELD','01acecf1474d45c1a40badaa50bc0f1d','PilotInfo_Type','53b4c891108f4c4a9001ecd3b6a9fa11','C-15','PRIMITIVE');
INSERT INTO PUBLIC.OBJECT_METADATA (ID, NAME, METADATA_TYPE, REFERENCE_METADATA, REFERENCE_METADATA_NAME) VALUES('686ee1e0a91340f18166fe764d8b29d4','PilotTraining_Type','OBJECT',null,null);
INSERT INTO PUBLIC.OBJECT_FIELD_METADATA (ID, NAME, METADATA_TYPE, PARENT_METADATA,PARENT_METADATA_NAME, REFERENCE_METADATA, REFERENCE_METADATA_NAME, REFERENCE_METADATA_TYPE)VALUES('5624f004a8554dce8314b20a2589960e','Manufacturer','FIELD','686ee1e0a91340f18166fe764d8b29d4','PilotTraining_Type','4aa23ceca9374701b7716d432173c7c2','C-50','PRIMITIVE');
INSERT INTO PUBLIC.OBJECT_FIELD_METADATA (ID, NAME, METADATA_TYPE, PARENT_METADATA,PARENT_METADATA_NAME, REFERENCE_METADATA, REFERENCE_METADATA_NAME, REFERENCE_METADATA_TYPE)VALUES('51b94bab6f1e4ea693041cf80db57688','Model','FIELD','686ee1e0a91340f18166fe764d8b29d4','PilotTraining_Type','4aa23ceca9374701b7716d432173c7c2','C-50','PRIMITIVE');
INSERT INTO PUBLIC.OBJECT_FIELD_METADATA (ID, NAME, METADATA_TYPE, PARENT_METADATA,PARENT_METADATA_NAME, REFERENCE_METADATA, REFERENCE_METADATA_NAME, REFERENCE_METADATA_TYPE)VALUES('4ed093e4eae54c15acf26597597705ee','ProCardInd','FIELD','686ee1e0a91340f18166fe764d8b29d4','PilotTraining_Type','4ffb0bcc3ec946d1af3ef883f4c3a4e6','Boolean','PRIMITIVE');
INSERT INTO PUBLIC.OBJECT_FIELD_METADATA (ID, NAME, METADATA_TYPE, PARENT_METADATA,PARENT_METADATA_NAME, REFERENCE_METADATA, REFERENCE_METADATA_NAME, REFERENCE_METADATA_TYPE)VALUES('75831997e8b14deea4ef14442840a2e3','TrainingDt','FIELD','686ee1e0a91340f18166fe764d8b29d4','PilotTraining_Type','3b0a2ca6cf3a4fb19718e35aa60287cd','Date','PRIMITIVE');
INSERT INTO PUBLIC.OBJECT_FIELD_METADATA (ID, NAME, METADATA_TYPE, PARENT_METADATA,PARENT_METADATA_NAME, REFERENCE_METADATA, REFERENCE_METADATA_NAME, REFERENCE_METADATA_TYPE)VALUES('b74a5dce283b4acb83add41c5e2369d7','PilotTrainingExt','FIELD','686ee1e0a91340f18166fe764d8b29d4','PilotTraining_Type',null,null,null);
INSERT INTO PUBLIC.PRIMITIVE_METADATA (ID, NAME, METADATA_TYPE) VALUES('c62c9caa59044d8bb3c8c3462912aa63','PilotTrainingFacility','PRIMITIVE');
INSERT INTO PUBLIC.OBJECT_FIELD_METADATA (ID, NAME, METADATA_TYPE, PARENT_METADATA,PARENT_METADATA_NAME, REFERENCE_METADATA, REFERENCE_METADATA_NAME, REFERENCE_METADATA_TYPE)VALUES('1dc5538a00cf4578bbd71a9efe70f817','PilotTrainingFacilityCd','FIELD','686ee1e0a91340f18166fe764d8b29d4','PilotTraining_Type','c62c9caa59044d8bb3c8c3462912aa63','PilotTrainingFacility','PRIMITIVE');
INSERT INTO PUBLIC.OBJECT_FIELD_METADATA (ID, NAME, METADATA_TYPE, PARENT_METADATA,PARENT_METADATA_NAME, REFERENCE_METADATA, REFERENCE_METADATA_NAME, REFERENCE_METADATA_TYPE)VALUES('2bf846882ac44ec48820de50aa1fa6da','AnnualTrainingInd','FIELD','686ee1e0a91340f18166fe764d8b29d4','PilotTraining_Type','4ffb0bcc3ec946d1af3ef883f4c3a4e6','Boolean','PRIMITIVE');
INSERT INTO PUBLIC.OBJECT_FIELD_METADATA (ID, NAME, METADATA_TYPE, PARENT_METADATA,PARENT_METADATA_NAME, REFERENCE_METADATA, REFERENCE_METADATA_NAME, REFERENCE_METADATA_TYPE)VALUES('9f8d8b503e714f9ba21b09bb33e6f0ef','LoggedHours','MODEL_RELATION','686ee1e0a91340f18166fe764d8b29d4','PilotTraining_Type','f7fe42530dbd4edcb3b4057ce16bc04f','LoggedHours_Type','OBJECT');
INSERT INTO PUBLIC.OBJECT_FIELD_METADATA (ID, NAME, METADATA_TYPE, PARENT_METADATA,PARENT_METADATA_NAME, REFERENCE_METADATA, REFERENCE_METADATA_NAME, REFERENCE_METADATA_TYPE)VALUES('8cca0abcb1224ec285cd8906e60248ea','PilotTraining','MODEL_RELATION','01acecf1474d45c1a40badaa50bc0f1d','PilotInfo_Type','686ee1e0a91340f18166fe764d8b29d4','PilotTraining_Type','OBJECT');
INSERT INTO PUBLIC.OBJECT_METADATA (ID, NAME, METADATA_TYPE, REFERENCE_METADATA, REFERENCE_METADATA_NAME) VALUES('152fefd4f3054b68b490c1af5c9c284c','QuestionAnswer_Type','OBJECT',null,null);
INSERT INTO PUBLIC.PRIMITIVE_METADATA (ID, NAME, METADATA_TYPE) VALUES('f3efb027562b4e5ea09f8cb700fd3989','ResponseIndicator','PRIMITIVE');
INSERT INTO PUBLIC.OBJECT_FIELD_METADATA (ID, NAME, METADATA_TYPE, PARENT_METADATA,PARENT_METADATA_NAME, REFERENCE_METADATA, REFERENCE_METADATA_NAME, REFERENCE_METADATA_TYPE)VALUES('7c2671a5196b49f39cffd662f568003b','QuestionCd','FIELD','152fefd4f3054b68b490c1af5c9c284c','QuestionAnswer_Type','f3efb027562b4e5ea09f8cb700fd3989','ResponseIndicator','PRIMITIVE');
INSERT INTO PUBLIC.PRIMITIVE_METADATA (ID, NAME, METADATA_TYPE) VALUES('dc55357aa2d44ea196c5c73124877b1d','Response','PRIMITIVE');
INSERT INTO PUBLIC.OBJECT_FIELD_METADATA (ID, NAME, METADATA_TYPE, PARENT_METADATA,PARENT_METADATA_NAME, REFERENCE_METADATA, REFERENCE_METADATA_NAME, REFERENCE_METADATA_TYPE)VALUES('95d16c42d53d4c2fa3fd15661e4c5693','YesNoCd','FIELD','152fefd4f3054b68b490c1af5c9c284c','QuestionAnswer_Type','dc55357aa2d44ea196c5c73124877b1d','Response','PRIMITIVE');
INSERT INTO PUBLIC.OBJECT_FIELD_METADATA (ID, NAME, METADATA_TYPE, PARENT_METADATA,PARENT_METADATA_NAME, REFERENCE_METADATA, REFERENCE_METADATA_NAME, REFERENCE_METADATA_TYPE)VALUES('9ec8e00fd1724ba69be624b8c8fa41b1','Explanation','FIELD','152fefd4f3054b68b490c1af5c9c284c','QuestionAnswer_Type','2344631100044813a5126adcfb93e80d','C-255','PRIMITIVE');
INSERT INTO PUBLIC.OBJECT_METADATA (ID, NAME, METADATA_TYPE, REFERENCE_METADATA, REFERENCE_METADATA_NAME) VALUES('78f98a3ededa4269af785c7ca335fa1f','QuestionOccurrenceInfo_Type','OBJECT',null,null);
INSERT INTO PUBLIC.OBJECT_FIELD_METADATA (ID, NAME, METADATA_TYPE, PARENT_METADATA,PARENT_METADATA_NAME, REFERENCE_METADATA, REFERENCE_METADATA_NAME, REFERENCE_METADATA_TYPE)VALUES('edaf470823454137b2bc5ed55c454a2e','OccurrenceDt','FIELD','78f98a3ededa4269af785c7ca335fa1f','QuestionOccurrenceInfo_Type','3b0a2ca6cf3a4fb19718e35aa60287cd','Date','PRIMITIVE');
INSERT INTO PUBLIC.OBJECT_FIELD_METADATA (ID, NAME, METADATA_TYPE, PARENT_METADATA,PARENT_METADATA_NAME, REFERENCE_METADATA, REFERENCE_METADATA_NAME, REFERENCE_METADATA_TYPE)VALUES('596de429d0094eb49c1f320d838c0338','Area','MODEL_RELATION','78f98a3ededa4269af785c7ca335fa1f','QuestionOccurrenceInfo_Type','1df1057b06734b019460d9f8fb0a43b0','MEASUREMENT','OBJECT');
INSERT INTO PUBLIC.OBJECT_FIELD_METADATA (ID, NAME, METADATA_TYPE, PARENT_METADATA,PARENT_METADATA_NAME, REFERENCE_METADATA, REFERENCE_METADATA_NAME, REFERENCE_METADATA_TYPE)VALUES('752d3ad87f8c4ef8a0263fe38d85fcd5','Explanation','FIELD','78f98a3ededa4269af785c7ca335fa1f','QuestionOccurrenceInfo_Type','2344631100044813a5126adcfb93e80d','C-255','PRIMITIVE');
INSERT INTO PUBLIC.OBJECT_FIELD_METADATA (ID, NAME, METADATA_TYPE, PARENT_METADATA,PARENT_METADATA_NAME, REFERENCE_METADATA, REFERENCE_METADATA_NAME, REFERENCE_METADATA_TYPE)VALUES('5c8d0f0f4048498a8ad10fa3fc794ebe','ResolutionDesc','FIELD','78f98a3ededa4269af785c7ca335fa1f','QuestionOccurrenceInfo_Type','2344631100044813a5126adcfb93e80d','C-255','PRIMITIVE');
INSERT INTO PUBLIC.OBJECT_FIELD_METADATA (ID, NAME, METADATA_TYPE, PARENT_METADATA,PARENT_METADATA_NAME, REFERENCE_METADATA, REFERENCE_METADATA_NAME, REFERENCE_METADATA_TYPE)VALUES('1ec154c03ee74d2ab7c8cc67097fda36','QuestionOccurrenceInfoExt','FIELD','78f98a3ededa4269af785c7ca335fa1f','QuestionOccurrenceInfo_Type',null,null,null);
INSERT INTO PUBLIC.OBJECT_FIELD_METADATA (ID, NAME, METADATA_TYPE, PARENT_METADATA,PARENT_METADATA_NAME, REFERENCE_METADATA, REFERENCE_METADATA_NAME, REFERENCE_METADATA_TYPE)VALUES('eb5f853515034da98d186e8b428f9dbc','ResolutionDt','FIELD','78f98a3ededa4269af785c7ca335fa1f','QuestionOccurrenceInfo_Type','3b0a2ca6cf3a4fb19718e35aa60287cd','Date','PRIMITIVE');
INSERT INTO PUBLIC.OBJECT_FIELD_METADATA (ID, NAME, METADATA_TYPE, PARENT_METADATA,PARENT_METADATA_NAME, REFERENCE_METADATA, REFERENCE_METADATA_NAME, REFERENCE_METADATA_TYPE)VALUES('7d9c2dd6eb024ad3a5cf1cc808e50ba6','QuestionOccurrenceInfo','MODEL_RELATION','152fefd4f3054b68b490c1af5c9c284c','QuestionAnswer_Type','78f98a3ededa4269af785c7ca335fa1f','QuestionOccurrenceInfo_Type','OBJECT');
INSERT INTO PUBLIC.OBJECT_FIELD_METADATA (ID, NAME, METADATA_TYPE, PARENT_METADATA,PARENT_METADATA_NAME, REFERENCE_METADATA, REFERENCE_METADATA_NAME, REFERENCE_METADATA_TYPE)VALUES('8bf3d7ab5a324a7ca3770c703789f9af','Num','FIELD','152fefd4f3054b68b490c1af5c9c284c','QuestionAnswer_Type','838cab4e48a54d0bb23ca5ea9db454ab','Long','PRIMITIVE');
INSERT INTO PUBLIC.PRIMITIVE_METADATA (ID, NAME, METADATA_TYPE) VALUES('2da16b8c8ae545368c0f8d397acb898c','C-2048','PRIMITIVE');
INSERT INTO PUBLIC.OBJECT_FIELD_METADATA (ID, NAME, METADATA_TYPE, PARENT_METADATA,PARENT_METADATA_NAME, REFERENCE_METADATA, REFERENCE_METADATA_NAME, REFERENCE_METADATA_TYPE)VALUES('53234e5e38a044b381685a82a70ad7d8','QuestionText','FIELD','152fefd4f3054b68b490c1af5c9c284c','QuestionAnswer_Type','2da16b8c8ae545368c0f8d397acb898c','C-2048','PRIMITIVE');
INSERT INTO PUBLIC.OBJECT_FIELD_METADATA (ID, NAME, METADATA_TYPE, PARENT_METADATA,PARENT_METADATA_NAME, REFERENCE_METADATA, REFERENCE_METADATA_NAME, REFERENCE_METADATA_TYPE)VALUES('bbf3754f3e40472b84e6b69eb5f96169','QuestionTextReference','FIELD','152fefd4f3054b68b490c1af5c9c284c','QuestionAnswer_Type','dca96396670d4a49979b33da4c247da3','C-20','PRIMITIVE');
INSERT INTO PUBLIC.OBJECT_FIELD_METADATA (ID, NAME, METADATA_TYPE, PARENT_METADATA,PARENT_METADATA_NAME, REFERENCE_METADATA, REFERENCE_METADATA_NAME, REFERENCE_METADATA_TYPE)VALUES('3d3e3442c8ef4128bb34f9664836a60b','QuestionAnswerExt','FIELD','152fefd4f3054b68b490c1af5c9c284c','QuestionAnswer_Type',null,null,null);
INSERT INTO PUBLIC.OBJECT_FIELD_METADATA (ID, NAME, METADATA_TYPE, PARENT_METADATA,PARENT_METADATA_NAME, REFERENCE_METADATA, REFERENCE_METADATA_NAME, REFERENCE_METADATA_TYPE)VALUES('2e352520a5a748d68e76fcc578d276b9','QuestionAnswer','MODEL_RELATION','01acecf1474d45c1a40badaa50bc0f1d','PilotInfo_Type','152fefd4f3054b68b490c1af5c9c284c','QuestionAnswer_Type','OBJECT');
INSERT INTO PUBLIC.OBJECT_FIELD_METADATA (ID, NAME, METADATA_TYPE, PARENT_METADATA,PARENT_METADATA_NAME, REFERENCE_METADATA, REFERENCE_METADATA_NAME, REFERENCE_METADATA_TYPE)VALUES('9365c44b388142b5b4285b2fd4fca9f1','EAANumber','FIELD','01acecf1474d45c1a40badaa50bc0f1d','PilotInfo_Type','53b4c891108f4c4a9001ecd3b6a9fa11','C-15','PRIMITIVE');
INSERT INTO PUBLIC.OBJECT_FIELD_METADATA (ID, NAME, METADATA_TYPE, PARENT_METADATA,PARENT_METADATA_NAME, REFERENCE_METADATA, REFERENCE_METADATA_NAME, REFERENCE_METADATA_TYPE)VALUES('5923e086fd2749eca59cd84d21d3b83d','PilotInfo','MODEL_RELATION','38c854e9d08c462aad57cea310dc624d','Pilot_Type','01acecf1474d45c1a40badaa50bc0f1d','PilotInfo_Type','OBJECT');
INSERT INTO PUBLIC.OBJECT_FIELD_METADATA (ID, NAME, METADATA_TYPE, PARENT_METADATA,PARENT_METADATA_NAME, REFERENCE_METADATA, REFERENCE_METADATA_NAME, REFERENCE_METADATA_TYPE)VALUES('19d3b67e5ab9490cac0af316af028460','ItemIdInfo','MODEL_RELATION','38c854e9d08c462aad57cea310dc624d','Pilot_Type','ba3be0e0317741b08f872c1fca47ad8f','ItemIdInfo_Type','OBJECT');
INSERT INTO PUBLIC.OBJECT_FIELD_METADATA (ID, NAME, METADATA_TYPE, PARENT_METADATA,PARENT_METADATA_NAME, REFERENCE_METADATA, REFERENCE_METADATA_NAME, REFERENCE_METADATA_TYPE)VALUES('a6979495572d4c38b8d35f49b5c0ea55','Link','MODEL_RELATION','38c854e9d08c462aad57cea310dc624d','Pilot_Type','366dc9a89db94de3b92abf43ef1bf084','Link_Type','OBJECT');
INSERT INTO PUBLIC.OBJECT_FIELD_METADATA (ID, NAME, METADATA_TYPE, PARENT_METADATA,PARENT_METADATA_NAME, REFERENCE_METADATA, REFERENCE_METADATA_NAME, REFERENCE_METADATA_TYPE)VALUES('f5eb84d1d25a4cd9b1260e51dfbd5f69','Pilot','MODEL_RELATION','c8286a1447f548a885cd3783c3c2dbef','AirportFBOLineBusiness_Type','38c854e9d08c462aad57cea310dc624d','Pilot_Type','OBJECT');
INSERT INTO PUBLIC.OBJECT_METADATA (ID, NAME, METADATA_TYPE, REFERENCE_METADATA, REFERENCE_METADATA_NAME) VALUES('fb9da0a4eea447c6a769d5cd2129c017','GrossReceipts_Type','OBJECT',null,null);
INSERT INTO PUBLIC.OBJECT_FIELD_METADATA (ID, NAME, METADATA_TYPE, PARENT_METADATA,PARENT_METADATA_NAME, REFERENCE_METADATA, REFERENCE_METADATA_NAME, REFERENCE_METADATA_TYPE)VALUES('e9b157077fe84f45ad1397ac9edcd031','ProductDesc','FIELD','fb9da0a4eea447c6a769d5cd2129c017','GrossReceipts_Type','2344631100044813a5126adcfb93e80d','C-255','PRIMITIVE');
INSERT INTO PUBLIC.OBJECT_FIELD_METADATA (ID, NAME, METADATA_TYPE, PARENT_METADATA,PARENT_METADATA_NAME, REFERENCE_METADATA, REFERENCE_METADATA_NAME, REFERENCE_METADATA_TYPE)VALUES('45a750a3b7294389a36e5d0dd3c33c9b','GrossReceiptsExt','FIELD','fb9da0a4eea447c6a769d5cd2129c017','GrossReceipts_Type',null,null,null);
INSERT INTO PUBLIC.OBJECT_FIELD_METADATA (ID, NAME, METADATA_TYPE, PARENT_METADATA,PARENT_METADATA_NAME, REFERENCE_METADATA, REFERENCE_METADATA_NAME, REFERENCE_METADATA_TYPE)VALUES('99354f5b0c584906967c0a82d849b8e2','AnnualGrossReceiptsAmt','MODEL_RELATION','fb9da0a4eea447c6a769d5cd2129c017','GrossReceipts_Type','4fa89203e94a4637baa0484d19b460c5','CURRENCY','OBJECT');
INSERT INTO PUBLIC.OBJECT_FIELD_METADATA (ID, NAME, METADATA_TYPE, PARENT_METADATA,PARENT_METADATA_NAME, REFERENCE_METADATA, REFERENCE_METADATA_NAME, REFERENCE_METADATA_TYPE)VALUES('0ad7cab6b12d47ac97fde7b77a046a58','DurationPeriod','MODEL_RELATION','fb9da0a4eea447c6a769d5cd2129c017','GrossReceipts_Type','1df1057b06734b019460d9f8fb0a43b0','MEASUREMENT','OBJECT');
INSERT INTO PUBLIC.OBJECT_FIELD_METADATA (ID, NAME, METADATA_TYPE, PARENT_METADATA,PARENT_METADATA_NAME, REFERENCE_METADATA, REFERENCE_METADATA_NAME, REFERENCE_METADATA_TYPE)VALUES('dd655ede3add4480823890c71270b9aa','ReceiptsSourceDesc','FIELD','fb9da0a4eea447c6a769d5cd2129c017','GrossReceipts_Type','2344631100044813a5126adcfb93e80d','C-255','PRIMITIVE');
INSERT INTO PUBLIC.OBJECT_FIELD_METADATA (ID, NAME, METADATA_TYPE, PARENT_METADATA,PARENT_METADATA_NAME, REFERENCE_METADATA, REFERENCE_METADATA_NAME, REFERENCE_METADATA_TYPE)VALUES('72734980687e4fd6b1f53e6b70afd7fe','NumSold','FIELD','fb9da0a4eea447c6a769d5cd2129c017','GrossReceipts_Type','838cab4e48a54d0bb23ca5ea9db454ab','Long','PRIMITIVE');
INSERT INTO PUBLIC.PRIMITIVE_METADATA (ID, NAME, METADATA_TYPE) VALUES('42787ecf7ebe44bdb047ebe0f2268d21','PercentLong','PRIMITIVE');
INSERT INTO PUBLIC.OBJECT_FIELD_METADATA (ID, NAME, METADATA_TYPE, PARENT_METADATA,PARENT_METADATA_NAME, REFERENCE_METADATA, REFERENCE_METADATA_NAME, REFERENCE_METADATA_TYPE)VALUES('0681bb54000b409ba135af109877d1d1','RevenuePct','FIELD','fb9da0a4eea447c6a769d5cd2129c017','GrossReceipts_Type','42787ecf7ebe44bdb047ebe0f2268d21','PercentLong','PRIMITIVE');
INSERT INTO PUBLIC.OBJECT_FIELD_METADATA (ID, NAME, METADATA_TYPE, PARENT_METADATA,PARENT_METADATA_NAME, REFERENCE_METADATA, REFERENCE_METADATA_NAME, REFERENCE_METADATA_TYPE)VALUES('8caed38f4c6641409ecac2a4bab98d7b','GrossReceipts','MODEL_RELATION','c8286a1447f548a885cd3783c3c2dbef','AirportFBOLineBusiness_Type','fb9da0a4eea447c6a769d5cd2129c017','GrossReceipts_Type','OBJECT');
INSERT INTO PUBLIC.OBJECT_METADATA (ID, NAME, METADATA_TYPE, REFERENCE_METADATA, REFERENCE_METADATA_NAME) VALUES('27cb6123ae2a4e5da40275f0c5716a86','HazardGradeInfo_Type','OBJECT',null,null);
INSERT INTO PUBLIC.OBJECT_FIELD_METADATA (ID, NAME, METADATA_TYPE, PARENT_METADATA,PARENT_METADATA_NAME, REFERENCE_METADATA, REFERENCE_METADATA_NAME, REFERENCE_METADATA_TYPE)VALUES('95490745763e42c7b9ae0d6b7ce380ff','HazardGradeInfoExt','FIELD','27cb6123ae2a4e5da40275f0c5716a86','HazardGradeInfo_Type',null,null,null);
INSERT INTO PUBLIC.OBJECT_FIELD_METADATA (ID, NAME, METADATA_TYPE, PARENT_METADATA,PARENT_METADATA_NAME, REFERENCE_METADATA, REFERENCE_METADATA_NAME, REFERENCE_METADATA_TYPE)VALUES('7c134016b3d44c2b9eb99ec98f961527','HazardGradeCd','FIELD','27cb6123ae2a4e5da40275f0c5716a86','HazardGradeInfo_Type','6240ce877a244a73a1253961131c6cc9','IndustryCode_Type','PRIMITIVE');
INSERT INTO PUBLIC.OBJECT_FIELD_METADATA (ID, NAME, METADATA_TYPE, PARENT_METADATA,PARENT_METADATA_NAME, REFERENCE_METADATA, REFERENCE_METADATA_NAME, REFERENCE_METADATA_TYPE)VALUES('652a684619214512a1fd15953d152340','HazardGradeOverrideCd','FIELD','27cb6123ae2a4e5da40275f0c5716a86','HazardGradeInfo_Type','6240ce877a244a73a1253961131c6cc9','IndustryCode_Type','PRIMITIVE');
INSERT INTO PUBLIC.OBJECT_FIELD_METADATA (ID, NAME, METADATA_TYPE, PARENT_METADATA,PARENT_METADATA_NAME, REFERENCE_METADATA, REFERENCE_METADATA_NAME, REFERENCE_METADATA_TYPE)VALUES('700847d52e894e5699f351c905c9dc20','HazardGradeCategoryCd','FIELD','27cb6123ae2a4e5da40275f0c5716a86','HazardGradeInfo_Type','6240ce877a244a73a1253961131c6cc9','IndustryCode_Type','PRIMITIVE');
INSERT INTO PUBLIC.OBJECT_FIELD_METADATA (ID, NAME, METADATA_TYPE, PARENT_METADATA,PARENT_METADATA_NAME, REFERENCE_METADATA, REFERENCE_METADATA_NAME, REFERENCE_METADATA_TYPE)VALUES('9ae05bd88409494da9c9b7e9e98201b2','HazardGradeInfo','MODEL_RELATION','c8286a1447f548a885cd3783c3c2dbef','AirportFBOLineBusiness_Type','27cb6123ae2a4e5da40275f0c5716a86','HazardGradeInfo_Type','OBJECT');
INSERT INTO PUBLIC.OBJECT_FIELD_METADATA (ID, NAME, METADATA_TYPE, PARENT_METADATA,PARENT_METADATA_NAME, REFERENCE_METADATA, REFERENCE_METADATA_NAME, REFERENCE_METADATA_TYPE)VALUES('ca52c04275104eb4b87fe3852b79838b','MinPremAmt','MODEL_RELATION','c8286a1447f548a885cd3783c3c2dbef','AirportFBOLineBusiness_Type','4fa89203e94a4637baa0484d19b460c5','CURRENCY','OBJECT');
INSERT INTO PUBLIC.OBJECT_FIELD_METADATA (ID, NAME, METADATA_TYPE, PARENT_METADATA,PARENT_METADATA_NAME, REFERENCE_METADATA, REFERENCE_METADATA_NAME, REFERENCE_METADATA_TYPE)VALUES('bd957fb5a7db4b39bb502f8376a22718','CurrentTermAmt','MODEL_RELATION','c8286a1447f548a885cd3783c3c2dbef','AirportFBOLineBusiness_Type','4fa89203e94a4637baa0484d19b460c5','CURRENCY','OBJECT');
INSERT INTO PUBLIC.OBJECT_FIELD_METADATA (ID, NAME, METADATA_TYPE, PARENT_METADATA,PARENT_METADATA_NAME, REFERENCE_METADATA, REFERENCE_METADATA_NAME, REFERENCE_METADATA_TYPE)VALUES('acbd610e3fd74c60afc28cd7e1a4e83a','CompanyProductCd','FIELD','c8286a1447f548a885cd3783c3c2dbef','AirportFBOLineBusiness_Type','6240ce877a244a73a1253961131c6cc9','IndustryCode_Type','PRIMITIVE');
INSERT INTO PUBLIC.OBJECT_METADATA (ID, NAME, METADATA_TYPE, REFERENCE_METADATA, REFERENCE_METADATA_NAME) VALUES('d0675b4bbe674c1fa08297c27c3cb675','Coverage_Type','OBJECT',null,null);
INSERT INTO PUBLIC.OBJECT_FIELD_METADATA (ID, NAME, METADATA_TYPE, PARENT_METADATA,PARENT_METADATA_NAME, REFERENCE_METADATA, REFERENCE_METADATA_NAME, REFERENCE_METADATA_TYPE)VALUES('bdfd34b6befc4a1b845cbf636449609c','WrittenAmt','MODEL_RELATION','d0675b4bbe674c1fa08297c27c3cb675','Coverage_Type','4fa89203e94a4637baa0484d19b460c5','CURRENCY','OBJECT');
INSERT INTO PUBLIC.OBJECT_METADATA (ID, NAME, METADATA_TYPE, REFERENCE_METADATA, REFERENCE_METADATA_NAME) VALUES('863e28dd3dab4ce294b3e57958ff0cb6','CoverageSupplement_Type','OBJECT',null,null);
INSERT INTO PUBLIC.OBJECT_FIELD_METADATA (ID, NAME, METADATA_TYPE, PARENT_METADATA,PARENT_METADATA_NAME, REFERENCE_METADATA, REFERENCE_METADATA_NAME, REFERENCE_METADATA_TYPE)VALUES('74d557ca33c3445da85d88880c8047c9','AcceptedDt','FIELD','863e28dd3dab4ce294b3e57958ff0cb6','CoverageSupplement_Type','3b0a2ca6cf3a4fb19718e35aa60287cd','Date','PRIMITIVE');
INSERT INTO PUBLIC.OBJECT_FIELD_METADATA (ID, NAME, METADATA_TYPE, PARENT_METADATA,PARENT_METADATA_NAME, REFERENCE_METADATA, REFERENCE_METADATA_NAME, REFERENCE_METADATA_TYPE)VALUES('eba35465fae246659c3b0571f0ae18f6','FootnoteInd','FIELD','863e28dd3dab4ce294b3e57958ff0cb6','CoverageSupplement_Type','4ffb0bcc3ec946d1af3ef883f4c3a4e6','Boolean','PRIMITIVE');
INSERT INTO PUBLIC.PRIMITIVE_METADATA (ID, NAME, METADATA_TYPE) VALUES('90030f3dd02843e3b982684d2bd6039d','Frequency','PRIMITIVE');
INSERT INTO PUBLIC.OBJECT_FIELD_METADATA (ID, NAME, METADATA_TYPE, PARENT_METADATA,PARENT_METADATA_NAME, REFERENCE_METADATA, REFERENCE_METADATA_NAME, REFERENCE_METADATA_TYPE)VALUES('89ddf37ab3db4df5b9bf43a19946c468','ReportingPeriodCd','FIELD','863e28dd3dab4ce294b3e57958ff0cb6','CoverageSupplement_Type','90030f3dd02843e3b982684d2bd6039d','Frequency','PRIMITIVE');
INSERT INTO PUBLIC.OBJECT_FIELD_METADATA (ID, NAME, METADATA_TYPE, PARENT_METADATA,PARENT_METADATA_NAME, REFERENCE_METADATA, REFERENCE_METADATA_NAME, REFERENCE_METADATA_TYPE)VALUES('208e22c3f41a40e9b426afcbcd5ae80d','TaxablePremiumAmt','MODEL_RELATION','863e28dd3dab4ce294b3e57958ff0cb6','CoverageSupplement_Type','4fa89203e94a4637baa0484d19b460c5','CURRENCY','OBJECT');
INSERT INTO PUBLIC.OBJECT_METADATA (ID, NAME, METADATA_TYPE, REFERENCE_METADATA, REFERENCE_METADATA_NAME) VALUES('5e36c849735b443182616be6f9c2c10c','Rating_Type','OBJECT',null,null);
INSERT INTO PUBLIC.OBJECT_METADATA (ID, NAME, METADATA_TYPE, REFERENCE_METADATA, REFERENCE_METADATA_NAME) VALUES('ac7618a3e7974e27b3a4f0a5f2a22a98','PCCREDITSURCHARGE','OBJECT',null,null);
INSERT INTO PUBLIC.OBJECT_FIELD_METADATA (ID, NAME, METADATA_TYPE, PARENT_METADATA,PARENT_METADATA_NAME, REFERENCE_METADATA, REFERENCE_METADATA_NAME, REFERENCE_METADATA_TYPE)VALUES('79f3de60d32243e5aec03288830e8c0b','SecondaryCd','FIELD','ac7618a3e7974e27b3a4f0a5f2a22a98','PCCREDITSURCHARGE','6240ce877a244a73a1253961131c6cc9','IndustryCode_Type','PRIMITIVE');
INSERT INTO PUBLIC.OBJECT_FIELD_METADATA (ID, NAME, METADATA_TYPE, PARENT_METADATA,PARENT_METADATA_NAME, REFERENCE_METADATA, REFERENCE_METADATA_NAME, REFERENCE_METADATA_TYPE)VALUES('761ade0b5ba3433a8cf405694f7f055a','TaxableInd','FIELD','ac7618a3e7974e27b3a4f0a5f2a22a98','PCCREDITSURCHARGE','4ffb0bcc3ec946d1af3ef883f4c3a4e6','Boolean','PRIMITIVE');
INSERT INTO PUBLIC.OBJECT_FIELD_METADATA (ID, NAME, METADATA_TYPE, PARENT_METADATA,PARENT_METADATA_NAME, REFERENCE_METADATA, REFERENCE_METADATA_NAME, REFERENCE_METADATA_TYPE)VALUES('ea3b6163542a42a09ef88f8f1cf08b59','CreditSurchargeDt','FIELD','ac7618a3e7974e27b3a4f0a5f2a22a98','PCCREDITSURCHARGE','3b0a2ca6cf3a4fb19718e35aa60287cd','Date','PRIMITIVE');
INSERT INTO PUBLIC.OBJECT_FIELD_METADATA (ID, NAME, METADATA_TYPE, PARENT_METADATA,PARENT_METADATA_NAME, REFERENCE_METADATA, REFERENCE_METADATA_NAME, REFERENCE_METADATA_TYPE)VALUES('bba58368a5db4e00b327e59a9223d9f2','FullyEarnedInd','FIELD','ac7618a3e7974e27b3a4f0a5f2a22a98','PCCREDITSURCHARGE','4ffb0bcc3ec946d1af3ef883f4c3a4e6','Boolean','PRIMITIVE');
INSERT INTO PUBLIC.OBJECT_FIELD_METADATA (ID, NAME, METADATA_TYPE, PARENT_METADATA,PARENT_METADATA_NAME, REFERENCE_METADATA, REFERENCE_METADATA_NAME, REFERENCE_METADATA_TYPE)VALUES('4ad2571b6ec0437080cbfa8c926b46da','CreditSurchargeAmtDesc','FIELD','ac7618a3e7974e27b3a4f0a5f2a22a98','PCCREDITSURCHARGE','395c33ebbd5b40f0aee8a4f93dbedf31','C-Infinite','PRIMITIVE');
INSERT INTO PUBLIC.OBJECT_METADATA (ID, NAME, METADATA_TYPE, REFERENCE_METADATA, REFERENCE_METADATA_NAME) VALUES('1b867fac5d844dc4bda5ad58bc400f4a','FORMATTEDNUMBER','OBJECT',null,null);
INSERT INTO PUBLIC.OBJECT_FIELD_METADATA (ID, NAME, METADATA_TYPE, PARENT_METADATA,PARENT_METADATA_NAME, REFERENCE_METADATA, REFERENCE_METADATA_NAME, REFERENCE_METADATA_TYPE)VALUES('66339d07d7b5446aa828ab4bc0db71fb','FormatPct','FIELD','1b867fac5d844dc4bda5ad58bc400f4a','FORMATTEDNUMBER','d68704d271534c0a935a3012147640c4','PercentDecimal','PRIMITIVE');
INSERT INTO PUBLIC.OBJECT_FIELD_METADATA (ID, NAME, METADATA_TYPE, PARENT_METADATA,PARENT_METADATA_NAME, REFERENCE_METADATA, REFERENCE_METADATA_NAME, REFERENCE_METADATA_TYPE)VALUES('9366dd19a96c4cf09f43dc16bc427978','FormatCurrencyAmt','MODEL_RELATION','1b867fac5d844dc4bda5ad58bc400f4a','FORMATTEDNUMBER','4fa89203e94a4637baa0484d19b460c5','CURRENCY','OBJECT');
INSERT INTO PUBLIC.OBJECT_FIELD_METADATA (ID, NAME, METADATA_TYPE, PARENT_METADATA,PARENT_METADATA_NAME, REFERENCE_METADATA, REFERENCE_METADATA_NAME, REFERENCE_METADATA_TYPE)VALUES('78e98f7d3e9c4d13a97ff7690f2047d3','FormatText','FIELD','1b867fac5d844dc4bda5ad58bc400f4a','FORMATTEDNUMBER','4aa23ceca9374701b7716d432173c7c2','C-50','PRIMITIVE');
INSERT INTO PUBLIC.OBJECT_FIELD_METADATA (ID, NAME, METADATA_TYPE, PARENT_METADATA,PARENT_METADATA_NAME, REFERENCE_METADATA, REFERENCE_METADATA_NAME, REFERENCE_METADATA_TYPE)VALUES('04673b7a2c7f43aca9e892d109abbcc1','FormatInteger','FIELD','1b867fac5d844dc4bda5ad58bc400f4a','FORMATTEDNUMBER','838cab4e48a54d0bb23ca5ea9db454ab','Long','PRIMITIVE');
INSERT INTO PUBLIC.OBJECT_FIELD_METADATA (ID, NAME, METADATA_TYPE, PARENT_METADATA,PARENT_METADATA_NAME, REFERENCE_METADATA, REFERENCE_METADATA_NAME, REFERENCE_METADATA_TYPE)VALUES('180009daaefa44a6a380f13150b4dfa3','FormatModFactor','FIELD','1b867fac5d844dc4bda5ad58bc400f4a','FORMATTEDNUMBER','c896845db6f640c6bf65093333a64c69','Decimal','PRIMITIVE');
INSERT INTO PUBLIC.OBJECT_FIELD_METADATA (ID, NAME, METADATA_TYPE, PARENT_METADATA,PARENT_METADATA_NAME, REFERENCE_METADATA, REFERENCE_METADATA_NAME, REFERENCE_METADATA_TYPE)VALUES('0945f4f7662b4506aa0f9da19c802676','NumericValue','MODEL_RELATION','ac7618a3e7974e27b3a4f0a5f2a22a98','PCCREDITSURCHARGE','1b867fac5d844dc4bda5ad58bc400f4a','FORMATTEDNUMBER','OBJECT');
INSERT INTO PUBLIC.PRIMITIVE_METADATA (ID, NAME, METADATA_TYPE) VALUES('95d66cc5fb4849db8ff827e892c753b4','Coverages','PRIMITIVE');
INSERT INTO PUBLIC.OBJECT_FIELD_METADATA (ID, NAME, METADATA_TYPE, PARENT_METADATA,PARENT_METADATA_NAME, REFERENCE_METADATA, REFERENCE_METADATA_NAME, REFERENCE_METADATA_TYPE)VALUES('d5fd8edebb1b4dfa88cf3a2bc9ff0830','CreditSurchargeCd','FIELD','ac7618a3e7974e27b3a4f0a5f2a22a98','PCCREDITSURCHARGE','95d66cc5fb4849db8ff827e892c753b4','Coverages','PRIMITIVE');
INSERT INTO PUBLIC.OBJECT_FIELD_METADATA (ID, NAME, METADATA_TYPE, PARENT_METADATA,PARENT_METADATA_NAME, REFERENCE_METADATA, REFERENCE_METADATA_NAME, REFERENCE_METADATA_TYPE)VALUES('9a90293ecbd74892b7f3fc4bd40f4fee','CreditOrSurcharge','MODEL_RELATION','5e36c849735b443182616be6f9c2c10c','Rating_Type','ac7618a3e7974e27b3a4f0a5f2a22a98','PCCREDITSURCHARGE','OBJECT');
INSERT INTO PUBLIC.PRIMITIVE_METADATA (ID, NAME, METADATA_TYPE) VALUES('90e5a875f581416196b3363b73062cf1','RateScaleType','PRIMITIVE');
INSERT INTO PUBLIC.OBJECT_FIELD_METADATA (ID, NAME, METADATA_TYPE, PARENT_METADATA,PARENT_METADATA_NAME, REFERENCE_METADATA, REFERENCE_METADATA_NAME, REFERENCE_METADATA_TYPE)VALUES('d2b92835793044fa8a11b7aed82e5bff','PremiumRateCd','FIELD','5e36c849735b443182616be6f9c2c10c','Rating_Type','90e5a875f581416196b3363b73062cf1','RateScaleType','PRIMITIVE');
INSERT INTO PUBLIC.PRIMITIVE_METADATA (ID, NAME, METADATA_TYPE) VALUES('5dfb62cbf01e431c9467afdd15995ec9','PremiumBase','PRIMITIVE');
INSERT INTO PUBLIC.OBJECT_FIELD_METADATA (ID, NAME, METADATA_TYPE, PARENT_METADATA,PARENT_METADATA_NAME, REFERENCE_METADATA, REFERENCE_METADATA_NAME, REFERENCE_METADATA_TYPE)VALUES('63362db12c654c468361406a23744afe','PremiumBasisCd','FIELD','5e36c849735b443182616be6f9c2c10c','Rating_Type','5dfb62cbf01e431c9467afdd15995ec9','PremiumBase','PRIMITIVE');
INSERT INTO PUBLIC.OBJECT_FIELD_METADATA (ID, NAME, METADATA_TYPE, PARENT_METADATA,PARENT_METADATA_NAME, REFERENCE_METADATA, REFERENCE_METADATA_NAME, REFERENCE_METADATA_TYPE)VALUES('c1329fc12d1e4136a30cc46b0333e6d1','RateBaseAmt','MODEL_RELATION','5e36c849735b443182616be6f9c2c10c','Rating_Type','4fa89203e94a4637baa0484d19b460c5','CURRENCY','OBJECT');
INSERT INTO PUBLIC.OBJECT_FIELD_METADATA (ID, NAME, METADATA_TYPE, PARENT_METADATA,PARENT_METADATA_NAME, REFERENCE_METADATA, REFERENCE_METADATA_NAME, REFERENCE_METADATA_TYPE)VALUES('55167124f5674d3a9b486d4a10d0b7de','Rate','FIELD','5e36c849735b443182616be6f9c2c10c','Rating_Type','c896845db6f640c6bf65093333a64c69','Decimal','PRIMITIVE');
INSERT INTO PUBLIC.OBJECT_FIELD_METADATA (ID, NAME, METADATA_TYPE, PARENT_METADATA,PARENT_METADATA_NAME, REFERENCE_METADATA, REFERENCE_METADATA_NAME, REFERENCE_METADATA_TYPE)VALUES('b19d253a998648c4ae1b62c4f0a73229','RateLevelNumber','FIELD','5e36c849735b443182616be6f9c2c10c','Rating_Type','838cab4e48a54d0bb23ca5ea9db454ab','Long','PRIMITIVE');
INSERT INTO PUBLIC.OBJECT_METADATA (ID, NAME, METADATA_TYPE, REFERENCE_METADATA, REFERENCE_METADATA_NAME) VALUES('d2af9d5366414e609acfaad3e91bda61','ExposureInfo_Type','OBJECT',null,null);
INSERT INTO PUBLIC.OBJECT_FIELD_METADATA (ID, NAME, METADATA_TYPE, PARENT_METADATA,PARENT_METADATA_NAME, REFERENCE_METADATA, REFERENCE_METADATA_NAME, REFERENCE_METADATA_TYPE)VALUES('2157518f2e2a4057826d9081a8dcf2ff','Description','FIELD','d2af9d5366414e609acfaad3e91bda61','ExposureInfo_Type','2344631100044813a5126adcfb93e80d','C-255','PRIMITIVE');
INSERT INTO PUBLIC.PRIMITIVE_METADATA (ID, NAME, METADATA_TYPE) VALUES('5f72ce5773374e5a82eb31063cd0746f','SubRisk','PRIMITIVE');
INSERT INTO PUBLIC.OBJECT_FIELD_METADATA (ID, NAME, METADATA_TYPE, PARENT_METADATA,PARENT_METADATA_NAME, REFERENCE_METADATA, REFERENCE_METADATA_NAME, REFERENCE_METADATA_TYPE)VALUES('bd3b3b18ea574951b24755f9e5b46c17','PropertySubClassCd','FIELD','d2af9d5366414e609acfaad3e91bda61','ExposureInfo_Type','5f72ce5773374e5a82eb31063cd0746f','SubRisk','PRIMITIVE');
INSERT INTO PUBLIC.OBJECT_FIELD_METADATA (ID, NAME, METADATA_TYPE, PARENT_METADATA,PARENT_METADATA_NAME, REFERENCE_METADATA, REFERENCE_METADATA_NAME, REFERENCE_METADATA_TYPE)VALUES('7b8ed2685bbd4aa18995db0a5fdcebe9','PremiumBasisCd','FIELD','d2af9d5366414e609acfaad3e91bda61','ExposureInfo_Type','5dfb62cbf01e431c9467afdd15995ec9','PremiumBase','PRIMITIVE');
INSERT INTO PUBLIC.OBJECT_FIELD_METADATA (ID, NAME, METADATA_TYPE, PARENT_METADATA,PARENT_METADATA_NAME, REFERENCE_METADATA, REFERENCE_METADATA_NAME, REFERENCE_METADATA_TYPE)VALUES('443ddbca88a942a8aefb68d8ae02ec1c','OffPremisesInd','FIELD','d2af9d5366414e609acfaad3e91bda61','ExposureInfo_Type','4ffb0bcc3ec946d1af3ef883f4c3a4e6','Boolean','PRIMITIVE');
INSERT INTO PUBLIC.OBJECT_FIELD_METADATA (ID, NAME, METADATA_TYPE, PARENT_METADATA,PARENT_METADATA_NAME, REFERENCE_METADATA, REFERENCE_METADATA_NAME, REFERENCE_METADATA_TYPE)VALUES('4d1379212a884b469fcad7d079caabac','TotalReceiptsPct','FIELD','d2af9d5366414e609acfaad3e91bda61','ExposureInfo_Type','d68704d271534c0a935a3012147640c4','PercentDecimal','PRIMITIVE');
INSERT INTO PUBLIC.OBJECT_FIELD_METADATA (ID, NAME, METADATA_TYPE, PARENT_METADATA,PARENT_METADATA_NAME, REFERENCE_METADATA, REFERENCE_METADATA_NAME, REFERENCE_METADATA_TYPE)VALUES('13cbb3ecac3343d4b31f339c56d2559a','InsuranceRequestedInd','FIELD','d2af9d5366414e609acfaad3e91bda61','ExposureInfo_Type','4ffb0bcc3ec946d1af3ef883f4c3a4e6','Boolean','PRIMITIVE');
INSERT INTO PUBLIC.OBJECT_FIELD_METADATA (ID, NAME, METADATA_TYPE, PARENT_METADATA,PARENT_METADATA_NAME, REFERENCE_METADATA, REFERENCE_METADATA_NAME, REFERENCE_METADATA_TYPE)VALUES('20535aef5cc04cc1a605c818df5ebf0f','Exposure','FIELD','d2af9d5366414e609acfaad3e91bda61','ExposureInfo_Type','c896845db6f640c6bf65093333a64c69','Decimal','PRIMITIVE');
INSERT INTO PUBLIC.OBJECT_FIELD_METADATA (ID, NAME, METADATA_TYPE, PARENT_METADATA,PARENT_METADATA_NAME, REFERENCE_METADATA, REFERENCE_METADATA_NAME, REFERENCE_METADATA_TYPE)VALUES('1b780d0a0748422d900f4b56b5cb32b9','Addr','MODEL_RELATION','d2af9d5366414e609acfaad3e91bda61','ExposureInfo_Type','759d14d8f09b4177b35c09e2f3403b97','Addr_Type','OBJECT');
INSERT INTO PUBLIC.PRIMITIVE_METADATA (ID, NAME, METADATA_TYPE) VALUES('bccd81f2d74c450e8daf17037312db90','Days','PRIMITIVE');
INSERT INTO PUBLIC.OBJECT_FIELD_METADATA (ID, NAME, METADATA_TYPE, PARENT_METADATA,PARENT_METADATA_NAME, REFERENCE_METADATA, REFERENCE_METADATA_NAME, REFERENCE_METADATA_TYPE)VALUES('be4edc7fb93642e69c94f39cadef3c12','DayCd','FIELD','d2af9d5366414e609acfaad3e91bda61','ExposureInfo_Type','bccd81f2d74c450e8daf17037312db90','Days','PRIMITIVE');
INSERT INTO PUBLIC.OBJECT_FIELD_METADATA (ID, NAME, METADATA_TYPE, PARENT_METADATA,PARENT_METADATA_NAME, REFERENCE_METADATA, REFERENCE_METADATA_NAME, REFERENCE_METADATA_TYPE)VALUES('556b88ca27774168881cd9be1c97c26c','ExposureInfoExt','FIELD','d2af9d5366414e609acfaad3e91bda61','ExposureInfo_Type',null,null,null);
INSERT INTO PUBLIC.PRIMITIVE_METADATA (ID, NAME, METADATA_TYPE) VALUES('bd070c2daa7f434ca7b0337220be79df','Exposures','PRIMITIVE');
INSERT INTO PUBLIC.OBJECT_FIELD_METADATA (ID, NAME, METADATA_TYPE, PARENT_METADATA,PARENT_METADATA_NAME, REFERENCE_METADATA, REFERENCE_METADATA_NAME, REFERENCE_METADATA_TYPE)VALUES('a30024c82c574c8fb5dffe80ef686a19','ExposureCd','FIELD','d2af9d5366414e609acfaad3e91bda61','ExposureInfo_Type','bd070c2daa7f434ca7b0337220be79df','Exposures','PRIMITIVE');
INSERT INTO PUBLIC.PRIMITIVE_METADATA (ID, NAME, METADATA_TYPE) VALUES('492c17f21c824e9eb0941751739aa22d','Risk','PRIMITIVE');
INSERT INTO PUBLIC.OBJECT_FIELD_METADATA (ID, NAME, METADATA_TYPE, PARENT_METADATA,PARENT_METADATA_NAME, REFERENCE_METADATA, REFERENCE_METADATA_NAME, REFERENCE_METADATA_TYPE)VALUES('e02ed11982fb4623b33527ded2485413','PropertyClassCd','FIELD','d2af9d5366414e609acfaad3e91bda61','ExposureInfo_Type','492c17f21c824e9eb0941751739aa22d','Risk','PRIMITIVE');
INSERT INTO PUBLIC.OBJECT_FIELD_METADATA (ID, NAME, METADATA_TYPE, PARENT_METADATA,PARENT_METADATA_NAME, REFERENCE_METADATA, REFERENCE_METADATA_NAME, REFERENCE_METADATA_TYPE)VALUES('da2f9f8cab7d4bf2b98ecf8cb9e3aaaa','ExposureBasisScaleRate','FIELD','d2af9d5366414e609acfaad3e91bda61','ExposureInfo_Type','c896845db6f640c6bf65093333a64c69','Decimal','PRIMITIVE');
INSERT INTO PUBLIC.PRIMITIVE_METADATA (ID, NAME, METADATA_TYPE) VALUES('1b9ca1b441914d3ca48a8f5e5eda1c47','ClienteleAge','PRIMITIVE');
INSERT INTO PUBLIC.OBJECT_FIELD_METADATA (ID, NAME, METADATA_TYPE, PARENT_METADATA,PARENT_METADATA_NAME, REFERENCE_METADATA, REFERENCE_METADATA_NAME, REFERENCE_METADATA_TYPE)VALUES('6440c097725049e3b85f7caa3c07a5a8','ClienteleAgeCd','FIELD','d2af9d5366414e609acfaad3e91bda61','ExposureInfo_Type','1b9ca1b441914d3ca48a8f5e5eda1c47','ClienteleAge','PRIMITIVE');
INSERT INTO PUBLIC.OBJECT_FIELD_METADATA (ID, NAME, METADATA_TYPE, PARENT_METADATA,PARENT_METADATA_NAME, REFERENCE_METADATA, REFERENCE_METADATA_NAME, REFERENCE_METADATA_TYPE)VALUES('f8da6d3e5d54421f89d4c8ea7b40b134','QuestionAnswer','MODEL_RELATION','d2af9d5366414e609acfaad3e91bda61','ExposureInfo_Type','152fefd4f3054b68b490c1af5c9c284c','QuestionAnswer_Type','OBJECT');
INSERT INTO PUBLIC.PRIMITIVE_METADATA (ID, NAME, METADATA_TYPE) VALUES('bf33647e830446b3939c388e182c4653','PerformedFor','PRIMITIVE');
INSERT INTO PUBLIC.OBJECT_FIELD_METADATA (ID, NAME, METADATA_TYPE, PARENT_METADATA,PARENT_METADATA_NAME, REFERENCE_METADATA, REFERENCE_METADATA_NAME, REFERENCE_METADATA_TYPE)VALUES('baa358e19f5449a8b38635506700ad95','PerformedForCd','FIELD','d2af9d5366414e609acfaad3e91bda61','ExposureInfo_Type','bf33647e830446b3939c388e182c4653','PerformedFor','PRIMITIVE');
INSERT INTO PUBLIC.PRIMITIVE_METADATA (ID, NAME, METADATA_TYPE) VALUES('f2157e8de40846f0861a8eef0b350d73','ExposureCategory','PRIMITIVE');
INSERT INTO PUBLIC.OBJECT_FIELD_METADATA (ID, NAME, METADATA_TYPE, PARENT_METADATA,PARENT_METADATA_NAME, REFERENCE_METADATA, REFERENCE_METADATA_NAME, REFERENCE_METADATA_TYPE)VALUES('981816d3605c4631b0702fbfd01acc71','ExposureCategoryCd','FIELD','d2af9d5366414e609acfaad3e91bda61','ExposureInfo_Type','f2157e8de40846f0861a8eef0b350d73','ExposureCategory','PRIMITIVE');
INSERT INTO PUBLIC.OBJECT_FIELD_METADATA (ID, NAME, METADATA_TYPE, PARENT_METADATA,PARENT_METADATA_NAME, REFERENCE_METADATA, REFERENCE_METADATA_NAME, REFERENCE_METADATA_TYPE)VALUES('6aa8edad3a8f4628a7bbb50f703e0f1a','ExposureInfo','MODEL_RELATION','5e36c849735b443182616be6f9c2c10c','Rating_Type','d2af9d5366414e609acfaad3e91bda61','ExposureInfo_Type','OBJECT');
INSERT INTO PUBLIC.OBJECT_FIELD_METADATA (ID, NAME, METADATA_TYPE, PARENT_METADATA,PARENT_METADATA_NAME, REFERENCE_METADATA, REFERENCE_METADATA_NAME, REFERENCE_METADATA_TYPE)VALUES('99eae457257b48fabc3df3d318739e24','Exposure','FIELD','5e36c849735b443182616be6f9c2c10c','Rating_Type','c896845db6f640c6bf65093333a64c69','Decimal','PRIMITIVE');
INSERT INTO PUBLIC.PRIMITIVE_METADATA (ID, NAME, METADATA_TYPE) VALUES('a74abe78e2854e18a10a51f2202f6f72','MinMax','PRIMITIVE');
INSERT INTO PUBLIC.OBJECT_FIELD_METADATA (ID, NAME, METADATA_TYPE, PARENT_METADATA,PARENT_METADATA_NAME, REFERENCE_METADATA, REFERENCE_METADATA_NAME, REFERENCE_METADATA_TYPE)VALUES('bc82dbcddb93456f87fd931b68888138','MinMaxCd','FIELD','5e36c849735b443182616be6f9c2c10c','Rating_Type','a74abe78e2854e18a10a51f2202f6f72','MinMax','PRIMITIVE');
INSERT INTO PUBLIC.OBJECT_METADATA (ID, NAME, METADATA_TYPE, REFERENCE_METADATA, REFERENCE_METADATA_NAME) VALUES('1dc92e0a319746b99db79ac4a0040809','RangeInfo_Type','OBJECT',null,null);
INSERT INTO PUBLIC.OBJECT_FIELD_METADATA (ID, NAME, METADATA_TYPE, PARENT_METADATA,PARENT_METADATA_NAME, REFERENCE_METADATA, REFERENCE_METADATA_NAME, REFERENCE_METADATA_TYPE)VALUES('2ad57f604efe4f3cb692b258b2b30b08','RangeEnd','FIELD','1dc92e0a319746b99db79ac4a0040809','RangeInfo_Type','838cab4e48a54d0bb23ca5ea9db454ab','Long','PRIMITIVE');
INSERT INTO PUBLIC.OBJECT_FIELD_METADATA (ID, NAME, METADATA_TYPE, PARENT_METADATA,PARENT_METADATA_NAME, REFERENCE_METADATA, REFERENCE_METADATA_NAME, REFERENCE_METADATA_TYPE)VALUES('3d2f7e2d435f473383d069f3a8900f52','RangeTotalNum','FIELD','1dc92e0a319746b99db79ac4a0040809','RangeInfo_Type','838cab4e48a54d0bb23ca5ea9db454ab','Long','PRIMITIVE');
INSERT INTO PUBLIC.OBJECT_FIELD_METADATA (ID, NAME, METADATA_TYPE, PARENT_METADATA,PARENT_METADATA_NAME, REFERENCE_METADATA, REFERENCE_METADATA_NAME, REFERENCE_METADATA_TYPE)VALUES('471f6903c44e4c389ac0359e7df9008b','RangeStart','FIELD','1dc92e0a319746b99db79ac4a0040809','RangeInfo_Type','838cab4e48a54d0bb23ca5ea9db454ab','Long','PRIMITIVE');
INSERT INTO PUBLIC.OBJECT_FIELD_METADATA (ID, NAME, METADATA_TYPE, PARENT_METADATA,PARENT_METADATA_NAME, REFERENCE_METADATA, REFERENCE_METADATA_NAME, REFERENCE_METADATA_TYPE)VALUES('53f99dd2988e4313bcd225b54a8ca39a','RangeInfoExt','FIELD','1dc92e0a319746b99db79ac4a0040809','RangeInfo_Type',null,null,null);
INSERT INTO PUBLIC.OBJECT_FIELD_METADATA (ID, NAME, METADATA_TYPE, PARENT_METADATA,PARENT_METADATA_NAME, REFERENCE_METADATA, REFERENCE_METADATA_NAME, REFERENCE_METADATA_TYPE)VALUES('97ff8470722e4d7cb08b4039663fa40a','RangeInfo','MODEL_RELATION','5e36c849735b443182616be6f9c2c10c','Rating_Type','1dc92e0a319746b99db79ac4a0040809','RangeInfo_Type','OBJECT');
INSERT INTO PUBLIC.OBJECT_FIELD_METADATA (ID, NAME, METADATA_TYPE, PARENT_METADATA,PARENT_METADATA_NAME, REFERENCE_METADATA, REFERENCE_METADATA_NAME, REFERENCE_METADATA_TYPE)VALUES('198526cc277a4216bedd684ee9fa3403','RatingExt','FIELD','5e36c849735b443182616be6f9c2c10c','Rating_Type',null,null,null);
INSERT INTO PUBLIC.OBJECT_FIELD_METADATA (ID, NAME, METADATA_TYPE, PARENT_METADATA,PARENT_METADATA_NAME, REFERENCE_METADATA, REFERENCE_METADATA_NAME, REFERENCE_METADATA_TYPE)VALUES('166d93c72b5f470a9c2ce0aaade90366','Rating','MODEL_RELATION','863e28dd3dab4ce294b3e57958ff0cb6','CoverageSupplement_Type','5e36c849735b443182616be6f9c2c10c','Rating_Type','OBJECT');
INSERT INTO PUBLIC.OBJECT_FIELD_METADATA (ID, NAME, METADATA_TYPE, PARENT_METADATA,PARENT_METADATA_NAME, REFERENCE_METADATA, REFERENCE_METADATA_NAME, REFERENCE_METADATA_TYPE)VALUES('7af49a8008ee4fe7a29e7688d3369553','CoinsurancePct','FIELD','863e28dd3dab4ce294b3e57958ff0cb6','CoverageSupplement_Type','d68704d271534c0a935a3012147640c4','PercentDecimal','PRIMITIVE');
INSERT INTO PUBLIC.OBJECT_FIELD_METADATA (ID, NAME, METADATA_TYPE, PARENT_METADATA,PARENT_METADATA_NAME, REFERENCE_METADATA, REFERENCE_METADATA_NAME, REFERENCE_METADATA_TYPE)VALUES('486dde01f9d044b1a933c6e5be450fe1','BlanketLimitationPct','FIELD','863e28dd3dab4ce294b3e57958ff0cb6','CoverageSupplement_Type','42787ecf7ebe44bdb047ebe0f2268d21','PercentLong','PRIMITIVE');
INSERT INTO PUBLIC.OBJECT_FIELD_METADATA (ID, NAME, METADATA_TYPE, PARENT_METADATA,PARENT_METADATA_NAME, REFERENCE_METADATA, REFERENCE_METADATA_NAME, REFERENCE_METADATA_TYPE)VALUES('2c224c4cac9f461f8ca13b31c5550790','HazardGradeInfo','MODEL_RELATION','863e28dd3dab4ce294b3e57958ff0cb6','CoverageSupplement_Type','27cb6123ae2a4e5da40275f0c5716a86','HazardGradeInfo_Type','OBJECT');
INSERT INTO PUBLIC.PRIMITIVE_METADATA (ID, NAME, METADATA_TYPE) VALUES('0f95b02b7be34210bab4d1afdc01cfb2','CoverageOption','PRIMITIVE');
INSERT INTO PUBLIC.OBJECT_FIELD_METADATA (ID, NAME, METADATA_TYPE, PARENT_METADATA,PARENT_METADATA_NAME, REFERENCE_METADATA, REFERENCE_METADATA_NAME, REFERENCE_METADATA_TYPE)VALUES('6ef85c2ed4a8407e83eb8cfb5b6bb0b8','SubjectOptionsTitleCd','FIELD','863e28dd3dab4ce294b3e57958ff0cb6','CoverageSupplement_Type','0f95b02b7be34210bab4d1afdc01cfb2','CoverageOption','PRIMITIVE');
INSERT INTO PUBLIC.OBJECT_FIELD_METADATA (ID, NAME, METADATA_TYPE, PARENT_METADATA,PARENT_METADATA_NAME, REFERENCE_METADATA, REFERENCE_METADATA_NAME, REFERENCE_METADATA_TYPE)VALUES('6e57bca32b924c16ad6e1fb0c954f934','BlanketLimitationInd','FIELD','863e28dd3dab4ce294b3e57958ff0cb6','CoverageSupplement_Type','4ffb0bcc3ec946d1af3ef883f4c3a4e6','Boolean','PRIMITIVE');
INSERT INTO PUBLIC.OBJECT_METADATA (ID, NAME, METADATA_TYPE, REFERENCE_METADATA, REFERENCE_METADATA_NAME) VALUES('ab3df4dba1f04816a81fc7e348242fc2','SelfInsuredRetentionInfo_Type','OBJECT',null,null);
INSERT INTO PUBLIC.PRIMITIVE_METADATA (ID, NAME, METADATA_TYPE) VALUES('867d52fd82104600b3fa7bf77f66e2d3','DeductibleType','PRIMITIVE');
INSERT INTO PUBLIC.OBJECT_FIELD_METADATA (ID, NAME, METADATA_TYPE, PARENT_METADATA,PARENT_METADATA_NAME, REFERENCE_METADATA, REFERENCE_METADATA_NAME, REFERENCE_METADATA_TYPE)VALUES('2cef9bc97e8145a48210782dd7aa56b8','RetentionAppliesToCd','FIELD','ab3df4dba1f04816a81fc7e348242fc2','SelfInsuredRetentionInfo_Type','867d52fd82104600b3fa7bf77f66e2d3','DeductibleType','PRIMITIVE');
INSERT INTO PUBLIC.OBJECT_FIELD_METADATA (ID, NAME, METADATA_TYPE, PARENT_METADATA,PARENT_METADATA_NAME, REFERENCE_METADATA, REFERENCE_METADATA_NAME, REFERENCE_METADATA_TYPE)VALUES('bfbca7ac0855482aa54dc04f765ab56b','SelfInsuredRetentionInfoExt','FIELD','ab3df4dba1f04816a81fc7e348242fc2','SelfInsuredRetentionInfo_Type',null,null,null);
INSERT INTO PUBLIC.PRIMITIVE_METADATA (ID, NAME, METADATA_TYPE) VALUES('6b1186ef685847cb89963a397780e640','SelfInsuredRetentionType','PRIMITIVE');
INSERT INTO PUBLIC.OBJECT_FIELD_METADATA (ID, NAME, METADATA_TYPE, PARENT_METADATA,PARENT_METADATA_NAME, REFERENCE_METADATA, REFERENCE_METADATA_NAME, REFERENCE_METADATA_TYPE)VALUES('614736c57259449498c3365a929f88aa','SelfInsuredRetentionTypeCd','FIELD','ab3df4dba1f04816a81fc7e348242fc2','SelfInsuredRetentionInfo_Type','6b1186ef685847cb89963a397780e640','SelfInsuredRetentionType','PRIMITIVE');
INSERT INTO PUBLIC.OBJECT_FIELD_METADATA (ID, NAME, METADATA_TYPE, PARENT_METADATA,PARENT_METADATA_NAME, REFERENCE_METADATA, REFERENCE_METADATA_NAME, REFERENCE_METADATA_TYPE)VALUES('7f41acf50b60497986187afe66250dbe','SelfInsuredRetentionAmt','MODEL_RELATION','ab3df4dba1f04816a81fc7e348242fc2','SelfInsuredRetentionInfo_Type','4fa89203e94a4637baa0484d19b460c5','CURRENCY','OBJECT');
INSERT INTO PUBLIC.OBJECT_FIELD_METADATA (ID, NAME, METADATA_TYPE, PARENT_METADATA,PARENT_METADATA_NAME, REFERENCE_METADATA, REFERENCE_METADATA_NAME, REFERENCE_METADATA_TYPE)VALUES('fd288bff3b584d029a3f7e77d9282360','SelfInsuredRetentionInfo','MODEL_RELATION','863e28dd3dab4ce294b3e57958ff0cb6','CoverageSupplement_Type','ab3df4dba1f04816a81fc7e348242fc2','SelfInsuredRetentionInfo_Type','OBJECT');
INSERT INTO PUBLIC.OBJECT_FIELD_METADATA (ID, NAME, METADATA_TYPE, PARENT_METADATA,PARENT_METADATA_NAME, REFERENCE_METADATA, REFERENCE_METADATA_NAME, REFERENCE_METADATA_TYPE)VALUES('d6c11809ff7b47f593df51ef8a84a7bb','RatingFactor','FIELD','863e28dd3dab4ce294b3e57958ff0cb6','CoverageSupplement_Type','c896845db6f640c6bf65093333a64c69','Decimal','PRIMITIVE');
INSERT INTO PUBLIC.PRIMITIVE_METADATA (ID, NAME, METADATA_TYPE) VALUES('a22b325a85c64b719216b5eefdefdff5','AppetiteType','PRIMITIVE');
INSERT INTO PUBLIC.OBJECT_FIELD_METADATA (ID, NAME, METADATA_TYPE, PARENT_METADATA,PARENT_METADATA_NAME, REFERENCE_METADATA, REFERENCE_METADATA_NAME, REFERENCE_METADATA_TYPE)VALUES('26ed239925e443c487c91f66826858f8','RiskAppetiteCd','FIELD','863e28dd3dab4ce294b3e57958ff0cb6','CoverageSupplement_Type','a22b325a85c64b719216b5eefdefdff5','AppetiteType','PRIMITIVE');
INSERT INTO PUBLIC.OBJECT_FIELD_METADATA (ID, NAME, METADATA_TYPE, PARENT_METADATA,PARENT_METADATA_NAME, REFERENCE_METADATA, REFERENCE_METADATA_NAME, REFERENCE_METADATA_TYPE)VALUES('964ac11634094781a1a4444253ba0bd4','CoverageSupplementExt','FIELD','863e28dd3dab4ce294b3e57958ff0cb6','CoverageSupplement_Type',null,null,null);
INSERT INTO PUBLIC.OBJECT_FIELD_METADATA (ID, NAME, METADATA_TYPE, PARENT_METADATA,PARENT_METADATA_NAME, REFERENCE_METADATA, REFERENCE_METADATA_NAME, REFERENCE_METADATA_TYPE)VALUES('c71ac5508a8f425fae2639701210fb4e','CoverageRequiredInd','FIELD','863e28dd3dab4ce294b3e57958ff0cb6','CoverageSupplement_Type','4ffb0bcc3ec946d1af3ef883f4c3a4e6','Boolean','PRIMITIVE');
INSERT INTO PUBLIC.OBJECT_METADATA (ID, NAME, METADATA_TYPE, REFERENCE_METADATA, REFERENCE_METADATA_NAME) VALUES('9a886697b8f64399ac2921c9e0c2b766','ClaimsMadeInfo_Type','OBJECT',null,null);
INSERT INTO PUBLIC.OBJECT_FIELD_METADATA (ID, NAME, METADATA_TYPE, PARENT_METADATA,PARENT_METADATA_NAME, REFERENCE_METADATA, REFERENCE_METADATA_NAME, REFERENCE_METADATA_TYPE)VALUES('0734a46843b14c82b432e90f539edc51','ProposedRetroactiveDt','FIELD','9a886697b8f64399ac2921c9e0c2b766','ClaimsMadeInfo_Type','3b0a2ca6cf3a4fb19718e35aa60287cd','Date','PRIMITIVE');
INSERT INTO PUBLIC.OBJECT_FIELD_METADATA (ID, NAME, METADATA_TYPE, PARENT_METADATA,PARENT_METADATA_NAME, REFERENCE_METADATA, REFERENCE_METADATA_NAME, REFERENCE_METADATA_TYPE)VALUES('48067f85082549b8ae41ce07a13d3d0c','DiscoveryPeriod','MODEL_RELATION','9a886697b8f64399ac2921c9e0c2b766','ClaimsMadeInfo_Type','2ba28904532b44bfb94bb9bca9b86a8a','DURATION','OBJECT');
INSERT INTO PUBLIC.OBJECT_FIELD_METADATA (ID, NAME, METADATA_TYPE, PARENT_METADATA,PARENT_METADATA_NAME, REFERENCE_METADATA, REFERENCE_METADATA_NAME, REFERENCE_METADATA_TYPE)VALUES('aad1833994f54f4ca0237e672d7d473d','UninterruptedClmMadeCovEntryDt','FIELD','9a886697b8f64399ac2921c9e0c2b766','ClaimsMadeInfo_Type','3b0a2ca6cf3a4fb19718e35aa60287cd','Date','PRIMITIVE');
INSERT INTO PUBLIC.OBJECT_FIELD_METADATA (ID, NAME, METADATA_TYPE, PARENT_METADATA,PARENT_METADATA_NAME, REFERENCE_METADATA, REFERENCE_METADATA_NAME, REFERENCE_METADATA_TYPE)VALUES('7b9f6e4e19c5479fb21db3a886947433','UnlimitedPriorActsCoverageDt','FIELD','9a886697b8f64399ac2921c9e0c2b766','ClaimsMadeInfo_Type','3b0a2ca6cf3a4fb19718e35aa60287cd','Date','PRIMITIVE');
INSERT INTO PUBLIC.OBJECT_FIELD_METADATA (ID, NAME, METADATA_TYPE, PARENT_METADATA,PARENT_METADATA_NAME, REFERENCE_METADATA, REFERENCE_METADATA_NAME, REFERENCE_METADATA_TYPE)VALUES('f95cfe36fb944b0b9380fd2b0c980f8a','RetroactiveCoverageInd','FIELD','9a886697b8f64399ac2921c9e0c2b766','ClaimsMadeInfo_Type','4ffb0bcc3ec946d1af3ef883f4c3a4e6','Boolean','PRIMITIVE');
INSERT INTO PUBLIC.OBJECT_FIELD_METADATA (ID, NAME, METADATA_TYPE, PARENT_METADATA,PARENT_METADATA_NAME, REFERENCE_METADATA, REFERENCE_METADATA_NAME, REFERENCE_METADATA_TYPE)VALUES('12bccf77fc214478ad70c70616f73845','ClaimsMadeInd','FIELD','9a886697b8f64399ac2921c9e0c2b766','ClaimsMadeInfo_Type','4ffb0bcc3ec946d1af3ef883f4c3a4e6','Boolean','PRIMITIVE');
INSERT INTO PUBLIC.OBJECT_FIELD_METADATA (ID, NAME, METADATA_TYPE, PARENT_METADATA,PARENT_METADATA_NAME, REFERENCE_METADATA, REFERENCE_METADATA_NAME, REFERENCE_METADATA_TYPE)VALUES('977de38348b84953a9c43c83b09b0684','UnlimitedPriorActsCoverageInd','FIELD','9a886697b8f64399ac2921c9e0c2b766','ClaimsMadeInfo_Type','4ffb0bcc3ec946d1af3ef883f4c3a4e6','Boolean','PRIMITIVE');
INSERT INTO PUBLIC.OBJECT_FIELD_METADATA (ID, NAME, METADATA_TYPE, PARENT_METADATA,PARENT_METADATA_NAME, REFERENCE_METADATA, REFERENCE_METADATA_NAME, REFERENCE_METADATA_TYPE)VALUES('1a70d9a507e64584b974a941d4f87c96','DiscoveryPct','FIELD','9a886697b8f64399ac2921c9e0c2b766','ClaimsMadeInfo_Type','d68704d271534c0a935a3012147640c4','PercentDecimal','PRIMITIVE');
INSERT INTO PUBLIC.OBJECT_FIELD_METADATA (ID, NAME, METADATA_TYPE, PARENT_METADATA,PARENT_METADATA_NAME, REFERENCE_METADATA, REFERENCE_METADATA_NAME, REFERENCE_METADATA_TYPE)VALUES('00dade0e960a4024870295911d78ea9e','ClaimsMadeInfoExt','FIELD','9a886697b8f64399ac2921c9e0c2b766','ClaimsMadeInfo_Type',null,null,null);
INSERT INTO PUBLIC.OBJECT_FIELD_METADATA (ID, NAME, METADATA_TYPE, PARENT_METADATA,PARENT_METADATA_NAME, REFERENCE_METADATA, REFERENCE_METADATA_NAME, REFERENCE_METADATA_TYPE)VALUES('674c172c954646d5bb9380e21a5393ab','KnownAccidentsExcludedInd','FIELD','9a886697b8f64399ac2921c9e0c2b766','ClaimsMadeInfo_Type','4ffb0bcc3ec946d1af3ef883f4c3a4e6','Boolean','PRIMITIVE');
INSERT INTO PUBLIC.OBJECT_FIELD_METADATA (ID, NAME, METADATA_TYPE, PARENT_METADATA,PARENT_METADATA_NAME, REFERENCE_METADATA, REFERENCE_METADATA_NAME, REFERENCE_METADATA_TYPE)VALUES('97a9610d94524b6780e1c4f720c6617b','DiscoveryPremiumAmt','MODEL_RELATION','9a886697b8f64399ac2921c9e0c2b766','ClaimsMadeInfo_Type','4fa89203e94a4637baa0484d19b460c5','CURRENCY','OBJECT');
INSERT INTO PUBLIC.OBJECT_FIELD_METADATA (ID, NAME, METADATA_TYPE, PARENT_METADATA,PARENT_METADATA_NAME, REFERENCE_METADATA, REFERENCE_METADATA_NAME, REFERENCE_METADATA_TYPE)VALUES('2c268086a9de4a00a76a70bc92f19e03','CurrentRetroactiveDt','FIELD','9a886697b8f64399ac2921c9e0c2b766','ClaimsMadeInfo_Type','3b0a2ca6cf3a4fb19718e35aa60287cd','Date','PRIMITIVE');
INSERT INTO PUBLIC.OBJECT_FIELD_METADATA (ID, NAME, METADATA_TYPE, PARENT_METADATA,PARENT_METADATA_NAME, REFERENCE_METADATA, REFERENCE_METADATA_NAME, REFERENCE_METADATA_TYPE)VALUES('5553adf22e744782925fdbe39225bd66','ClaimsMadeInfo','MODEL_RELATION','863e28dd3dab4ce294b3e57958ff0cb6','CoverageSupplement_Type','9a886697b8f64399ac2921c9e0c2b766','ClaimsMadeInfo_Type','OBJECT');
INSERT INTO PUBLIC.OBJECT_FIELD_METADATA (ID, NAME, METADATA_TYPE, PARENT_METADATA,PARENT_METADATA_NAME, REFERENCE_METADATA, REFERENCE_METADATA_NAME, REFERENCE_METADATA_TYPE)VALUES('57fc2477c0094ff48668d5a4a4592614','BlanketNumber','FIELD','863e28dd3dab4ce294b3e57958ff0cb6','CoverageSupplement_Type','838cab4e48a54d0bb23ca5ea9db454ab','Long','PRIMITIVE');
INSERT INTO PUBLIC.OBJECT_FIELD_METADATA (ID, NAME, METADATA_TYPE, PARENT_METADATA,PARENT_METADATA_NAME, REFERENCE_METADATA, REFERENCE_METADATA_NAME, REFERENCE_METADATA_TYPE)VALUES('57efc69dbe3f4f499135ecc9829348dc','CoverageSubCd','FIELD','863e28dd3dab4ce294b3e57958ff0cb6','CoverageSupplement_Type','95d66cc5fb4849db8ff827e892c753b4','Coverages','PRIMITIVE');
INSERT INTO PUBLIC.OBJECT_FIELD_METADATA (ID, NAME, METADATA_TYPE, PARENT_METADATA,PARENT_METADATA_NAME, REFERENCE_METADATA, REFERENCE_METADATA_NAME, REFERENCE_METADATA_TYPE)VALUES('e8fc633b643c438ebba1fd75c2da69c4','QuestionAnswer','MODEL_RELATION','863e28dd3dab4ce294b3e57958ff0cb6','CoverageSupplement_Type','152fefd4f3054b68b490c1af5c9c284c','QuestionAnswer_Type','OBJECT');
INSERT INTO PUBLIC.OBJECT_FIELD_METADATA (ID, NAME, METADATA_TYPE, PARENT_METADATA,PARENT_METADATA_NAME, REFERENCE_METADATA, REFERENCE_METADATA_NAME, REFERENCE_METADATA_TYPE)VALUES('2e19189c20a94749896ea996c250128e','CurrentRetroactiveDt','FIELD','863e28dd3dab4ce294b3e57958ff0cb6','CoverageSupplement_Type','3b0a2ca6cf3a4fb19718e35aa60287cd','Date','PRIMITIVE');
INSERT INTO PUBLIC.OBJECT_FIELD_METADATA (ID, NAME, METADATA_TYPE, PARENT_METADATA,PARENT_METADATA_NAME, REFERENCE_METADATA, REFERENCE_METADATA_NAME, REFERENCE_METADATA_TYPE)VALUES('183f6ca103ed4c1ea883ca88400727d9','DeclinedDt','FIELD','863e28dd3dab4ce294b3e57958ff0cb6','CoverageSupplement_Type','3b0a2ca6cf3a4fb19718e35aa60287cd','Date','PRIMITIVE');
INSERT INTO PUBLIC.OBJECT_FIELD_METADATA (ID, NAME, METADATA_TYPE, PARENT_METADATA,PARENT_METADATA_NAME, REFERENCE_METADATA, REFERENCE_METADATA_NAME, REFERENCE_METADATA_TYPE)VALUES('9692c0b7a8df4a24b8fda4391673aa74','CoverageSupplement','MODEL_RELATION','d0675b4bbe674c1fa08297c27c3cb675','Coverage_Type','863e28dd3dab4ce294b3e57958ff0cb6','CoverageSupplement_Type','OBJECT');
INSERT INTO PUBLIC.OBJECT_METADATA (ID, NAME, METADATA_TYPE, REFERENCE_METADATA, REFERENCE_METADATA_NAME) VALUES('0aa382a73e474ef78d4fdc87a17e02a1','Deductible_Type','OBJECT',null,null);
INSERT INTO PUBLIC.OBJECT_METADATA (ID, NAME, METADATA_TYPE, REFERENCE_METADATA, REFERENCE_METADATA_NAME) VALUES('3713a4c7aeb24ecebbf7d779b8944791','IndexAdjustment_Type','OBJECT',null,null);
INSERT INTO PUBLIC.OBJECT_FIELD_METADATA (ID, NAME, METADATA_TYPE, PARENT_METADATA,PARENT_METADATA_NAME, REFERENCE_METADATA, REFERENCE_METADATA_NAME, REFERENCE_METADATA_TYPE)VALUES('da4e7ec1d8ef483dacb005aa1af5535b','IndexAdjustmentFrequencyCd','FIELD','3713a4c7aeb24ecebbf7d779b8944791','IndexAdjustment_Type','90030f3dd02843e3b982684d2bd6039d','Frequency','PRIMITIVE');
INSERT INTO PUBLIC.OBJECT_FIELD_METADATA (ID, NAME, METADATA_TYPE, PARENT_METADATA,PARENT_METADATA_NAME, REFERENCE_METADATA, REFERENCE_METADATA_NAME, REFERENCE_METADATA_TYPE)VALUES('c7fedaca586d453682fc3472406574c3','IndexAdjustmentAmt','MODEL_RELATION','3713a4c7aeb24ecebbf7d779b8944791','IndexAdjustment_Type','4fa89203e94a4637baa0484d19b460c5','CURRENCY','OBJECT');
INSERT INTO PUBLIC.OBJECT_FIELD_METADATA (ID, NAME, METADATA_TYPE, PARENT_METADATA,PARENT_METADATA_NAME, REFERENCE_METADATA, REFERENCE_METADATA_NAME, REFERENCE_METADATA_TYPE)VALUES('791e699a8f26425e9afea9c36a3707a8','Rate','FIELD','3713a4c7aeb24ecebbf7d779b8944791','IndexAdjustment_Type','c896845db6f640c6bf65093333a64c69','Decimal','PRIMITIVE');
INSERT INTO PUBLIC.OBJECT_FIELD_METADATA (ID, NAME, METADATA_TYPE, PARENT_METADATA,PARENT_METADATA_NAME, REFERENCE_METADATA, REFERENCE_METADATA_NAME, REFERENCE_METADATA_TYPE)VALUES('458d1ec983eb4000ad4f24e4e7e293e8','IndexAdjustmentDesc','FIELD','3713a4c7aeb24ecebbf7d779b8944791','IndexAdjustment_Type','395c33ebbd5b40f0aee8a4f93dbedf31','C-Infinite','PRIMITIVE');
INSERT INTO PUBLIC.OBJECT_FIELD_METADATA (ID, NAME, METADATA_TYPE, PARENT_METADATA,PARENT_METADATA_NAME, REFERENCE_METADATA, REFERENCE_METADATA_NAME, REFERENCE_METADATA_TYPE)VALUES('d8381bff1c6c428787ca7415a4570be4','EffectiveDt','FIELD','3713a4c7aeb24ecebbf7d779b8944791','IndexAdjustment_Type','3a7f6e6e4d124518a7407e7883f9d5ec','FormalDate','PRIMITIVE');
INSERT INTO PUBLIC.OBJECT_FIELD_METADATA (ID, NAME, METADATA_TYPE, PARENT_METADATA,PARENT_METADATA_NAME, REFERENCE_METADATA, REFERENCE_METADATA_NAME, REFERENCE_METADATA_TYPE)VALUES('2adb0d7e5bc0434fa80e2e4ecf701e1d','IndexAdjustmentExt','FIELD','3713a4c7aeb24ecebbf7d779b8944791','IndexAdjustment_Type',null,null,null);
INSERT INTO PUBLIC.OBJECT_FIELD_METADATA (ID, NAME, METADATA_TYPE, PARENT_METADATA,PARENT_METADATA_NAME, REFERENCE_METADATA, REFERENCE_METADATA_NAME, REFERENCE_METADATA_TYPE)VALUES('d3fd8aa5e7ce4bd19511205b5f6b4110','IndexAdjustment','MODEL_RELATION','0aa382a73e474ef78d4fdc87a17e02a1','Deductible_Type','3713a4c7aeb24ecebbf7d779b8944791','IndexAdjustment_Type','OBJECT');
INSERT INTO PUBLIC.OBJECT_FIELD_METADATA (ID, NAME, METADATA_TYPE, PARENT_METADATA,PARENT_METADATA_NAME, REFERENCE_METADATA, REFERENCE_METADATA_NAME, REFERENCE_METADATA_TYPE)VALUES('40755e32369a4a1787759fda5d75ae25','DeductibleExt','FIELD','0aa382a73e474ef78d4fdc87a17e02a1','Deductible_Type',null,null,null);
INSERT INTO PUBLIC.OBJECT_FIELD_METADATA (ID, NAME, METADATA_TYPE, PARENT_METADATA,PARENT_METADATA_NAME, REFERENCE_METADATA, REFERENCE_METADATA_NAME, REFERENCE_METADATA_TYPE)VALUES('754b332486154f8696c6f199125d9216','Deductible','MODEL_RELATION','d0675b4bbe674c1fa08297c27c3cb675','Coverage_Type','0aa382a73e474ef78d4fdc87a17e02a1','Deductible_Type','OBJECT');
INSERT INTO PUBLIC.OBJECT_FIELD_METADATA (ID, NAME, METADATA_TYPE, PARENT_METADATA,PARENT_METADATA_NAME, REFERENCE_METADATA, REFERENCE_METADATA_NAME, REFERENCE_METADATA_TYPE)VALUES('425f0e67f86f4c41b2f33b0394344145','CoverageExt','FIELD','d0675b4bbe674c1fa08297c27c3cb675','Coverage_Type',null,null,null);
INSERT INTO PUBLIC.OBJECT_FIELD_METADATA (ID, NAME, METADATA_TYPE, PARENT_METADATA,PARENT_METADATA_NAME, REFERENCE_METADATA, REFERENCE_METADATA_NAME, REFERENCE_METADATA_TYPE)VALUES('766604a8a85748c0a84a0de3d441688b','PremiumBasisCd','FIELD','d0675b4bbe674c1fa08297c27c3cb675','Coverage_Type','5dfb62cbf01e431c9467afdd15995ec9','PremiumBase','PRIMITIVE');
INSERT INTO PUBLIC.OBJECT_METADATA (ID, NAME, METADATA_TYPE, REFERENCE_METADATA, REFERENCE_METADATA_NAME) VALUES('a54486c19cc9402197e0027f1d2fa2a9','Form_Type','OBJECT',null,null);
INSERT INTO PUBLIC.OBJECT_FIELD_METADATA (ID, NAME, METADATA_TYPE, PARENT_METADATA,PARENT_METADATA_NAME, REFERENCE_METADATA, REFERENCE_METADATA_NAME, REFERENCE_METADATA_TYPE)VALUES('9ba370b0b84a49c5a2a4899d081d2600','ClassCd','FIELD','a54486c19cc9402197e0027f1d2fa2a9','Form_Type','6240ce877a244a73a1253961131c6cc9','IndustryCode_Type','PRIMITIVE');
INSERT INTO PUBLIC.OBJECT_FIELD_METADATA (ID, NAME, METADATA_TYPE, PARENT_METADATA,PARENT_METADATA_NAME, REFERENCE_METADATA, REFERENCE_METADATA_NAME, REFERENCE_METADATA_TYPE)VALUES('1632a31149f344c3bea1a53139a68a93','FormNumber','FIELD','a54486c19cc9402197e0027f1d2fa2a9','Form_Type','dca96396670d4a49979b33da4c247da3','C-20','PRIMITIVE');
INSERT INTO PUBLIC.OBJECT_FIELD_METADATA (ID, NAME, METADATA_TYPE, PARENT_METADATA,PARENT_METADATA_NAME, REFERENCE_METADATA, REFERENCE_METADATA_NAME, REFERENCE_METADATA_TYPE)VALUES('cb17fb46945046318c202f018671daf6','CopyrightOwnerCd','FIELD','a54486c19cc9402197e0027f1d2fa2a9','Form_Type','6240ce877a244a73a1253961131c6cc9','IndustryCode_Type','PRIMITIVE');
INSERT INTO PUBLIC.OBJECT_FIELD_METADATA (ID, NAME, METADATA_TYPE, PARENT_METADATA,PARENT_METADATA_NAME, REFERENCE_METADATA, REFERENCE_METADATA_NAME, REFERENCE_METADATA_TYPE)VALUES('8b4adeff1e2342df921fd0647cd123b2','WebsiteURL','FIELD','a54486c19cc9402197e0027f1d2fa2a9','Form_Type','e956cb629b1e4f55a3f04fd31e03037b','URLType','PRIMITIVE');
INSERT INTO PUBLIC.OBJECT_FIELD_METADATA (ID, NAME, METADATA_TYPE, PARENT_METADATA,PARENT_METADATA_NAME, REFERENCE_METADATA, REFERENCE_METADATA_NAME, REFERENCE_METADATA_TYPE)VALUES('f743440f9c1a42eba6a5817fe9edd41a','FormSequencingNumber','FIELD','a54486c19cc9402197e0027f1d2fa2a9','Form_Type','15814333b5aa47b2a194834a34e32e90','C-10','PRIMITIVE');
INSERT INTO PUBLIC.OBJECT_FIELD_METADATA (ID, NAME, METADATA_TYPE, PARENT_METADATA,PARENT_METADATA_NAME, REFERENCE_METADATA, REFERENCE_METADATA_NAME, REFERENCE_METADATA_TYPE)VALUES('33002a04e7a2481dbb84c793cbc24880','RemoveFormInd','FIELD','a54486c19cc9402197e0027f1d2fa2a9','Form_Type','4ffb0bcc3ec946d1af3ef883f4c3a4e6','Boolean','PRIMITIVE');
INSERT INTO PUBLIC.OBJECT_FIELD_METADATA (ID, NAME, METADATA_TYPE, PARENT_METADATA,PARENT_METADATA_NAME, REFERENCE_METADATA, REFERENCE_METADATA_NAME, REFERENCE_METADATA_TYPE)VALUES('c8c4310b4f2b4f1db5ed81363fdca01e','IterationNumber','FIELD','a54486c19cc9402197e0027f1d2fa2a9','Form_Type','838cab4e48a54d0bb23ca5ea9db454ab','Long','PRIMITIVE');
INSERT INTO PUBLIC.OBJECT_FIELD_METADATA (ID, NAME, METADATA_TYPE, PARENT_METADATA,PARENT_METADATA_NAME, REFERENCE_METADATA, REFERENCE_METADATA_NAME, REFERENCE_METADATA_TYPE)VALUES('97b4142cf2d14044872784537cc2a7d4','FormExt','FIELD','a54486c19cc9402197e0027f1d2fa2a9','Form_Type',null,null,null);
INSERT INTO PUBLIC.OBJECT_FIELD_METADATA (ID, NAME, METADATA_TYPE, PARENT_METADATA,PARENT_METADATA_NAME, REFERENCE_METADATA, REFERENCE_METADATA_NAME, REFERENCE_METADATA_TYPE)VALUES('a0069bf000094cc3a38651bb0e38dcbc','EffectiveDt','FIELD','a54486c19cc9402197e0027f1d2fa2a9','Form_Type','3a7f6e6e4d124518a7407e7883f9d5ec','FormalDate','PRIMITIVE');
INSERT INTO PUBLIC.OBJECT_FIELD_METADATA (ID, NAME, METADATA_TYPE, PARENT_METADATA,PARENT_METADATA_NAME, REFERENCE_METADATA, REFERENCE_METADATA_NAME, REFERENCE_METADATA_TYPE)VALUES('4d03d32ffb9749f79e53221c55120803','StateProvCd','FIELD','a54486c19cc9402197e0027f1d2fa2a9','Form_Type','6240ce877a244a73a1253961131c6cc9','IndustryCode_Type','PRIMITIVE');
INSERT INTO PUBLIC.OBJECT_FIELD_METADATA (ID, NAME, METADATA_TYPE, PARENT_METADATA,PARENT_METADATA_NAME, REFERENCE_METADATA, REFERENCE_METADATA_NAME, REFERENCE_METADATA_TYPE)VALUES('f1317f652bc44005989ffa7add4963a0','EditionDt','FIELD','a54486c19cc9402197e0027f1d2fa2a9','Form_Type','3b0a2ca6cf3a4fb19718e35aa60287cd','Date','PRIMITIVE');
INSERT INTO PUBLIC.OBJECT_FIELD_METADATA (ID, NAME, METADATA_TYPE, PARENT_METADATA,PARENT_METADATA_NAME, REFERENCE_METADATA, REFERENCE_METADATA_NAME, REFERENCE_METADATA_TYPE)VALUES('459cc6fded1c463ab1c493d757816df5','FormDataArea','FIELD','a54486c19cc9402197e0027f1d2fa2a9','Form_Type','2344631100044813a5126adcfb93e80d','C-255','PRIMITIVE');
INSERT INTO PUBLIC.OBJECT_FIELD_METADATA (ID, NAME, METADATA_TYPE, PARENT_METADATA,PARENT_METADATA_NAME, REFERENCE_METADATA, REFERENCE_METADATA_NAME, REFERENCE_METADATA_TYPE)VALUES('eec16b921d3f462a8453aa8a6f8f7644','BondFormNumberOwner','FIELD','a54486c19cc9402197e0027f1d2fa2a9','Form_Type','43d52c0234024809806a2becf9d18a0f','C-30','PRIMITIVE');
INSERT INTO PUBLIC.PRIMITIVE_METADATA (ID, NAME, METADATA_TYPE) VALUES('bd9baac4b1974d55bb92b274b566b962','CopyrightOwner','PRIMITIVE');
INSERT INTO PUBLIC.OBJECT_FIELD_METADATA (ID, NAME, METADATA_TYPE, PARENT_METADATA,PARENT_METADATA_NAME, REFERENCE_METADATA, REFERENCE_METADATA_NAME, REFERENCE_METADATA_TYPE)VALUES('489a6933c32c4317baca89a2ef7d5012','CopyrightOwnerNameCd','FIELD','a54486c19cc9402197e0027f1d2fa2a9','Form_Type','bd9baac4b1974d55bb92b274b566b962','CopyrightOwner','PRIMITIVE');
INSERT INTO PUBLIC.OBJECT_FIELD_METADATA (ID, NAME, METADATA_TYPE, PARENT_METADATA,PARENT_METADATA_NAME, REFERENCE_METADATA, REFERENCE_METADATA_NAME, REFERENCE_METADATA_TYPE)VALUES('3cc652ae2aac4f08bb5a781481265a95','ItemIdInfo','MODEL_RELATION','a54486c19cc9402197e0027f1d2fa2a9','Form_Type','ba3be0e0317741b08f872c1fca47ad8f','ItemIdInfo_Type','OBJECT');
INSERT INTO PUBLIC.OBJECT_FIELD_METADATA (ID, NAME, METADATA_TYPE, PARENT_METADATA,PARENT_METADATA_NAME, REFERENCE_METADATA, REFERENCE_METADATA_NAME, REFERENCE_METADATA_TYPE)VALUES('30c2d2e07d1646a19c6b61c5a8b2a015','FormDesc','FIELD','a54486c19cc9402197e0027f1d2fa2a9','Form_Type','395c33ebbd5b40f0aee8a4f93dbedf31','C-Infinite','PRIMITIVE');
INSERT INTO PUBLIC.OBJECT_FIELD_METADATA (ID, NAME, METADATA_TYPE, PARENT_METADATA,PARENT_METADATA_NAME, REFERENCE_METADATA, REFERENCE_METADATA_NAME, REFERENCE_METADATA_TYPE)VALUES('08d807f6c19d47189775cb5adbb58786','FormName','FIELD','a54486c19cc9402197e0027f1d2fa2a9','Form_Type','4aa23ceca9374701b7716d432173c7c2','C-50','PRIMITIVE');
INSERT INTO PUBLIC.OBJECT_FIELD_METADATA (ID, NAME, METADATA_TYPE, PARENT_METADATA,PARENT_METADATA_NAME, REFERENCE_METADATA, REFERENCE_METADATA_NAME, REFERENCE_METADATA_TYPE)VALUES('66bd581992c64a329c691198da0bebed','EndFormRequiredInd','FIELD','a54486c19cc9402197e0027f1d2fa2a9','Form_Type','4ffb0bcc3ec946d1af3ef883f4c3a4e6','Boolean','PRIMITIVE');
INSERT INTO PUBLIC.OBJECT_FIELD_METADATA (ID, NAME, METADATA_TYPE, PARENT_METADATA,PARENT_METADATA_NAME, REFERENCE_METADATA, REFERENCE_METADATA_NAME, REFERENCE_METADATA_TYPE)VALUES('cd50f6b9c6a340d6940cf1cb5d7afd5e','Link','MODEL_RELATION','a54486c19cc9402197e0027f1d2fa2a9','Form_Type','366dc9a89db94de3b92abf43ef1bf084','Link_Type','OBJECT');
INSERT INTO PUBLIC.OBJECT_FIELD_METADATA (ID, NAME, METADATA_TYPE, PARENT_METADATA,PARENT_METADATA_NAME, REFERENCE_METADATA, REFERENCE_METADATA_NAME, REFERENCE_METADATA_TYPE)VALUES('9ae6bc7879614254b5308cd9dfeeaaf3','FormTextContent','FIELD','a54486c19cc9402197e0027f1d2fa2a9','Form_Type','395c33ebbd5b40f0aee8a4f93dbedf31','C-Infinite','PRIMITIVE');
INSERT INTO PUBLIC.OBJECT_FIELD_METADATA (ID, NAME, METADATA_TYPE, PARENT_METADATA,PARENT_METADATA_NAME, REFERENCE_METADATA, REFERENCE_METADATA_NAME, REFERENCE_METADATA_TYPE)VALUES('48936557f7bf45d184e2ba8a93307eb4','BondFormOwner','FIELD','a54486c19cc9402197e0027f1d2fa2a9','Form_Type','43d52c0234024809806a2becf9d18a0f','C-30','PRIMITIVE');
INSERT INTO PUBLIC.OBJECT_FIELD_METADATA (ID, NAME, METADATA_TYPE, PARENT_METADATA,PARENT_METADATA_NAME, REFERENCE_METADATA, REFERENCE_METADATA_NAME, REFERENCE_METADATA_TYPE)VALUES('57cdc58243004b2aa6e322d3f935ea35','Form','MODEL_RELATION','d0675b4bbe674c1fa08297c27c3cb675','Coverage_Type','a54486c19cc9402197e0027f1d2fa2a9','Form_Type','OBJECT');
INSERT INTO PUBLIC.PRIMITIVE_METADATA (ID, NAME, METADATA_TYPE) VALUES('292ffa8d4b0a440f9dbb830f2e728bb8','CoverageCategory','PRIMITIVE');
INSERT INTO PUBLIC.OBJECT_FIELD_METADATA (ID, NAME, METADATA_TYPE, PARENT_METADATA,PARENT_METADATA_NAME, REFERENCE_METADATA, REFERENCE_METADATA_NAME, REFERENCE_METADATA_TYPE)VALUES('0a8fc8700f274da88268dbc216e4d189','CategoryCd','FIELD','d0675b4bbe674c1fa08297c27c3cb675','Coverage_Type','292ffa8d4b0a440f9dbb830f2e728bb8','CoverageCategory','PRIMITIVE');
INSERT INTO PUBLIC.OBJECT_FIELD_METADATA (ID, NAME, METADATA_TYPE, PARENT_METADATA,PARENT_METADATA_NAME, REFERENCE_METADATA, REFERENCE_METADATA_NAME, REFERENCE_METADATA_TYPE)VALUES('7453f9dffd13499a80422867bdaae904','ExpirationDt','FIELD','d0675b4bbe674c1fa08297c27c3cb675','Coverage_Type','3a7f6e6e4d124518a7407e7883f9d5ec','FormalDate','PRIMITIVE');
INSERT INTO PUBLIC.OBJECT_FIELD_METADATA (ID, NAME, METADATA_TYPE, PARENT_METADATA,PARENT_METADATA_NAME, REFERENCE_METADATA, REFERENCE_METADATA_NAME, REFERENCE_METADATA_TYPE)VALUES('3af0a7096b554f0ea24b048d5993f672','ExposureInfo','MODEL_RELATION','d0675b4bbe674c1fa08297c27c3cb675','Coverage_Type','d2af9d5366414e609acfaad3e91bda61','ExposureInfo_Type','OBJECT');
INSERT INTO PUBLIC.OBJECT_FIELD_METADATA (ID, NAME, METADATA_TYPE, PARENT_METADATA,PARENT_METADATA_NAME, REFERENCE_METADATA, REFERENCE_METADATA_NAME, REFERENCE_METADATA_TYPE)VALUES('1a83e69ea0c34eb586cf0e781301a89a','IterationNumber','FIELD','d0675b4bbe674c1fa08297c27c3cb675','Coverage_Type','838cab4e48a54d0bb23ca5ea9db454ab','Long','PRIMITIVE');
INSERT INTO PUBLIC.OBJECT_FIELD_METADATA (ID, NAME, METADATA_TYPE, PARENT_METADATA,PARENT_METADATA_NAME, REFERENCE_METADATA, REFERENCE_METADATA_NAME, REFERENCE_METADATA_TYPE)VALUES('b1e98d71baef4c21986c8fa457a463a4','MinPremAmt','MODEL_RELATION','d0675b4bbe674c1fa08297c27c3cb675','Coverage_Type','4fa89203e94a4637baa0484d19b460c5','CURRENCY','OBJECT');
INSERT INTO PUBLIC.OBJECT_FIELD_METADATA (ID, NAME, METADATA_TYPE, PARENT_METADATA,PARENT_METADATA_NAME, REFERENCE_METADATA, REFERENCE_METADATA_NAME, REFERENCE_METADATA_TYPE)VALUES('27130d682ac14201a8e77261c5718c32','CurrentTermAmt','MODEL_RELATION','d0675b4bbe674c1fa08297c27c3cb675','Coverage_Type','4fa89203e94a4637baa0484d19b460c5','CURRENCY','OBJECT');
INSERT INTO PUBLIC.OBJECT_FIELD_METADATA (ID, NAME, METADATA_TYPE, PARENT_METADATA,PARENT_METADATA_NAME, REFERENCE_METADATA, REFERENCE_METADATA_NAME, REFERENCE_METADATA_TYPE)VALUES('9940a714184a4ecf9348ed0a2932f9ff','EffectiveDt','FIELD','d0675b4bbe674c1fa08297c27c3cb675','Coverage_Type','3a7f6e6e4d124518a7407e7883f9d5ec','FormalDate','PRIMITIVE');
INSERT INTO PUBLIC.OBJECT_FIELD_METADATA (ID, NAME, METADATA_TYPE, PARENT_METADATA,PARENT_METADATA_NAME, REFERENCE_METADATA, REFERENCE_METADATA_NAME, REFERENCE_METADATA_TYPE)VALUES('5c1e3454a76d465985130e2d30455fd7','FloodZoneCd','FIELD','d0675b4bbe674c1fa08297c27c3cb675','Coverage_Type','6240ce877a244a73a1253961131c6cc9','IndustryCode_Type','PRIMITIVE');
INSERT INTO PUBLIC.OBJECT_FIELD_METADATA (ID, NAME, METADATA_TYPE, PARENT_METADATA,PARENT_METADATA_NAME, REFERENCE_METADATA, REFERENCE_METADATA_NAME, REFERENCE_METADATA_TYPE)VALUES('9237112135854897bcb62d12982db077','CoverageDesc','FIELD','d0675b4bbe674c1fa08297c27c3cb675','Coverage_Type','395c33ebbd5b40f0aee8a4f93dbedf31','C-Infinite','PRIMITIVE');
INSERT INTO PUBLIC.OBJECT_FIELD_METADATA (ID, NAME, METADATA_TYPE, PARENT_METADATA,PARENT_METADATA_NAME, REFERENCE_METADATA, REFERENCE_METADATA_NAME, REFERENCE_METADATA_TYPE)VALUES('03af99211bca4d0eac291af400894cf1','TerritoryCd','FIELD','d0675b4bbe674c1fa08297c27c3cb675','Coverage_Type','6240ce877a244a73a1253961131c6cc9','IndustryCode_Type','PRIMITIVE');
INSERT INTO PUBLIC.OBJECT_FIELD_METADATA (ID, NAME, METADATA_TYPE, PARENT_METADATA,PARENT_METADATA_NAME, REFERENCE_METADATA, REFERENCE_METADATA_NAME, REFERENCE_METADATA_TYPE)VALUES('94255b2abfea42dcb36207af51c825e5','CreditOrSurcharge','MODEL_RELATION','d0675b4bbe674c1fa08297c27c3cb675','Coverage_Type','ac7618a3e7974e27b3a4f0a5f2a22a98','PCCREDITSURCHARGE','OBJECT');
INSERT INTO PUBLIC.OBJECT_FIELD_METADATA (ID, NAME, METADATA_TYPE, PARENT_METADATA,PARENT_METADATA_NAME, REFERENCE_METADATA, REFERENCE_METADATA_NAME, REFERENCE_METADATA_TYPE)VALUES('ad5ebe91a7874c9caecd6fa70aadf152','MiscParty','MODEL_RELATION','d0675b4bbe674c1fa08297c27c3cb675','Coverage_Type','0a76585a8ae342d897387f29800d50c8','MiscParty_Type','OBJECT');
INSERT INTO PUBLIC.OBJECT_FIELD_METADATA (ID, NAME, METADATA_TYPE, PARENT_METADATA,PARENT_METADATA_NAME, REFERENCE_METADATA, REFERENCE_METADATA_NAME, REFERENCE_METADATA_TYPE)VALUES('342c29c7f5ed416b87c564e0bec7c959','CoverageCd','FIELD','d0675b4bbe674c1fa08297c27c3cb675','Coverage_Type','95d66cc5fb4849db8ff827e892c753b4','Coverages','PRIMITIVE');
INSERT INTO PUBLIC.PRIMITIVE_METADATA (ID, NAME, METADATA_TYPE) VALUES('3d844ca982ac48e8a1c8f66a96bf9674','CoverageType','PRIMITIVE');
INSERT INTO PUBLIC.OBJECT_FIELD_METADATA (ID, NAME, METADATA_TYPE, PARENT_METADATA,PARENT_METADATA_NAME, REFERENCE_METADATA, REFERENCE_METADATA_NAME, REFERENCE_METADATA_TYPE)VALUES('729e78ad8c5f4438b8672ae92356f63a','CoverageTypeCd','FIELD','d0675b4bbe674c1fa08297c27c3cb675','Coverage_Type','3d844ca982ac48e8a1c8f66a96bf9674','CoverageType','PRIMITIVE');
INSERT INTO PUBLIC.OBJECT_FIELD_METADATA (ID, NAME, METADATA_TYPE, PARENT_METADATA,PARENT_METADATA_NAME, REFERENCE_METADATA, REFERENCE_METADATA_NAME, REFERENCE_METADATA_TYPE)VALUES('fb2e5ae25bb34f4fabff3f38090bcb09','RatingClassificationCd','FIELD','d0675b4bbe674c1fa08297c27c3cb675','Coverage_Type','6240ce877a244a73a1253961131c6cc9','IndustryCode_Type','PRIMITIVE');
INSERT INTO PUBLIC.OBJECT_FIELD_METADATA (ID, NAME, METADATA_TYPE, PARENT_METADATA,PARENT_METADATA_NAME, REFERENCE_METADATA, REFERENCE_METADATA_NAME, REFERENCE_METADATA_TYPE)VALUES('e3076e8f1620447e9ffe074b713d5a25','CommlCoverageSupplement','MODEL_RELATION','d0675b4bbe674c1fa08297c27c3cb675','Coverage_Type','863e28dd3dab4ce294b3e57958ff0cb6','CoverageSupplement_Type','OBJECT');
INSERT INTO PUBLIC.OBJECT_FIELD_METADATA (ID, NAME, METADATA_TYPE, PARENT_METADATA,PARENT_METADATA_NAME, REFERENCE_METADATA, REFERENCE_METADATA_NAME, REFERENCE_METADATA_TYPE)VALUES('8f1944d6f25f4c78b7e196839f134ec8','Rate','FIELD','d0675b4bbe674c1fa08297c27c3cb675','Coverage_Type','c896845db6f640c6bf65093333a64c69','Decimal','PRIMITIVE');
INSERT INTO PUBLIC.OBJECT_FIELD_METADATA (ID, NAME, METADATA_TYPE, PARENT_METADATA,PARENT_METADATA_NAME, REFERENCE_METADATA, REFERENCE_METADATA_NAME, REFERENCE_METADATA_TYPE)VALUES('667d847f4e9a4fe6b1b3109e3fd17a03','CoinsurancePct','FIELD','d0675b4bbe674c1fa08297c27c3cb675','Coverage_Type','d68704d271534c0a935a3012147640c4','PercentDecimal','PRIMITIVE');
INSERT INTO PUBLIC.OBJECT_FIELD_METADATA (ID, NAME, METADATA_TYPE, PARENT_METADATA,PARENT_METADATA_NAME, REFERENCE_METADATA, REFERENCE_METADATA_NAME, REFERENCE_METADATA_TYPE)VALUES('b35855762696458d99ac86ce6d63fa58','NetChangeAmt','MODEL_RELATION','d0675b4bbe674c1fa08297c27c3cb675','Coverage_Type','4fa89203e94a4637baa0484d19b460c5','CURRENCY','OBJECT');
INSERT INTO PUBLIC.OBJECT_FIELD_METADATA (ID, NAME, METADATA_TYPE, PARENT_METADATA,PARENT_METADATA_NAME, REFERENCE_METADATA, REFERENCE_METADATA_NAME, REFERENCE_METADATA_TYPE)VALUES('2398838eb9cc401885445a2ce27b7674','SelfInsuredRetentionInfo','MODEL_RELATION','d0675b4bbe674c1fa08297c27c3cb675','Coverage_Type','ab3df4dba1f04816a81fc7e348242fc2','SelfInsuredRetentionInfo_Type','OBJECT');
INSERT INTO PUBLIC.OBJECT_METADATA (ID, NAME, METADATA_TYPE, REFERENCE_METADATA, REFERENCE_METADATA_NAME) VALUES('34faeda7272f49e7b231abf41023d6d8','Option_Type','OBJECT',null,null);
INSERT INTO PUBLIC.PRIMITIVE_METADATA (ID, NAME, METADATA_TYPE) VALUES('b99d1d212b6b41beb79bbae59c732b72','OptionDesc','PRIMITIVE');
INSERT INTO PUBLIC.OBJECT_FIELD_METADATA (ID, NAME, METADATA_TYPE, PARENT_METADATA,PARENT_METADATA_NAME, REFERENCE_METADATA, REFERENCE_METADATA_NAME, REFERENCE_METADATA_TYPE)VALUES('01a3ce3eebf44f148eeac0925f113d65','OptionDescCd','FIELD','34faeda7272f49e7b231abf41023d6d8','Option_Type','b99d1d212b6b41beb79bbae59c732b72','OptionDesc','PRIMITIVE');
INSERT INTO PUBLIC.OBJECT_FIELD_METADATA (ID, NAME, METADATA_TYPE, PARENT_METADATA,PARENT_METADATA_NAME, REFERENCE_METADATA, REFERENCE_METADATA_NAME, REFERENCE_METADATA_TYPE)VALUES('5296082aa1104e019ac74c756a3070e4','OptionCd','FIELD','34faeda7272f49e7b231abf41023d6d8','Option_Type','0f95b02b7be34210bab4d1afdc01cfb2','CoverageOption','PRIMITIVE');
INSERT INTO PUBLIC.OBJECT_FIELD_METADATA (ID, NAME, METADATA_TYPE, PARENT_METADATA,PARENT_METADATA_NAME, REFERENCE_METADATA, REFERENCE_METADATA_NAME, REFERENCE_METADATA_TYPE)VALUES('965c4c2cc3624289884be1fb834cd9ff','OptionValueDesc','FIELD','34faeda7272f49e7b231abf41023d6d8','Option_Type','395c33ebbd5b40f0aee8a4f93dbedf31','C-Infinite','PRIMITIVE');
INSERT INTO PUBLIC.OBJECT_FIELD_METADATA (ID, NAME, METADATA_TYPE, PARENT_METADATA,PARENT_METADATA_NAME, REFERENCE_METADATA, REFERENCE_METADATA_NAME, REFERENCE_METADATA_TYPE)VALUES('ac49d72578594cd4a3981fc8845d051a','OptionData','FIELD','34faeda7272f49e7b231abf41023d6d8','Option_Type','395c33ebbd5b40f0aee8a4f93dbedf31','C-Infinite','PRIMITIVE');
INSERT INTO PUBLIC.OBJECT_FIELD_METADATA (ID, NAME, METADATA_TYPE, PARENT_METADATA,PARENT_METADATA_NAME, REFERENCE_METADATA, REFERENCE_METADATA_NAME, REFERENCE_METADATA_TYPE)VALUES('5fb73b6d842f49a69dc1d9f2c2b430dd','OptionValue','FIELD','34faeda7272f49e7b231abf41023d6d8','Option_Type','c896845db6f640c6bf65093333a64c69','Decimal','PRIMITIVE');
INSERT INTO PUBLIC.OBJECT_FIELD_METADATA (ID, NAME, METADATA_TYPE, PARENT_METADATA,PARENT_METADATA_NAME, REFERENCE_METADATA, REFERENCE_METADATA_NAME, REFERENCE_METADATA_TYPE)VALUES('469e4516d2d344cf8a5054487043b990','OptionExt','FIELD','34faeda7272f49e7b231abf41023d6d8','Option_Type',null,null,null);
INSERT INTO PUBLIC.PRIMITIVE_METADATA (ID, NAME, METADATA_TYPE) VALUES('f8488bd114ff44149261d22a62e7b584','OptionBenefit','PRIMITIVE');
INSERT INTO PUBLIC.OBJECT_FIELD_METADATA (ID, NAME, METADATA_TYPE, PARENT_METADATA,PARENT_METADATA_NAME, REFERENCE_METADATA, REFERENCE_METADATA_NAME, REFERENCE_METADATA_TYPE)VALUES('7b0f701b99514eb3853cb6651618fbbb','OptionTypeCd','FIELD','34faeda7272f49e7b231abf41023d6d8','Option_Type','f8488bd114ff44149261d22a62e7b584','OptionBenefit','PRIMITIVE');
INSERT INTO PUBLIC.OBJECT_FIELD_METADATA (ID, NAME, METADATA_TYPE, PARENT_METADATA,PARENT_METADATA_NAME, REFERENCE_METADATA, REFERENCE_METADATA_NAME, REFERENCE_METADATA_TYPE)VALUES('316303e6797f4286b1767ebe2750d6fa','Option','MODEL_RELATION','d0675b4bbe674c1fa08297c27c3cb675','Coverage_Type','34faeda7272f49e7b231abf41023d6d8','Option_Type','OBJECT');
INSERT INTO PUBLIC.OBJECT_METADATA (ID, NAME, METADATA_TYPE, REFERENCE_METADATA, REFERENCE_METADATA_NAME) VALUES('9cfbe62ab6ab4b77ba4a2bf7bc6a944a','Limit_Type','OBJECT',null,null);
INSERT INTO PUBLIC.OBJECT_FIELD_METADATA (ID, NAME, METADATA_TYPE, PARENT_METADATA,PARENT_METADATA_NAME, REFERENCE_METADATA, REFERENCE_METADATA_NAME, REFERENCE_METADATA_TYPE)VALUES('e6d10d0fbf20433daee0bdb55518e39c','LimitExt','FIELD','9cfbe62ab6ab4b77ba4a2bf7bc6a944a','Limit_Type',null,null,null);
INSERT INTO PUBLIC.OBJECT_FIELD_METADATA (ID, NAME, METADATA_TYPE, PARENT_METADATA,PARENT_METADATA_NAME, REFERENCE_METADATA, REFERENCE_METADATA_NAME, REFERENCE_METADATA_TYPE)VALUES('067e57ccbec24930a1c9a3977e988958','IndexAdjustment','MODEL_RELATION','9cfbe62ab6ab4b77ba4a2bf7bc6a944a','Limit_Type','3713a4c7aeb24ecebbf7d779b8944791','IndexAdjustment_Type','OBJECT');
INSERT INTO PUBLIC.OBJECT_FIELD_METADATA (ID, NAME, METADATA_TYPE, PARENT_METADATA,PARENT_METADATA_NAME, REFERENCE_METADATA, REFERENCE_METADATA_NAME, REFERENCE_METADATA_TYPE)VALUES('469581afaf034f42bfad9b74a6fff8f0','Limit','MODEL_RELATION','d0675b4bbe674c1fa08297c27c3cb675','Coverage_Type','9cfbe62ab6ab4b77ba4a2bf7bc6a944a','Limit_Type','OBJECT');
INSERT INTO PUBLIC.OBJECT_FIELD_METADATA (ID, NAME, METADATA_TYPE, PARENT_METADATA,PARENT_METADATA_NAME, REFERENCE_METADATA, REFERENCE_METADATA_NAME, REFERENCE_METADATA_TYPE)VALUES('ca154bbcce10455ab7ea8407e200b1cc','ProRateFactor','FIELD','d0675b4bbe674c1fa08297c27c3cb675','Coverage_Type','c896845db6f640c6bf65093333a64c69','Decimal','PRIMITIVE');
INSERT INTO PUBLIC.OBJECT_FIELD_METADATA (ID, NAME, METADATA_TYPE, PARENT_METADATA,PARENT_METADATA_NAME, REFERENCE_METADATA, REFERENCE_METADATA_NAME, REFERENCE_METADATA_TYPE)VALUES('2402789e9f474e1595218030aa1e0cc9','CoverageAvailable','MODEL_RELATION','c8286a1447f548a885cd3783c3c2dbef','AirportFBOLineBusiness_Type','d0675b4bbe674c1fa08297c27c3cb675','Coverage_Type','OBJECT');
INSERT INTO PUBLIC.OBJECT_METADATA (ID, NAME, METADATA_TYPE, REFERENCE_METADATA, REFERENCE_METADATA_NAME) VALUES('c33e0cae02c4493cbd17ac0af608ae8d','Fueling_Type','OBJECT',null,null);
INSERT INTO PUBLIC.OBJECT_FIELD_METADATA (ID, NAME, METADATA_TYPE, PARENT_METADATA,PARENT_METADATA_NAME, REFERENCE_METADATA, REFERENCE_METADATA_NAME, REFERENCE_METADATA_TYPE)VALUES('258ced2bbb5040d2b7b505ca64ddcfab','NumGallonsAirline','FIELD','c33e0cae02c4493cbd17ac0af608ae8d','Fueling_Type','838cab4e48a54d0bb23ca5ea9db454ab','Long','PRIMITIVE');
INSERT INTO PUBLIC.OBJECT_FIELD_METADATA (ID, NAME, METADATA_TYPE, PARENT_METADATA,PARENT_METADATA_NAME, REFERENCE_METADATA, REFERENCE_METADATA_NAME, REFERENCE_METADATA_TYPE)VALUES('7b6b427fba584ad1a731be3777bb58e0','AutoFuelSalesInd','FIELD','c33e0cae02c4493cbd17ac0af608ae8d','Fueling_Type','4ffb0bcc3ec946d1af3ef883f4c3a4e6','Boolean','PRIMITIVE');
INSERT INTO PUBLIC.OBJECT_FIELD_METADATA (ID, NAME, METADATA_TYPE, PARENT_METADATA,PARENT_METADATA_NAME, REFERENCE_METADATA, REFERENCE_METADATA_NAME, REFERENCE_METADATA_TYPE)VALUES('b9696669c7534e8ab6a8cd0c3c8a438c','AVGasSalesInd','FIELD','c33e0cae02c4493cbd17ac0af608ae8d','Fueling_Type','4ffb0bcc3ec946d1af3ef883f4c3a4e6','Boolean','PRIMITIVE');
INSERT INTO PUBLIC.OBJECT_FIELD_METADATA (ID, NAME, METADATA_TYPE, PARENT_METADATA,PARENT_METADATA_NAME, REFERENCE_METADATA, REFERENCE_METADATA_NAME, REFERENCE_METADATA_TYPE)VALUES('10b2dd49403443eaafcf010afa30965e','NumGallonsUnderground','FIELD','c33e0cae02c4493cbd17ac0af608ae8d','Fueling_Type','838cab4e48a54d0bb23ca5ea9db454ab','Long','PRIMITIVE');
INSERT INTO PUBLIC.OBJECT_FIELD_METADATA (ID, NAME, METADATA_TYPE, PARENT_METADATA,PARENT_METADATA_NAME, REFERENCE_METADATA, REFERENCE_METADATA_NAME, REFERENCE_METADATA_TYPE)VALUES('0671e3a27aa44aa48bb9f350f3653c66','JetFuelSalesInd','FIELD','c33e0cae02c4493cbd17ac0af608ae8d','Fueling_Type','4ffb0bcc3ec946d1af3ef883f4c3a4e6','Boolean','PRIMITIVE');
INSERT INTO PUBLIC.OBJECT_FIELD_METADATA (ID, NAME, METADATA_TYPE, PARENT_METADATA,PARENT_METADATA_NAME, REFERENCE_METADATA, REFERENCE_METADATA_NAME, REFERENCE_METADATA_TYPE)VALUES('e4fc6fe352b145f9a55b7509b603a885','FuelingExt','FIELD','c33e0cae02c4493cbd17ac0af608ae8d','Fueling_Type',null,null,null);
INSERT INTO PUBLIC.OBJECT_FIELD_METADATA (ID, NAME, METADATA_TYPE, PARENT_METADATA,PARENT_METADATA_NAME, REFERENCE_METADATA, REFERENCE_METADATA_NAME, REFERENCE_METADATA_TYPE)VALUES('3f487e87fdaf4d46b28fc60f9a3d1516','SelfServInd','FIELD','c33e0cae02c4493cbd17ac0af608ae8d','Fueling_Type','4ffb0bcc3ec946d1af3ef883f4c3a4e6','Boolean','PRIMITIVE');
INSERT INTO PUBLIC.OBJECT_FIELD_METADATA (ID, NAME, METADATA_TYPE, PARENT_METADATA,PARENT_METADATA_NAME, REFERENCE_METADATA, REFERENCE_METADATA_NAME, REFERENCE_METADATA_TYPE)VALUES('9949e71bdc7a4293a881ede7fd26466e','InsuredFuelsInd','FIELD','c33e0cae02c4493cbd17ac0af608ae8d','Fueling_Type','4ffb0bcc3ec946d1af3ef883f4c3a4e6','Boolean','PRIMITIVE');
INSERT INTO PUBLIC.OBJECT_FIELD_METADATA (ID, NAME, METADATA_TYPE, PARENT_METADATA,PARENT_METADATA_NAME, REFERENCE_METADATA, REFERENCE_METADATA_NAME, REFERENCE_METADATA_TYPE)VALUES('328a64ce6cc04c93b228ed33732d1a08','FuelTruckInd','FIELD','c33e0cae02c4493cbd17ac0af608ae8d','Fueling_Type','4ffb0bcc3ec946d1af3ef883f4c3a4e6','Boolean','PRIMITIVE');
INSERT INTO PUBLIC.OBJECT_FIELD_METADATA (ID, NAME, METADATA_TYPE, PARENT_METADATA,PARENT_METADATA_NAME, REFERENCE_METADATA, REFERENCE_METADATA_NAME, REFERENCE_METADATA_TYPE)VALUES('2e1f189bfd4c4c0d99420bf8a442328f','FuelingDoneDesc','FIELD','c33e0cae02c4493cbd17ac0af608ae8d','Fueling_Type','2344631100044813a5126adcfb93e80d','C-255','PRIMITIVE');
INSERT INTO PUBLIC.OBJECT_FIELD_METADATA (ID, NAME, METADATA_TYPE, PARENT_METADATA,PARENT_METADATA_NAME, REFERENCE_METADATA, REFERENCE_METADATA_NAME, REFERENCE_METADATA_TYPE)VALUES('d7116f3f87b142138229eb9ca78a3e2a','NumGallonsMilitary','FIELD','c33e0cae02c4493cbd17ac0af608ae8d','Fueling_Type','838cab4e48a54d0bb23ca5ea9db454ab','Long','PRIMITIVE');
INSERT INTO PUBLIC.OBJECT_FIELD_METADATA (ID, NAME, METADATA_TYPE, PARENT_METADATA,PARENT_METADATA_NAME, REFERENCE_METADATA, REFERENCE_METADATA_NAME, REFERENCE_METADATA_TYPE)VALUES('ed24c36e3caa4a7697c89f46e9c7244f','FuelingOnPremInd','FIELD','c33e0cae02c4493cbd17ac0af608ae8d','Fueling_Type','4ffb0bcc3ec946d1af3ef883f4c3a4e6','Boolean','PRIMITIVE');
INSERT INTO PUBLIC.OBJECT_FIELD_METADATA (ID, NAME, METADATA_TYPE, PARENT_METADATA,PARENT_METADATA_NAME, REFERENCE_METADATA, REFERENCE_METADATA_NAME, REFERENCE_METADATA_TYPE)VALUES('bb66de7dd2c44dc6aeecdf367150c7a8','NumGallonsAboveGround','FIELD','c33e0cae02c4493cbd17ac0af608ae8d','Fueling_Type','838cab4e48a54d0bb23ca5ea9db454ab','Long','PRIMITIVE');
INSERT INTO PUBLIC.OBJECT_FIELD_METADATA (ID, NAME, METADATA_TYPE, PARENT_METADATA,PARENT_METADATA_NAME, REFERENCE_METADATA, REFERENCE_METADATA_NAME, REFERENCE_METADATA_TYPE)VALUES('e526b91a55584d219cae1b06ead6afb1','NumGallonsGenAviation','FIELD','c33e0cae02c4493cbd17ac0af608ae8d','Fueling_Type','838cab4e48a54d0bb23ca5ea9db454ab','Long','PRIMITIVE');
INSERT INTO PUBLIC.OBJECT_FIELD_METADATA (ID, NAME, METADATA_TYPE, PARENT_METADATA,PARENT_METADATA_NAME, REFERENCE_METADATA, REFERENCE_METADATA_NAME, REFERENCE_METADATA_TYPE)VALUES('0cc8bb5d4b2948128bdded0782090ee5','GasPumpInd','FIELD','c33e0cae02c4493cbd17ac0af608ae8d','Fueling_Type','4ffb0bcc3ec946d1af3ef883f4c3a4e6','Boolean','PRIMITIVE');
INSERT INTO PUBLIC.OBJECT_FIELD_METADATA (ID, NAME, METADATA_TYPE, PARENT_METADATA,PARENT_METADATA_NAME, REFERENCE_METADATA, REFERENCE_METADATA_NAME, REFERENCE_METADATA_TYPE)VALUES('a41fa3ad476a4afb997e3f268f911336','Fueling','MODEL_RELATION','c8286a1447f548a885cd3783c3c2dbef','AirportFBOLineBusiness_Type','c33e0cae02c4493cbd17ac0af608ae8d','Fueling_Type','OBJECT');
INSERT INTO PUBLIC.OBJECT_METADATA (ID, NAME, METADATA_TYPE, REFERENCE_METADATA, REFERENCE_METADATA_NAME) VALUES('832a986aadc54702a86a0c41fe8f9c1e','TieDownHangaring_Type','OBJECT',null,null);
INSERT INTO PUBLIC.OBJECT_FIELD_METADATA (ID, NAME, METADATA_TYPE, PARENT_METADATA,PARENT_METADATA_NAME, REFERENCE_METADATA, REFERENCE_METADATA_NAME, REFERENCE_METADATA_TYPE)VALUES('d7bc720538164d929da8da0e676b3e7e','MaxValueAmt','MODEL_RELATION','832a986aadc54702a86a0c41fe8f9c1e','TieDownHangaring_Type','4fa89203e94a4637baa0484d19b460c5','CURRENCY','OBJECT');
INSERT INTO PUBLIC.OBJECT_FIELD_METADATA (ID, NAME, METADATA_TYPE, PARENT_METADATA,PARENT_METADATA_NAME, REFERENCE_METADATA, REFERENCE_METADATA_NAME, REFERENCE_METADATA_TYPE)VALUES('11bc359622c64651bbf5086552b52efa','TieDownHangaringExt','FIELD','832a986aadc54702a86a0c41fe8f9c1e','TieDownHangaring_Type',null,null,null);
INSERT INTO PUBLIC.OBJECT_FIELD_METADATA (ID, NAME, METADATA_TYPE, PARENT_METADATA,PARENT_METADATA_NAME, REFERENCE_METADATA, REFERENCE_METADATA_NAME, REFERENCE_METADATA_TYPE)VALUES('882f1ac2094d47cc8decc542a7c367eb','MaxValueAllAircraftAmt','MODEL_RELATION','832a986aadc54702a86a0c41fe8f9c1e','TieDownHangaring_Type','4fa89203e94a4637baa0484d19b460c5','CURRENCY','OBJECT');
INSERT INTO PUBLIC.OBJECT_FIELD_METADATA (ID, NAME, METADATA_TYPE, PARENT_METADATA,PARENT_METADATA_NAME, REFERENCE_METADATA, REFERENCE_METADATA_NAME, REFERENCE_METADATA_TYPE)VALUES('6ec3ba6799b4434c8b564dc416c15352','BldgArea','MODEL_RELATION','832a986aadc54702a86a0c41fe8f9c1e','TieDownHangaring_Type','1df1057b06734b019460d9f8fb0a43b0','MEASUREMENT','OBJECT');
INSERT INTO PUBLIC.OBJECT_FIELD_METADATA (ID, NAME, METADATA_TYPE, PARENT_METADATA,PARENT_METADATA_NAME, REFERENCE_METADATA, REFERENCE_METADATA_NAME, REFERENCE_METADATA_TYPE)VALUES('fcd97580a06049378eff7ed22437c134','TieDownProvider','FIELD','832a986aadc54702a86a0c41fe8f9c1e','TieDownHangaring_Type','2344631100044813a5126adcfb93e80d','C-255','PRIMITIVE');
INSERT INTO PUBLIC.OBJECT_FIELD_METADATA (ID, NAME, METADATA_TYPE, PARENT_METADATA,PARENT_METADATA_NAME, REFERENCE_METADATA, REFERENCE_METADATA_NAME, REFERENCE_METADATA_TYPE)VALUES('b63547fcbab94e44a87e6e8ad7793fe5','NumTieDowns','FIELD','832a986aadc54702a86a0c41fe8f9c1e','TieDownHangaring_Type','838cab4e48a54d0bb23ca5ea9db454ab','Long','PRIMITIVE');
INSERT INTO PUBLIC.OBJECT_FIELD_METADATA (ID, NAME, METADATA_TYPE, PARENT_METADATA,PARENT_METADATA_NAME, REFERENCE_METADATA, REFERENCE_METADATA_NAME, REFERENCE_METADATA_TYPE)VALUES('c0c0862df5be4df18ab17c49003eade2','QuestionAnswer','MODEL_RELATION','832a986aadc54702a86a0c41fe8f9c1e','TieDownHangaring_Type','152fefd4f3054b68b490c1af5c9c284c','QuestionAnswer_Type','OBJECT');
INSERT INTO PUBLIC.OBJECT_FIELD_METADATA (ID, NAME, METADATA_TYPE, PARENT_METADATA,PARENT_METADATA_NAME, REFERENCE_METADATA, REFERENCE_METADATA_NAME, REFERENCE_METADATA_TYPE)VALUES('211d6bba974049ab95dc81eaee72ef44','StorageHangarDesc','FIELD','832a986aadc54702a86a0c41fe8f9c1e','TieDownHangaring_Type','2344631100044813a5126adcfb93e80d','C-255','PRIMITIVE');
INSERT INTO PUBLIC.OBJECT_FIELD_METADATA (ID, NAME, METADATA_TYPE, PARENT_METADATA,PARENT_METADATA_NAME, REFERENCE_METADATA, REFERENCE_METADATA_NAME, REFERENCE_METADATA_TYPE)VALUES('f8ce5044a5744d63bc0b82caec5c7319','TieDownDesc','FIELD','832a986aadc54702a86a0c41fe8f9c1e','TieDownHangaring_Type','2344631100044813a5126adcfb93e80d','C-255','PRIMITIVE');
INSERT INTO PUBLIC.PRIMITIVE_METADATA (ID, NAME, METADATA_TYPE) VALUES('dac392a51a934264a22aef96e73f6bbb','ConstructionType','PRIMITIVE');
INSERT INTO PUBLIC.OBJECT_FIELD_METADATA (ID, NAME, METADATA_TYPE, PARENT_METADATA,PARENT_METADATA_NAME, REFERENCE_METADATA, REFERENCE_METADATA_NAME, REFERENCE_METADATA_TYPE)VALUES('8262e7a38ea1489e9c8c15657647e1e7','ConstructionCd','FIELD','832a986aadc54702a86a0c41fe8f9c1e','TieDownHangaring_Type','dac392a51a934264a22aef96e73f6bbb','ConstructionType','PRIMITIVE');
INSERT INTO PUBLIC.OBJECT_FIELD_METADATA (ID, NAME, METADATA_TYPE, PARENT_METADATA,PARENT_METADATA_NAME, REFERENCE_METADATA, REFERENCE_METADATA_NAME, REFERENCE_METADATA_TYPE)VALUES('cb7e479c487742dcae22879825c2ea53','TieDownHangaring','MODEL_RELATION','c8286a1447f548a885cd3783c3c2dbef','AirportFBOLineBusiness_Type','832a986aadc54702a86a0c41fe8f9c1e','TieDownHangaring_Type','OBJECT');
INSERT INTO PUBLIC.OBJECT_FIELD_METADATA (ID, NAME, METADATA_TYPE, PARENT_METADATA,PARENT_METADATA_NAME, REFERENCE_METADATA, REFERENCE_METADATA_NAME, REFERENCE_METADATA_TYPE)VALUES('e1a7b149cdf245649f2d7ce6053bb1f6','HazardGradeCd','FIELD','c8286a1447f548a885cd3783c3c2dbef','AirportFBOLineBusiness_Type','6240ce877a244a73a1253961131c6cc9','IndustryCode_Type','PRIMITIVE');
INSERT INTO PUBLIC.OBJECT_FIELD_METADATA (ID, NAME, METADATA_TYPE, PARENT_METADATA,PARENT_METADATA_NAME, REFERENCE_METADATA, REFERENCE_METADATA_NAME, REFERENCE_METADATA_TYPE)VALUES('b1126ad7b465447493b0ee7c72e85242','QuestionAnswer','MODEL_RELATION','c8286a1447f548a885cd3783c3c2dbef','AirportFBOLineBusiness_Type','152fefd4f3054b68b490c1af5c9c284c','QuestionAnswer_Type','OBJECT');
INSERT INTO PUBLIC.OBJECT_FIELD_METADATA (ID, NAME, METADATA_TYPE, PARENT_METADATA,PARENT_METADATA_NAME, REFERENCE_METADATA, REFERENCE_METADATA_NAME, REFERENCE_METADATA_TYPE)VALUES('549d4511e124487a86e25e554537b1c6','NAICCd','FIELD','c8286a1447f548a885cd3783c3c2dbef','AirportFBOLineBusiness_Type','6240ce877a244a73a1253961131c6cc9','IndustryCode_Type','PRIMITIVE');
INSERT INTO PUBLIC.OBJECT_METADATA (ID, NAME, METADATA_TYPE, REFERENCE_METADATA, REFERENCE_METADATA_NAME) VALUES('f68d77b87e37410ab0ed1cca4d633406','VehElevatorAircraft_Type','OBJECT',null,null);
INSERT INTO PUBLIC.OBJECT_FIELD_METADATA (ID, NAME, METADATA_TYPE, PARENT_METADATA,PARENT_METADATA_NAME, REFERENCE_METADATA, REFERENCE_METADATA_NAME, REFERENCE_METADATA_TYPE)VALUES('88b7696574e7404ca9e693c6b9b6de8b','VehElevAirDesc','FIELD','f68d77b87e37410ab0ed1cca4d633406','VehElevatorAircraft_Type','2344631100044813a5126adcfb93e80d','C-255','PRIMITIVE');
INSERT INTO PUBLIC.OBJECT_FIELD_METADATA (ID, NAME, METADATA_TYPE, PARENT_METADATA,PARENT_METADATA_NAME, REFERENCE_METADATA, REFERENCE_METADATA_NAME, REFERENCE_METADATA_TYPE)VALUES('af5b3a7162c64c08be8ee164459801a6','VehElevatorAircraftExt','FIELD','f68d77b87e37410ab0ed1cca4d633406','VehElevatorAircraft_Type',null,null,null);
INSERT INTO PUBLIC.PRIMITIVE_METADATA (ID, NAME, METADATA_TYPE) VALUES('0e60ce20cca8434ab539a90bffd338b2','VehElevAirType','PRIMITIVE');
INSERT INTO PUBLIC.OBJECT_FIELD_METADATA (ID, NAME, METADATA_TYPE, PARENT_METADATA,PARENT_METADATA_NAME, REFERENCE_METADATA, REFERENCE_METADATA_NAME, REFERENCE_METADATA_TYPE)VALUES('61ca3cec3a69497ab4936aacf33af35a','VehElevAirCd','FIELD','f68d77b87e37410ab0ed1cca4d633406','VehElevatorAircraft_Type','0e60ce20cca8434ab539a90bffd338b2','VehElevAirType','PRIMITIVE');
INSERT INTO PUBLIC.OBJECT_FIELD_METADATA (ID, NAME, METADATA_TYPE, PARENT_METADATA,PARENT_METADATA_NAME, REFERENCE_METADATA, REFERENCE_METADATA_NAME, REFERENCE_METADATA_TYPE)VALUES('ab9905fcb98e4fac9fb427aaf52ac78d','NumUnits','FIELD','f68d77b87e37410ab0ed1cca4d633406','VehElevatorAircraft_Type','c896845db6f640c6bf65093333a64c69','Decimal','PRIMITIVE');
INSERT INTO PUBLIC.OBJECT_FIELD_METADATA (ID, NAME, METADATA_TYPE, PARENT_METADATA,PARENT_METADATA_NAME, REFERENCE_METADATA, REFERENCE_METADATA_NAME, REFERENCE_METADATA_TYPE)VALUES('5176097386a9499c92adc41164bff5e2','VehElevatorAircraft','MODEL_RELATION','c8286a1447f548a885cd3783c3c2dbef','AirportFBOLineBusiness_Type','f68d77b87e37410ab0ed1cca4d633406','VehElevatorAircraft_Type','OBJECT');
INSERT INTO PUBLIC.OBJECT_METADATA (ID, NAME, METADATA_TYPE, REFERENCE_METADATA, REFERENCE_METADATA_NAME) VALUES('23a83d5912a54d0ca9b4669826684442','AdditionalInterest_Type','OBJECT',null,null);
INSERT INTO PUBLIC.OBJECT_METADATA (ID, NAME, METADATA_TYPE, REFERENCE_METADATA, REFERENCE_METADATA_NAME) VALUES('0703babeeea84f058a1b6ed73f76287f','AdditionalInterestInfo_Type','OBJECT',null,null);
INSERT INTO PUBLIC.OBJECT_FIELD_METADATA (ID, NAME, METADATA_TYPE, PARENT_METADATA,PARENT_METADATA_NAME, REFERENCE_METADATA, REFERENCE_METADATA_NAME, REFERENCE_METADATA_TYPE)VALUES('f6e166390a9f4aaf8e3714b970c073c2','InterestRank','FIELD','0703babeeea84f058a1b6ed73f76287f','AdditionalInterestInfo_Type','838cab4e48a54d0bb23ca5ea9db454ab','Long','PRIMITIVE');
INSERT INTO PUBLIC.PRIMITIVE_METADATA (ID, NAME, METADATA_TYPE) VALUES('893b21bd8cc543e0b3c74b7bd0d5f47d','Interest','PRIMITIVE');
INSERT INTO PUBLIC.OBJECT_FIELD_METADATA (ID, NAME, METADATA_TYPE, PARENT_METADATA,PARENT_METADATA_NAME, REFERENCE_METADATA, REFERENCE_METADATA_NAME, REFERENCE_METADATA_TYPE)VALUES('4116ff003dd2443e91db9447f217e20c','NatureInterestCd','FIELD','0703babeeea84f058a1b6ed73f76287f','AdditionalInterestInfo_Type','893b21bd8cc543e0b3c74b7bd0d5f47d','Interest','PRIMITIVE');
INSERT INTO PUBLIC.OBJECT_FIELD_METADATA (ID, NAME, METADATA_TYPE, PARENT_METADATA,PARENT_METADATA_NAME, REFERENCE_METADATA, REFERENCE_METADATA_NAME, REFERENCE_METADATA_TYPE)VALUES('45b42008ff2641639a3e652603819df8','FinancedAmt','MODEL_RELATION','0703babeeea84f058a1b6ed73f76287f','AdditionalInterestInfo_Type','4fa89203e94a4637baa0484d19b460c5','CURRENCY','OBJECT');
INSERT INTO PUBLIC.OBJECT_FIELD_METADATA (ID, NAME, METADATA_TYPE, PARENT_METADATA,PARENT_METADATA_NAME, REFERENCE_METADATA, REFERENCE_METADATA_NAME, REFERENCE_METADATA_TYPE)VALUES('debfa2d4e24041e1ac48a6fac7a729da','BillFrequencyCd','FIELD','0703babeeea84f058a1b6ed73f76287f','AdditionalInterestInfo_Type','90030f3dd02843e3b982684d2bd6039d','Frequency','PRIMITIVE');
INSERT INTO PUBLIC.OBJECT_FIELD_METADATA (ID, NAME, METADATA_TYPE, PARENT_METADATA,PARENT_METADATA_NAME, REFERENCE_METADATA, REFERENCE_METADATA_NAME, REFERENCE_METADATA_TYPE)VALUES('41de792a670f492884451b1c56497ed9','CertificateFrequencyCd','FIELD','0703babeeea84f058a1b6ed73f76287f','AdditionalInterestInfo_Type','90030f3dd02843e3b982684d2bd6039d','Frequency','PRIMITIVE');
INSERT INTO PUBLIC.OBJECT_FIELD_METADATA (ID, NAME, METADATA_TYPE, PARENT_METADATA,PARENT_METADATA_NAME, REFERENCE_METADATA, REFERENCE_METADATA_NAME, REFERENCE_METADATA_TYPE)VALUES('2bfdfa63c56b483d974ba11971f56790','InterestIdNumber','FIELD','0703babeeea84f058a1b6ed73f76287f','AdditionalInterestInfo_Type','838cab4e48a54d0bb23ca5ea9db454ab','Long','PRIMITIVE');
INSERT INTO PUBLIC.OBJECT_FIELD_METADATA (ID, NAME, METADATA_TYPE, PARENT_METADATA,PARENT_METADATA_NAME, REFERENCE_METADATA, REFERENCE_METADATA_NAME, REFERENCE_METADATA_TYPE)VALUES('bd1c09fe5fb44b9c9f1f959c597541a1','ReasonDesc','FIELD','0703babeeea84f058a1b6ed73f76287f','AdditionalInterestInfo_Type','395c33ebbd5b40f0aee8a4f93dbedf31','C-Infinite','PRIMITIVE');
INSERT INTO PUBLIC.OBJECT_FIELD_METADATA (ID, NAME, METADATA_TYPE, PARENT_METADATA,PARENT_METADATA_NAME, REFERENCE_METADATA, REFERENCE_METADATA_NAME, REFERENCE_METADATA_TYPE)VALUES('58f75b8d06444d508273babfacbc83ce','CertificateRequiredDt','FIELD','0703babeeea84f058a1b6ed73f76287f','AdditionalInterestInfo_Type','3b0a2ca6cf3a4fb19718e35aa60287cd','Date','PRIMITIVE');
INSERT INTO PUBLIC.OBJECT_FIELD_METADATA (ID, NAME, METADATA_TYPE, PARENT_METADATA,PARENT_METADATA_NAME, REFERENCE_METADATA, REFERENCE_METADATA_NAME, REFERENCE_METADATA_TYPE)VALUES('95e6c228c74b4e18bf20761a0d9c3168','InformationalBillingInd','FIELD','0703babeeea84f058a1b6ed73f76287f','AdditionalInterestInfo_Type','4ffb0bcc3ec946d1af3ef883f4c3a4e6','Boolean','PRIMITIVE');
INSERT INTO PUBLIC.OBJECT_FIELD_METADATA (ID, NAME, METADATA_TYPE, PARENT_METADATA,PARENT_METADATA_NAME, REFERENCE_METADATA, REFERENCE_METADATA_NAME, REFERENCE_METADATA_TYPE)VALUES('090db1f1904f4de39ea8388d7b34a164','CertificateIssuedDt','FIELD','0703babeeea84f058a1b6ed73f76287f','AdditionalInterestInfo_Type','3b0a2ca6cf3a4fb19718e35aa60287cd','Date','PRIMITIVE');
INSERT INTO PUBLIC.OBJECT_FIELD_METADATA (ID, NAME, METADATA_TYPE, PARENT_METADATA,PARENT_METADATA_NAME, REFERENCE_METADATA, REFERENCE_METADATA_NAME, REFERENCE_METADATA_TYPE)VALUES('33b3a98271a2488da78f3ea30fafaf04','WorkCompCoverageInd','FIELD','0703babeeea84f058a1b6ed73f76287f','AdditionalInterestInfo_Type','4ffb0bcc3ec946d1af3ef883f4c3a4e6','Boolean','PRIMITIVE');
INSERT INTO PUBLIC.OBJECT_FIELD_METADATA (ID, NAME, METADATA_TYPE, PARENT_METADATA,PARENT_METADATA_NAME, REFERENCE_METADATA, REFERENCE_METADATA_NAME, REFERENCE_METADATA_TYPE)VALUES('4798ad89f069477faeaf8cc76c92d03f','PolicyIssuedDt','FIELD','0703babeeea84f058a1b6ed73f76287f','AdditionalInterestInfo_Type','3b0a2ca6cf3a4fb19718e35aa60287cd','Date','PRIMITIVE');
INSERT INTO PUBLIC.OBJECT_FIELD_METADATA (ID, NAME, METADATA_TYPE, PARENT_METADATA,PARENT_METADATA_NAME, REFERENCE_METADATA, REFERENCE_METADATA_NAME, REFERENCE_METADATA_TYPE)VALUES('51e2c7a4d1ed4b548942c747d61d3769','PayorInd','FIELD','0703babeeea84f058a1b6ed73f76287f','AdditionalInterestInfo_Type','4ffb0bcc3ec946d1af3ef883f4c3a4e6','Boolean','PRIMITIVE');
INSERT INTO PUBLIC.OBJECT_FIELD_METADATA (ID, NAME, METADATA_TYPE, PARENT_METADATA,PARENT_METADATA_NAME, REFERENCE_METADATA, REFERENCE_METADATA_NAME, REFERENCE_METADATA_TYPE)VALUES('b6d3f36c83634aedb2356eec6f4c007a','AdditionalInterestInfoExt','FIELD','0703babeeea84f058a1b6ed73f76287f','AdditionalInterestInfo_Type',null,null,null);
INSERT INTO PUBLIC.OBJECT_FIELD_METADATA (ID, NAME, METADATA_TYPE, PARENT_METADATA,PARENT_METADATA_NAME, REFERENCE_METADATA, REFERENCE_METADATA_NAME, REFERENCE_METADATA_TYPE)VALUES('deda2ab018344239a49a0862bfad9077','PolicyRequiredDt','FIELD','0703babeeea84f058a1b6ed73f76287f','AdditionalInterestInfo_Type','3b0a2ca6cf3a4fb19718e35aa60287cd','Date','PRIMITIVE');
INSERT INTO PUBLIC.OBJECT_FIELD_METADATA (ID, NAME, METADATA_TYPE, PARENT_METADATA,PARENT_METADATA_NAME, REFERENCE_METADATA, REFERENCE_METADATA_NAME, REFERENCE_METADATA_TYPE)VALUES('20445ea0ee4b46ef942d44c96b926ec4','InterestEndDt','FIELD','0703babeeea84f058a1b6ed73f76287f','AdditionalInterestInfo_Type','3b0a2ca6cf3a4fb19718e35aa60287cd','Date','PRIMITIVE');
INSERT INTO PUBLIC.OBJECT_FIELD_METADATA (ID, NAME, METADATA_TYPE, PARENT_METADATA,PARENT_METADATA_NAME, REFERENCE_METADATA, REFERENCE_METADATA_NAME, REFERENCE_METADATA_TYPE)VALUES('4807659852584ce8999b7d798d46cf38','PolicyFrequencyCd','FIELD','0703babeeea84f058a1b6ed73f76287f','AdditionalInterestInfo_Type','90030f3dd02843e3b982684d2bd6039d','Frequency','PRIMITIVE');
INSERT INTO PUBLIC.OBJECT_FIELD_METADATA (ID, NAME, METADATA_TYPE, PARENT_METADATA,PARENT_METADATA_NAME, REFERENCE_METADATA, REFERENCE_METADATA_NAME, REFERENCE_METADATA_TYPE)VALUES('b288c9589d5341febdd548c8e9858239','AccountNumberId','FIELD','0703babeeea84f058a1b6ed73f76287f','AdditionalInterestInfo_Type','3da4bbbc6bf44d5f941e647b8e8408dc','AssignedIdentifier','PRIMITIVE');
INSERT INTO PUBLIC.OBJECT_FIELD_METADATA (ID, NAME, METADATA_TYPE, PARENT_METADATA,PARENT_METADATA_NAME, REFERENCE_METADATA, REFERENCE_METADATA_NAME, REFERENCE_METADATA_TYPE)VALUES('42bf46f86d0a4a938f2576670348c95b','InterestPct','FIELD','0703babeeea84f058a1b6ed73f76287f','AdditionalInterestInfo_Type','42787ecf7ebe44bdb047ebe0f2268d21','PercentLong','PRIMITIVE');
INSERT INTO PUBLIC.OBJECT_FIELD_METADATA (ID, NAME, METADATA_TYPE, PARENT_METADATA,PARENT_METADATA_NAME, REFERENCE_METADATA, REFERENCE_METADATA_NAME, REFERENCE_METADATA_TYPE)VALUES('ccb7b8ff8e794cf1b286add769d7f149','AdditionalInterestInfo','MODEL_RELATION','23a83d5912a54d0ca9b4669826684442','AdditionalInterest_Type','0703babeeea84f058a1b6ed73f76287f','AdditionalInterestInfo_Type','OBJECT');
INSERT INTO PUBLIC.OBJECT_FIELD_METADATA (ID, NAME, METADATA_TYPE, PARENT_METADATA,PARENT_METADATA_NAME, REFERENCE_METADATA, REFERENCE_METADATA_NAME, REFERENCE_METADATA_TYPE)VALUES('31acf4e215b44700887f659dfecf5d96','GeneralPartyInfo','MODEL_RELATION','23a83d5912a54d0ca9b4669826684442','AdditionalInterest_Type','d95b1cb018eb42c690b817b73cf4d5fa','GeneralPartyInfo_Type','OBJECT');
INSERT INTO PUBLIC.OBJECT_FIELD_METADATA (ID, NAME, METADATA_TYPE, PARENT_METADATA,PARENT_METADATA_NAME, REFERENCE_METADATA, REFERENCE_METADATA_NAME, REFERENCE_METADATA_TYPE)VALUES('ab689a5b0fa94c738e8636e5b1db1471','ItemIdInfo','MODEL_RELATION','23a83d5912a54d0ca9b4669826684442','AdditionalInterest_Type','ba3be0e0317741b08f872c1fca47ad8f','ItemIdInfo_Type','OBJECT');
INSERT INTO PUBLIC.OBJECT_FIELD_METADATA (ID, NAME, METADATA_TYPE, PARENT_METADATA,PARENT_METADATA_NAME, REFERENCE_METADATA, REFERENCE_METADATA_NAME, REFERENCE_METADATA_TYPE)VALUES('c626bda280cd422781ba596719bd7f6d','Link','MODEL_RELATION','23a83d5912a54d0ca9b4669826684442','AdditionalInterest_Type','366dc9a89db94de3b92abf43ef1bf084','Link_Type','OBJECT');
INSERT INTO PUBLIC.OBJECT_FIELD_METADATA (ID, NAME, METADATA_TYPE, PARENT_METADATA,PARENT_METADATA_NAME, REFERENCE_METADATA, REFERENCE_METADATA_NAME, REFERENCE_METADATA_TYPE)VALUES('197163d9badb4b9da8d91f65b3557604','AdditionalInterestExt','FIELD','23a83d5912a54d0ca9b4669826684442','AdditionalInterest_Type',null,null,null);
INSERT INTO PUBLIC.OBJECT_FIELD_METADATA (ID, NAME, METADATA_TYPE, PARENT_METADATA,PARENT_METADATA_NAME, REFERENCE_METADATA, REFERENCE_METADATA_NAME, REFERENCE_METADATA_TYPE)VALUES('60b664e662964bc48e9f02d458aad980','AdditionalInterest','MODEL_RELATION','c8286a1447f548a885cd3783c3c2dbef','AirportFBOLineBusiness_Type','23a83d5912a54d0ca9b4669826684442','AdditionalInterest_Type','OBJECT');
INSERT INTO PUBLIC.OBJECT_METADATA (ID, NAME, METADATA_TYPE, REFERENCE_METADATA, REFERENCE_METADATA_NAME) VALUES('cafd893cc1ec4101a8df78b1c1a8c82e','AuditInfo_Type','OBJECT',null,null);
INSERT INTO PUBLIC.PRIMITIVE_METADATA (ID, NAME, METADATA_TYPE) VALUES('12cb254c1a344343b6b475f5554ed3a4','AuditMethodType','PRIMITIVE');
INSERT INTO PUBLIC.OBJECT_FIELD_METADATA (ID, NAME, METADATA_TYPE, PARENT_METADATA,PARENT_METADATA_NAME, REFERENCE_METADATA, REFERENCE_METADATA_NAME, REFERENCE_METADATA_TYPE)VALUES('c800fcaba9e144c2bd2bf3cf34662ec8','AuditMethodCd','FIELD','cafd893cc1ec4101a8df78b1c1a8c82e','AuditInfo_Type','12cb254c1a344343b6b475f5554ed3a4','AuditMethodType','PRIMITIVE');
INSERT INTO PUBLIC.OBJECT_FIELD_METADATA (ID, NAME, METADATA_TYPE, PARENT_METADATA,PARENT_METADATA_NAME, REFERENCE_METADATA, REFERENCE_METADATA_NAME, REFERENCE_METADATA_TYPE)VALUES('df76c91da687468dad7025c4265f6cf8','MaxSingleTransferAmt','MODEL_RELATION','cafd893cc1ec4101a8df78b1c1a8c82e','AuditInfo_Type','4fa89203e94a4637baa0484d19b460c5','CURRENCY','OBJECT');
INSERT INTO PUBLIC.OBJECT_FIELD_METADATA (ID, NAME, METADATA_TYPE, PARENT_METADATA,PARENT_METADATA_NAME, REFERENCE_METADATA, REFERENCE_METADATA_NAME, REFERENCE_METADATA_TYPE)VALUES('d7aa1ac2facb46309215b2a628e49cbe','AuditFrequencyCd','FIELD','cafd893cc1ec4101a8df78b1c1a8c82e','AuditInfo_Type','90030f3dd02843e3b982684d2bd6039d','Frequency','PRIMITIVE');
INSERT INTO PUBLIC.OBJECT_FIELD_METADATA (ID, NAME, METADATA_TYPE, PARENT_METADATA,PARENT_METADATA_NAME, REFERENCE_METADATA, REFERENCE_METADATA_NAME, REFERENCE_METADATA_TYPE)VALUES('65ffb14e9f91443aa4ca6cfd2ea4cd2e','InventoryFrequencyCd','FIELD','cafd893cc1ec4101a8df78b1c1a8c82e','AuditInfo_Type','90030f3dd02843e3b982684d2bd6039d','Frequency','PRIMITIVE');
INSERT INTO PUBLIC.OBJECT_FIELD_METADATA (ID, NAME, METADATA_TYPE, PARENT_METADATA,PARENT_METADATA_NAME, REFERENCE_METADATA, REFERENCE_METADATA_NAME, REFERENCE_METADATA_TYPE)VALUES('a203ed71f7b5404183b1b2f16da83825','AuditPeriod','MODEL_RELATION','cafd893cc1ec4101a8df78b1c1a8c82e','AuditInfo_Type','2ba28904532b44bfb94bb9bca9b86a8a','DURATION','OBJECT');
INSERT INTO PUBLIC.OBJECT_FIELD_METADATA (ID, NAME, METADATA_TYPE, PARENT_METADATA,PARENT_METADATA_NAME, REFERENCE_METADATA, REFERENCE_METADATA_NAME, REFERENCE_METADATA_TYPE)VALUES('0b9c2a9907944100996671d7340dbbf3','LastInventoryAuditDt','FIELD','cafd893cc1ec4101a8df78b1c1a8c82e','AuditInfo_Type','3b0a2ca6cf3a4fb19718e35aa60287cd','Date','PRIMITIVE');
INSERT INTO PUBLIC.PRIMITIVE_METADATA (ID, NAME, METADATA_TYPE) VALUES('eba8c9d3822a49c985fc86b6aa44950d','AuditSource','PRIMITIVE');
INSERT INTO PUBLIC.OBJECT_FIELD_METADATA (ID, NAME, METADATA_TYPE, PARENT_METADATA,PARENT_METADATA_NAME, REFERENCE_METADATA, REFERENCE_METADATA_NAME, REFERENCE_METADATA_TYPE)VALUES('583432969af34d13969bd4a1bb866686','AuditSourceCd','FIELD','cafd893cc1ec4101a8df78b1c1a8c82e','AuditInfo_Type','eba8c9d3822a49c985fc86b6aa44950d','AuditSource','PRIMITIVE');
INSERT INTO PUBLIC.OBJECT_FIELD_METADATA (ID, NAME, METADATA_TYPE, PARENT_METADATA,PARENT_METADATA_NAME, REFERENCE_METADATA, REFERENCE_METADATA_NAME, REFERENCE_METADATA_TYPE)VALUES('58909c946a554d6fa182b1c58efabebf','EstimatedAuditInd','FIELD','cafd893cc1ec4101a8df78b1c1a8c82e','AuditInfo_Type','4ffb0bcc3ec946d1af3ef883f4c3a4e6','Boolean','PRIMITIVE');
INSERT INTO PUBLIC.OBJECT_FIELD_METADATA (ID, NAME, METADATA_TYPE, PARENT_METADATA,PARENT_METADATA_NAME, REFERENCE_METADATA, REFERENCE_METADATA_NAME, REFERENCE_METADATA_TYPE)VALUES('abe7849890a0448d8048864ca83cc968','PriorInventoryAuditDt','FIELD','cafd893cc1ec4101a8df78b1c1a8c82e','AuditInfo_Type','3b0a2ca6cf3a4fb19718e35aa60287cd','Date','PRIMITIVE');
INSERT INTO PUBLIC.OBJECT_FIELD_METADATA (ID, NAME, METADATA_TYPE, PARENT_METADATA,PARENT_METADATA_NAME, REFERENCE_METADATA, REFERENCE_METADATA_NAME, REFERENCE_METADATA_TYPE)VALUES('7dbc885ac7dd44e0932c1e48d4b9b900','AuditInfoExt','FIELD','cafd893cc1ec4101a8df78b1c1a8c82e','AuditInfo_Type',null,null,null);
INSERT INTO PUBLIC.PRIMITIVE_METADATA (ID, NAME, METADATA_TYPE) VALUES('1527c691ac134cb2950b8af1bf21c2fe','AuditTransactionType','PRIMITIVE');
INSERT INTO PUBLIC.OBJECT_FIELD_METADATA (ID, NAME, METADATA_TYPE, PARENT_METADATA,PARENT_METADATA_NAME, REFERENCE_METADATA, REFERENCE_METADATA_NAME, REFERENCE_METADATA_TYPE)VALUES('9b5631481df14a83891f896248c8e34b','AuditTransactionTypeCd','FIELD','cafd893cc1ec4101a8df78b1c1a8c82e','AuditInfo_Type','1527c691ac134cb2950b8af1bf21c2fe','AuditTransactionType','PRIMITIVE');
INSERT INTO PUBLIC.PRIMITIVE_METADATA (ID, NAME, METADATA_TYPE) VALUES('19f431ef213945ccbcef3cbe39a1aa1d','AuditRendered','PRIMITIVE');
INSERT INTO PUBLIC.OBJECT_FIELD_METADATA (ID, NAME, METADATA_TYPE, PARENT_METADATA,PARENT_METADATA_NAME, REFERENCE_METADATA, REFERENCE_METADATA_NAME, REFERENCE_METADATA_TYPE)VALUES('9b0dd25739934b39a4500e043042002b','AuditRenderedCd','FIELD','cafd893cc1ec4101a8df78b1c1a8c82e','AuditInfo_Type','19f431ef213945ccbcef3cbe39a1aa1d','AuditRendered','PRIMITIVE');
INSERT INTO PUBLIC.OBJECT_FIELD_METADATA (ID, NAME, METADATA_TYPE, PARENT_METADATA,PARENT_METADATA_NAME, REFERENCE_METADATA, REFERENCE_METADATA_NAME, REFERENCE_METADATA_TYPE)VALUES('005e257bbdf2440eb89f3e8dece6fb1f','PriorInventoryAuditAmt','MODEL_RELATION','cafd893cc1ec4101a8df78b1c1a8c82e','AuditInfo_Type','4fa89203e94a4637baa0484d19b460c5','CURRENCY','OBJECT');
INSERT INTO PUBLIC.PRIMITIVE_METADATA (ID, NAME, METADATA_TYPE) VALUES('e389eb7c7e3b42c98df592a421e5b625','AuditType','PRIMITIVE');
INSERT INTO PUBLIC.OBJECT_FIELD_METADATA (ID, NAME, METADATA_TYPE, PARENT_METADATA,PARENT_METADATA_NAME, REFERENCE_METADATA, REFERENCE_METADATA_NAME, REFERENCE_METADATA_TYPE)VALUES('c49fea47ffbc41de8bd20c681d11d159','AuditTypeCd','FIELD','cafd893cc1ec4101a8df78b1c1a8c82e','AuditInfo_Type','e389eb7c7e3b42c98df592a421e5b625','AuditType','PRIMITIVE');
INSERT INTO PUBLIC.PRIMITIVE_METADATA (ID, NAME, METADATA_TYPE) VALUES('af173fd74d644fa2a37ec602c4b2d15b','AuditReview','PRIMITIVE');
INSERT INTO PUBLIC.OBJECT_FIELD_METADATA (ID, NAME, METADATA_TYPE, PARENT_METADATA,PARENT_METADATA_NAME, REFERENCE_METADATA, REFERENCE_METADATA_NAME, REFERENCE_METADATA_TYPE)VALUES('66b2010411794b7e98efb7e362376155','ReviewAuditCd','FIELD','cafd893cc1ec4101a8df78b1c1a8c82e','AuditInfo_Type','af173fd74d644fa2a37ec602c4b2d15b','AuditReview','PRIMITIVE');
INSERT INTO PUBLIC.OBJECT_FIELD_METADATA (ID, NAME, METADATA_TYPE, PARENT_METADATA,PARENT_METADATA_NAME, REFERENCE_METADATA, REFERENCE_METADATA_NAME, REFERENCE_METADATA_TYPE)VALUES('238c347afc924647abebb9065e69b050','LastInventoryAuditAmt','MODEL_RELATION','cafd893cc1ec4101a8df78b1c1a8c82e','AuditInfo_Type','4fa89203e94a4637baa0484d19b460c5','CURRENCY','OBJECT');
INSERT INTO PUBLIC.OBJECT_FIELD_METADATA (ID, NAME, METADATA_TYPE, PARENT_METADATA,PARENT_METADATA_NAME, REFERENCE_METADATA, REFERENCE_METADATA_NAME, REFERENCE_METADATA_TYPE)VALUES('51deb5a5a5b0425cb456eca95ae3691d','ItemIdInfo','MODEL_RELATION','cafd893cc1ec4101a8df78b1c1a8c82e','AuditInfo_Type','ba3be0e0317741b08f872c1fca47ad8f','ItemIdInfo_Type','OBJECT');
INSERT INTO PUBLIC.OBJECT_FIELD_METADATA (ID, NAME, METADATA_TYPE, PARENT_METADATA,PARENT_METADATA_NAME, REFERENCE_METADATA, REFERENCE_METADATA_NAME, REFERENCE_METADATA_TYPE)VALUES('d81d81d5fda34680b7d238c1660afecd','LastCashAuditDt','FIELD','cafd893cc1ec4101a8df78b1c1a8c82e','AuditInfo_Type','3b0a2ca6cf3a4fb19718e35aa60287cd','Date','PRIMITIVE');
INSERT INTO PUBLIC.OBJECT_FIELD_METADATA (ID, NAME, METADATA_TYPE, PARENT_METADATA,PARENT_METADATA_NAME, REFERENCE_METADATA, REFERENCE_METADATA_NAME, REFERENCE_METADATA_TYPE)VALUES('0ad32958d04c47da981322575a983d18','AuditInfo','MODEL_RELATION','c8286a1447f548a885cd3783c3c2dbef','AirportFBOLineBusiness_Type','cafd893cc1ec4101a8df78b1c1a8c82e','AuditInfo_Type','OBJECT');
INSERT INTO PUBLIC.OBJECT_METADATA (ID, NAME, METADATA_TYPE, REFERENCE_METADATA, REFERENCE_METADATA_NAME) VALUES('0def6b4b8914456fbbccac94076c0405','Hangar_Type','OBJECT',null,null);
INSERT INTO PUBLIC.OBJECT_FIELD_METADATA (ID, NAME, METADATA_TYPE, PARENT_METADATA,PARENT_METADATA_NAME, REFERENCE_METADATA, REFERENCE_METADATA_NAME, REFERENCE_METADATA_TYPE)VALUES('b2917ce287ad4d5c87d6ac08c391b758','MaxValueAllAircraftAmt','MODEL_RELATION','0def6b4b8914456fbbccac94076c0405','Hangar_Type','4fa89203e94a4637baa0484d19b460c5','CURRENCY','OBJECT');
INSERT INTO PUBLIC.OBJECT_FIELD_METADATA (ID, NAME, METADATA_TYPE, PARENT_METADATA,PARENT_METADATA_NAME, REFERENCE_METADATA, REFERENCE_METADATA_NAME, REFERENCE_METADATA_TYPE)VALUES('a98274e8933b4b4d862e8e7f56d6a392','StorageItemsDesc','FIELD','0def6b4b8914456fbbccac94076c0405','Hangar_Type','2344631100044813a5126adcfb93e80d','C-255','PRIMITIVE');
INSERT INTO PUBLIC.OBJECT_FIELD_METADATA (ID, NAME, METADATA_TYPE, PARENT_METADATA,PARENT_METADATA_NAME, REFERENCE_METADATA, REFERENCE_METADATA_NAME, REFERENCE_METADATA_TYPE)VALUES('d6bd1cdd21e441c48c4103148e1145e2','Coverage','MODEL_RELATION','0def6b4b8914456fbbccac94076c0405','Hangar_Type','d0675b4bbe674c1fa08297c27c3cb675','Coverage_Type','OBJECT');
INSERT INTO PUBLIC.OBJECT_FIELD_METADATA (ID, NAME, METADATA_TYPE, PARENT_METADATA,PARENT_METADATA_NAME, REFERENCE_METADATA, REFERENCE_METADATA_NAME, REFERENCE_METADATA_TYPE)VALUES('386c92e6d4f742b8b2b3270214a55ee6','CommlCoverage','MODEL_RELATION','0def6b4b8914456fbbccac94076c0405','Hangar_Type','d0675b4bbe674c1fa08297c27c3cb675','Coverage_Type','OBJECT');
INSERT INTO PUBLIC.OBJECT_FIELD_METADATA (ID, NAME, METADATA_TYPE, PARENT_METADATA,PARENT_METADATA_NAME, REFERENCE_METADATA, REFERENCE_METADATA_NAME, REFERENCE_METADATA_TYPE)VALUES('c3569e037c264ab2961042c6d480be3f','CoverageAvailable','MODEL_RELATION','0def6b4b8914456fbbccac94076c0405','Hangar_Type','d0675b4bbe674c1fa08297c27c3cb675','Coverage_Type','OBJECT');
INSERT INTO PUBLIC.OBJECT_FIELD_METADATA (ID, NAME, METADATA_TYPE, PARENT_METADATA,PARENT_METADATA_NAME, REFERENCE_METADATA, REFERENCE_METADATA_NAME, REFERENCE_METADATA_TYPE)VALUES('82e73689edce4ae2a0c3427ae8270470','NumAircraft','FIELD','0def6b4b8914456fbbccac94076c0405','Hangar_Type','838cab4e48a54d0bb23ca5ea9db454ab','Long','PRIMITIVE');
INSERT INTO PUBLIC.OBJECT_FIELD_METADATA (ID, NAME, METADATA_TYPE, PARENT_METADATA,PARENT_METADATA_NAME, REFERENCE_METADATA, REFERENCE_METADATA_NAME, REFERENCE_METADATA_TYPE)VALUES('54a923c6f96f4be681f4db74f3338ef1','HangarDesc','FIELD','0def6b4b8914456fbbccac94076c0405','Hangar_Type','2344631100044813a5126adcfb93e80d','C-255','PRIMITIVE');
INSERT INTO PUBLIC.OBJECT_FIELD_METADATA (ID, NAME, METADATA_TYPE, PARENT_METADATA,PARENT_METADATA_NAME, REFERENCE_METADATA, REFERENCE_METADATA_NAME, REFERENCE_METADATA_TYPE)VALUES('d8f2bf633a344b41b07c12a0cfb142a0','NumHangarsInsured','FIELD','0def6b4b8914456fbbccac94076c0405','Hangar_Type','838cab4e48a54d0bb23ca5ea9db454ab','Long','PRIMITIVE');
INSERT INTO PUBLIC.OBJECT_FIELD_METADATA (ID, NAME, METADATA_TYPE, PARENT_METADATA,PARENT_METADATA_NAME, REFERENCE_METADATA, REFERENCE_METADATA_NAME, REFERENCE_METADATA_TYPE)VALUES('9856c173b9134e19aae9356d65497ec6','HangarExt','FIELD','0def6b4b8914456fbbccac94076c0405','Hangar_Type',null,null,null);
INSERT INTO PUBLIC.OBJECT_FIELD_METADATA (ID, NAME, METADATA_TYPE, PARENT_METADATA,PARENT_METADATA_NAME, REFERENCE_METADATA, REFERENCE_METADATA_NAME, REFERENCE_METADATA_TYPE)VALUES('cf8658ab9df4477799908b43c35b0466','LeasedAccessDesc','FIELD','0def6b4b8914456fbbccac94076c0405','Hangar_Type','2344631100044813a5126adcfb93e80d','C-255','PRIMITIVE');
INSERT INTO PUBLIC.OBJECT_FIELD_METADATA (ID, NAME, METADATA_TYPE, PARENT_METADATA,PARENT_METADATA_NAME, REFERENCE_METADATA, REFERENCE_METADATA_NAME, REFERENCE_METADATA_TYPE)VALUES('497c6abc395f4c08bab39853840c205c','ItemIdInfo','MODEL_RELATION','0def6b4b8914456fbbccac94076c0405','Hangar_Type','ba3be0e0317741b08f872c1fca47ad8f','ItemIdInfo_Type','OBJECT');
INSERT INTO PUBLIC.OBJECT_FIELD_METADATA (ID, NAME, METADATA_TYPE, PARENT_METADATA,PARENT_METADATA_NAME, REFERENCE_METADATA, REFERENCE_METADATA_NAME, REFERENCE_METADATA_TYPE)VALUES('dcec1bcd1d274bb4a47fc43fe24846ce','InsurerName','FIELD','0def6b4b8914456fbbccac94076c0405','Hangar_Type','2344631100044813a5126adcfb93e80d','C-255','PRIMITIVE');
INSERT INTO PUBLIC.OBJECT_FIELD_METADATA (ID, NAME, METADATA_TYPE, PARENT_METADATA,PARENT_METADATA_NAME, REFERENCE_METADATA, REFERENCE_METADATA_NAME, REFERENCE_METADATA_TYPE)VALUES('1d0daf6c1a434cdbadbbb2c828c96ea5','HangarAgreementDesc','FIELD','0def6b4b8914456fbbccac94076c0405','Hangar_Type','2344631100044813a5126adcfb93e80d','C-255','PRIMITIVE');
INSERT INTO PUBLIC.OBJECT_FIELD_METADATA (ID, NAME, METADATA_TYPE, PARENT_METADATA,PARENT_METADATA_NAME, REFERENCE_METADATA, REFERENCE_METADATA_NAME, REFERENCE_METADATA_TYPE)VALUES('63f20cd71fa74eab90a30c3fbac91d0c','OperationsDesc','FIELD','0def6b4b8914456fbbccac94076c0405','Hangar_Type','2344631100044813a5126adcfb93e80d','C-255','PRIMITIVE');
INSERT INTO PUBLIC.OBJECT_METADATA (ID, NAME, METADATA_TYPE, REFERENCE_METADATA, REFERENCE_METADATA_NAME) VALUES('9914ad17104b41e8a6e2910f64d4d720','AircraftOwnedServiced_Type','OBJECT',null,null);
INSERT INTO PUBLIC.OBJECT_FIELD_METADATA (ID, NAME, METADATA_TYPE, PARENT_METADATA,PARENT_METADATA_NAME, REFERENCE_METADATA, REFERENCE_METADATA_NAME, REFERENCE_METADATA_TYPE)VALUES('7bb5608d62ce4f47b90be37cf5a2e8c8','NumAircraft','FIELD','9914ad17104b41e8a6e2910f64d4d720','AircraftOwnedServiced_Type','838cab4e48a54d0bb23ca5ea9db454ab','Long','PRIMITIVE');
INSERT INTO PUBLIC.OBJECT_FIELD_METADATA (ID, NAME, METADATA_TYPE, PARENT_METADATA,PARENT_METADATA_NAME, REFERENCE_METADATA, REFERENCE_METADATA_NAME, REFERENCE_METADATA_TYPE)VALUES('6e2a47513a5d4e50aaf491676a0b645f','Manufacturer','FIELD','9914ad17104b41e8a6e2910f64d4d720','AircraftOwnedServiced_Type','4aa23ceca9374701b7716d432173c7c2','C-50','PRIMITIVE');
INSERT INTO PUBLIC.OBJECT_FIELD_METADATA (ID, NAME, METADATA_TYPE, PARENT_METADATA,PARENT_METADATA_NAME, REFERENCE_METADATA, REFERENCE_METADATA_NAME, REFERENCE_METADATA_TYPE)VALUES('3f0d00b636e14276a86088d5ea0c86ff','Model','FIELD','9914ad17104b41e8a6e2910f64d4d720','AircraftOwnedServiced_Type','4aa23ceca9374701b7716d432173c7c2','C-50','PRIMITIVE');
INSERT INTO PUBLIC.OBJECT_FIELD_METADATA (ID, NAME, METADATA_TYPE, PARENT_METADATA,PARENT_METADATA_NAME, REFERENCE_METADATA, REFERENCE_METADATA_NAME, REFERENCE_METADATA_TYPE)VALUES('7de08eadc21d4206a508db6f90a9a3e3','AircraftOwnedServicedExt','FIELD','9914ad17104b41e8a6e2910f64d4d720','AircraftOwnedServiced_Type',null,null,null);
INSERT INTO PUBLIC.OBJECT_FIELD_METADATA (ID, NAME, METADATA_TYPE, PARENT_METADATA,PARENT_METADATA_NAME, REFERENCE_METADATA, REFERENCE_METADATA_NAME, REFERENCE_METADATA_TYPE)VALUES('e6eba9ffaf51404ca77070064fb4fc23','AircraftOwnedServiced','MODEL_RELATION','0def6b4b8914456fbbccac94076c0405','Hangar_Type','9914ad17104b41e8a6e2910f64d4d720','AircraftOwnedServiced_Type','OBJECT');
INSERT INTO PUBLIC.OBJECT_FIELD_METADATA (ID, NAME, METADATA_TYPE, PARENT_METADATA,PARENT_METADATA_NAME, REFERENCE_METADATA, REFERENCE_METADATA_NAME, REFERENCE_METADATA_TYPE)VALUES('eb86d5904d5d49c68ee9b4437c495b56','QuestionAnswer','MODEL_RELATION','0def6b4b8914456fbbccac94076c0405','Hangar_Type','152fefd4f3054b68b490c1af5c9c284c','QuestionAnswer_Type','OBJECT');
INSERT INTO PUBLIC.OBJECT_FIELD_METADATA (ID, NAME, METADATA_TYPE, PARENT_METADATA,PARENT_METADATA_NAME, REFERENCE_METADATA, REFERENCE_METADATA_NAME, REFERENCE_METADATA_TYPE)VALUES('6039cc3489fd4dcd897417ca42c7c0a0','Link','MODEL_RELATION','0def6b4b8914456fbbccac94076c0405','Hangar_Type','366dc9a89db94de3b92abf43ef1bf084','Link_Type','OBJECT');
INSERT INTO PUBLIC.OBJECT_FIELD_METADATA (ID, NAME, METADATA_TYPE, PARENT_METADATA,PARENT_METADATA_NAME, REFERENCE_METADATA, REFERENCE_METADATA_NAME, REFERENCE_METADATA_TYPE)VALUES('04f97bcac56e4f66b41098f86d760194','NumSpacesLeased','FIELD','0def6b4b8914456fbbccac94076c0405','Hangar_Type','838cab4e48a54d0bb23ca5ea9db454ab','Long','PRIMITIVE');
INSERT INTO PUBLIC.OBJECT_FIELD_METADATA (ID, NAME, METADATA_TYPE, PARENT_METADATA,PARENT_METADATA_NAME, REFERENCE_METADATA, REFERENCE_METADATA_NAME, REFERENCE_METADATA_TYPE)VALUES('0fce3a31ed124a13a552d743da15c54f','Hangar','MODEL_RELATION','c8286a1447f548a885cd3783c3c2dbef','AirportFBOLineBusiness_Type','0def6b4b8914456fbbccac94076c0405','Hangar_Type','OBJECT');
INSERT INTO PUBLIC.OBJECT_FIELD_METADATA (ID, NAME, METADATA_TYPE, PARENT_METADATA,PARENT_METADATA_NAME, REFERENCE_METADATA, REFERENCE_METADATA_NAME, REFERENCE_METADATA_TYPE)VALUES('0d5d944977eb4989b9061a4e12118996','MinPremInd','FIELD','c8286a1447f548a885cd3783c3c2dbef','AirportFBOLineBusiness_Type','4ffb0bcc3ec946d1af3ef883f4c3a4e6','Boolean','PRIMITIVE');
INSERT INTO PUBLIC.OBJECT_FIELD_METADATA (ID, NAME, METADATA_TYPE, PARENT_METADATA,PARENT_METADATA_NAME, REFERENCE_METADATA, REFERENCE_METADATA_NAME, REFERENCE_METADATA_TYPE)VALUES('4184a65ea56d479ba48f3ce62ddb6c99','NetChangeAmt','MODEL_RELATION','c8286a1447f548a885cd3783c3c2dbef','AirportFBOLineBusiness_Type','4fa89203e94a4637baa0484d19b460c5','CURRENCY','OBJECT');
INSERT INTO PUBLIC.OBJECT_FIELD_METADATA (ID, NAME, METADATA_TYPE, PARENT_METADATA,PARENT_METADATA_NAME, REFERENCE_METADATA, REFERENCE_METADATA_NAME, REFERENCE_METADATA_TYPE)VALUES('a68571919e254e6aa8e0196222a33c15','Coverage','MODEL_RELATION','c8286a1447f548a885cd3783c3c2dbef','AirportFBOLineBusiness_Type','d0675b4bbe674c1fa08297c27c3cb675','Coverage_Type','OBJECT');
INSERT INTO PUBLIC.OBJECT_FIELD_METADATA (ID, NAME, METADATA_TYPE, PARENT_METADATA,PARENT_METADATA_NAME, REFERENCE_METADATA, REFERENCE_METADATA_NAME, REFERENCE_METADATA_TYPE)VALUES('b189390d0ba147d6a9250d5b8c030d54','PMACd','FIELD','c8286a1447f548a885cd3783c3c2dbef','AirportFBOLineBusiness_Type','6240ce877a244a73a1253961131c6cc9','IndustryCode_Type','PRIMITIVE');
INSERT INTO PUBLIC.PRIMITIVE_METADATA (ID, NAME, METADATA_TYPE) VALUES('8376159ebcf44685b36391928a67e333','LineOfBusinessSubCode','PRIMITIVE');
INSERT INTO PUBLIC.OBJECT_FIELD_METADATA (ID, NAME, METADATA_TYPE, PARENT_METADATA,PARENT_METADATA_NAME, REFERENCE_METADATA, REFERENCE_METADATA_NAME, REFERENCE_METADATA_TYPE)VALUES('8944fe8991a9482ba2d2142675a74460','LOBSubCd','FIELD','c8286a1447f548a885cd3783c3c2dbef','AirportFBOLineBusiness_Type','8376159ebcf44685b36391928a67e333','LineOfBusinessSubCode','PRIMITIVE');
INSERT INTO PUBLIC.OBJECT_FIELD_METADATA (ID, NAME, METADATA_TYPE, PARENT_METADATA,PARENT_METADATA_NAME, REFERENCE_METADATA, REFERENCE_METADATA_NAME, REFERENCE_METADATA_TYPE)VALUES('8f51a749e0d84ebb8af9da54f6ab8c65','GroupId','FIELD','c8286a1447f548a885cd3783c3c2dbef','AirportFBOLineBusiness_Type','3da4bbbc6bf44d5f941e647b8e8408dc','AssignedIdentifier','PRIMITIVE');
INSERT INTO PUBLIC.OBJECT_FIELD_METADATA (ID, NAME, METADATA_TYPE, PARENT_METADATA,PARENT_METADATA_NAME, REFERENCE_METADATA, REFERENCE_METADATA_NAME, REFERENCE_METADATA_TYPE)VALUES('1c5e39bc24c14f178fb998120efb23fe','CommlCoverage','MODEL_RELATION','c8286a1447f548a885cd3783c3c2dbef','AirportFBOLineBusiness_Type','d0675b4bbe674c1fa08297c27c3cb675','Coverage_Type','OBJECT');
INSERT INTO PUBLIC.PRIMITIVE_METADATA (ID, NAME, METADATA_TYPE) VALUES('3b75decf3cfc42c496d4405220659cf0','LineOfBusiness','PRIMITIVE');
INSERT INTO PUBLIC.OBJECT_FIELD_METADATA (ID, NAME, METADATA_TYPE, PARENT_METADATA,PARENT_METADATA_NAME, REFERENCE_METADATA, REFERENCE_METADATA_NAME, REFERENCE_METADATA_TYPE)VALUES('55af66631cbd449da8d0e3bcb168e57f','LOBCd','FIELD','c8286a1447f548a885cd3783c3c2dbef','AirportFBOLineBusiness_Type','3b75decf3cfc42c496d4405220659cf0','LineOfBusiness','PRIMITIVE');
INSERT INTO PUBLIC.OBJECT_FIELD_METADATA (ID, NAME, METADATA_TYPE, PARENT_METADATA,PARENT_METADATA_NAME, REFERENCE_METADATA, REFERENCE_METADATA_NAME, REFERENCE_METADATA_TYPE)VALUES('daba578dbf4e4b718653de89ff845732','RateEffectiveDt','FIELD','c8286a1447f548a885cd3783c3c2dbef','AirportFBOLineBusiness_Type','3b0a2ca6cf3a4fb19718e35aa60287cd','Date','PRIMITIVE');
INSERT INTO PUBLIC.OBJECT_METADATA (ID, NAME, METADATA_TYPE, REFERENCE_METADATA, REFERENCE_METADATA_NAME) VALUES('6256ba2a194d4b738f2e2a088016ef1c','Airport_Type','OBJECT',null,null);
INSERT INTO PUBLIC.OBJECT_FIELD_METADATA (ID, NAME, METADATA_TYPE, PARENT_METADATA,PARENT_METADATA_NAME, REFERENCE_METADATA, REFERENCE_METADATA_NAME, REFERENCE_METADATA_TYPE)VALUES('c0f180460cab48acbab08094add13ac6','NumArrivalsAirline','FIELD','6256ba2a194d4b738f2e2a088016ef1c','Airport_Type','838cab4e48a54d0bb23ca5ea9db454ab','Long','PRIMITIVE');
INSERT INTO PUBLIC.OBJECT_FIELD_METADATA (ID, NAME, METADATA_TYPE, PARENT_METADATA,PARENT_METADATA_NAME, REFERENCE_METADATA, REFERENCE_METADATA_NAME, REFERENCE_METADATA_TYPE)VALUES('e72d21cd077a4fbbba4a0066c4fe11bd','MaxValueAmt','MODEL_RELATION','6256ba2a194d4b738f2e2a088016ef1c','Airport_Type','4fa89203e94a4637baa0484d19b460c5','CURRENCY','OBJECT');
INSERT INTO PUBLIC.OBJECT_FIELD_METADATA (ID, NAME, METADATA_TYPE, PARENT_METADATA,PARENT_METADATA_NAME, REFERENCE_METADATA, REFERENCE_METADATA_NAME, REFERENCE_METADATA_TYPE)VALUES('7a4ba1bbcfa04c9c961ec9ca897c14b5','Airline','FIELD','6256ba2a194d4b738f2e2a088016ef1c','Airport_Type','556d0fd305d84c408c3f510bdb79e07f','C-60','PRIMITIVE');
INSERT INTO PUBLIC.OBJECT_FIELD_METADATA (ID, NAME, METADATA_TYPE, PARENT_METADATA,PARENT_METADATA_NAME, REFERENCE_METADATA, REFERENCE_METADATA_NAME, REFERENCE_METADATA_TYPE)VALUES('7552d19c06894d9d86d25b3aadbb3bc2','ActivitiesDesc','FIELD','6256ba2a194d4b738f2e2a088016ef1c','Airport_Type','395c33ebbd5b40f0aee8a4f93dbedf31','C-Infinite','PRIMITIVE');
INSERT INTO PUBLIC.OBJECT_METADATA (ID, NAME, METADATA_TYPE, REFERENCE_METADATA, REFERENCE_METADATA_NAME) VALUES('498b4824a3694a8a9f91b198557a4fe6','AirportManagement_Type','OBJECT',null,null);
INSERT INTO PUBLIC.PRIMITIVE_METADATA (ID, NAME, METADATA_TYPE) VALUES('81352489e321443ab875153250fd962a','BusinessOwnerStatus','PRIMITIVE');
INSERT INTO PUBLIC.OBJECT_FIELD_METADATA (ID, NAME, METADATA_TYPE, PARENT_METADATA,PARENT_METADATA_NAME, REFERENCE_METADATA, REFERENCE_METADATA_NAME, REFERENCE_METADATA_TYPE)VALUES('4f9352a102b041f58efabb20e11cf2a9','BusinessOwnerStatusCd','FIELD','498b4824a3694a8a9f91b198557a4fe6','AirportManagement_Type','81352489e321443ab875153250fd962a','BusinessOwnerStatus','PRIMITIVE');
INSERT INTO PUBLIC.OBJECT_FIELD_METADATA (ID, NAME, METADATA_TYPE, PARENT_METADATA,PARENT_METADATA_NAME, REFERENCE_METADATA, REFERENCE_METADATA_NAME, REFERENCE_METADATA_TYPE)VALUES('a220f910470c44caa6b58a3857469c55','EmployeeStatusCd','FIELD','498b4824a3694a8a9f91b198557a4fe6','AirportManagement_Type','da24ae33cbe44771b0a1e46d198e4389','EmployeeStatus','PRIMITIVE');
INSERT INTO PUBLIC.OBJECT_FIELD_METADATA (ID, NAME, METADATA_TYPE, PARENT_METADATA,PARENT_METADATA_NAME, REFERENCE_METADATA, REFERENCE_METADATA_NAME, REFERENCE_METADATA_TYPE)VALUES('c7121a3a898142589a6c5e8dfa25f3eb','BusinessManagerDesc','FIELD','498b4824a3694a8a9f91b198557a4fe6','AirportManagement_Type','2344631100044813a5126adcfb93e80d','C-255','PRIMITIVE');
INSERT INTO PUBLIC.OBJECT_FIELD_METADATA (ID, NAME, METADATA_TYPE, PARENT_METADATA,PARENT_METADATA_NAME, REFERENCE_METADATA, REFERENCE_METADATA_NAME, REFERENCE_METADATA_TYPE)VALUES('522b0009b37d43e5ae9667a273dc44ac','AirportManagementExt','FIELD','498b4824a3694a8a9f91b198557a4fe6','AirportManagement_Type',null,null,null);
INSERT INTO PUBLIC.OBJECT_FIELD_METADATA (ID, NAME, METADATA_TYPE, PARENT_METADATA,PARENT_METADATA_NAME, REFERENCE_METADATA, REFERENCE_METADATA_NAME, REFERENCE_METADATA_TYPE)VALUES('0fdacb92467944cb815cb06f34806667','BusinessManagerExpDesc','FIELD','498b4824a3694a8a9f91b198557a4fe6','AirportManagement_Type','2344631100044813a5126adcfb93e80d','C-255','PRIMITIVE');
INSERT INTO PUBLIC.OBJECT_FIELD_METADATA (ID, NAME, METADATA_TYPE, PARENT_METADATA,PARENT_METADATA_NAME, REFERENCE_METADATA, REFERENCE_METADATA_NAME, REFERENCE_METADATA_TYPE)VALUES('990eec2216a44514998b3d898ae9d1d7','FlightOpManagerDesc','FIELD','498b4824a3694a8a9f91b198557a4fe6','AirportManagement_Type','2344631100044813a5126adcfb93e80d','C-255','PRIMITIVE');
INSERT INTO PUBLIC.OBJECT_FIELD_METADATA (ID, NAME, METADATA_TYPE, PARENT_METADATA,PARENT_METADATA_NAME, REFERENCE_METADATA, REFERENCE_METADATA_NAME, REFERENCE_METADATA_TYPE)VALUES('27fbde557da34206a87f4f43c03f2727','BusinessOwner','FIELD','498b4824a3694a8a9f91b198557a4fe6','AirportManagement_Type','2344631100044813a5126adcfb93e80d','C-255','PRIMITIVE');
INSERT INTO PUBLIC.OBJECT_FIELD_METADATA (ID, NAME, METADATA_TYPE, PARENT_METADATA,PARENT_METADATA_NAME, REFERENCE_METADATA, REFERENCE_METADATA_NAME, REFERENCE_METADATA_TYPE)VALUES('d4af20c28a344959b4e7366f2414fc86','FlightOpManagerExpDesc','FIELD','498b4824a3694a8a9f91b198557a4fe6','AirportManagement_Type','2344631100044813a5126adcfb93e80d','C-255','PRIMITIVE');
INSERT INTO PUBLIC.OBJECT_FIELD_METADATA (ID, NAME, METADATA_TYPE, PARENT_METADATA,PARENT_METADATA_NAME, REFERENCE_METADATA, REFERENCE_METADATA_NAME, REFERENCE_METADATA_TYPE)VALUES('cde760c4177b4fcc9ecc4aab7629a4b0','AirportManagement','MODEL_RELATION','6256ba2a194d4b738f2e2a088016ef1c','Airport_Type','498b4824a3694a8a9f91b198557a4fe6','AirportManagement_Type','OBJECT');
INSERT INTO PUBLIC.OBJECT_FIELD_METADATA (ID, NAME, METADATA_TYPE, PARENT_METADATA,PARENT_METADATA_NAME, REFERENCE_METADATA, REFERENCE_METADATA_NAME, REFERENCE_METADATA_TYPE)VALUES('09827ca179de4143a8e34c18e578279d','ConstructionCostAmt','MODEL_RELATION','6256ba2a194d4b738f2e2a088016ef1c','Airport_Type','4fa89203e94a4637baa0484d19b460c5','CURRENCY','OBJECT');
INSERT INTO PUBLIC.OBJECT_FIELD_METADATA (ID, NAME, METADATA_TYPE, PARENT_METADATA,PARENT_METADATA_NAME, REFERENCE_METADATA, REFERENCE_METADATA_NAME, REFERENCE_METADATA_TYPE)VALUES('05521ee9c72f4c54be18ed67ce99bf26','CoverageAvailable','MODEL_RELATION','6256ba2a194d4b738f2e2a088016ef1c','Airport_Type','d0675b4bbe674c1fa08297c27c3cb675','Coverage_Type','OBJECT');
INSERT INTO PUBLIC.OBJECT_FIELD_METADATA (ID, NAME, METADATA_TYPE, PARENT_METADATA,PARENT_METADATA_NAME, REFERENCE_METADATA, REFERENCE_METADATA_NAME, REFERENCE_METADATA_TYPE)VALUES('d313da1036d04703aaf45afd56cf87d1','AirportOccupancyDesc','FIELD','6256ba2a194d4b738f2e2a088016ef1c','Airport_Type','2344631100044813a5126adcfb93e80d','C-255','PRIMITIVE');
INSERT INTO PUBLIC.PRIMITIVE_METADATA (ID, NAME, METADATA_TYPE) VALUES('69461f49122a41de9aacae7afd8f097a','AirportType','PRIMITIVE');
INSERT INTO PUBLIC.OBJECT_FIELD_METADATA (ID, NAME, METADATA_TYPE, PARENT_METADATA,PARENT_METADATA_NAME, REFERENCE_METADATA, REFERENCE_METADATA_NAME, REFERENCE_METADATA_TYPE)VALUES('fdca4d68c7b849379ed15e30af9ecfa6','AirportTypeCd','FIELD','6256ba2a194d4b738f2e2a088016ef1c','Airport_Type','69461f49122a41de9aacae7afd8f097a','AirportType','PRIMITIVE');
INSERT INTO PUBLIC.OBJECT_FIELD_METADATA (ID, NAME, METADATA_TYPE, PARENT_METADATA,PARENT_METADATA_NAME, REFERENCE_METADATA, REFERENCE_METADATA_NAME, REFERENCE_METADATA_TYPE)VALUES('309dd006e5c143a581b8ce9f58e6735c','Elevation','MODEL_RELATION','6256ba2a194d4b738f2e2a088016ef1c','Airport_Type','1df1057b06734b019460d9f8fb0a43b0','MEASUREMENT','OBJECT');
INSERT INTO PUBLIC.OBJECT_FIELD_METADATA (ID, NAME, METADATA_TYPE, PARENT_METADATA,PARENT_METADATA_NAME, REFERENCE_METADATA, REFERENCE_METADATA_NAME, REFERENCE_METADATA_TYPE)VALUES('d14df6b0337b4a1a9d310ec8465910d5','NumAircraftMilitary','FIELD','6256ba2a194d4b738f2e2a088016ef1c','Airport_Type','838cab4e48a54d0bb23ca5ea9db454ab','Long','PRIMITIVE');
INSERT INTO PUBLIC.OBJECT_FIELD_METADATA (ID, NAME, METADATA_TYPE, PARENT_METADATA,PARENT_METADATA_NAME, REFERENCE_METADATA, REFERENCE_METADATA_NAME, REFERENCE_METADATA_TYPE)VALUES('5ac8d710a918491987ea6050f5648b60','NumArrivalsMilitary','FIELD','6256ba2a194d4b738f2e2a088016ef1c','Airport_Type','838cab4e48a54d0bb23ca5ea9db454ab','Long','PRIMITIVE');
INSERT INTO PUBLIC.OBJECT_FIELD_METADATA (ID, NAME, METADATA_TYPE, PARENT_METADATA,PARENT_METADATA_NAME, REFERENCE_METADATA, REFERENCE_METADATA_NAME, REFERENCE_METADATA_TYPE)VALUES('5f12072ed6d448d3adcbac02b6ea3c9c','AirportTypeDesc','FIELD','6256ba2a194d4b738f2e2a088016ef1c','Airport_Type','2344631100044813a5126adcfb93e80d','C-255','PRIMITIVE');
INSERT INTO PUBLIC.OBJECT_FIELD_METADATA (ID, NAME, METADATA_TYPE, PARENT_METADATA,PARENT_METADATA_NAME, REFERENCE_METADATA, REFERENCE_METADATA_NAME, REFERENCE_METADATA_TYPE)VALUES('7ef39bf98ec7496f9879af9ca77d3481','AirlineEquipment','FIELD','6256ba2a194d4b738f2e2a088016ef1c','Airport_Type','556d0fd305d84c408c3f510bdb79e07f','C-60','PRIMITIVE');
INSERT INTO PUBLIC.OBJECT_FIELD_METADATA (ID, NAME, METADATA_TYPE, PARENT_METADATA,PARENT_METADATA_NAME, REFERENCE_METADATA, REFERENCE_METADATA_NAME, REFERENCE_METADATA_TYPE)VALUES('fcf0f717c8da486e8ab1190cd8b6f294','PremisesDesc','FIELD','6256ba2a194d4b738f2e2a088016ef1c','Airport_Type','4aa23ceca9374701b7716d432173c7c2','C-50','PRIMITIVE');
INSERT INTO PUBLIC.OBJECT_FIELD_METADATA (ID, NAME, METADATA_TYPE, PARENT_METADATA,PARENT_METADATA_NAME, REFERENCE_METADATA, REFERENCE_METADATA_NAME, REFERENCE_METADATA_TYPE)VALUES('7ec9fa0f92534937bb6af6ad6ca07632','QuestionAnswer','MODEL_RELATION','6256ba2a194d4b738f2e2a088016ef1c','Airport_Type','152fefd4f3054b68b490c1af5c9c284c','QuestionAnswer_Type','OBJECT');
INSERT INTO PUBLIC.PRIMITIVE_METADATA (ID, NAME, METADATA_TYPE) VALUES('ddcae991c4aa4f96b65efff6678bdb24','AirportOccupancy','PRIMITIVE');
INSERT INTO PUBLIC.OBJECT_FIELD_METADATA (ID, NAME, METADATA_TYPE, PARENT_METADATA,PARENT_METADATA_NAME, REFERENCE_METADATA, REFERENCE_METADATA_NAME, REFERENCE_METADATA_TYPE)VALUES('72c92fd845e84c609ff7cdb57bdc7795','AirportOccupancyCd','FIELD','6256ba2a194d4b738f2e2a088016ef1c','Airport_Type','ddcae991c4aa4f96b65efff6678bdb24','AirportOccupancy','PRIMITIVE');
INSERT INTO PUBLIC.OBJECT_FIELD_METADATA (ID, NAME, METADATA_TYPE, PARENT_METADATA,PARENT_METADATA_NAME, REFERENCE_METADATA, REFERENCE_METADATA_NAME, REFERENCE_METADATA_TYPE)VALUES('90304233113a42868b7f332fadf5a64c','DistanceToFireStation','MODEL_RELATION','6256ba2a194d4b738f2e2a088016ef1c','Airport_Type','1df1057b06734b019460d9f8fb0a43b0','MEASUREMENT','OBJECT');
INSERT INTO PUBLIC.OBJECT_FIELD_METADATA (ID, NAME, METADATA_TYPE, PARENT_METADATA,PARENT_METADATA_NAME, REFERENCE_METADATA, REFERENCE_METADATA_NAME, REFERENCE_METADATA_TYPE)VALUES('dfb71ac23564435290999375f0d88009','SeaLaneDesc','FIELD','6256ba2a194d4b738f2e2a088016ef1c','Airport_Type','2344631100044813a5126adcfb93e80d','C-255','PRIMITIVE');
INSERT INTO PUBLIC.OBJECT_FIELD_METADATA (ID, NAME, METADATA_TYPE, PARENT_METADATA,PARENT_METADATA_NAME, REFERENCE_METADATA, REFERENCE_METADATA_NAME, REFERENCE_METADATA_TYPE)VALUES('d5956034e133477095bf29a7d04205a0','RecreationalDesc','FIELD','6256ba2a194d4b738f2e2a088016ef1c','Airport_Type','2344631100044813a5126adcfb93e80d','C-255','PRIMITIVE');
INSERT INTO PUBLIC.OBJECT_FIELD_METADATA (ID, NAME, METADATA_TYPE, PARENT_METADATA,PARENT_METADATA_NAME, REFERENCE_METADATA, REFERENCE_METADATA_NAME, REFERENCE_METADATA_TYPE)VALUES('3e87fc5385a14fe6a4e17cbfc3bd21fe','NumBldgs','FIELD','6256ba2a194d4b738f2e2a088016ef1c','Airport_Type','838cab4e48a54d0bb23ca5ea9db454ab','Long','PRIMITIVE');
INSERT INTO PUBLIC.OBJECT_FIELD_METADATA (ID, NAME, METADATA_TYPE, PARENT_METADATA,PARENT_METADATA_NAME, REFERENCE_METADATA, REFERENCE_METADATA_NAME, REFERENCE_METADATA_TYPE)VALUES('0435a30685904d85b91a60e76ee7a072','Coverage','MODEL_RELATION','6256ba2a194d4b738f2e2a088016ef1c','Airport_Type','d0675b4bbe674c1fa08297c27c3cb675','Coverage_Type','OBJECT');
INSERT INTO PUBLIC.OBJECT_FIELD_METADATA (ID, NAME, METADATA_TYPE, PARENT_METADATA,PARENT_METADATA_NAME, REFERENCE_METADATA, REFERENCE_METADATA_NAME, REFERENCE_METADATA_TYPE)VALUES('e4c14c34561d4a45b3cdd986e7a9ffb0','AirportExt','FIELD','6256ba2a194d4b738f2e2a088016ef1c','Airport_Type',null,null,null);
INSERT INTO PUBLIC.OBJECT_FIELD_METADATA (ID, NAME, METADATA_TYPE, PARENT_METADATA,PARENT_METADATA_NAME, REFERENCE_METADATA, REFERENCE_METADATA_NAME, REFERENCE_METADATA_TYPE)VALUES('1bd4f4993f7c4be2aa500fa881852792','CommlCoverage','MODEL_RELATION','6256ba2a194d4b738f2e2a088016ef1c','Airport_Type','d0675b4bbe674c1fa08297c27c3cb675','Coverage_Type','OBJECT');
INSERT INTO PUBLIC.OBJECT_FIELD_METADATA (ID, NAME, METADATA_TYPE, PARENT_METADATA,PARENT_METADATA_NAME, REFERENCE_METADATA, REFERENCE_METADATA_NAME, REFERENCE_METADATA_TYPE)VALUES('be806d81633c45d8b937942041c86da3','AirShowDesc','FIELD','6256ba2a194d4b738f2e2a088016ef1c','Airport_Type','2344631100044813a5126adcfb93e80d','C-255','PRIMITIVE');
INSERT INTO PUBLIC.OBJECT_METADATA (ID, NAME, METADATA_TYPE, REFERENCE_METADATA, REFERENCE_METADATA_NAME) VALUES('72deaaa7c0b4404485ca78bc3b65fe65','Runway_Type','OBJECT',null,null);
INSERT INTO PUBLIC.OBJECT_FIELD_METADATA (ID, NAME, METADATA_TYPE, PARENT_METADATA,PARENT_METADATA_NAME, REFERENCE_METADATA, REFERENCE_METADATA_NAME, REFERENCE_METADATA_TYPE)VALUES('ecf0e310ac0a48aa829647d087190451','Length','MODEL_RELATION','72deaaa7c0b4404485ca78bc3b65fe65','Runway_Type','1df1057b06734b019460d9f8fb0a43b0','MEASUREMENT','OBJECT');
INSERT INTO PUBLIC.PRIMITIVE_METADATA (ID, NAME, METADATA_TYPE) VALUES('39ba0146f8874c4f851529505d5bfa39','RunwayConstruction','PRIMITIVE');
INSERT INTO PUBLIC.OBJECT_FIELD_METADATA (ID, NAME, METADATA_TYPE, PARENT_METADATA,PARENT_METADATA_NAME, REFERENCE_METADATA, REFERENCE_METADATA_NAME, REFERENCE_METADATA_TYPE)VALUES('bf4b456dfddc463fbdb75ccba336ba2f','RunwayConstCd','FIELD','72deaaa7c0b4404485ca78bc3b65fe65','Runway_Type','39ba0146f8874c4f851529505d5bfa39','RunwayConstruction','PRIMITIVE');
INSERT INTO PUBLIC.OBJECT_FIELD_METADATA (ID, NAME, METADATA_TYPE, PARENT_METADATA,PARENT_METADATA_NAME, REFERENCE_METADATA, REFERENCE_METADATA_NAME, REFERENCE_METADATA_TYPE)VALUES('221a2535f2d74a39885e73efaa330dcd','RunwayConstDesc','FIELD','72deaaa7c0b4404485ca78bc3b65fe65','Runway_Type','2344631100044813a5126adcfb93e80d','C-255','PRIMITIVE');
INSERT INTO PUBLIC.OBJECT_FIELD_METADATA (ID, NAME, METADATA_TYPE, PARENT_METADATA,PARENT_METADATA_NAME, REFERENCE_METADATA, REFERENCE_METADATA_NAME, REFERENCE_METADATA_TYPE)VALUES('38e8ec1b29bf4a03897b73fd1fa29bb2','Width','MODEL_RELATION','72deaaa7c0b4404485ca78bc3b65fe65','Runway_Type','1df1057b06734b019460d9f8fb0a43b0','MEASUREMENT','OBJECT');
INSERT INTO PUBLIC.OBJECT_FIELD_METADATA (ID, NAME, METADATA_TYPE, PARENT_METADATA,PARENT_METADATA_NAME, REFERENCE_METADATA, REFERENCE_METADATA_NAME, REFERENCE_METADATA_TYPE)VALUES('6e8656e31c944dc08f83487d1748e2c8','RunwayMaintainDesc','FIELD','72deaaa7c0b4404485ca78bc3b65fe65','Runway_Type','2344631100044813a5126adcfb93e80d','C-255','PRIMITIVE');
INSERT INTO PUBLIC.OBJECT_FIELD_METADATA (ID, NAME, METADATA_TYPE, PARENT_METADATA,PARENT_METADATA_NAME, REFERENCE_METADATA, REFERENCE_METADATA_NAME, REFERENCE_METADATA_TYPE)VALUES('6e621f3ff56e4dcd94460daf92a988c2','RunwayExt','FIELD','72deaaa7c0b4404485ca78bc3b65fe65','Runway_Type',null,null,null);
INSERT INTO PUBLIC.OBJECT_FIELD_METADATA (ID, NAME, METADATA_TYPE, PARENT_METADATA,PARENT_METADATA_NAME, REFERENCE_METADATA, REFERENCE_METADATA_NAME, REFERENCE_METADATA_TYPE)VALUES('8994ddf66f2d45a2a391e6c24229dc96','Runway','MODEL_RELATION','6256ba2a194d4b738f2e2a088016ef1c','Airport_Type','72deaaa7c0b4404485ca78bc3b65fe65','Runway_Type','OBJECT');
INSERT INTO PUBLIC.OBJECT_FIELD_METADATA (ID, NAME, METADATA_TYPE, PARENT_METADATA,PARENT_METADATA_NAME, REFERENCE_METADATA, REFERENCE_METADATA_NAME, REFERENCE_METADATA_TYPE)VALUES('ee244759ab484227bf94c7d299023c0e','NumAircraftGeneral','FIELD','6256ba2a194d4b738f2e2a088016ef1c','Airport_Type','838cab4e48a54d0bb23ca5ea9db454ab','Long','PRIMITIVE');
INSERT INTO PUBLIC.OBJECT_FIELD_METADATA (ID, NAME, METADATA_TYPE, PARENT_METADATA,PARENT_METADATA_NAME, REFERENCE_METADATA, REFERENCE_METADATA_NAME, REFERENCE_METADATA_TYPE)VALUES('2dc5a3ee8b1e4c4fa245c6faa3446fee','ItemIdInfo','MODEL_RELATION','6256ba2a194d4b738f2e2a088016ef1c','Airport_Type','ba3be0e0317741b08f872c1fca47ad8f','ItemIdInfo_Type','OBJECT');
INSERT INTO PUBLIC.OBJECT_FIELD_METADATA (ID, NAME, METADATA_TYPE, PARENT_METADATA,PARENT_METADATA_NAME, REFERENCE_METADATA, REFERENCE_METADATA_NAME, REFERENCE_METADATA_TYPE)VALUES('ba1a6350bf3b4fcab4ebf966589857d5','AirportStorageDesc','FIELD','6256ba2a194d4b738f2e2a088016ef1c','Airport_Type','2344631100044813a5126adcfb93e80d','C-255','PRIMITIVE');
INSERT INTO PUBLIC.PRIMITIVE_METADATA (ID, NAME, METADATA_TYPE) VALUES('94db79f47670426c8f68c2b93a173b7b','AircraftStorage','PRIMITIVE');
INSERT INTO PUBLIC.OBJECT_FIELD_METADATA (ID, NAME, METADATA_TYPE, PARENT_METADATA,PARENT_METADATA_NAME, REFERENCE_METADATA, REFERENCE_METADATA_NAME, REFERENCE_METADATA_TYPE)VALUES('44437251e0fd4301b1b131f9661fba3c','AircraftStorageCd','FIELD','6256ba2a194d4b738f2e2a088016ef1c','Airport_Type','94db79f47670426c8f68c2b93a173b7b','AircraftStorage','PRIMITIVE');
INSERT INTO PUBLIC.OBJECT_METADATA (ID, NAME, METADATA_TYPE, REFERENCE_METADATA, REFERENCE_METADATA_NAME) VALUES('efe423ce211c4a26a5a263362fe5d5fe','ControlTower_Type','OBJECT',null,null);
INSERT INTO PUBLIC.OBJECT_FIELD_METADATA (ID, NAME, METADATA_TYPE, PARENT_METADATA,PARENT_METADATA_NAME, REFERENCE_METADATA, REFERENCE_METADATA_NAME, REFERENCE_METADATA_TYPE)VALUES('ee8de79974d547d983788501aaba5db2','ControlTowerHrs','MODEL_RELATION','efe423ce211c4a26a5a263362fe5d5fe','ControlTower_Type','2ba28904532b44bfb94bb9bca9b86a8a','DURATION','OBJECT');
INSERT INTO PUBLIC.PRIMITIVE_METADATA (ID, NAME, METADATA_TYPE) VALUES('7dc36a22aaa243bc8a6e572c14fe1c4e','EmployeeScheduleType','PRIMITIVE');
INSERT INTO PUBLIC.OBJECT_FIELD_METADATA (ID, NAME, METADATA_TYPE, PARENT_METADATA,PARENT_METADATA_NAME, REFERENCE_METADATA, REFERENCE_METADATA_NAME, REFERENCE_METADATA_TYPE)VALUES('801b9115ab6f412baa00cbdc9fed477a','EmployeeScheduleCd','FIELD','efe423ce211c4a26a5a263362fe5d5fe','ControlTower_Type','7dc36a22aaa243bc8a6e572c14fe1c4e','EmployeeScheduleType','PRIMITIVE');
INSERT INTO PUBLIC.OBJECT_FIELD_METADATA (ID, NAME, METADATA_TYPE, PARENT_METADATA,PARENT_METADATA_NAME, REFERENCE_METADATA, REFERENCE_METADATA_NAME, REFERENCE_METADATA_TYPE)VALUES('6577c00327504b359c3230d9014a3282','ControlTowerExt','FIELD','efe423ce211c4a26a5a263362fe5d5fe','ControlTower_Type',null,null,null);
INSERT INTO PUBLIC.OBJECT_FIELD_METADATA (ID, NAME, METADATA_TYPE, PARENT_METADATA,PARENT_METADATA_NAME, REFERENCE_METADATA, REFERENCE_METADATA_NAME, REFERENCE_METADATA_TYPE)VALUES('9f335baced0d4a85992b2b3972c8f5e2','ControlTower','MODEL_RELATION','6256ba2a194d4b738f2e2a088016ef1c','Airport_Type','efe423ce211c4a26a5a263362fe5d5fe','ControlTower_Type','OBJECT');
INSERT INTO PUBLIC.OBJECT_FIELD_METADATA (ID, NAME, METADATA_TYPE, PARENT_METADATA,PARENT_METADATA_NAME, REFERENCE_METADATA, REFERENCE_METADATA_NAME, REFERENCE_METADATA_TYPE)VALUES('6124182a793a4264900bc9430c3b131f','Link','MODEL_RELATION','6256ba2a194d4b738f2e2a088016ef1c','Airport_Type','366dc9a89db94de3b92abf43ef1bf084','Link_Type','OBJECT');
INSERT INTO PUBLIC.PRIMITIVE_METADATA (ID, NAME, METADATA_TYPE) VALUES('e02d51f1266c4deab00a392ef7925927','ApplicantInterest','PRIMITIVE');
INSERT INTO PUBLIC.OBJECT_FIELD_METADATA (ID, NAME, METADATA_TYPE, PARENT_METADATA,PARENT_METADATA_NAME, REFERENCE_METADATA, REFERENCE_METADATA_NAME, REFERENCE_METADATA_TYPE)VALUES('2f5d63085e2a4cb2b98c8e2241e3a8cc','ApplicantInterestCd','FIELD','6256ba2a194d4b738f2e2a088016ef1c','Airport_Type','e02d51f1266c4deab00a392ef7925927','ApplicantInterest','PRIMITIVE');
INSERT INTO PUBLIC.OBJECT_FIELD_METADATA (ID, NAME, METADATA_TYPE, PARENT_METADATA,PARENT_METADATA_NAME, REFERENCE_METADATA, REFERENCE_METADATA_NAME, REFERENCE_METADATA_TYPE)VALUES('b575ba5fe1df4bbbabe7f5e51b624be4','NumArrivalsGeneral','FIELD','6256ba2a194d4b738f2e2a088016ef1c','Airport_Type','838cab4e48a54d0bb23ca5ea9db454ab','Long','PRIMITIVE');
INSERT INTO PUBLIC.OBJECT_FIELD_METADATA (ID, NAME, METADATA_TYPE, PARENT_METADATA,PARENT_METADATA_NAME, REFERENCE_METADATA, REFERENCE_METADATA_NAME, REFERENCE_METADATA_TYPE)VALUES('0391ad70bc4b473a9ac99c805b294456','NumAircraftAirline','FIELD','6256ba2a194d4b738f2e2a088016ef1c','Airport_Type','838cab4e48a54d0bb23ca5ea9db454ab','Long','PRIMITIVE');
INSERT INTO PUBLIC.OBJECT_FIELD_METADATA (ID, NAME, METADATA_TYPE, PARENT_METADATA,PARENT_METADATA_NAME, REFERENCE_METADATA, REFERENCE_METADATA_NAME, REFERENCE_METADATA_TYPE)VALUES('3d8149c18fb94fe6817653f566d4e9d2','Airport','MODEL_RELATION','c8286a1447f548a885cd3783c3c2dbef','AirportFBOLineBusiness_Type','6256ba2a194d4b738f2e2a088016ef1c','Airport_Type','OBJECT');
INSERT INTO PUBLIC.OBJECT_FIELD_METADATA (ID, NAME, METADATA_TYPE, PARENT_METADATA,PARENT_METADATA_NAME, REFERENCE_METADATA, REFERENCE_METADATA_NAME, REFERENCE_METADATA_TYPE)VALUES('3ecf0418f550401cae57dc4a7ad3bfee','AirportFBOLineBusinessExt','FIELD','c8286a1447f548a885cd3783c3c2dbef','AirportFBOLineBusiness_Type',null,null,null);
INSERT INTO PUBLIC.OBJECT_FIELD_METADATA (ID, NAME, METADATA_TYPE, PARENT_METADATA,PARENT_METADATA_NAME, REFERENCE_METADATA, REFERENCE_METADATA_NAME, REFERENCE_METADATA_TYPE)VALUES('a90dd9f90f974b1e935adf5a05c599f7','AirportFBOLineBusiness','MODEL_RELATION','a8485aa8f7a7481b8828e638330f5291','Policy_Type','c8286a1447f548a885cd3783c3c2dbef','AirportFBOLineBusiness_Type','MODEL');
INSERT INTO PUBLIC.OBJECT_METADATA (ID, NAME, METADATA_TYPE, REFERENCE_METADATA, REFERENCE_METADATA_NAME) VALUES('37bd5b713bf646f8a692830732e80479','PersApplicationInfo_Type','OBJECT',null,null);
INSERT INTO PUBLIC.OBJECT_FIELD_METADATA (ID, NAME, METADATA_TYPE, PARENT_METADATA,PARENT_METADATA_NAME, REFERENCE_METADATA, REFERENCE_METADATA_NAME, REFERENCE_METADATA_TYPE)VALUES('36b52af8d7e0473ea50bd7d41647eac0','KnownSinceDt','FIELD','37bd5b713bf646f8a692830732e80479','PersApplicationInfo_Type','3b0a2ca6cf3a4fb19718e35aa60287cd','Date','PRIMITIVE');
INSERT INTO PUBLIC.OBJECT_FIELD_METADATA (ID, NAME, METADATA_TYPE, PARENT_METADATA,PARENT_METADATA_NAME, REFERENCE_METADATA, REFERENCE_METADATA_NAME, REFERENCE_METADATA_TYPE)VALUES('858f76ca3ba14b2f9d66b4edc21aaeb4','ApplicationReceivedByAgencyDt','FIELD','37bd5b713bf646f8a692830732e80479','PersApplicationInfo_Type','3b0a2ca6cf3a4fb19718e35aa60287cd','Date','PRIMITIVE');
INSERT INTO PUBLIC.OBJECT_FIELD_METADATA (ID, NAME, METADATA_TYPE, PARENT_METADATA,PARENT_METADATA_NAME, REFERENCE_METADATA, REFERENCE_METADATA_NAME, REFERENCE_METADATA_TYPE)VALUES('85a387bd0e554c6d891c99efd61a1d48','CoApplicantWageContinuationPlanName','FIELD','37bd5b713bf646f8a692830732e80479','PersApplicationInfo_Type','2344631100044813a5126adcfb93e80d','C-255','PRIMITIVE');
INSERT INTO PUBLIC.OBJECT_FIELD_METADATA (ID, NAME, METADATA_TYPE, PARENT_METADATA,PARENT_METADATA_NAME, REFERENCE_METADATA, REFERENCE_METADATA_NAME, REFERENCE_METADATA_TYPE)VALUES('0bf75e30667c4f17b332009b7bd42a4b','NumViolations','FIELD','37bd5b713bf646f8a692830732e80479','PersApplicationInfo_Type','838cab4e48a54d0bb23ca5ea9db454ab','Long','PRIMITIVE');
INSERT INTO PUBLIC.OBJECT_FIELD_METADATA (ID, NAME, METADATA_TYPE, PARENT_METADATA,PARENT_METADATA_NAME, REFERENCE_METADATA, REFERENCE_METADATA_NAME, REFERENCE_METADATA_TYPE)VALUES('3350746a88794852896086c3ea9dafd3','LengthTimeCurrentAddr','MODEL_RELATION','37bd5b713bf646f8a692830732e80479','PersApplicationInfo_Type','2ba28904532b44bfb94bb9bca9b86a8a','DURATION','OBJECT');
INSERT INTO PUBLIC.OBJECT_FIELD_METADATA (ID, NAME, METADATA_TYPE, PARENT_METADATA,PARENT_METADATA_NAME, REFERENCE_METADATA, REFERENCE_METADATA_NAME, REFERENCE_METADATA_TYPE)VALUES('bf7276f7319b4f7eaffdf6f471c97a00','AnyLossesAccidentsConvictionsInd','FIELD','37bd5b713bf646f8a692830732e80479','PersApplicationInfo_Type','4ffb0bcc3ec946d1af3ef883f4c3a4e6','Boolean','PRIMITIVE');
INSERT INTO PUBLIC.OBJECT_FIELD_METADATA (ID, NAME, METADATA_TYPE, PARENT_METADATA,PARENT_METADATA_NAME, REFERENCE_METADATA, REFERENCE_METADATA_NAME, REFERENCE_METADATA_TYPE)VALUES('ce538f4c20364cfb83561587fe7597bf','Addr','MODEL_RELATION','37bd5b713bf646f8a692830732e80479','PersApplicationInfo_Type','759d14d8f09b4177b35c09e2f3403b97','Addr_Type','OBJECT');
INSERT INTO PUBLIC.OBJECT_FIELD_METADATA (ID, NAME, METADATA_TYPE, PARENT_METADATA,PARENT_METADATA_NAME, REFERENCE_METADATA, REFERENCE_METADATA_NAME, REFERENCE_METADATA_TYPE)VALUES('d403ffdea41c44ed9de4954acc4b881c','PersApplicationInfoExt','FIELD','37bd5b713bf646f8a692830732e80479','PersApplicationInfo_Type',null,null,null);
INSERT INTO PUBLIC.OBJECT_FIELD_METADATA (ID, NAME, METADATA_TYPE, PARENT_METADATA,PARENT_METADATA_NAME, REFERENCE_METADATA, REFERENCE_METADATA_NAME, REFERENCE_METADATA_TYPE)VALUES('a322bd3f67844810b5e767a3231a5776','ApplicationWrittenDt','FIELD','37bd5b713bf646f8a692830732e80479','PersApplicationInfo_Type','3b0a2ca6cf3a4fb19718e35aa60287cd','Date','PRIMITIVE');
INSERT INTO PUBLIC.OBJECT_FIELD_METADATA (ID, NAME, METADATA_TYPE, PARENT_METADATA,PARENT_METADATA_NAME, REFERENCE_METADATA, REFERENCE_METADATA_NAME, REFERENCE_METADATA_TYPE)VALUES('edf7915ca8f246a6bff36b5a6a15f041','NumVehsInHousehold','FIELD','37bd5b713bf646f8a692830732e80479','PersApplicationInfo_Type','838cab4e48a54d0bb23ca5ea9db454ab','Long','PRIMITIVE');
INSERT INTO PUBLIC.PRIMITIVE_METADATA (ID, NAME, METADATA_TYPE) VALUES('930cfa2fca2e4100999818042f5544a3','ResidenceType','PRIMITIVE');
INSERT INTO PUBLIC.OBJECT_FIELD_METADATA (ID, NAME, METADATA_TYPE, PARENT_METADATA,PARENT_METADATA_NAME, REFERENCE_METADATA, REFERENCE_METADATA_NAME, REFERENCE_METADATA_TYPE)VALUES('d070676dcde046b2810f8e975cf6b4a1','ResidenceTypeCd','FIELD','37bd5b713bf646f8a692830732e80479','PersApplicationInfo_Type','930cfa2fca2e4100999818042f5544a3','ResidenceType','PRIMITIVE');
INSERT INTO PUBLIC.OBJECT_METADATA (ID, NAME, METADATA_TYPE, REFERENCE_METADATA, REFERENCE_METADATA_NAME) VALUES('62dea0ed551148eb87d11648581244f4','CommlParentOrSubsidiaryInfo_Type','OBJECT',null,null);
INSERT INTO PUBLIC.OBJECT_FIELD_METADATA (ID, NAME, METADATA_TYPE, PARENT_METADATA,PARENT_METADATA_NAME, REFERENCE_METADATA, REFERENCE_METADATA_NAME, REFERENCE_METADATA_TYPE)VALUES('01b0f7938cf64af98d423be2fdcdee3a','ForeignGrossSalesAmt','MODEL_RELATION','62dea0ed551148eb87d11648581244f4','CommlParentOrSubsidiaryInfo_Type','4fa89203e94a4637baa0484d19b460c5','CURRENCY','OBJECT');
INSERT INTO PUBLIC.OBJECT_FIELD_METADATA (ID, NAME, METADATA_TYPE, PARENT_METADATA,PARENT_METADATA_NAME, REFERENCE_METADATA, REFERENCE_METADATA_NAME, REFERENCE_METADATA_TYPE)VALUES('eb5aa14eb7324b098c1055d9a6125e4c','CommlParentOrSubsidiaryInfoExt','FIELD','62dea0ed551148eb87d11648581244f4','CommlParentOrSubsidiaryInfo_Type',null,null,null);
INSERT INTO PUBLIC.OBJECT_FIELD_METADATA (ID, NAME, METADATA_TYPE, PARENT_METADATA,PARENT_METADATA_NAME, REFERENCE_METADATA, REFERENCE_METADATA_NAME, REFERENCE_METADATA_TYPE)VALUES('37dfef36622b4e46bedd0e8170e3a854','SubsidiaryAcquiredOrCreatedDt','FIELD','62dea0ed551148eb87d11648581244f4','CommlParentOrSubsidiaryInfo_Type','3b0a2ca6cf3a4fb19718e35aa60287cd','Date','PRIMITIVE');
INSERT INTO PUBLIC.OBJECT_FIELD_METADATA (ID, NAME, METADATA_TYPE, PARENT_METADATA,PARENT_METADATA_NAME, REFERENCE_METADATA, REFERENCE_METADATA_NAME, REFERENCE_METADATA_TYPE)VALUES('a833da1e59ce45b89b12a22dea604230','NumEmployees','FIELD','62dea0ed551148eb87d11648581244f4','CommlParentOrSubsidiaryInfo_Type','838cab4e48a54d0bb23ca5ea9db454ab','Long','PRIMITIVE');
INSERT INTO PUBLIC.OBJECT_FIELD_METADATA (ID, NAME, METADATA_TYPE, PARENT_METADATA,PARENT_METADATA_NAME, REFERENCE_METADATA, REFERENCE_METADATA_NAME, REFERENCE_METADATA_TYPE)VALUES('c65ac7e9398c4686b9d0a0ad76480dbc','OwnedPct','FIELD','62dea0ed551148eb87d11648581244f4','CommlParentOrSubsidiaryInfo_Type','d68704d271534c0a935a3012147640c4','PercentDecimal','PRIMITIVE');
INSERT INTO PUBLIC.OBJECT_FIELD_METADATA (ID, NAME, METADATA_TYPE, PARENT_METADATA,PARENT_METADATA_NAME, REFERENCE_METADATA, REFERENCE_METADATA_NAME, REFERENCE_METADATA_TYPE)VALUES('f26e031fd9d042b2925099f4e6e9d7f5','SubsidiarysAdditionalOwnership','FIELD','62dea0ed551148eb87d11648581244f4','CommlParentOrSubsidiaryInfo_Type','556d0fd305d84c408c3f510bdb79e07f','C-60','PRIMITIVE');
INSERT INTO PUBLIC.OBJECT_FIELD_METADATA (ID, NAME, METADATA_TYPE, PARENT_METADATA,PARENT_METADATA_NAME, REFERENCE_METADATA, REFERENCE_METADATA_NAME, REFERENCE_METADATA_TYPE)VALUES('6eb9d90432b3446cb04324fbbe103c8a','TotalPayrollAmt','MODEL_RELATION','62dea0ed551148eb87d11648581244f4','CommlParentOrSubsidiaryInfo_Type','4fa89203e94a4637baa0484d19b460c5','CURRENCY','OBJECT');
INSERT INTO PUBLIC.OBJECT_METADATA (ID, NAME, METADATA_TYPE, REFERENCE_METADATA, REFERENCE_METADATA_NAME) VALUES('1412eb5b8fd04500a7cedfa63ff25261','OtherOrPriorPolicy_Type','OBJECT',null,null);
INSERT INTO PUBLIC.OBJECT_FIELD_METADATA (ID, NAME, METADATA_TYPE, PARENT_METADATA,PARENT_METADATA_NAME, REFERENCE_METADATA, REFERENCE_METADATA_NAME, REFERENCE_METADATA_TYPE)VALUES('f923c5c5045743aea1af00be05e78210','LengthTimeWithPreviousInsurer','MODEL_RELATION','1412eb5b8fd04500a7cedfa63ff25261','OtherOrPriorPolicy_Type','1df1057b06734b019460d9f8fb0a43b0','MEASUREMENT','OBJECT');
INSERT INTO PUBLIC.OBJECT_FIELD_METADATA (ID, NAME, METADATA_TYPE, PARENT_METADATA,PARENT_METADATA_NAME, REFERENCE_METADATA, REFERENCE_METADATA_NAME, REFERENCE_METADATA_TYPE)VALUES('c4e008b3d26d44a682fc55c61da61d73','MinimumEarnedPct','FIELD','1412eb5b8fd04500a7cedfa63ff25261','OtherOrPriorPolicy_Type','d68704d271534c0a935a3012147640c4','PercentDecimal','PRIMITIVE');
INSERT INTO PUBLIC.OBJECT_FIELD_METADATA (ID, NAME, METADATA_TYPE, PARENT_METADATA,PARENT_METADATA_NAME, REFERENCE_METADATA, REFERENCE_METADATA_NAME, REFERENCE_METADATA_TYPE)VALUES('f49a91b9eced41d0a0bad045feec28d3','ContractTerm','MODEL_RELATION','1412eb5b8fd04500a7cedfa63ff25261','OtherOrPriorPolicy_Type','2ba28904532b44bfb94bb9bca9b86a8a','DURATION','OBJECT');
INSERT INTO PUBLIC.OBJECT_FIELD_METADATA (ID, NAME, METADATA_TYPE, PARENT_METADATA,PARENT_METADATA_NAME, REFERENCE_METADATA, REFERENCE_METADATA_NAME, REFERENCE_METADATA_TYPE)VALUES('3dffe29df1f2442c92cafddb22882253','PriorInsurerReportDt','FIELD','1412eb5b8fd04500a7cedfa63ff25261','OtherOrPriorPolicy_Type','3b0a2ca6cf3a4fb19718e35aa60287cd','Date','PRIMITIVE');
INSERT INTO PUBLIC.OBJECT_FIELD_METADATA (ID, NAME, METADATA_TYPE, PARENT_METADATA,PARENT_METADATA_NAME, REFERENCE_METADATA, REFERENCE_METADATA_NAME, REFERENCE_METADATA_TYPE)VALUES('3f2e1299ff4c4a0b9de9d9c14cb096b7','CompanyProductCd','FIELD','1412eb5b8fd04500a7cedfa63ff25261','OtherOrPriorPolicy_Type','6240ce877a244a73a1253961131c6cc9','IndustryCode_Type','PRIMITIVE');
INSERT INTO PUBLIC.OBJECT_FIELD_METADATA (ID, NAME, METADATA_TYPE, PARENT_METADATA,PARENT_METADATA_NAME, REFERENCE_METADATA, REFERENCE_METADATA_NAME, REFERENCE_METADATA_TYPE)VALUES('909f71b4a4114118ac840f477b7cd5ef','CoverageAvailable','MODEL_RELATION','1412eb5b8fd04500a7cedfa63ff25261','OtherOrPriorPolicy_Type','d0675b4bbe674c1fa08297c27c3cb675','Coverage_Type','OBJECT');
INSERT INTO PUBLIC.PRIMITIVE_METADATA (ID, NAME, METADATA_TYPE) VALUES('6e5e1f550ff04cc6a6febd76edeafad8','ReasonForTransfer','PRIMITIVE');
INSERT INTO PUBLIC.OBJECT_FIELD_METADATA (ID, NAME, METADATA_TYPE, PARENT_METADATA,PARENT_METADATA_NAME, REFERENCE_METADATA, REFERENCE_METADATA_NAME, REFERENCE_METADATA_TYPE)VALUES('1fb408d9db974a9bb85ba93a6c04c344','ReasonForTransferCd','FIELD','1412eb5b8fd04500a7cedfa63ff25261','OtherOrPriorPolicy_Type','6e5e1f550ff04cc6a6febd76edeafad8','ReasonForTransfer','PRIMITIVE');
INSERT INTO PUBLIC.OBJECT_FIELD_METADATA (ID, NAME, METADATA_TYPE, PARENT_METADATA,PARENT_METADATA_NAME, REFERENCE_METADATA, REFERENCE_METADATA_NAME, REFERENCE_METADATA_TYPE)VALUES('5655d497221b4ef1aebc01c757c73ed9','CancelDeclineDt','FIELD','1412eb5b8fd04500a7cedfa63ff25261','OtherOrPriorPolicy_Type','3b0a2ca6cf3a4fb19718e35aa60287cd','Date','PRIMITIVE');
INSERT INTO PUBLIC.OBJECT_FIELD_METADATA (ID, NAME, METADATA_TYPE, PARENT_METADATA,PARENT_METADATA_NAME, REFERENCE_METADATA, REFERENCE_METADATA_NAME, REFERENCE_METADATA_TYPE)VALUES('dd92eaeace0d4297917b3a29d7096271','OriginalInceptionDt','FIELD','1412eb5b8fd04500a7cedfa63ff25261','OtherOrPriorPolicy_Type','3b0a2ca6cf3a4fb19718e35aa60287cd','Date','PRIMITIVE');
INSERT INTO PUBLIC.OBJECT_FIELD_METADATA (ID, NAME, METADATA_TYPE, PARENT_METADATA,PARENT_METADATA_NAME, REFERENCE_METADATA, REFERENCE_METADATA_NAME, REFERENCE_METADATA_TYPE)VALUES('5583c04e8264455ea53d116da1f0da27','ClaimsMadeInfo','MODEL_RELATION','1412eb5b8fd04500a7cedfa63ff25261','OtherOrPriorPolicy_Type','9a886697b8f64399ac2921c9e0c2b766','ClaimsMadeInfo_Type','OBJECT');
INSERT INTO PUBLIC.OBJECT_FIELD_METADATA (ID, NAME, METADATA_TYPE, PARENT_METADATA,PARENT_METADATA_NAME, REFERENCE_METADATA, REFERENCE_METADATA_NAME, REFERENCE_METADATA_TYPE)VALUES('994dcb48187e4d33a07816cdcd0ac87b','NumLosses','FIELD','1412eb5b8fd04500a7cedfa63ff25261','OtherOrPriorPolicy_Type','838cab4e48a54d0bb23ca5ea9db454ab','Long','PRIMITIVE');
INSERT INTO PUBLIC.OBJECT_FIELD_METADATA (ID, NAME, METADATA_TYPE, PARENT_METADATA,PARENT_METADATA_NAME, REFERENCE_METADATA, REFERENCE_METADATA_NAME, REFERENCE_METADATA_TYPE)VALUES('10dbdfd4a6f74c789c6f51c67e4fe2d6','NAICCd','FIELD','1412eb5b8fd04500a7cedfa63ff25261','OtherOrPriorPolicy_Type','6240ce877a244a73a1253961131c6cc9','IndustryCode_Type','PRIMITIVE');
INSERT INTO PUBLIC.PRIMITIVE_METADATA (ID, NAME, METADATA_TYPE) VALUES('175db2330eb748f0a8783ec2f893f61b','OtherPolicyType','PRIMITIVE');
INSERT INTO PUBLIC.OBJECT_FIELD_METADATA (ID, NAME, METADATA_TYPE, PARENT_METADATA,PARENT_METADATA_NAME, REFERENCE_METADATA, REFERENCE_METADATA_NAME, REFERENCE_METADATA_TYPE)VALUES('244a7da5c12747a78a9f7b3e75d2a922','PolicyCd','FIELD','1412eb5b8fd04500a7cedfa63ff25261','OtherOrPriorPolicy_Type','175db2330eb748f0a8783ec2f893f61b','OtherPolicyType','PRIMITIVE');
INSERT INTO PUBLIC.PRIMITIVE_METADATA (ID, NAME, METADATA_TYPE) VALUES('27c251f5ca2a4501b9d8f567adce4089','ReasonTerminated','PRIMITIVE');
INSERT INTO PUBLIC.OBJECT_FIELD_METADATA (ID, NAME, METADATA_TYPE, PARENT_METADATA,PARENT_METADATA_NAME, REFERENCE_METADATA, REFERENCE_METADATA_NAME, REFERENCE_METADATA_TYPE)VALUES('1275e81484074595ba2a2a85ce566749','PolicyTerminatedCd','FIELD','1412eb5b8fd04500a7cedfa63ff25261','OtherOrPriorPolicy_Type','27c251f5ca2a4501b9d8f567adce4089','ReasonTerminated','PRIMITIVE');
INSERT INTO PUBLIC.OBJECT_FIELD_METADATA (ID, NAME, METADATA_TYPE, PARENT_METADATA,PARENT_METADATA_NAME, REFERENCE_METADATA, REFERENCE_METADATA_NAME, REFERENCE_METADATA_TYPE)VALUES('c2ecc192f89a4fe58d1196b9c5742ab2','MinimumEarnedPremiumAmt','MODEL_RELATION','1412eb5b8fd04500a7cedfa63ff25261','OtherOrPriorPolicy_Type','4fa89203e94a4637baa0484d19b460c5','CURRENCY','OBJECT');
INSERT INTO PUBLIC.OBJECT_FIELD_METADATA (ID, NAME, METADATA_TYPE, PARENT_METADATA,PARENT_METADATA_NAME, REFERENCE_METADATA, REFERENCE_METADATA_NAME, REFERENCE_METADATA_TYPE)VALUES('36881961ec164386a47351f0b4e22e79','ConvictionDt','FIELD','1412eb5b8fd04500a7cedfa63ff25261','OtherOrPriorPolicy_Type','3b0a2ca6cf3a4fb19718e35aa60287cd','Date','PRIMITIVE');
INSERT INTO PUBLIC.OBJECT_FIELD_METADATA (ID, NAME, METADATA_TYPE, PARENT_METADATA,PARENT_METADATA_NAME, REFERENCE_METADATA, REFERENCE_METADATA_NAME, REFERENCE_METADATA_TYPE)VALUES('9da2211e108242ca83898573c11517a7','PolicyTerminatedReasonDesc','FIELD','1412eb5b8fd04500a7cedfa63ff25261','OtherOrPriorPolicy_Type','395c33ebbd5b40f0aee8a4f93dbedf31','C-Infinite','PRIMITIVE');
INSERT INTO PUBLIC.OBJECT_FIELD_METADATA (ID, NAME, METADATA_TYPE, PARENT_METADATA,PARENT_METADATA_NAME, REFERENCE_METADATA, REFERENCE_METADATA_NAME, REFERENCE_METADATA_TYPE)VALUES('6181b33e79974602a771e08ac318fd04','PolicyNumber','FIELD','1412eb5b8fd04500a7cedfa63ff25261','OtherOrPriorPolicy_Type','3869bfeb4b5f47c0b4e159b3cfde6d71','C-25','PRIMITIVE');
INSERT INTO PUBLIC.OBJECT_FIELD_METADATA (ID, NAME, METADATA_TYPE, PARENT_METADATA,PARENT_METADATA_NAME, REFERENCE_METADATA, REFERENCE_METADATA_NAME, REFERENCE_METADATA_TYPE)VALUES('840fcdc098cc461b82c3d672f11043b6','ContinuityDt','FIELD','1412eb5b8fd04500a7cedfa63ff25261','OtherOrPriorPolicy_Type','3b0a2ca6cf3a4fb19718e35aa60287cd','Date','PRIMITIVE');
INSERT INTO PUBLIC.OBJECT_FIELD_METADATA (ID, NAME, METADATA_TYPE, PARENT_METADATA,PARENT_METADATA_NAME, REFERENCE_METADATA, REFERENCE_METADATA_NAME, REFERENCE_METADATA_TYPE)VALUES('6fa5dc053fca45daa117559e5a107ea3','PolicyAmt','MODEL_RELATION','1412eb5b8fd04500a7cedfa63ff25261','OtherOrPriorPolicy_Type','4fa89203e94a4637baa0484d19b460c5','CURRENCY','OBJECT');
INSERT INTO PUBLIC.OBJECT_METADATA (ID, NAME, METADATA_TYPE, REFERENCE_METADATA, REFERENCE_METADATA_NAME) VALUES('0d88aa0805824f458ff20ca98d14b3de','FloodWindPolicyInfo_Type','OBJECT',null,null);
INSERT INTO PUBLIC.OBJECT_FIELD_METADATA (ID, NAME, METADATA_TYPE, PARENT_METADATA,PARENT_METADATA_NAME, REFERENCE_METADATA, REFERENCE_METADATA_NAME, REFERENCE_METADATA_TYPE)VALUES('b69e9d71a46c49f291e44bfd6f7d8627','CommunityNumber','FIELD','0d88aa0805824f458ff20ca98d14b3de','FloodWindPolicyInfo_Type','838cab4e48a54d0bb23ca5ea9db454ab','Long','PRIMITIVE');
INSERT INTO PUBLIC.OBJECT_FIELD_METADATA (ID, NAME, METADATA_TYPE, PARENT_METADATA,PARENT_METADATA_NAME, REFERENCE_METADATA, REFERENCE_METADATA_NAME, REFERENCE_METADATA_TYPE)VALUES('8ef92f29c66b4642b1735c705f43be51','FloodPostFirmInd','FIELD','0d88aa0805824f458ff20ca98d14b3de','FloodWindPolicyInfo_Type','4ffb0bcc3ec946d1af3ef883f4c3a4e6','Boolean','PRIMITIVE');
INSERT INTO PUBLIC.PRIMITIVE_METADATA (ID, NAME, METADATA_TYPE) VALUES('af9642ceb0e24b55ba60f5e150ef0021','FormType','PRIMITIVE');
INSERT INTO PUBLIC.OBJECT_FIELD_METADATA (ID, NAME, METADATA_TYPE, PARENT_METADATA,PARENT_METADATA_NAME, REFERENCE_METADATA, REFERENCE_METADATA_NAME, REFERENCE_METADATA_TYPE)VALUES('f205db199bf8451a8482e496bd82c36a','WindFormCd','FIELD','0d88aa0805824f458ff20ca98d14b3de','FloodWindPolicyInfo_Type','af9642ceb0e24b55ba60f5e150ef0021','FormType','PRIMITIVE');
INSERT INTO PUBLIC.OBJECT_FIELD_METADATA (ID, NAME, METADATA_TYPE, PARENT_METADATA,PARENT_METADATA_NAME, REFERENCE_METADATA, REFERENCE_METADATA_NAME, REFERENCE_METADATA_TYPE)VALUES('6e17f29b1580497598e19787063b714b','Elevation','MODEL_RELATION','0d88aa0805824f458ff20ca98d14b3de','FloodWindPolicyInfo_Type','1df1057b06734b019460d9f8fb0a43b0','MEASUREMENT','OBJECT');
INSERT INTO PUBLIC.OBJECT_FIELD_METADATA (ID, NAME, METADATA_TYPE, PARENT_METADATA,PARENT_METADATA_NAME, REFERENCE_METADATA, REFERENCE_METADATA_NAME, REFERENCE_METADATA_TYPE)VALUES('42f353157e05401cbff58eb07918e8ec','FloodFormCd','FIELD','0d88aa0805824f458ff20ca98d14b3de','FloodWindPolicyInfo_Type','af9642ceb0e24b55ba60f5e150ef0021','FormType','PRIMITIVE');
INSERT INTO PUBLIC.OBJECT_FIELD_METADATA (ID, NAME, METADATA_TYPE, PARENT_METADATA,PARENT_METADATA_NAME, REFERENCE_METADATA, REFERENCE_METADATA_NAME, REFERENCE_METADATA_TYPE)VALUES('b2ab55d182f44429b3c227062623c654','FloodWindPolicyInfoExt','FIELD','0d88aa0805824f458ff20ca98d14b3de','FloodWindPolicyInfo_Type',null,null,null);
INSERT INTO PUBLIC.OBJECT_FIELD_METADATA (ID, NAME, METADATA_TYPE, PARENT_METADATA,PARENT_METADATA_NAME, REFERENCE_METADATA, REFERENCE_METADATA_NAME, REFERENCE_METADATA_TYPE)VALUES('74f848cd1b5040c68957c611cfcbb74e','PanelNumber','FIELD','0d88aa0805824f458ff20ca98d14b3de','FloodWindPolicyInfo_Type','e4bca59f12a0471cbc402c5dd9fca121','C-11','PRIMITIVE');
INSERT INTO PUBLIC.PRIMITIVE_METADATA (ID, NAME, METADATA_TYPE) VALUES('47d17c9ac8b045acacd8f964fd205a2b','C-2','PRIMITIVE');
INSERT INTO PUBLIC.OBJECT_FIELD_METADATA (ID, NAME, METADATA_TYPE, PARENT_METADATA,PARENT_METADATA_NAME, REFERENCE_METADATA, REFERENCE_METADATA_NAME, REFERENCE_METADATA_TYPE)VALUES('3d67b95c943d4c78a154205a8a80f0ce','FloodSuffix','FIELD','0d88aa0805824f458ff20ca98d14b3de','FloodWindPolicyInfo_Type','47d17c9ac8b045acacd8f964fd205a2b','C-2','PRIMITIVE');
INSERT INTO PUBLIC.OBJECT_FIELD_METADATA (ID, NAME, METADATA_TYPE, PARENT_METADATA,PARENT_METADATA_NAME, REFERENCE_METADATA, REFERENCE_METADATA_NAME, REFERENCE_METADATA_TYPE)VALUES('c83f47d536794c598e4a6ea65a78adc0','FloodZoneCd','FIELD','0d88aa0805824f458ff20ca98d14b3de','FloodWindPolicyInfo_Type','6240ce877a244a73a1253961131c6cc9','IndustryCode_Type','PRIMITIVE');
INSERT INTO PUBLIC.OBJECT_FIELD_METADATA (ID, NAME, METADATA_TYPE, PARENT_METADATA,PARENT_METADATA_NAME, REFERENCE_METADATA, REFERENCE_METADATA_NAME, REFERENCE_METADATA_TYPE)VALUES('90a82abf10e64336bc928633b43071d6','WindZoneCd','FIELD','0d88aa0805824f458ff20ca98d14b3de','FloodWindPolicyInfo_Type','6240ce877a244a73a1253961131c6cc9','IndustryCode_Type','PRIMITIVE');
INSERT INTO PUBLIC.OBJECT_FIELD_METADATA (ID, NAME, METADATA_TYPE, PARENT_METADATA,PARENT_METADATA_NAME, REFERENCE_METADATA, REFERENCE_METADATA_NAME, REFERENCE_METADATA_TYPE)VALUES('c27392541876486c829e6eec25cef54a','FloodWindPolicyInfo','MODEL_RELATION','1412eb5b8fd04500a7cedfa63ff25261','OtherOrPriorPolicy_Type','0d88aa0805824f458ff20ca98d14b3de','FloodWindPolicyInfo_Type','OBJECT');
INSERT INTO PUBLIC.OBJECT_FIELD_METADATA (ID, NAME, METADATA_TYPE, PARENT_METADATA,PARENT_METADATA_NAME, REFERENCE_METADATA, REFERENCE_METADATA_NAME, REFERENCE_METADATA_TYPE)VALUES('146442dd75cd4d578fcc948ff1ffc634','Coverage','MODEL_RELATION','1412eb5b8fd04500a7cedfa63ff25261','OtherOrPriorPolicy_Type','d0675b4bbe674c1fa08297c27c3cb675','Coverage_Type','OBJECT');
INSERT INTO PUBLIC.OBJECT_FIELD_METADATA (ID, NAME, METADATA_TYPE, PARENT_METADATA,PARENT_METADATA_NAME, REFERENCE_METADATA, REFERENCE_METADATA_NAME, REFERENCE_METADATA_TYPE)VALUES('aa0bd339073f4497be00ff55210a5b1c','LOBSubCd','FIELD','1412eb5b8fd04500a7cedfa63ff25261','OtherOrPriorPolicy_Type','8376159ebcf44685b36391928a67e333','LineOfBusinessSubCode','PRIMITIVE');
INSERT INTO PUBLIC.OBJECT_FIELD_METADATA (ID, NAME, METADATA_TYPE, PARENT_METADATA,PARENT_METADATA_NAME, REFERENCE_METADATA, REFERENCE_METADATA_NAME, REFERENCE_METADATA_TYPE)VALUES('06c51622737b46e2a3cfc21e4b545c8a','PolicyTransferInd','FIELD','1412eb5b8fd04500a7cedfa63ff25261','OtherOrPriorPolicy_Type','4ffb0bcc3ec946d1af3ef883f4c3a4e6','Boolean','PRIMITIVE');
INSERT INTO PUBLIC.OBJECT_FIELD_METADATA (ID, NAME, METADATA_TYPE, PARENT_METADATA,PARENT_METADATA_NAME, REFERENCE_METADATA, REFERENCE_METADATA_NAME, REFERENCE_METADATA_TYPE)VALUES('9501a926fdae4ea1828671cabbf2a592','RatingFactor','FIELD','1412eb5b8fd04500a7cedfa63ff25261','OtherOrPriorPolicy_Type','c896845db6f640c6bf65093333a64c69','Decimal','PRIMITIVE');
INSERT INTO PUBLIC.OBJECT_FIELD_METADATA (ID, NAME, METADATA_TYPE, PARENT_METADATA,PARENT_METADATA_NAME, REFERENCE_METADATA, REFERENCE_METADATA_NAME, REFERENCE_METADATA_TYPE)VALUES('86b4a837846d4d02b3ef48afeafc4804','ExperienceModInd','FIELD','1412eb5b8fd04500a7cedfa63ff25261','OtherOrPriorPolicy_Type','4ffb0bcc3ec946d1af3ef883f4c3a4e6','Boolean','PRIMITIVE');
INSERT INTO PUBLIC.OBJECT_FIELD_METADATA (ID, NAME, METADATA_TYPE, PARENT_METADATA,PARENT_METADATA_NAME, REFERENCE_METADATA, REFERENCE_METADATA_NAME, REFERENCE_METADATA_TYPE)VALUES('271d10f024024402809de4dbbb885c3a','NameInfo','MODEL_RELATION','1412eb5b8fd04500a7cedfa63ff25261','OtherOrPriorPolicy_Type','02f87e48703e4070b19e633337850703','NameInfo_Type','OBJECT');
INSERT INTO PUBLIC.OBJECT_FIELD_METADATA (ID, NAME, METADATA_TYPE, PARENT_METADATA,PARENT_METADATA_NAME, REFERENCE_METADATA, REFERENCE_METADATA_NAME, REFERENCE_METADATA_TYPE)VALUES('aeb5f825381a4fce9a5d344a0e572e71','LOBCd','FIELD','1412eb5b8fd04500a7cedfa63ff25261','OtherOrPriorPolicy_Type','3b75decf3cfc42c496d4405220659cf0','LineOfBusiness','PRIMITIVE');
INSERT INTO PUBLIC.OBJECT_FIELD_METADATA (ID, NAME, METADATA_TYPE, PARENT_METADATA,PARENT_METADATA_NAME, REFERENCE_METADATA, REFERENCE_METADATA_NAME, REFERENCE_METADATA_TYPE)VALUES('44957692d7d24792a21e22db4c4c551d','TotalPaidLossesAmt','MODEL_RELATION','1412eb5b8fd04500a7cedfa63ff25261','OtherOrPriorPolicy_Type','4fa89203e94a4637baa0484d19b460c5','CURRENCY','OBJECT');
INSERT INTO PUBLIC.OBJECT_FIELD_METADATA (ID, NAME, METADATA_TYPE, PARENT_METADATA,PARENT_METADATA_NAME, REFERENCE_METADATA, REFERENCE_METADATA_NAME, REFERENCE_METADATA_TYPE)VALUES('a4a1bf4f76104ad0876392a893300e24','OtherOrPriorPolicyExt','FIELD','1412eb5b8fd04500a7cedfa63ff25261','OtherOrPriorPolicy_Type',null,null,null);
INSERT INTO PUBLIC.OBJECT_FIELD_METADATA (ID, NAME, METADATA_TYPE, PARENT_METADATA,PARENT_METADATA_NAME, REFERENCE_METADATA, REFERENCE_METADATA_NAME, REFERENCE_METADATA_TYPE)VALUES('21b3f419289f48e78babe73e8332aadf','FirstDollarDefenseInd','FIELD','1412eb5b8fd04500a7cedfa63ff25261','OtherOrPriorPolicy_Type','4ffb0bcc3ec946d1af3ef883f4c3a4e6','Boolean','PRIMITIVE');
INSERT INTO PUBLIC.PRIMITIVE_METADATA (ID, NAME, METADATA_TYPE) VALUES('cf5a77523e8f4cccbdb97be5a12c28c4','PolicyType','PRIMITIVE');
INSERT INTO PUBLIC.OBJECT_FIELD_METADATA (ID, NAME, METADATA_TYPE, PARENT_METADATA,PARENT_METADATA_NAME, REFERENCE_METADATA, REFERENCE_METADATA_NAME, REFERENCE_METADATA_TYPE)VALUES('48a0e1c7d95b40958ca9730978691fe8','PolicyTypeCd','FIELD','1412eb5b8fd04500a7cedfa63ff25261','OtherOrPriorPolicy_Type','cf5a77523e8f4cccbdb97be5a12c28c4','PolicyType','PRIMITIVE');
INSERT INTO PUBLIC.OBJECT_FIELD_METADATA (ID, NAME, METADATA_TYPE, PARENT_METADATA,PARENT_METADATA_NAME, REFERENCE_METADATA, REFERENCE_METADATA_NAME, REFERENCE_METADATA_TYPE)VALUES('49b0c306e3a94ce9b6e37faea5945384','LossesDesc','FIELD','1412eb5b8fd04500a7cedfa63ff25261','OtherOrPriorPolicy_Type','395c33ebbd5b40f0aee8a4f93dbedf31','C-Infinite','PRIMITIVE');
INSERT INTO PUBLIC.PRIMITIVE_METADATA (ID, NAME, METADATA_TYPE) VALUES('48e0474aa7824f32bb69d365def6ec5d','ClaimHistoryReportStatus','PRIMITIVE');
INSERT INTO PUBLIC.OBJECT_FIELD_METADATA (ID, NAME, METADATA_TYPE, PARENT_METADATA,PARENT_METADATA_NAME, REFERENCE_METADATA, REFERENCE_METADATA_NAME, REFERENCE_METADATA_TYPE)VALUES('326be7d783a14a4f8ba2e6824332a96b','ClaimHistoryReportStatusCd','FIELD','1412eb5b8fd04500a7cedfa63ff25261','OtherOrPriorPolicy_Type','48e0474aa7824f32bb69d365def6ec5d','ClaimHistoryReportStatus','PRIMITIVE');
INSERT INTO PUBLIC.OBJECT_FIELD_METADATA (ID, NAME, METADATA_TYPE, PARENT_METADATA,PARENT_METADATA_NAME, REFERENCE_METADATA, REFERENCE_METADATA_NAME, REFERENCE_METADATA_TYPE)VALUES('051761b7a9724b4499ca8845faf96ce8','ItemIdInfo','MODEL_RELATION','1412eb5b8fd04500a7cedfa63ff25261','OtherOrPriorPolicy_Type','ba3be0e0317741b08f872c1fca47ad8f','ItemIdInfo_Type','OBJECT');
INSERT INTO PUBLIC.OBJECT_FIELD_METADATA (ID, NAME, METADATA_TYPE, PARENT_METADATA,PARENT_METADATA_NAME, REFERENCE_METADATA, REFERENCE_METADATA_NAME, REFERENCE_METADATA_TYPE)VALUES('ecbfd35dac684c51a7fbc27d75876afb','InsurerName','FIELD','1412eb5b8fd04500a7cedfa63ff25261','OtherOrPriorPolicy_Type','2344631100044813a5126adcfb93e80d','C-255','PRIMITIVE');
INSERT INTO PUBLIC.OBJECT_FIELD_METADATA (ID, NAME, METADATA_TYPE, PARENT_METADATA,PARENT_METADATA_NAME, REFERENCE_METADATA, REFERENCE_METADATA_NAME, REFERENCE_METADATA_TYPE)VALUES('e38a665d1a374f8e8f26043b0e079eea','ReserveTotalAmt','MODEL_RELATION','1412eb5b8fd04500a7cedfa63ff25261','OtherOrPriorPolicy_Type','4fa89203e94a4637baa0484d19b460c5','CURRENCY','OBJECT');
INSERT INTO PUBLIC.OBJECT_FIELD_METADATA (ID, NAME, METADATA_TYPE, PARENT_METADATA,PARENT_METADATA_NAME, REFERENCE_METADATA, REFERENCE_METADATA_NAME, REFERENCE_METADATA_TYPE)VALUES('07afc0098274401c901051c6c20e109f','CLUERefNumber','FIELD','1412eb5b8fd04500a7cedfa63ff25261','OtherOrPriorPolicy_Type','3da4bbbc6bf44d5f941e647b8e8408dc','AssignedIdentifier','PRIMITIVE');
INSERT INTO PUBLIC.OBJECT_FIELD_METADATA (ID, NAME, METADATA_TYPE, PARENT_METADATA,PARENT_METADATA_NAME, REFERENCE_METADATA, REFERENCE_METADATA_NAME, REFERENCE_METADATA_TYPE)VALUES('dd479512cdb74eb2ba32a648724a6e0f','Link','MODEL_RELATION','1412eb5b8fd04500a7cedfa63ff25261','OtherOrPriorPolicy_Type','366dc9a89db94de3b92abf43ef1bf084','Link_Type','OBJECT');
INSERT INTO PUBLIC.OBJECT_FIELD_METADATA (ID, NAME, METADATA_TYPE, PARENT_METADATA,PARENT_METADATA_NAME, REFERENCE_METADATA, REFERENCE_METADATA_NAME, REFERENCE_METADATA_TYPE)VALUES('c54d351a52d64c0f8c7802de99efc0e6','OtherOrPriorPolicy','MODEL_RELATION','62dea0ed551148eb87d11648581244f4','CommlParentOrSubsidiaryInfo_Type','1412eb5b8fd04500a7cedfa63ff25261','OtherOrPriorPolicy_Type','OBJECT');
INSERT INTO PUBLIC.OBJECT_FIELD_METADATA (ID, NAME, METADATA_TYPE, PARENT_METADATA,PARENT_METADATA_NAME, REFERENCE_METADATA, REFERENCE_METADATA_NAME, REFERENCE_METADATA_TYPE)VALUES('60db93593603438998e2a1f7b28c7593','NAICSCd','FIELD','62dea0ed551148eb87d11648581244f4','CommlParentOrSubsidiaryInfo_Type','6240ce877a244a73a1253961131c6cc9','IndustryCode_Type','PRIMITIVE');
INSERT INTO PUBLIC.OBJECT_FIELD_METADATA (ID, NAME, METADATA_TYPE, PARENT_METADATA,PARENT_METADATA_NAME, REFERENCE_METADATA, REFERENCE_METADATA_NAME, REFERENCE_METADATA_TYPE)VALUES('7571a150ba1a4c5a9c7533811fa53927','JurisdictionIncorporation','FIELD','62dea0ed551148eb87d11648581244f4','CommlParentOrSubsidiaryInfo_Type','556d0fd305d84c408c3f510bdb79e07f','C-60','PRIMITIVE');
INSERT INTO PUBLIC.OBJECT_FIELD_METADATA (ID, NAME, METADATA_TYPE, PARENT_METADATA,PARENT_METADATA_NAME, REFERENCE_METADATA, REFERENCE_METADATA_NAME, REFERENCE_METADATA_TYPE)VALUES('ed305275a63d420587ac84a8d6bbb457','BusinessEndDt','FIELD','62dea0ed551148eb87d11648581244f4','CommlParentOrSubsidiaryInfo_Type','3b0a2ca6cf3a4fb19718e35aa60287cd','Date','PRIMITIVE');
INSERT INTO PUBLIC.OBJECT_FIELD_METADATA (ID, NAME, METADATA_TYPE, PARENT_METADATA,PARENT_METADATA_NAME, REFERENCE_METADATA, REFERENCE_METADATA_NAME, REFERENCE_METADATA_TYPE)VALUES('8520991a907a47629c467cc630aebb55','MiscParty','MODEL_RELATION','62dea0ed551148eb87d11648581244f4','CommlParentOrSubsidiaryInfo_Type','0a76585a8ae342d897387f29800d50c8','MiscParty_Type','OBJECT');
INSERT INTO PUBLIC.PRIMITIVE_METADATA (ID, NAME, METADATA_TYPE) VALUES('a07a536c272c4ea1934fc7fd560836c1','NatureOfBusiness','PRIMITIVE');
INSERT INTO PUBLIC.OBJECT_FIELD_METADATA (ID, NAME, METADATA_TYPE, PARENT_METADATA,PARENT_METADATA_NAME, REFERENCE_METADATA, REFERENCE_METADATA_NAME, REFERENCE_METADATA_TYPE)VALUES('388877a88db24f99b1c1e17b999e6607','NatureBusinessCd','FIELD','62dea0ed551148eb87d11648581244f4','CommlParentOrSubsidiaryInfo_Type','a07a536c272c4ea1934fc7fd560836c1','NatureOfBusiness','PRIMITIVE');
INSERT INTO PUBLIC.OBJECT_FIELD_METADATA (ID, NAME, METADATA_TYPE, PARENT_METADATA,PARENT_METADATA_NAME, REFERENCE_METADATA, REFERENCE_METADATA_NAME, REFERENCE_METADATA_TYPE)VALUES('b180778f86b9451f96f8deb8641276e3','AnnualGrossReceiptsAmt','MODEL_RELATION','62dea0ed551148eb87d11648581244f4','CommlParentOrSubsidiaryInfo_Type','4fa89203e94a4637baa0484d19b460c5','CURRENCY','OBJECT');
INSERT INTO PUBLIC.OBJECT_FIELD_METADATA (ID, NAME, METADATA_TYPE, PARENT_METADATA,PARENT_METADATA_NAME, REFERENCE_METADATA, REFERENCE_METADATA_NAME, REFERENCE_METADATA_TYPE)VALUES('340c6478a47f49f68c08572a3bcf5149','RelationshipDesc','FIELD','62dea0ed551148eb87d11648581244f4','CommlParentOrSubsidiaryInfo_Type','2344631100044813a5126adcfb93e80d','C-255','PRIMITIVE');
INSERT INTO PUBLIC.OBJECT_FIELD_METADATA (ID, NAME, METADATA_TYPE, PARENT_METADATA,PARENT_METADATA_NAME, REFERENCE_METADATA, REFERENCE_METADATA_NAME, REFERENCE_METADATA_TYPE)VALUES('f75630f034594e18ab359b5392297af8','NumYrsInBusiness','FIELD','62dea0ed551148eb87d11648581244f4','CommlParentOrSubsidiaryInfo_Type','838cab4e48a54d0bb23ca5ea9db454ab','Long','PRIMITIVE');
INSERT INTO PUBLIC.OBJECT_FIELD_METADATA (ID, NAME, METADATA_TYPE, PARENT_METADATA,PARENT_METADATA_NAME, REFERENCE_METADATA, REFERENCE_METADATA_NAME, REFERENCE_METADATA_TYPE)VALUES('2940b59fdce64fcbbeabe48f6aecda94','BusinessStartDt','FIELD','62dea0ed551148eb87d11648581244f4','CommlParentOrSubsidiaryInfo_Type','3b0a2ca6cf3a4fb19718e35aa60287cd','Date','PRIMITIVE');
INSERT INTO PUBLIC.OBJECT_FIELD_METADATA (ID, NAME, METADATA_TYPE, PARENT_METADATA,PARENT_METADATA_NAME, REFERENCE_METADATA, REFERENCE_METADATA_NAME, REFERENCE_METADATA_TYPE)VALUES('1df2426da4394f998329e92ec5423521','OperationsDesc','FIELD','62dea0ed551148eb87d11648581244f4','CommlParentOrSubsidiaryInfo_Type','2344631100044813a5126adcfb93e80d','C-255','PRIMITIVE');
INSERT INTO PUBLIC.OBJECT_FIELD_METADATA (ID, NAME, METADATA_TYPE, PARENT_METADATA,PARENT_METADATA_NAME, REFERENCE_METADATA, REFERENCE_METADATA_NAME, REFERENCE_METADATA_TYPE)VALUES('b1b6e640e5734bf588b25b9cd16d11a6','SICCd','FIELD','62dea0ed551148eb87d11648581244f4','CommlParentOrSubsidiaryInfo_Type','6240ce877a244a73a1253961131c6cc9','IndustryCode_Type','PRIMITIVE');
INSERT INTO PUBLIC.OBJECT_FIELD_METADATA (ID, NAME, METADATA_TYPE, PARENT_METADATA,PARENT_METADATA_NAME, REFERENCE_METADATA, REFERENCE_METADATA_NAME, REFERENCE_METADATA_TYPE)VALUES('21aa6e8317bb4559bd1b3a1c5990c6ea','RevenuePct','FIELD','62dea0ed551148eb87d11648581244f4','CommlParentOrSubsidiaryInfo_Type','42787ecf7ebe44bdb047ebe0f2268d21','PercentLong','PRIMITIVE');
INSERT INTO PUBLIC.OBJECT_FIELD_METADATA (ID, NAME, METADATA_TYPE, PARENT_METADATA,PARENT_METADATA_NAME, REFERENCE_METADATA, REFERENCE_METADATA_NAME, REFERENCE_METADATA_TYPE)VALUES('1bb32d7f19db4a57afad9900f930f8b5','CommlParentOrSubsidiaryInfo','MODEL_RELATION','37bd5b713bf646f8a692830732e80479','PersApplicationInfo_Type','62dea0ed551148eb87d11648581244f4','CommlParentOrSubsidiaryInfo_Type','OBJECT');
INSERT INTO PUBLIC.OBJECT_FIELD_METADATA (ID, NAME, METADATA_TYPE, PARENT_METADATA,PARENT_METADATA_NAME, REFERENCE_METADATA, REFERENCE_METADATA_NAME, REFERENCE_METADATA_TYPE)VALUES('9a22dcbfbd5a4a03be1b58b324a284a1','CurrentResidenceDt','FIELD','37bd5b713bf646f8a692830732e80479','PersApplicationInfo_Type','3b0a2ca6cf3a4fb19718e35aa60287cd','Date','PRIMITIVE');
INSERT INTO PUBLIC.OBJECT_FIELD_METADATA (ID, NAME, METADATA_TYPE, PARENT_METADATA,PARENT_METADATA_NAME, REFERENCE_METADATA, REFERENCE_METADATA_NAME, REFERENCE_METADATA_TYPE)VALUES('e9c4502a4cc146a98b9166b91074a82c','NumNonChargeableLosses','FIELD','37bd5b713bf646f8a692830732e80479','PersApplicationInfo_Type','838cab4e48a54d0bb23ca5ea9db454ab','Long','PRIMITIVE');
INSERT INTO PUBLIC.OBJECT_FIELD_METADATA (ID, NAME, METADATA_TYPE, PARENT_METADATA,PARENT_METADATA_NAME, REFERENCE_METADATA, REFERENCE_METADATA_NAME, REFERENCE_METADATA_TYPE)VALUES('0ea1d69ba5cd4f71b03f80d217a7ff6c','ApplicantWageContinuationPlanName','FIELD','37bd5b713bf646f8a692830732e80479','PersApplicationInfo_Type','2344631100044813a5126adcfb93e80d','C-255','PRIMITIVE');
INSERT INTO PUBLIC.OBJECT_FIELD_METADATA (ID, NAME, METADATA_TYPE, PARENT_METADATA,PARENT_METADATA_NAME, REFERENCE_METADATA, REFERENCE_METADATA_NAME, REFERENCE_METADATA_TYPE)VALUES('6ab0c0dde2b54dfaa83378f8c675be9e','HouseholdIncomeAmt','MODEL_RELATION','37bd5b713bf646f8a692830732e80479','PersApplicationInfo_Type','4fa89203e94a4637baa0484d19b460c5','CURRENCY','OBJECT');
INSERT INTO PUBLIC.PRIMITIVE_METADATA (ID, NAME, METADATA_TYPE) VALUES('77ae91a749a54264b66dadd4b3abc6a6','Ownership','PRIMITIVE');
INSERT INTO PUBLIC.OBJECT_FIELD_METADATA (ID, NAME, METADATA_TYPE, PARENT_METADATA,PARENT_METADATA_NAME, REFERENCE_METADATA, REFERENCE_METADATA_NAME, REFERENCE_METADATA_TYPE)VALUES('115cc8325c754845a113b19bdeffc75b','ResidenceOwnedRentedCd','FIELD','37bd5b713bf646f8a692830732e80479','PersApplicationInfo_Type','77ae91a749a54264b66dadd4b3abc6a6','Ownership','PRIMITIVE');
INSERT INTO PUBLIC.OBJECT_FIELD_METADATA (ID, NAME, METADATA_TYPE, PARENT_METADATA,PARENT_METADATA_NAME, REFERENCE_METADATA, REFERENCE_METADATA_NAME, REFERENCE_METADATA_TYPE)VALUES('a6af71c406734761bb7c1d33da1f3c29','LengthTimePreviousAddr','MODEL_RELATION','37bd5b713bf646f8a692830732e80479','PersApplicationInfo_Type','2ba28904532b44bfb94bb9bca9b86a8a','DURATION','OBJECT');
INSERT INTO PUBLIC.OBJECT_FIELD_METADATA (ID, NAME, METADATA_TYPE, PARENT_METADATA,PARENT_METADATA_NAME, REFERENCE_METADATA, REFERENCE_METADATA_NAME, REFERENCE_METADATA_TYPE)VALUES('e2598d9a72f44f52a009900b50ccf747','PersApplicationInfo','MODEL_RELATION','a8485aa8f7a7481b8828e638330f5291','Policy_Type','37bd5b713bf646f8a692830732e80479','PersApplicationInfo_Type','OBJECT');
INSERT INTO PUBLIC.OBJECT_FIELD_METADATA (ID, NAME, METADATA_TYPE, PARENT_METADATA,PARENT_METADATA_NAME, REFERENCE_METADATA, REFERENCE_METADATA_NAME, REFERENCE_METADATA_TYPE)VALUES('0bbebe03f269431295c9f8a173d6f2fe','FutureEffDateInd','FIELD','a8485aa8f7a7481b8828e638330f5291','Policy_Type','4ffb0bcc3ec946d1af3ef883f4c3a4e6','Boolean','PRIMITIVE');
INSERT INTO PUBLIC.OBJECT_FIELD_METADATA (ID, NAME, METADATA_TYPE, PARENT_METADATA,PARENT_METADATA_NAME, REFERENCE_METADATA, REFERENCE_METADATA_NAME, REFERENCE_METADATA_TYPE)VALUES('156c3da5137342278f03aa42de742408','AssignedRiskFacilityCd','FIELD','a8485aa8f7a7481b8828e638330f5291','Policy_Type','6240ce877a244a73a1253961131c6cc9','IndustryCode_Type','PRIMITIVE');
INSERT INTO PUBLIC.OBJECT_FIELD_METADATA (ID, NAME, METADATA_TYPE, PARENT_METADATA,PARENT_METADATA_NAME, REFERENCE_METADATA, REFERENCE_METADATA_NAME, REFERENCE_METADATA_TYPE)VALUES('7cd7b5fa18914aaca9805200f236071b','CoverageAvailable','MODEL_RELATION','a8485aa8f7a7481b8828e638330f5291','Policy_Type','d0675b4bbe674c1fa08297c27c3cb675','Coverage_Type','OBJECT');
INSERT INTO PUBLIC.OBJECT_METADATA (ID, NAME, METADATA_TYPE, REFERENCE_METADATA, REFERENCE_METADATA_NAME) VALUES('ea1d0bd10fe14e7aabcf1edf316ab859','PersAutoLineBusiness_Type','MODEL',null,null);
INSERT INTO PUBLIC.OBJECT_FIELD_METADATA (ID, NAME, METADATA_TYPE, PARENT_METADATA,PARENT_METADATA_NAME, REFERENCE_METADATA, REFERENCE_METADATA_NAME, REFERENCE_METADATA_TYPE)VALUES('6089e0b00e934956a163505033f37ecf','WrittenAmt','MODEL_RELATION','ea1d0bd10fe14e7aabcf1edf316ab859','PersAutoLineBusiness_Type','4fa89203e94a4637baa0484d19b460c5','CURRENCY','OBJECT');
INSERT INTO PUBLIC.OBJECT_FIELD_METADATA (ID, NAME, METADATA_TYPE, PARENT_METADATA,PARENT_METADATA_NAME, REFERENCE_METADATA, REFERENCE_METADATA_NAME, REFERENCE_METADATA_TYPE)VALUES('9e2a8297a9f34473a990b8aa50de147f','RoadsideAssistProviderCd','FIELD','ea1d0bd10fe14e7aabcf1edf316ab859','PersAutoLineBusiness_Type','6240ce877a244a73a1253961131c6cc9','IndustryCode_Type','PRIMITIVE');
INSERT INTO PUBLIC.OBJECT_FIELD_METADATA (ID, NAME, METADATA_TYPE, PARENT_METADATA,PARENT_METADATA_NAME, REFERENCE_METADATA, REFERENCE_METADATA_NAME, REFERENCE_METADATA_TYPE)VALUES('7cea0b766fcb4734a3d115972f1bb736','HazardGradeInfo','MODEL_RELATION','ea1d0bd10fe14e7aabcf1edf316ab859','PersAutoLineBusiness_Type','27cb6123ae2a4e5da40275f0c5716a86','HazardGradeInfo_Type','OBJECT');
INSERT INTO PUBLIC.OBJECT_METADATA (ID, NAME, METADATA_TYPE, REFERENCE_METADATA, REFERENCE_METADATA_NAME) VALUES('a642f88f7cbb45dcb8077b7cc5d6dc67','Driver_Type','OBJECT',null,null);
INSERT INTO PUBLIC.OBJECT_FIELD_METADATA (ID, NAME, METADATA_TYPE, PARENT_METADATA,PARENT_METADATA_NAME, REFERENCE_METADATA, REFERENCE_METADATA_NAME, REFERENCE_METADATA_TYPE)VALUES('01def6121e3248ad958a28e58f7902e5','GeneralPartyInfo','MODEL_RELATION','a642f88f7cbb45dcb8077b7cc5d6dc67','Driver_Type','d95b1cb018eb42c690b817b73cf4d5fa','GeneralPartyInfo_Type','OBJECT');
INSERT INTO PUBLIC.OBJECT_FIELD_METADATA (ID, NAME, METADATA_TYPE, PARENT_METADATA,PARENT_METADATA_NAME, REFERENCE_METADATA, REFERENCE_METADATA_NAME, REFERENCE_METADATA_TYPE)VALUES('496bbb179e6a451fa61483b87048df61','DriverExt','FIELD','a642f88f7cbb45dcb8077b7cc5d6dc67','Driver_Type',null,null,null);
INSERT INTO PUBLIC.OBJECT_FIELD_METADATA (ID, NAME, METADATA_TYPE, PARENT_METADATA,PARENT_METADATA_NAME, REFERENCE_METADATA, REFERENCE_METADATA_NAME, REFERENCE_METADATA_TYPE)VALUES('67be89a756c74438ba9fd4c94cb1bf4e','ItemIdInfo','MODEL_RELATION','a642f88f7cbb45dcb8077b7cc5d6dc67','Driver_Type','ba3be0e0317741b08f872c1fca47ad8f','ItemIdInfo_Type','OBJECT');
INSERT INTO PUBLIC.OBJECT_FIELD_METADATA (ID, NAME, METADATA_TYPE, PARENT_METADATA,PARENT_METADATA_NAME, REFERENCE_METADATA, REFERENCE_METADATA_NAME, REFERENCE_METADATA_TYPE)VALUES('46574fe717cf47cd9782b9f060ca7803','Link','MODEL_RELATION','a642f88f7cbb45dcb8077b7cc5d6dc67','Driver_Type','366dc9a89db94de3b92abf43ef1bf084','Link_Type','OBJECT');
INSERT INTO PUBLIC.OBJECT_METADATA (ID, NAME, METADATA_TYPE, REFERENCE_METADATA, REFERENCE_METADATA_NAME) VALUES('cb3da994fb6a41dbb301bf9a68401343','DriverInfo_Type','OBJECT',null,null);
INSERT INTO PUBLIC.OBJECT_FIELD_METADATA (ID, NAME, METADATA_TYPE, PARENT_METADATA,PARENT_METADATA_NAME, REFERENCE_METADATA, REFERENCE_METADATA_NAME, REFERENCE_METADATA_TYPE)VALUES('9aea7c2137864bbcb484f6ee15bca604','PersonInfo','MODEL_RELATION','cb3da994fb6a41dbb301bf9a68401343','DriverInfo_Type','15e297229a9b45379b6259fa7d56404a','PersonInfo_Type','OBJECT');
INSERT INTO PUBLIC.OBJECT_METADATA (ID, NAME, METADATA_TYPE, REFERENCE_METADATA, REFERENCE_METADATA_NAME) VALUES('1780982df4dc4343aa5f47c8b64223ba','DrivingRecordRatingInfo_Type','OBJECT',null,null);
INSERT INTO PUBLIC.OBJECT_FIELD_METADATA (ID, NAME, METADATA_TYPE, PARENT_METADATA,PARENT_METADATA_NAME, REFERENCE_METADATA, REFERENCE_METADATA_NAME, REFERENCE_METADATA_TYPE)VALUES('478e87b5d92342138e7a225b1a22370a','DrivingRecordRatingInfoExt','FIELD','1780982df4dc4343aa5f47c8b64223ba','DrivingRecordRatingInfo_Type',null,null,null);
INSERT INTO PUBLIC.OBJECT_FIELD_METADATA (ID, NAME, METADATA_TYPE, PARENT_METADATA,PARENT_METADATA_NAME, REFERENCE_METADATA, REFERENCE_METADATA_NAME, REFERENCE_METADATA_TYPE)VALUES('4642d8bd96f5432bb260b57297a69a89','DrivingRecCd','FIELD','1780982df4dc4343aa5f47c8b64223ba','DrivingRecordRatingInfo_Type','6240ce877a244a73a1253961131c6cc9','IndustryCode_Type','PRIMITIVE');
INSERT INTO PUBLIC.OBJECT_FIELD_METADATA (ID, NAME, METADATA_TYPE, PARENT_METADATA,PARENT_METADATA_NAME, REFERENCE_METADATA, REFERENCE_METADATA_NAME, REFERENCE_METADATA_TYPE)VALUES('900bb1bb69634b519e34633b1a6cce0d','CoverageCd','FIELD','1780982df4dc4343aa5f47c8b64223ba','DrivingRecordRatingInfo_Type','95d66cc5fb4849db8ff827e892c753b4','Coverages','PRIMITIVE');
INSERT INTO PUBLIC.OBJECT_FIELD_METADATA (ID, NAME, METADATA_TYPE, PARENT_METADATA,PARENT_METADATA_NAME, REFERENCE_METADATA, REFERENCE_METADATA_NAME, REFERENCE_METADATA_TYPE)VALUES('bab12b401c7a49e280ad1cea5558baeb','DrivingRecordRatingInfo','MODEL_RELATION','cb3da994fb6a41dbb301bf9a68401343','DriverInfo_Type','1780982df4dc4343aa5f47c8b64223ba','DrivingRecordRatingInfo_Type','OBJECT');
INSERT INTO PUBLIC.OBJECT_FIELD_METADATA (ID, NAME, METADATA_TYPE, PARENT_METADATA,PARENT_METADATA_NAME, REFERENCE_METADATA, REFERENCE_METADATA_NAME, REFERENCE_METADATA_TYPE)VALUES('e792818d4a0346d69f9e5d88fc014ae8','ExcludedFromUMInd','FIELD','cb3da994fb6a41dbb301bf9a68401343','DriverInfo_Type','4ffb0bcc3ec946d1af3ef883f4c3a4e6','Boolean','PRIMITIVE');
INSERT INTO PUBLIC.OBJECT_METADATA (ID, NAME, METADATA_TYPE, REFERENCE_METADATA, REFERENCE_METADATA_NAME) VALUES('26830fc57f3f47558bfb7444c2e52e23','License_Type','OBJECT',null,null);
INSERT INTO PUBLIC.PRIMITIVE_METADATA (ID, NAME, METADATA_TYPE) VALUES('a5028e4cb1fd4abfa63ccda10eeaf2b7','LicenseSubCode','PRIMITIVE');
INSERT INTO PUBLIC.OBJECT_FIELD_METADATA (ID, NAME, METADATA_TYPE, PARENT_METADATA,PARENT_METADATA_NAME, REFERENCE_METADATA, REFERENCE_METADATA_NAME, REFERENCE_METADATA_TYPE)VALUES('aba20ee4772b440abefd61cf9539e5a4','LicenseSubCd','FIELD','26830fc57f3f47558bfb7444c2e52e23','License_Type','a5028e4cb1fd4abfa63ccda10eeaf2b7','LicenseSubCode','PRIMITIVE');
INSERT INTO PUBLIC.OBJECT_FIELD_METADATA (ID, NAME, METADATA_TYPE, PARENT_METADATA,PARENT_METADATA_NAME, REFERENCE_METADATA, REFERENCE_METADATA_NAME, REFERENCE_METADATA_TYPE)VALUES('09955ef8d7524974941cd7828e9f6b14','LicensePermitNumber','FIELD','26830fc57f3f47558bfb7444c2e52e23','License_Type','43d52c0234024809806a2becf9d18a0f','C-30','PRIMITIVE');
INSERT INTO PUBLIC.OBJECT_FIELD_METADATA (ID, NAME, METADATA_TYPE, PARENT_METADATA,PARENT_METADATA_NAME, REFERENCE_METADATA, REFERENCE_METADATA_NAME, REFERENCE_METADATA_TYPE)VALUES('11d1320c760446e19ee25171dfc345c5','LicenseExt','FIELD','26830fc57f3f47558bfb7444c2e52e23','License_Type',null,null,null);
INSERT INTO PUBLIC.OBJECT_FIELD_METADATA (ID, NAME, METADATA_TYPE, PARENT_METADATA,PARENT_METADATA_NAME, REFERENCE_METADATA, REFERENCE_METADATA_NAME, REFERENCE_METADATA_TYPE)VALUES('cb58310890ba4bd3859cebaaa79629ae','AdjNumLicensePoints','FIELD','26830fc57f3f47558bfb7444c2e52e23','License_Type','838cab4e48a54d0bb23ca5ea9db454ab','Long','PRIMITIVE');
INSERT INTO PUBLIC.OBJECT_FIELD_METADATA (ID, NAME, METADATA_TYPE, PARENT_METADATA,PARENT_METADATA_NAME, REFERENCE_METADATA, REFERENCE_METADATA_NAME, REFERENCE_METADATA_TYPE)VALUES('3d807660c1a94bd3ac4b7cb66b3642c2','StateProv','FIELD','26830fc57f3f47558bfb7444c2e52e23','License_Type','556d0fd305d84c408c3f510bdb79e07f','C-60','PRIMITIVE');
INSERT INTO PUBLIC.OBJECT_FIELD_METADATA (ID, NAME, METADATA_TYPE, PARENT_METADATA,PARENT_METADATA_NAME, REFERENCE_METADATA, REFERENCE_METADATA_NAME, REFERENCE_METADATA_TYPE)VALUES('701b4fa4f4c44b0bb17fe6c38d742f08','CountryCd','FIELD','26830fc57f3f47558bfb7444c2e52e23','License_Type','6240ce877a244a73a1253961131c6cc9','IndustryCode_Type','PRIMITIVE');
INSERT INTO PUBLIC.PRIMITIVE_METADATA (ID, NAME, METADATA_TYPE) VALUES('9ebe50659861472987eeb2b1874c2731','LicenseStatus','PRIMITIVE');
INSERT INTO PUBLIC.OBJECT_FIELD_METADATA (ID, NAME, METADATA_TYPE, PARENT_METADATA,PARENT_METADATA_NAME, REFERENCE_METADATA, REFERENCE_METADATA_NAME, REFERENCE_METADATA_TYPE)VALUES('3e8b20e84c1c4add8db5350ff4e45c45','LicenseStatusCd','FIELD','26830fc57f3f47558bfb7444c2e52e23','License_Type','9ebe50659861472987eeb2b1874c2731','LicenseStatus','PRIMITIVE');
INSERT INTO PUBLIC.OBJECT_FIELD_METADATA (ID, NAME, METADATA_TYPE, PARENT_METADATA,PARENT_METADATA_NAME, REFERENCE_METADATA, REFERENCE_METADATA_NAME, REFERENCE_METADATA_TYPE)VALUES('fa480d5d0fc74ed387472dc25c9917b4','LicenseClassCd','FIELD','26830fc57f3f47558bfb7444c2e52e23','License_Type','6240ce877a244a73a1253961131c6cc9','IndustryCode_Type','PRIMITIVE');
INSERT INTO PUBLIC.OBJECT_FIELD_METADATA (ID, NAME, METADATA_TYPE, PARENT_METADATA,PARENT_METADATA_NAME, REFERENCE_METADATA, REFERENCE_METADATA_NAME, REFERENCE_METADATA_TYPE)VALUES('075528c55a5d437aabcd64747d7810f5','StateProvCd','FIELD','26830fc57f3f47558bfb7444c2e52e23','License_Type','6240ce877a244a73a1253961131c6cc9','IndustryCode_Type','PRIMITIVE');
INSERT INTO PUBLIC.OBJECT_FIELD_METADATA (ID, NAME, METADATA_TYPE, PARENT_METADATA,PARENT_METADATA_NAME, REFERENCE_METADATA, REFERENCE_METADATA_NAME, REFERENCE_METADATA_TYPE)VALUES('3f9258307a6d4753b6b347e6a8a2347b','County','FIELD','26830fc57f3f47558bfb7444c2e52e23','License_Type','4aa23ceca9374701b7716d432173c7c2','C-50','PRIMITIVE');
INSERT INTO PUBLIC.OBJECT_FIELD_METADATA (ID, NAME, METADATA_TYPE, PARENT_METADATA,PARENT_METADATA_NAME, REFERENCE_METADATA, REFERENCE_METADATA_NAME, REFERENCE_METADATA_TYPE)VALUES('479a7ff96eef4598b47db92432cd1a60','SuspensionRevocationDesc','FIELD','26830fc57f3f47558bfb7444c2e52e23','License_Type','2344631100044813a5126adcfb93e80d','C-255','PRIMITIVE');
INSERT INTO PUBLIC.OBJECT_FIELD_METADATA (ID, NAME, METADATA_TYPE, PARENT_METADATA,PARENT_METADATA_NAME, REFERENCE_METADATA, REFERENCE_METADATA_NAME, REFERENCE_METADATA_TYPE)VALUES('8ab981f11d1748a5b246eca29c943bcb','LicenseTypeDesc','FIELD','26830fc57f3f47558bfb7444c2e52e23','License_Type','2344631100044813a5126adcfb93e80d','C-255','PRIMITIVE');
INSERT INTO PUBLIC.OBJECT_FIELD_METADATA (ID, NAME, METADATA_TYPE, PARENT_METADATA,PARENT_METADATA_NAME, REFERENCE_METADATA, REFERENCE_METADATA_NAME, REFERENCE_METADATA_TYPE)VALUES('fe29125f81b1470e8ef116769d4ba0c3','TotalNumLicensePoints','FIELD','26830fc57f3f47558bfb7444c2e52e23','License_Type','838cab4e48a54d0bb23ca5ea9db454ab','Long','PRIMITIVE');
INSERT INTO PUBLIC.OBJECT_FIELD_METADATA (ID, NAME, METADATA_TYPE, PARENT_METADATA,PARENT_METADATA_NAME, REFERENCE_METADATA, REFERENCE_METADATA_NAME, REFERENCE_METADATA_TYPE)VALUES('920e326ddc3f4180b7a779b209512967','FirstLicensedCurrentStateDt','FIELD','26830fc57f3f47558bfb7444c2e52e23','License_Type','3b0a2ca6cf3a4fb19718e35aa60287cd','Date','PRIMITIVE');
INSERT INTO PUBLIC.OBJECT_FIELD_METADATA (ID, NAME, METADATA_TYPE, PARENT_METADATA,PARENT_METADATA_NAME, REFERENCE_METADATA, REFERENCE_METADATA_NAME, REFERENCE_METADATA_TYPE)VALUES('d1f6ac61484c49ac8cf127b9e98d741c','LicensedDt','FIELD','26830fc57f3f47558bfb7444c2e52e23','License_Type','3b0a2ca6cf3a4fb19718e35aa60287cd','Date','PRIMITIVE');
INSERT INTO PUBLIC.OBJECT_FIELD_METADATA (ID, NAME, METADATA_TYPE, PARENT_METADATA,PARENT_METADATA_NAME, REFERENCE_METADATA, REFERENCE_METADATA_NAME, REFERENCE_METADATA_TYPE)VALUES('b93aca49bc394de78366928411db7c99','NameInfo','MODEL_RELATION','26830fc57f3f47558bfb7444c2e52e23','License_Type','02f87e48703e4070b19e633337850703','NameInfo_Type','OBJECT');
INSERT INTO PUBLIC.OBJECT_FIELD_METADATA (ID, NAME, METADATA_TYPE, PARENT_METADATA,PARENT_METADATA_NAME, REFERENCE_METADATA, REFERENCE_METADATA_NAME, REFERENCE_METADATA_TYPE)VALUES('81b287f1b7c9470784e2467380e5c045','SuspensionTerm','MODEL_RELATION','26830fc57f3f47558bfb7444c2e52e23','License_Type','2ba28904532b44bfb94bb9bca9b86a8a','DURATION','OBJECT');
INSERT INTO PUBLIC.OBJECT_METADATA (ID, NAME, METADATA_TYPE, REFERENCE_METADATA, REFERENCE_METADATA_NAME) VALUES('1e99458792704d81a99d78fef5c2df5e','RestrictionInfo_Type','OBJECT',null,null);
INSERT INTO PUBLIC.OBJECT_FIELD_METADATA (ID, NAME, METADATA_TYPE, PARENT_METADATA,PARENT_METADATA_NAME, REFERENCE_METADATA, REFERENCE_METADATA_NAME, REFERENCE_METADATA_TYPE)VALUES('05038fbb0c87488aa3d36218073560db','RestrictionCd','FIELD','1e99458792704d81a99d78fef5c2df5e','RestrictionInfo_Type','6240ce877a244a73a1253961131c6cc9','IndustryCode_Type','PRIMITIVE');
INSERT INTO PUBLIC.OBJECT_FIELD_METADATA (ID, NAME, METADATA_TYPE, PARENT_METADATA,PARENT_METADATA_NAME, REFERENCE_METADATA, REFERENCE_METADATA_NAME, REFERENCE_METADATA_TYPE)VALUES('37f7557812814bdbb9a14af669a93264','RestrictionInfoExt','FIELD','1e99458792704d81a99d78fef5c2df5e','RestrictionInfo_Type',null,null,null);
INSERT INTO PUBLIC.OBJECT_FIELD_METADATA (ID, NAME, METADATA_TYPE, PARENT_METADATA,PARENT_METADATA_NAME, REFERENCE_METADATA, REFERENCE_METADATA_NAME, REFERENCE_METADATA_TYPE)VALUES('c8fafd805a2644e6b97459e009138269','RestrictionDesc','FIELD','1e99458792704d81a99d78fef5c2df5e','RestrictionInfo_Type','2344631100044813a5126adcfb93e80d','C-255','PRIMITIVE');
INSERT INTO PUBLIC.OBJECT_FIELD_METADATA (ID, NAME, METADATA_TYPE, PARENT_METADATA,PARENT_METADATA_NAME, REFERENCE_METADATA, REFERENCE_METADATA_NAME, REFERENCE_METADATA_TYPE)VALUES('66c408c5e30642d385e75710ef66b627','RestrictionInfo','MODEL_RELATION','26830fc57f3f47558bfb7444c2e52e23','License_Type','1e99458792704d81a99d78fef5c2df5e','RestrictionInfo_Type','OBJECT');
INSERT INTO PUBLIC.OBJECT_FIELD_METADATA (ID, NAME, METADATA_TYPE, PARENT_METADATA,PARENT_METADATA_NAME, REFERENCE_METADATA, REFERENCE_METADATA_NAME, REFERENCE_METADATA_TYPE)VALUES('78aa10e60dcb4810a81550b1e3f2a0e4','Country','FIELD','26830fc57f3f47558bfb7444c2e52e23','License_Type','556d0fd305d84c408c3f510bdb79e07f','C-60','PRIMITIVE');
INSERT INTO PUBLIC.PRIMITIVE_METADATA (ID, NAME, METADATA_TYPE) VALUES('dc3a7b2435074e0cad322c7a2e11a999','LicenseType','PRIMITIVE');
INSERT INTO PUBLIC.OBJECT_FIELD_METADATA (ID, NAME, METADATA_TYPE, PARENT_METADATA,PARENT_METADATA_NAME, REFERENCE_METADATA, REFERENCE_METADATA_NAME, REFERENCE_METADATA_TYPE)VALUES('bdbbe7aefe794612b547dc8fee637ef2','LicenseTypeCd','FIELD','26830fc57f3f47558bfb7444c2e52e23','License_Type','dc3a7b2435074e0cad322c7a2e11a999','LicenseType','PRIMITIVE');
INSERT INTO PUBLIC.OBJECT_FIELD_METADATA (ID, NAME, METADATA_TYPE, PARENT_METADATA,PARENT_METADATA_NAME, REFERENCE_METADATA, REFERENCE_METADATA_NAME, REFERENCE_METADATA_TYPE)VALUES('7119cd69fdf542a09b55640fc8195616','LicenseTerm','MODEL_RELATION','26830fc57f3f47558bfb7444c2e52e23','License_Type','2ba28904532b44bfb94bb9bca9b86a8a','DURATION','OBJECT');
INSERT INTO PUBLIC.OBJECT_FIELD_METADATA (ID, NAME, METADATA_TYPE, PARENT_METADATA,PARENT_METADATA_NAME, REFERENCE_METADATA, REFERENCE_METADATA_NAME, REFERENCE_METADATA_TYPE)VALUES('f5cadb1074a04b22b3e198a1bbc85061','License','MODEL_RELATION','cb3da994fb6a41dbb301bf9a68401343','DriverInfo_Type','26830fc57f3f47558bfb7444c2e52e23','License_Type','OBJECT');
INSERT INTO PUBLIC.OBJECT_FIELD_METADATA (ID, NAME, METADATA_TYPE, PARENT_METADATA,PARENT_METADATA_NAME, REFERENCE_METADATA, REFERENCE_METADATA_NAME, REFERENCE_METADATA_TYPE)VALUES('956d3b97a8ae47ac846be5569b039c6a','DriverInfoExt','FIELD','cb3da994fb6a41dbb301bf9a68401343','DriverInfo_Type',null,null,null);
INSERT INTO PUBLIC.OBJECT_METADATA (ID, NAME, METADATA_TYPE, REFERENCE_METADATA, REFERENCE_METADATA_NAME) VALUES('657bec11d29b4edba534dee80e8b85e9','CreditScoreInfo_Type','OBJECT',null,null);
INSERT INTO PUBLIC.OBJECT_FIELD_METADATA (ID, NAME, METADATA_TYPE, PARENT_METADATA,PARENT_METADATA_NAME, REFERENCE_METADATA, REFERENCE_METADATA_NAME, REFERENCE_METADATA_TYPE)VALUES('2d6c4dd0a84f4037b97d16a4828f2fc5','CreditScoreInfoExt','FIELD','657bec11d29b4edba534dee80e8b85e9','CreditScoreInfo_Type',null,null,null);
INSERT INTO PUBLIC.OBJECT_FIELD_METADATA (ID, NAME, METADATA_TYPE, PARENT_METADATA,PARENT_METADATA_NAME, REFERENCE_METADATA, REFERENCE_METADATA_NAME, REFERENCE_METADATA_TYPE)VALUES('e2741e7beddd4284a5f57077ff8ac544','CSPolicyTypeCd','FIELD','657bec11d29b4edba534dee80e8b85e9','CreditScoreInfo_Type','6240ce877a244a73a1253961131c6cc9','IndustryCode_Type','PRIMITIVE');
INSERT INTO PUBLIC.OBJECT_FIELD_METADATA (ID, NAME, METADATA_TYPE, PARENT_METADATA,PARENT_METADATA_NAME, REFERENCE_METADATA, REFERENCE_METADATA_NAME, REFERENCE_METADATA_TYPE)VALUES('f3cc0e7fe3f248dd8612551346b22707','CSReasonDesc','FIELD','657bec11d29b4edba534dee80e8b85e9','CreditScoreInfo_Type','2344631100044813a5126adcfb93e80d','C-255','PRIMITIVE');
INSERT INTO PUBLIC.OBJECT_FIELD_METADATA (ID, NAME, METADATA_TYPE, PARENT_METADATA,PARENT_METADATA_NAME, REFERENCE_METADATA, REFERENCE_METADATA_NAME, REFERENCE_METADATA_TYPE)VALUES('f29c4914c1094434a0f92c65c3f2addb','ReferenceNumber','FIELD','657bec11d29b4edba534dee80e8b85e9','CreditScoreInfo_Type','3da4bbbc6bf44d5f941e647b8e8408dc','AssignedIdentifier','PRIMITIVE');
INSERT INTO PUBLIC.OBJECT_FIELD_METADATA (ID, NAME, METADATA_TYPE, PARENT_METADATA,PARENT_METADATA_NAME, REFERENCE_METADATA, REFERENCE_METADATA_NAME, REFERENCE_METADATA_TYPE)VALUES('4f20b2f0047147c1afad9e2750338741','CreditScoreDt','FIELD','657bec11d29b4edba534dee80e8b85e9','CreditScoreInfo_Type','3b0a2ca6cf3a4fb19718e35aa60287cd','Date','PRIMITIVE');
INSERT INTO PUBLIC.OBJECT_FIELD_METADATA (ID, NAME, METADATA_TYPE, PARENT_METADATA,PARENT_METADATA_NAME, REFERENCE_METADATA, REFERENCE_METADATA_NAME, REFERENCE_METADATA_TYPE)VALUES('19f7c79e216c40d195fd428e2d1e76ea','CSReasonCd','FIELD','657bec11d29b4edba534dee80e8b85e9','CreditScoreInfo_Type','6240ce877a244a73a1253961131c6cc9','IndustryCode_Type','PRIMITIVE');
INSERT INTO PUBLIC.OBJECT_FIELD_METADATA (ID, NAME, METADATA_TYPE, PARENT_METADATA,PARENT_METADATA_NAME, REFERENCE_METADATA, REFERENCE_METADATA_NAME, REFERENCE_METADATA_TYPE)VALUES('e67cfe4d06f74ec98480ca670271132a','CreditScore','FIELD','657bec11d29b4edba534dee80e8b85e9','CreditScoreInfo_Type','15814333b5aa47b2a194834a34e32e90','C-10','PRIMITIVE');
INSERT INTO PUBLIC.OBJECT_FIELD_METADATA (ID, NAME, METADATA_TYPE, PARENT_METADATA,PARENT_METADATA_NAME, REFERENCE_METADATA, REFERENCE_METADATA_NAME, REFERENCE_METADATA_TYPE)VALUES('7f3815c1f05f4173abe1a4ae9a771f47','CreditScoreInfo','MODEL_RELATION','cb3da994fb6a41dbb301bf9a68401343','DriverInfo_Type','657bec11d29b4edba534dee80e8b85e9','CreditScoreInfo_Type','OBJECT');
INSERT INTO PUBLIC.OBJECT_FIELD_METADATA (ID, NAME, METADATA_TYPE, PARENT_METADATA,PARENT_METADATA_NAME, REFERENCE_METADATA, REFERENCE_METADATA_NAME, REFERENCE_METADATA_TYPE)VALUES('258f0f32c4fb480393962ff0d12b8e87','NumYrsExperienceRV','FIELD','cb3da994fb6a41dbb301bf9a68401343','DriverInfo_Type','838cab4e48a54d0bb23ca5ea9db454ab','Long','PRIMITIVE');
INSERT INTO PUBLIC.OBJECT_FIELD_METADATA (ID, NAME, METADATA_TYPE, PARENT_METADATA,PARENT_METADATA_NAME, REFERENCE_METADATA, REFERENCE_METADATA_NAME, REFERENCE_METADATA_TYPE)VALUES('732a072c84804f6e90984ccafc7c6fd4','QuestionAnswer','MODEL_RELATION','cb3da994fb6a41dbb301bf9a68401343','DriverInfo_Type','152fefd4f3054b68b490c1af5c9c284c','QuestionAnswer_Type','OBJECT');
INSERT INTO PUBLIC.OBJECT_FIELD_METADATA (ID, NAME, METADATA_TYPE, PARENT_METADATA,PARENT_METADATA_NAME, REFERENCE_METADATA, REFERENCE_METADATA_NAME, REFERENCE_METADATA_TYPE)VALUES('17fe8bb695b4497197b8832a1210e31e','ExcludedFromUMPDInd','FIELD','cb3da994fb6a41dbb301bf9a68401343','DriverInfo_Type','4ffb0bcc3ec946d1af3ef883f4c3a4e6','Boolean','PRIMITIVE');
INSERT INTO PUBLIC.OBJECT_FIELD_METADATA (ID, NAME, METADATA_TYPE, PARENT_METADATA,PARENT_METADATA_NAME, REFERENCE_METADATA, REFERENCE_METADATA_NAME, REFERENCE_METADATA_TYPE)VALUES('2877c964cbc548f9b9f02626d336edb9','DriverInfo','MODEL_RELATION','a642f88f7cbb45dcb8077b7cc5d6dc67','Driver_Type','cb3da994fb6a41dbb301bf9a68401343','DriverInfo_Type','OBJECT');
INSERT INTO PUBLIC.OBJECT_FIELD_METADATA (ID, NAME, METADATA_TYPE, PARENT_METADATA,PARENT_METADATA_NAME, REFERENCE_METADATA, REFERENCE_METADATA_NAME, REFERENCE_METADATA_TYPE)VALUES('1d3d1dddbc714b85a9fd4e358dbb420b','Driver','MODEL_RELATION','ea1d0bd10fe14e7aabcf1edf316ab859','PersAutoLineBusiness_Type','a642f88f7cbb45dcb8077b7cc5d6dc67','Driver_Type','OBJECT');
INSERT INTO PUBLIC.OBJECT_FIELD_METADATA (ID, NAME, METADATA_TYPE, PARENT_METADATA,PARENT_METADATA_NAME, REFERENCE_METADATA, REFERENCE_METADATA_NAME, REFERENCE_METADATA_TYPE)VALUES('19e393e0b70748be9849d2eb1920e086','MinPremAmt','MODEL_RELATION','ea1d0bd10fe14e7aabcf1edf316ab859','PersAutoLineBusiness_Type','4fa89203e94a4637baa0484d19b460c5','CURRENCY','OBJECT');
INSERT INTO PUBLIC.OBJECT_FIELD_METADATA (ID, NAME, METADATA_TYPE, PARENT_METADATA,PARENT_METADATA_NAME, REFERENCE_METADATA, REFERENCE_METADATA_NAME, REFERENCE_METADATA_TYPE)VALUES('4bd48ecce6d14016b63ae4edecf8b058','CurrentTermAmt','MODEL_RELATION','ea1d0bd10fe14e7aabcf1edf316ab859','PersAutoLineBusiness_Type','4fa89203e94a4637baa0484d19b460c5','CURRENCY','OBJECT');
INSERT INTO PUBLIC.OBJECT_FIELD_METADATA (ID, NAME, METADATA_TYPE, PARENT_METADATA,PARENT_METADATA_NAME, REFERENCE_METADATA, REFERENCE_METADATA_NAME, REFERENCE_METADATA_TYPE)VALUES('f648626e3df54bff95a9b81a8cec07f8','CompanyProductCd','FIELD','ea1d0bd10fe14e7aabcf1edf316ab859','PersAutoLineBusiness_Type','6240ce877a244a73a1253961131c6cc9','IndustryCode_Type','PRIMITIVE');
INSERT INTO PUBLIC.OBJECT_FIELD_METADATA (ID, NAME, METADATA_TYPE, PARENT_METADATA,PARENT_METADATA_NAME, REFERENCE_METADATA, REFERENCE_METADATA_NAME, REFERENCE_METADATA_TYPE)VALUES('010496ed5c3045a8a119128b14e1d24d','CoverageAvailable','MODEL_RELATION','ea1d0bd10fe14e7aabcf1edf316ab859','PersAutoLineBusiness_Type','d0675b4bbe674c1fa08297c27c3cb675','Coverage_Type','OBJECT');
INSERT INTO PUBLIC.OBJECT_METADATA (ID, NAME, METADATA_TYPE, REFERENCE_METADATA, REFERENCE_METADATA_NAME) VALUES('4c397cbda142445eb986a2c13d1482b8','Vehicle_Type','OBJECT',null,null);
INSERT INTO PUBLIC.OBJECT_FIELD_METADATA (ID, NAME, METADATA_TYPE, PARENT_METADATA,PARENT_METADATA_NAME, REFERENCE_METADATA, REFERENCE_METADATA_NAME, REFERENCE_METADATA_TYPE)VALUES('58d9bee0775a4423a9e6e6d1837b0dda','FleetInd','FIELD','4c397cbda142445eb986a2c13d1482b8','Vehicle_Type','4ffb0bcc3ec946d1af3ef883f4c3a4e6','Boolean','PRIMITIVE');
INSERT INTO PUBLIC.OBJECT_FIELD_METADATA (ID, NAME, METADATA_TYPE, PARENT_METADATA,PARENT_METADATA_NAME, REFERENCE_METADATA, REFERENCE_METADATA_NAME, REFERENCE_METADATA_TYPE)VALUES('51d9392903dc414ba3edc7b76d6f8229','MotorCarrierActInd','FIELD','4c397cbda142445eb986a2c13d1482b8','Vehicle_Type','4ffb0bcc3ec946d1af3ef883f4c3a4e6','Boolean','PRIMITIVE');
INSERT INTO PUBLIC.OBJECT_FIELD_METADATA (ID, NAME, METADATA_TYPE, PARENT_METADATA,PARENT_METADATA_NAME, REFERENCE_METADATA, REFERENCE_METADATA_NAME, REFERENCE_METADATA_TYPE)VALUES('23fc0833a2e7429f95fdb17704c62100','OdometerReadingAtPurchase','MODEL_RELATION','4c397cbda142445eb986a2c13d1482b8','Vehicle_Type','1df1057b06734b019460d9f8fb0a43b0','MEASUREMENT','OBJECT');
INSERT INTO PUBLIC.OBJECT_FIELD_METADATA (ID, NAME, METADATA_TYPE, PARENT_METADATA,PARENT_METADATA_NAME, REFERENCE_METADATA, REFERENCE_METADATA_NAME, REFERENCE_METADATA_TYPE)VALUES('a576f70bfb2b4d5ba0b103183831198e','NumDaysDrivenPerWeek','FIELD','4c397cbda142445eb986a2c13d1482b8','Vehicle_Type','838cab4e48a54d0bb23ca5ea9db454ab','Long','PRIMITIVE');
INSERT INTO PUBLIC.OBJECT_FIELD_METADATA (ID, NAME, METADATA_TYPE, PARENT_METADATA,PARENT_METADATA_NAME, REFERENCE_METADATA, REFERENCE_METADATA_NAME, REFERENCE_METADATA_TYPE)VALUES('46a4e5901e9241eb9ff4adc09f0db82f','MultiCarDiscountInd','FIELD','4c397cbda142445eb986a2c13d1482b8','Vehicle_Type','4ffb0bcc3ec946d1af3ef883f4c3a4e6','Boolean','PRIMITIVE');
INSERT INTO PUBLIC.OBJECT_FIELD_METADATA (ID, NAME, METADATA_TYPE, PARENT_METADATA,PARENT_METADATA_NAME, REFERENCE_METADATA, REFERENCE_METADATA_NAME, REFERENCE_METADATA_TYPE)VALUES('07155ed538a4465a97078782962899bf','SeatingCapacity','FIELD','4c397cbda142445eb986a2c13d1482b8','Vehicle_Type','838cab4e48a54d0bb23ca5ea9db454ab','Long','PRIMITIVE');
INSERT INTO PUBLIC.OBJECT_FIELD_METADATA (ID, NAME, METADATA_TYPE, PARENT_METADATA,PARENT_METADATA_NAME, REFERENCE_METADATA, REFERENCE_METADATA_NAME, REFERENCE_METADATA_TYPE)VALUES('e89c5c6d21e1412688c9febf483cddfa','BusinessAnnualDistance','MODEL_RELATION','4c397cbda142445eb986a2c13d1482b8','Vehicle_Type','1df1057b06734b019460d9f8fb0a43b0','MEASUREMENT','OBJECT');
INSERT INTO PUBLIC.OBJECT_FIELD_METADATA (ID, NAME, METADATA_TYPE, PARENT_METADATA,PARENT_METADATA_NAME, REFERENCE_METADATA, REFERENCE_METADATA_NAME, REFERENCE_METADATA_TYPE)VALUES('263ba077996b4c48ba6a53f658536258','PrimaryClassCd','FIELD','4c397cbda142445eb986a2c13d1482b8','Vehicle_Type','6240ce877a244a73a1253961131c6cc9','IndustryCode_Type','PRIMITIVE');
INSERT INTO PUBLIC.OBJECT_FIELD_METADATA (ID, NAME, METADATA_TYPE, PARENT_METADATA,PARENT_METADATA_NAME, REFERENCE_METADATA, REFERENCE_METADATA_NAME, REFERENCE_METADATA_TYPE)VALUES('a5ba98e6a1504ee28d3d50db35f5053b','Addr','MODEL_RELATION','4c397cbda142445eb986a2c13d1482b8','Vehicle_Type','759d14d8f09b4177b35c09e2f3403b97','Addr_Type','OBJECT');
INSERT INTO PUBLIC.OBJECT_FIELD_METADATA (ID, NAME, METADATA_TYPE, PARENT_METADATA,PARENT_METADATA_NAME, REFERENCE_METADATA, REFERENCE_METADATA_NAME, REFERENCE_METADATA_TYPE)VALUES('32a9a3c637824b4dacdd0e5081aa9640','ModelCd','FIELD','4c397cbda142445eb986a2c13d1482b8','Vehicle_Type','6240ce877a244a73a1253961131c6cc9','IndustryCode_Type','PRIMITIVE');
INSERT INTO PUBLIC.OBJECT_FIELD_METADATA (ID, NAME, METADATA_TYPE, PARENT_METADATA,PARENT_METADATA_NAME, REFERENCE_METADATA, REFERENCE_METADATA_NAME, REFERENCE_METADATA_TYPE)VALUES('1fd555fa4b1b4cf2b2ec78cc19c7676b','NewVehInd','FIELD','4c397cbda142445eb986a2c13d1482b8','Vehicle_Type','4ffb0bcc3ec946d1af3ef883f4c3a4e6','Boolean','PRIMITIVE');
INSERT INTO PUBLIC.OBJECT_FIELD_METADATA (ID, NAME, METADATA_TYPE, PARENT_METADATA,PARENT_METADATA_NAME, REFERENCE_METADATA, REFERENCE_METADATA_NAME, REFERENCE_METADATA_TYPE)VALUES('1b4c175354f84b24a3cc094a24265601','CoverageAvailable','MODEL_RELATION','4c397cbda142445eb986a2c13d1482b8','Vehicle_Type','d0675b4bbe674c1fa08297c27c3cb675','Coverage_Type','OBJECT');
INSERT INTO PUBLIC.OBJECT_FIELD_METADATA (ID, NAME, METADATA_TYPE, PARENT_METADATA,PARENT_METADATA_NAME, REFERENCE_METADATA, REFERENCE_METADATA_NAME, REFERENCE_METADATA_TYPE)VALUES('51295d2bf35142fab01cdc5612438ae3','CreditOrSurcharge','MODEL_RELATION','4c397cbda142445eb986a2c13d1482b8','Vehicle_Type','ac7618a3e7974e27b3a4f0a5f2a22a98','PCCREDITSURCHARGE','OBJECT');
INSERT INTO PUBLIC.OBJECT_FIELD_METADATA (ID, NAME, METADATA_TYPE, PARENT_METADATA,PARENT_METADATA_NAME, REFERENCE_METADATA, REFERENCE_METADATA_NAME, REFERENCE_METADATA_TYPE)VALUES('339aa47de0e543aea616fecf6ea7679c','EngineSerialNumber','FIELD','4c397cbda142445eb986a2c13d1482b8','Vehicle_Type','4aa23ceca9374701b7716d432173c7c2','C-50','PRIMITIVE');
INSERT INTO PUBLIC.OBJECT_FIELD_METADATA (ID, NAME, METADATA_TYPE, PARENT_METADATA,PARENT_METADATA_NAME, REFERENCE_METADATA, REFERENCE_METADATA_NAME, REFERENCE_METADATA_TYPE)VALUES('a283b4685d21469ca445bf503cb7f283','PurchaseDt','FIELD','4c397cbda142445eb986a2c13d1482b8','Vehicle_Type','3b0a2ca6cf3a4fb19718e35aa60287cd','Date','PRIMITIVE');
INSERT INTO PUBLIC.OBJECT_FIELD_METADATA (ID, NAME, METADATA_TYPE, PARENT_METADATA,PARENT_METADATA_NAME, REFERENCE_METADATA, REFERENCE_METADATA_NAME, REFERENCE_METADATA_TYPE)VALUES('0560e30724144d9696fd80d35744e327','NumAxles','FIELD','4c397cbda142445eb986a2c13d1482b8','Vehicle_Type','838cab4e48a54d0bb23ca5ea9db454ab','Long','PRIMITIVE');
INSERT INTO PUBLIC.OBJECT_FIELD_METADATA (ID, NAME, METADATA_TYPE, PARENT_METADATA,PARENT_METADATA_NAME, REFERENCE_METADATA, REFERENCE_METADATA_NAME, REFERENCE_METADATA_TYPE)VALUES('13c0452b3a944caf866ca1ca45eaaa22','LeasedDt','FIELD','4c397cbda142445eb986a2c13d1482b8','Vehicle_Type','3b0a2ca6cf3a4fb19718e35aa60287cd','Date','PRIMITIVE');
INSERT INTO PUBLIC.OBJECT_FIELD_METADATA (ID, NAME, METADATA_TYPE, PARENT_METADATA,PARENT_METADATA_NAME, REFERENCE_METADATA, REFERENCE_METADATA_NAME, REFERENCE_METADATA_TYPE)VALUES('fa5b1d0c65094747abaae0d0d7f39014','AlteredInd','FIELD','4c397cbda142445eb986a2c13d1482b8','Vehicle_Type','4ffb0bcc3ec946d1af3ef883f4c3a4e6','Boolean','PRIMITIVE');
INSERT INTO PUBLIC.OBJECT_FIELD_METADATA (ID, NAME, METADATA_TYPE, PARENT_METADATA,PARENT_METADATA_NAME, REFERENCE_METADATA, REFERENCE_METADATA_NAME, REFERENCE_METADATA_TYPE)VALUES('e7c37f96215d440d8d7bed7c47f49c55','PreviouslyLeasedVehInd','FIELD','4c397cbda142445eb986a2c13d1482b8','Vehicle_Type','4ffb0bcc3ec946d1af3ef883f4c3a4e6','Boolean','PRIMITIVE');
INSERT INTO PUBLIC.OBJECT_FIELD_METADATA (ID, NAME, METADATA_TYPE, PARENT_METADATA,PARENT_METADATA_NAME, REFERENCE_METADATA, REFERENCE_METADATA_NAME, REFERENCE_METADATA_TYPE)VALUES('17528a9f64734e5085dd33321925d40b','BIPDSymbolCd','FIELD','4c397cbda142445eb986a2c13d1482b8','Vehicle_Type','6240ce877a244a73a1253961131c6cc9','IndustryCode_Type','PRIMITIVE');
INSERT INTO PUBLIC.OBJECT_METADATA (ID, NAME, METADATA_TYPE, REFERENCE_METADATA, REFERENCE_METADATA_NAME) VALUES('b014ec467cff464592373a481cf41dfb','ItemModificationInfo_Type','OBJECT',null,null);
INSERT INTO PUBLIC.OBJECT_FIELD_METADATA (ID, NAME, METADATA_TYPE, PARENT_METADATA,PARENT_METADATA_NAME, REFERENCE_METADATA, REFERENCE_METADATA_NAME, REFERENCE_METADATA_TYPE)VALUES('f700460a369f4e82a800754dadabb1a2','ModificationDesc','FIELD','b014ec467cff464592373a481cf41dfb','ItemModificationInfo_Type','2344631100044813a5126adcfb93e80d','C-255','PRIMITIVE');
INSERT INTO PUBLIC.OBJECT_FIELD_METADATA (ID, NAME, METADATA_TYPE, PARENT_METADATA,PARENT_METADATA_NAME, REFERENCE_METADATA, REFERENCE_METADATA_NAME, REFERENCE_METADATA_TYPE)VALUES('26f1a4283c0a400b8033243fca401d08','AppraisalDt','FIELD','b014ec467cff464592373a481cf41dfb','ItemModificationInfo_Type','3b0a2ca6cf3a4fb19718e35aa60287cd','Date','PRIMITIVE');
INSERT INTO PUBLIC.OBJECT_FIELD_METADATA (ID, NAME, METADATA_TYPE, PARENT_METADATA,PARENT_METADATA_NAME, REFERENCE_METADATA, REFERENCE_METADATA_NAME, REFERENCE_METADATA_TYPE)VALUES('dc98c90ce4d9463e9d731091e7c79c02','ItemModificationInfoExt','FIELD','b014ec467cff464592373a481cf41dfb','ItemModificationInfo_Type',null,null,null);
INSERT INTO PUBLIC.OBJECT_FIELD_METADATA (ID, NAME, METADATA_TYPE, PARENT_METADATA,PARENT_METADATA_NAME, REFERENCE_METADATA, REFERENCE_METADATA_NAME, REFERENCE_METADATA_TYPE)VALUES('9d957777309e4245a9e211e9d90fe82b','ModificationCostAmt','MODEL_RELATION','b014ec467cff464592373a481cf41dfb','ItemModificationInfo_Type','4fa89203e94a4637baa0484d19b460c5','CURRENCY','OBJECT');
INSERT INTO PUBLIC.OBJECT_FIELD_METADATA (ID, NAME, METADATA_TYPE, PARENT_METADATA,PARENT_METADATA_NAME, REFERENCE_METADATA, REFERENCE_METADATA_NAME, REFERENCE_METADATA_TYPE)VALUES('f6c66b863be643309428d2a1ded17246','ItemModificationInfo','MODEL_RELATION','4c397cbda142445eb986a2c13d1482b8','Vehicle_Type','b014ec467cff464592373a481cf41dfb','ItemModificationInfo_Type','OBJECT');
INSERT INTO PUBLIC.OBJECT_FIELD_METADATA (ID, NAME, METADATA_TYPE, PARENT_METADATA,PARENT_METADATA_NAME, REFERENCE_METADATA, REFERENCE_METADATA_NAME, REFERENCE_METADATA_TYPE)VALUES('7d05e96163e44b61b16faf2e3591038e','NetChangeAmt','MODEL_RELATION','4c397cbda142445eb986a2c13d1482b8','Vehicle_Type','4fa89203e94a4637baa0484d19b460c5','CURRENCY','OBJECT');
INSERT INTO PUBLIC.PRIMITIVE_METADATA (ID, NAME, METADATA_TYPE) VALUES('a6a90fde911049ac956c3721713a8692','AirBagType','PRIMITIVE');
INSERT INTO PUBLIC.OBJECT_FIELD_METADATA (ID, NAME, METADATA_TYPE, PARENT_METADATA,PARENT_METADATA_NAME, REFERENCE_METADATA, REFERENCE_METADATA_NAME, REFERENCE_METADATA_TYPE)VALUES('ecd92a05e825453ea6ec66fb65673278','AirBagTypeCd','FIELD','4c397cbda142445eb986a2c13d1482b8','Vehicle_Type','a6a90fde911049ac956c3721713a8692','AirBagType','PRIMITIVE');
INSERT INTO PUBLIC.OBJECT_FIELD_METADATA (ID, NAME, METADATA_TYPE, PARENT_METADATA,PARENT_METADATA_NAME, REFERENCE_METADATA, REFERENCE_METADATA_NAME, REFERENCE_METADATA_TYPE)VALUES('662c05a4a49643febe464252bcfdb10a','CarpoolInd','FIELD','4c397cbda142445eb986a2c13d1482b8','Vehicle_Type','4ffb0bcc3ec946d1af3ef883f4c3a4e6','Boolean','PRIMITIVE');
INSERT INTO PUBLIC.PRIMITIVE_METADATA (ID, NAME, METADATA_TYPE) VALUES('c73730b3ee57437cbc81d6c328e88dd6','VehiclePerformance','PRIMITIVE');
INSERT INTO PUBLIC.OBJECT_FIELD_METADATA (ID, NAME, METADATA_TYPE, PARENT_METADATA,PARENT_METADATA_NAME, REFERENCE_METADATA, REFERENCE_METADATA_NAME, REFERENCE_METADATA_TYPE)VALUES('1b13765aa188438b8d95678714a0b5a5','VehPerformanceCd','FIELD','4c397cbda142445eb986a2c13d1482b8','Vehicle_Type','c73730b3ee57437cbc81d6c328e88dd6','VehiclePerformance','PRIMITIVE');
INSERT INTO PUBLIC.OBJECT_FIELD_METADATA (ID, NAME, METADATA_TYPE, PARENT_METADATA,PARENT_METADATA_NAME, REFERENCE_METADATA, REFERENCE_METADATA_NAME, REFERENCE_METADATA_TYPE)VALUES('0934740182594b7f82cd0a71a2b51920','VehBodyTypeDesc','FIELD','4c397cbda142445eb986a2c13d1482b8','Vehicle_Type','2344631100044813a5126adcfb93e80d','C-255','PRIMITIVE');
INSERT INTO PUBLIC.OBJECT_FIELD_METADATA (ID, NAME, METADATA_TYPE, PARENT_METADATA,PARENT_METADATA_NAME, REFERENCE_METADATA, REFERENCE_METADATA_NAME, REFERENCE_METADATA_TYPE)VALUES('33ad05f0895f4ccc9b9748df83a4980b','FarmRanchInd','FIELD','4c397cbda142445eb986a2c13d1482b8','Vehicle_Type','4ffb0bcc3ec946d1af3ef883f4c3a4e6','Boolean','PRIMITIVE');
INSERT INTO PUBLIC.OBJECT_FIELD_METADATA (ID, NAME, METADATA_TYPE, PARENT_METADATA,PARENT_METADATA_NAME, REFERENCE_METADATA, REFERENCE_METADATA_NAME, REFERENCE_METADATA_TYPE)VALUES('76760dbdb02a4009b7934ac2040d92b2','DaytimeRunningLightInd','FIELD','4c397cbda142445eb986a2c13d1482b8','Vehicle_Type','4ffb0bcc3ec946d1af3ef883f4c3a4e6','Boolean','PRIMITIVE');
INSERT INTO PUBLIC.OBJECT_FIELD_METADATA (ID, NAME, METADATA_TYPE, PARENT_METADATA,PARENT_METADATA_NAME, REFERENCE_METADATA, REFERENCE_METADATA_NAME, REFERENCE_METADATA_TYPE)VALUES('5464ff1dd0d34696af3a10a403f63ed2','PresentValueAmt','MODEL_RELATION','4c397cbda142445eb986a2c13d1482b8','Vehicle_Type','4fa89203e94a4637baa0484d19b460c5','CURRENCY','OBJECT');
INSERT INTO PUBLIC.OBJECT_FIELD_METADATA (ID, NAME, METADATA_TYPE, PARENT_METADATA,PARENT_METADATA_NAME, REFERENCE_METADATA, REFERENCE_METADATA_NAME, REFERENCE_METADATA_TYPE)VALUES('9e752a4ad4e942a69c87cf037b692d9f','AlternateDrivingStateProvUsePct','FIELD','4c397cbda142445eb986a2c13d1482b8','Vehicle_Type','42787ecf7ebe44bdb047ebe0f2268d21','PercentLong','PRIMITIVE');
INSERT INTO PUBLIC.OBJECT_FIELD_METADATA (ID, NAME, METADATA_TYPE, PARENT_METADATA,PARENT_METADATA_NAME, REFERENCE_METADATA, REFERENCE_METADATA_NAME, REFERENCE_METADATA_TYPE)VALUES('f5a93f4396454191b2b739ec3ed9fc2a','EmployeeOperatedInd','FIELD','4c397cbda142445eb986a2c13d1482b8','Vehicle_Type','4ffb0bcc3ec946d1af3ef883f4c3a4e6','Boolean','PRIMITIVE');
INSERT INTO PUBLIC.PRIMITIVE_METADATA (ID, NAME, METADATA_TYPE) VALUES('1b8130b797b94ad9abd10296e132e693','VehicleDamageability','PRIMITIVE');
INSERT INTO PUBLIC.OBJECT_FIELD_METADATA (ID, NAME, METADATA_TYPE, PARENT_METADATA,PARENT_METADATA_NAME, REFERENCE_METADATA, REFERENCE_METADATA_NAME, REFERENCE_METADATA_TYPE)VALUES('6153bbfda71a4d15bf16c14c894f903f','DamageabilityCd','FIELD','4c397cbda142445eb986a2c13d1482b8','Vehicle_Type','1b8130b797b94ad9abd10296e132e693','VehicleDamageability','PRIMITIVE');
INSERT INTO PUBLIC.OBJECT_FIELD_METADATA (ID, NAME, METADATA_TYPE, PARENT_METADATA,PARENT_METADATA_NAME, REFERENCE_METADATA, REFERENCE_METADATA_NAME, REFERENCE_METADATA_TYPE)VALUES('372bf8897b02417d86658e86896939b4','Link','MODEL_RELATION','4c397cbda142445eb986a2c13d1482b8','Vehicle_Type','366dc9a89db94de3b92abf43ef1bf084','Link_Type','OBJECT');
INSERT INTO PUBLIC.OBJECT_FIELD_METADATA (ID, NAME, METADATA_TYPE, PARENT_METADATA,PARENT_METADATA_NAME, REFERENCE_METADATA, REFERENCE_METADATA_NAME, REFERENCE_METADATA_TYPE)VALUES('06514ef366f5489f9dc73b64868b1a95','TerritoryCodeCommutingDestinationCd','FIELD','4c397cbda142445eb986a2c13d1482b8','Vehicle_Type','6240ce877a244a73a1253961131c6cc9','IndustryCode_Type','PRIMITIVE');
INSERT INTO PUBLIC.PRIMITIVE_METADATA (ID, NAME, METADATA_TYPE) VALUES('f0d14bc81ef54337b4f1be2cef2accb0','ResidualMarketFacilityTier','PRIMITIVE');
INSERT INTO PUBLIC.OBJECT_FIELD_METADATA (ID, NAME, METADATA_TYPE, PARENT_METADATA,PARENT_METADATA_NAME, REFERENCE_METADATA, REFERENCE_METADATA_NAME, REFERENCE_METADATA_TYPE)VALUES('93c735f1f97b4bcab5cbf320d34fb7d9','ResidualMarketFacilityTierCd','FIELD','4c397cbda142445eb986a2c13d1482b8','Vehicle_Type','f0d14bc81ef54337b4f1be2cef2accb0','ResidualMarketFacilityTier','PRIMITIVE');
INSERT INTO PUBLIC.OBJECT_METADATA (ID, NAME, METADATA_TYPE, REFERENCE_METADATA, REFERENCE_METADATA_NAME) VALUES('984917bf8fc24a90b162f55dbc7a3535','VehRateGroupInfo_Type','OBJECT',null,null);
INSERT INTO PUBLIC.PRIMITIVE_METADATA (ID, NAME, METADATA_TYPE) VALUES('b674cae0fea84e1d81355a6d09110a29','C-5','PRIMITIVE');
INSERT INTO PUBLIC.OBJECT_FIELD_METADATA (ID, NAME, METADATA_TYPE, PARENT_METADATA,PARENT_METADATA_NAME, REFERENCE_METADATA, REFERENCE_METADATA_NAME, REFERENCE_METADATA_TYPE)VALUES('9d68a27ca356410993742814afefd539','RateGroup','FIELD','984917bf8fc24a90b162f55dbc7a3535','VehRateGroupInfo_Type','b674cae0fea84e1d81355a6d09110a29','C-5','PRIMITIVE');
INSERT INTO PUBLIC.OBJECT_FIELD_METADATA (ID, NAME, METADATA_TYPE, PARENT_METADATA,PARENT_METADATA_NAME, REFERENCE_METADATA, REFERENCE_METADATA_NAME, REFERENCE_METADATA_TYPE)VALUES('118eb54753d14c518e760db93d2158f3','VehRateGroupInfoExt','FIELD','984917bf8fc24a90b162f55dbc7a3535','VehRateGroupInfo_Type',null,null,null);
INSERT INTO PUBLIC.OBJECT_FIELD_METADATA (ID, NAME, METADATA_TYPE, PARENT_METADATA,PARENT_METADATA_NAME, REFERENCE_METADATA, REFERENCE_METADATA_NAME, REFERENCE_METADATA_TYPE)VALUES('42a3c53977d249e7b7965aa734bba523','CoverageCd','FIELD','984917bf8fc24a90b162f55dbc7a3535','VehRateGroupInfo_Type','95d66cc5fb4849db8ff827e892c753b4','Coverages','PRIMITIVE');
INSERT INTO PUBLIC.OBJECT_FIELD_METADATA (ID, NAME, METADATA_TYPE, PARENT_METADATA,PARENT_METADATA_NAME, REFERENCE_METADATA, REFERENCE_METADATA_NAME, REFERENCE_METADATA_TYPE)VALUES('10b008fd105d4b3ca54c927b94e1c30d','VehRateGroupInfo','MODEL_RELATION','4c397cbda142445eb986a2c13d1482b8','Vehicle_Type','984917bf8fc24a90b162f55dbc7a3535','VehRateGroupInfo_Type','OBJECT');
INSERT INTO PUBLIC.PRIMITIVE_METADATA (ID, NAME, METADATA_TYPE) VALUES('474fcc41ee5d47ba8feec720ff38349c','Garaging','PRIMITIVE');
INSERT INTO PUBLIC.OBJECT_FIELD_METADATA (ID, NAME, METADATA_TYPE, PARENT_METADATA,PARENT_METADATA_NAME, REFERENCE_METADATA, REFERENCE_METADATA_NAME, REFERENCE_METADATA_TYPE)VALUES('532d3bba26b949ffbe72df691da76950','GaragingCd','FIELD','4c397cbda142445eb986a2c13d1482b8','Vehicle_Type','474fcc41ee5d47ba8feec720ff38349c','Garaging','PRIMITIVE');
INSERT INTO PUBLIC.PRIMITIVE_METADATA (ID, NAME, METADATA_TYPE) VALUES('bffd6f81bef947abb7faeb2fb50c3922','VehicleBodyType','PRIMITIVE');
INSERT INTO PUBLIC.OBJECT_FIELD_METADATA (ID, NAME, METADATA_TYPE, PARENT_METADATA,PARENT_METADATA_NAME, REFERENCE_METADATA, REFERENCE_METADATA_NAME, REFERENCE_METADATA_TYPE)VALUES('054438872dd74843a581ae2e52b279ac','VehBodyTypeCd','FIELD','4c397cbda142445eb986a2c13d1482b8','Vehicle_Type','bffd6f81bef947abb7faeb2fb50c3922','VehicleBodyType','PRIMITIVE');
INSERT INTO PUBLIC.OBJECT_FIELD_METADATA (ID, NAME, METADATA_TYPE, PARENT_METADATA,PARENT_METADATA_NAME, REFERENCE_METADATA, REFERENCE_METADATA_NAME, REFERENCE_METADATA_TYPE)VALUES('be28f6456b5943e79d63197b2388fca8','TractionControlInd','FIELD','4c397cbda142445eb986a2c13d1482b8','Vehicle_Type','4ffb0bcc3ec946d1af3ef883f4c3a4e6','Boolean','PRIMITIVE');
INSERT INTO PUBLIC.OBJECT_FIELD_METADATA (ID, NAME, METADATA_TYPE, PARENT_METADATA,PARENT_METADATA_NAME, REFERENCE_METADATA, REFERENCE_METADATA_NAME, REFERENCE_METADATA_TYPE)VALUES('ed5668843f4f4f7fb4851e59f6e4873a','OdometerReadingAsOfDt','FIELD','4c397cbda142445eb986a2c13d1482b8','Vehicle_Type','3b0a2ca6cf3a4fb19718e35aa60287cd','Date','PRIMITIVE');
INSERT INTO PUBLIC.OBJECT_FIELD_METADATA (ID, NAME, METADATA_TYPE, PARENT_METADATA,PARENT_METADATA_NAME, REFERENCE_METADATA, REFERENCE_METADATA_NAME, REFERENCE_METADATA_TYPE)VALUES('3003b03669bd42ac9dd8fdefbdaef747','TierCd','FIELD','4c397cbda142445eb986a2c13d1482b8','Vehicle_Type','6240ce877a244a73a1253961131c6cc9','IndustryCode_Type','PRIMITIVE');
INSERT INTO PUBLIC.OBJECT_FIELD_METADATA (ID, NAME, METADATA_TYPE, PARENT_METADATA,PARENT_METADATA_NAME, REFERENCE_METADATA, REFERENCE_METADATA_NAME, REFERENCE_METADATA_TYPE)VALUES('6f83d6606e134c19b78410cec919be22','MaximumSpeed','MODEL_RELATION','4c397cbda142445eb986a2c13d1482b8','Vehicle_Type','1df1057b06734b019460d9f8fb0a43b0','MEASUREMENT','OBJECT');
INSERT INTO PUBLIC.OBJECT_FIELD_METADATA (ID, NAME, METADATA_TYPE, PARENT_METADATA,PARENT_METADATA_NAME, REFERENCE_METADATA, REFERENCE_METADATA_NAME, REFERENCE_METADATA_TYPE)VALUES('dff3faa6399841f58f3e50fd4e4b3c91','EstimatedAnnualDistance','MODEL_RELATION','4c397cbda142445eb986a2c13d1482b8','Vehicle_Type','1df1057b06734b019460d9f8fb0a43b0','MEASUREMENT','OBJECT');
INSERT INTO PUBLIC.OBJECT_FIELD_METADATA (ID, NAME, METADATA_TYPE, PARENT_METADATA,PARENT_METADATA_NAME, REFERENCE_METADATA, REFERENCE_METADATA_NAME, REFERENCE_METADATA_TYPE)VALUES('70f1d2f28ebf4e0cbb247dafca00f3bc','FullTermAmt','MODEL_RELATION','4c397cbda142445eb986a2c13d1482b8','Vehicle_Type','4fa89203e94a4637baa0484d19b460c5','CURRENCY','OBJECT');
INSERT INTO PUBLIC.OBJECT_FIELD_METADATA (ID, NAME, METADATA_TYPE, PARENT_METADATA,PARENT_METADATA_NAME, REFERENCE_METADATA, REFERENCE_METADATA_NAME, REFERENCE_METADATA_TYPE)VALUES('7e8403718f1c4d048165627f5622c92b','DistanceOneWay','MODEL_RELATION','4c397cbda142445eb986a2c13d1482b8','Vehicle_Type','1df1057b06734b019460d9f8fb0a43b0','MEASUREMENT','OBJECT');
INSERT INTO PUBLIC.OBJECT_FIELD_METADATA (ID, NAME, METADATA_TYPE, PARENT_METADATA,PARENT_METADATA_NAME, REFERENCE_METADATA, REFERENCE_METADATA_NAME, REFERENCE_METADATA_TYPE)VALUES('d7cc3f7a066a43f6be3b9bea8ea40292','NumCylinders','FIELD','4c397cbda142445eb986a2c13d1482b8','Vehicle_Type','838cab4e48a54d0bb23ca5ea9db454ab','Long','PRIMITIVE');
INSERT INTO PUBLIC.OBJECT_FIELD_METADATA (ID, NAME, METADATA_TYPE, PARENT_METADATA,PARENT_METADATA_NAME, REFERENCE_METADATA, REFERENCE_METADATA_NAME, REFERENCE_METADATA_TYPE)VALUES('f014656c4936492ab8af94272af76dc8','CombinedVehWeight','MODEL_RELATION','4c397cbda142445eb986a2c13d1482b8','Vehicle_Type','1df1057b06734b019460d9f8fb0a43b0','MEASUREMENT','OBJECT');
INSERT INTO PUBLIC.PRIMITIVE_METADATA (ID, NAME, METADATA_TYPE) VALUES('86f96761088c4bc3955d84cff9cc7a3d','VehicleInspectionStatus','PRIMITIVE');
INSERT INTO PUBLIC.OBJECT_FIELD_METADATA (ID, NAME, METADATA_TYPE, PARENT_METADATA,PARENT_METADATA_NAME, REFERENCE_METADATA, REFERENCE_METADATA_NAME, REFERENCE_METADATA_TYPE)VALUES('c22e1afdb19243baa17657117dfae2ec','VehInspectionStatusCd','FIELD','4c397cbda142445eb986a2c13d1482b8','Vehicle_Type','86f96761088c4bc3955d84cff9cc7a3d','VehicleInspectionStatus','PRIMITIVE');
INSERT INTO PUBLIC.OBJECT_FIELD_METADATA (ID, NAME, METADATA_TYPE, PARENT_METADATA,PARENT_METADATA_NAME, REFERENCE_METADATA, REFERENCE_METADATA_NAME, REFERENCE_METADATA_TYPE)VALUES('692e27775bc54b29a44f4a77b520af4b','UseLeasedVehDesc','FIELD','4c397cbda142445eb986a2c13d1482b8','Vehicle_Type','2344631100044813a5126adcfb93e80d','C-255','PRIMITIVE');
INSERT INTO PUBLIC.OBJECT_FIELD_METADATA (ID, NAME, METADATA_TYPE, PARENT_METADATA,PARENT_METADATA_NAME, REFERENCE_METADATA, REFERENCE_METADATA_NAME, REFERENCE_METADATA_TYPE)VALUES('173488c25b5b40d99787f70a87c647e3','Width','MODEL_RELATION','4c397cbda142445eb986a2c13d1482b8','Vehicle_Type','1df1057b06734b019460d9f8fb0a43b0','MEASUREMENT','OBJECT');
INSERT INTO PUBLIC.OBJECT_FIELD_METADATA (ID, NAME, METADATA_TYPE, PARENT_METADATA,PARENT_METADATA_NAME, REFERENCE_METADATA, REFERENCE_METADATA_NAME, REFERENCE_METADATA_TYPE)VALUES('ba8be09bdb15494ab4a541ac1dca7641','NumTotalVehRatingPoints','FIELD','4c397cbda142445eb986a2c13d1482b8','Vehicle_Type','838cab4e48a54d0bb23ca5ea9db454ab','Long','PRIMITIVE');
INSERT INTO PUBLIC.OBJECT_FIELD_METADATA (ID, NAME, METADATA_TYPE, PARENT_METADATA,PARENT_METADATA_NAME, REFERENCE_METADATA, REFERENCE_METADATA_NAME, REFERENCE_METADATA_TYPE)VALUES('703c409b740144759023322b248f76ea','LeasedVehInd','FIELD','4c397cbda142445eb986a2c13d1482b8','Vehicle_Type','4ffb0bcc3ec946d1af3ef883f4c3a4e6','Boolean','PRIMITIVE');
INSERT INTO PUBLIC.OBJECT_FIELD_METADATA (ID, NAME, METADATA_TYPE, PARENT_METADATA,PARENT_METADATA_NAME, REFERENCE_METADATA, REFERENCE_METADATA_NAME, REFERENCE_METADATA_TYPE)VALUES('3ed22d3dba4743de83a0ba08a142afef','DrivenByCoWorkersInd','FIELD','4c397cbda142445eb986a2c13d1482b8','Vehicle_Type','4ffb0bcc3ec946d1af3ef883f4c3a4e6','Boolean','PRIMITIVE');
INSERT INTO PUBLIC.OBJECT_FIELD_METADATA (ID, NAME, METADATA_TYPE, PARENT_METADATA,PARENT_METADATA_NAME, REFERENCE_METADATA, REFERENCE_METADATA_NAME, REFERENCE_METADATA_TYPE)VALUES('021e8b242a1f4172890f9dabe775a0b6','ReplacedVehIdentificationNumber','FIELD','4c397cbda142445eb986a2c13d1482b8','Vehicle_Type','3869bfeb4b5f47c0b4e159b3cfde6d71','C-25','PRIMITIVE');
INSERT INTO PUBLIC.OBJECT_FIELD_METADATA (ID, NAME, METADATA_TYPE, PARENT_METADATA,PARENT_METADATA_NAME, REFERENCE_METADATA, REFERENCE_METADATA_NAME, REFERENCE_METADATA_TYPE)VALUES('2c56e6dd6012406bbd6d127d84d37339','DMVTransactionCd','FIELD','4c397cbda142445eb986a2c13d1482b8','Vehicle_Type','6240ce877a244a73a1253961131c6cc9','IndustryCode_Type','PRIMITIVE');
INSERT INTO PUBLIC.OBJECT_FIELD_METADATA (ID, NAME, METADATA_TYPE, PARENT_METADATA,PARENT_METADATA_NAME, REFERENCE_METADATA, REFERENCE_METADATA_NAME, REFERENCE_METADATA_TYPE)VALUES('b26561a7225448c782fd2a54c5786044','PrimaryRatingFactorLiability','FIELD','4c397cbda142445eb986a2c13d1482b8','Vehicle_Type','c896845db6f640c6bf65093333a64c69','Decimal','PRIMITIVE');
INSERT INTO PUBLIC.OBJECT_FIELD_METADATA (ID, NAME, METADATA_TYPE, PARENT_METADATA,PARENT_METADATA_NAME, REFERENCE_METADATA, REFERENCE_METADATA_NAME, REFERENCE_METADATA_TYPE)VALUES('813dcdd5221c425daa6c1eabfe0c62fb','SecondaryRatingFactor','FIELD','4c397cbda142445eb986a2c13d1482b8','Vehicle_Type','c896845db6f640c6bf65093333a64c69','Decimal','PRIMITIVE');
INSERT INTO PUBLIC.PRIMITIVE_METADATA (ID, NAME, METADATA_TYPE) VALUES('c23fe08ba4a64ab689fa73ae0ea8c849','ReasonLiabilityRefused','PRIMITIVE');
INSERT INTO PUBLIC.OBJECT_FIELD_METADATA (ID, NAME, METADATA_TYPE, PARENT_METADATA,PARENT_METADATA_NAME, REFERENCE_METADATA, REFERENCE_METADATA_NAME, REFERENCE_METADATA_TYPE)VALUES('5f36435632d644c3acb74e032ff6bea9','ReasonLiabilityRefusedCd','FIELD','4c397cbda142445eb986a2c13d1482b8','Vehicle_Type','c23fe08ba4a64ab689fa73ae0ea8c849','ReasonLiabilityRefused','PRIMITIVE');
INSERT INTO PUBLIC.OBJECT_FIELD_METADATA (ID, NAME, METADATA_TYPE, PARENT_METADATA,PARENT_METADATA_NAME, REFERENCE_METADATA, REFERENCE_METADATA_NAME, REFERENCE_METADATA_TYPE)VALUES('4aea908ebc684d9092adef6cca8583a0','CostNewAmt','MODEL_RELATION','4c397cbda142445eb986a2c13d1482b8','Vehicle_Type','4fa89203e94a4637baa0484d19b460c5','CURRENCY','OBJECT');
INSERT INTO PUBLIC.OBJECT_FIELD_METADATA (ID, NAME, METADATA_TYPE, PARENT_METADATA,PARENT_METADATA_NAME, REFERENCE_METADATA, REFERENCE_METADATA_NAME, REFERENCE_METADATA_TYPE)VALUES('6410c1736b044435805f078f1f5e12df','PrincipalOperatorInd','FIELD','4c397cbda142445eb986a2c13d1482b8','Vehicle_Type','4ffb0bcc3ec946d1af3ef883f4c3a4e6','Boolean','PRIMITIVE');
INSERT INTO PUBLIC.OBJECT_FIELD_METADATA (ID, NAME, METADATA_TYPE, PARENT_METADATA,PARENT_METADATA_NAME, REFERENCE_METADATA, REFERENCE_METADATA_NAME, REFERENCE_METADATA_TYPE)VALUES('55a01a77297948e3b98e443c88744ac0','AlternateDrivingStateProvCd','FIELD','4c397cbda142445eb986a2c13d1482b8','Vehicle_Type','6240ce877a244a73a1253961131c6cc9','IndustryCode_Type','PRIMITIVE');
INSERT INTO PUBLIC.OBJECT_FIELD_METADATA (ID, NAME, METADATA_TYPE, PARENT_METADATA,PARENT_METADATA_NAME, REFERENCE_METADATA, REFERENCE_METADATA_NAME, REFERENCE_METADATA_TYPE)VALUES('1fe81a7ba80f4c66bc52b5e7a209cb29','ChassisSerialNumber','FIELD','4c397cbda142445eb986a2c13d1482b8','Vehicle_Type','4aa23ceca9374701b7716d432173c7c2','C-50','PRIMITIVE');
INSERT INTO PUBLIC.OBJECT_FIELD_METADATA (ID, NAME, METADATA_TYPE, PARENT_METADATA,PARENT_METADATA_NAME, REFERENCE_METADATA, REFERENCE_METADATA_NAME, REFERENCE_METADATA_TYPE)VALUES('8c887526cef249528109bcef6acdac4f','VehLength','MODEL_RELATION','4c397cbda142445eb986a2c13d1482b8','Vehicle_Type','1df1057b06734b019460d9f8fb0a43b0','MEASUREMENT','OBJECT');
INSERT INTO PUBLIC.OBJECT_FIELD_METADATA (ID, NAME, METADATA_TYPE, PARENT_METADATA,PARENT_METADATA_NAME, REFERENCE_METADATA, REFERENCE_METADATA_NAME, REFERENCE_METADATA_TYPE)VALUES('80b72e82b63b484a8475e8bdc89378bb','ResidualMarketFacilityTierDt','FIELD','4c397cbda142445eb986a2c13d1482b8','Vehicle_Type','3b0a2ca6cf3a4fb19718e35aa60287cd','Date','PRIMITIVE');
INSERT INTO PUBLIC.OBJECT_FIELD_METADATA (ID, NAME, METADATA_TYPE, PARENT_METADATA,PARENT_METADATA_NAME, REFERENCE_METADATA, REFERENCE_METADATA_NAME, REFERENCE_METADATA_TYPE)VALUES('608672b566994e2283c0d9079fe8b891','CommlCoverage','MODEL_RELATION','4c397cbda142445eb986a2c13d1482b8','Vehicle_Type','d0675b4bbe674c1fa08297c27c3cb675','Coverage_Type','OBJECT');
INSERT INTO PUBLIC.OBJECT_FIELD_METADATA (ID, NAME, METADATA_TYPE, PARENT_METADATA,PARENT_METADATA_NAME, REFERENCE_METADATA, REFERENCE_METADATA_NAME, REFERENCE_METADATA_TYPE)VALUES('5bb07fd228b04264ac257655396c3822','VehIdentificationNumber','FIELD','4c397cbda142445eb986a2c13d1482b8','Vehicle_Type','3869bfeb4b5f47c0b4e159b3cfde6d71','C-25','PRIMITIVE');
INSERT INTO PUBLIC.OBJECT_FIELD_METADATA (ID, NAME, METADATA_TYPE, PARENT_METADATA,PARENT_METADATA_NAME, REFERENCE_METADATA, REFERENCE_METADATA_NAME, REFERENCE_METADATA_TYPE)VALUES('7dfde96d0838458f8ffc9ff43e6b7989','Length','MODEL_RELATION','4c397cbda142445eb986a2c13d1482b8','Vehicle_Type','1df1057b06734b019460d9f8fb0a43b0','MEASUREMENT','OBJECT');
INSERT INTO PUBLIC.OBJECT_FIELD_METADATA (ID, NAME, METADATA_TYPE, PARENT_METADATA,PARENT_METADATA_NAME, REFERENCE_METADATA, REFERENCE_METADATA_NAME, REFERENCE_METADATA_TYPE)VALUES('d046ff7efc594d04b09feff25b5f9746','RateSubClassCd','FIELD','4c397cbda142445eb986a2c13d1482b8','Vehicle_Type','6240ce877a244a73a1253961131c6cc9','IndustryCode_Type','PRIMITIVE');
INSERT INTO PUBLIC.OBJECT_FIELD_METADATA (ID, NAME, METADATA_TYPE, PARENT_METADATA,PARENT_METADATA_NAME, REFERENCE_METADATA, REFERENCE_METADATA_NAME, REFERENCE_METADATA_TYPE)VALUES('39d1185b2c1f429896a8cd06ff801bc2','POLKRestraintDeviceCd','FIELD','4c397cbda142445eb986a2c13d1482b8','Vehicle_Type','6240ce877a244a73a1253961131c6cc9','IndustryCode_Type','PRIMITIVE');
INSERT INTO PUBLIC.OBJECT_FIELD_METADATA (ID, NAME, METADATA_TYPE, PARENT_METADATA,PARENT_METADATA_NAME, REFERENCE_METADATA, REFERENCE_METADATA_NAME, REFERENCE_METADATA_TYPE)VALUES('e3555abc848f4b13834448bd9d090278','FarZoneCd','FIELD','4c397cbda142445eb986a2c13d1482b8','Vehicle_Type','6240ce877a244a73a1253961131c6cc9','IndustryCode_Type','PRIMITIVE');
INSERT INTO PUBLIC.OBJECT_FIELD_METADATA (ID, NAME, METADATA_TYPE, PARENT_METADATA,PARENT_METADATA_NAME, REFERENCE_METADATA, REFERENCE_METADATA_NAME, REFERENCE_METADATA_TYPE)VALUES('41117b7617e8492dbe8825798f51e527','Model','FIELD','4c397cbda142445eb986a2c13d1482b8','Vehicle_Type','4aa23ceca9374701b7716d432173c7c2','C-50','PRIMITIVE');
INSERT INTO PUBLIC.OBJECT_FIELD_METADATA (ID, NAME, METADATA_TYPE, PARENT_METADATA,PARENT_METADATA_NAME, REFERENCE_METADATA, REFERENCE_METADATA_NAME, REFERENCE_METADATA_TYPE)VALUES('73a5c593645b4de4b57450ca92e3ee15','FourWheelDriveInd','FIELD','4c397cbda142445eb986a2c13d1482b8','Vehicle_Type','4ffb0bcc3ec946d1af3ef883f4c3a4e6','Boolean','PRIMITIVE');
INSERT INTO PUBLIC.OBJECT_FIELD_METADATA (ID, NAME, METADATA_TYPE, PARENT_METADATA,PARENT_METADATA_NAME, REFERENCE_METADATA, REFERENCE_METADATA_NAME, REFERENCE_METADATA_TYPE)VALUES('a6f41b082329492a8b733ffb18a8a037','ModelYear','FIELD','4c397cbda142445eb986a2c13d1482b8','Vehicle_Type','838cab4e48a54d0bb23ca5ea9db454ab','Long','PRIMITIVE');
INSERT INTO PUBLIC.OBJECT_FIELD_METADATA (ID, NAME, METADATA_TYPE, PARENT_METADATA,PARENT_METADATA_NAME, REFERENCE_METADATA, REFERENCE_METADATA_NAME, REFERENCE_METADATA_TYPE)VALUES('ba525dff7da743e98e174e07688a6fbb','DualControlsInd','FIELD','4c397cbda142445eb986a2c13d1482b8','Vehicle_Type','4ffb0bcc3ec946d1af3ef883f4c3a4e6','Boolean','PRIMITIVE');
INSERT INTO PUBLIC.OBJECT_FIELD_METADATA (ID, NAME, METADATA_TYPE, PARENT_METADATA,PARENT_METADATA_NAME, REFERENCE_METADATA, REFERENCE_METADATA_NAME, REFERENCE_METADATA_TYPE)VALUES('ca7aace2550d4f5595a7d15be63e26b8','ItemIdInfo','MODEL_RELATION','4c397cbda142445eb986a2c13d1482b8','Vehicle_Type','ba3be0e0317741b08f872c1fca47ad8f','ItemIdInfo_Type','OBJECT');
INSERT INTO PUBLIC.OBJECT_FIELD_METADATA (ID, NAME, METADATA_TYPE, PARENT_METADATA,PARENT_METADATA_NAME, REFERENCE_METADATA, REFERENCE_METADATA_NAME, REFERENCE_METADATA_TYPE)VALUES('307f8eb257ce4a60b7038c4f1ec04080','BumperDiscountInd','FIELD','4c397cbda142445eb986a2c13d1482b8','Vehicle_Type','4ffb0bcc3ec946d1af3ef883f4c3a4e6','Boolean','PRIMITIVE');
INSERT INTO PUBLIC.OBJECT_FIELD_METADATA (ID, NAME, METADATA_TYPE, PARENT_METADATA,PARENT_METADATA_NAME, REFERENCE_METADATA, REFERENCE_METADATA_NAME, REFERENCE_METADATA_TYPE)VALUES('7c5a557405194836b04e88547925b628','AnnualLeaseReceiptsAmt','MODEL_RELATION','4c397cbda142445eb986a2c13d1482b8','Vehicle_Type','4fa89203e94a4637baa0484d19b460c5','CURRENCY','OBJECT');
INSERT INTO PUBLIC.OBJECT_FIELD_METADATA (ID, NAME, METADATA_TYPE, PARENT_METADATA,PARENT_METADATA_NAME, REFERENCE_METADATA, REFERENCE_METADATA_NAME, REFERENCE_METADATA_TYPE)VALUES('3fadb2af1ee74fc3bab7af4439529189','WrittenAmt','MODEL_RELATION','4c397cbda142445eb986a2c13d1482b8','Vehicle_Type','4fa89203e94a4637baa0484d19b460c5','CURRENCY','OBJECT');
INSERT INTO PUBLIC.OBJECT_FIELD_METADATA (ID, NAME, METADATA_TYPE, PARENT_METADATA,PARENT_METADATA_NAME, REFERENCE_METADATA, REFERENCE_METADATA_NAME, REFERENCE_METADATA_TYPE)VALUES('737860cdb3534386909d2892e6121411','AlterationsAmt','MODEL_RELATION','4c397cbda142445eb986a2c13d1482b8','Vehicle_Type','4fa89203e94a4637baa0484d19b460c5','CURRENCY','OBJECT');
INSERT INTO PUBLIC.OBJECT_FIELD_METADATA (ID, NAME, METADATA_TYPE, PARENT_METADATA,PARENT_METADATA_NAME, REFERENCE_METADATA, REFERENCE_METADATA_NAME, REFERENCE_METADATA_TYPE)VALUES('66acb020f48b4d5fab1b5002f7c8aa16','SalvagedInd','FIELD','4c397cbda142445eb986a2c13d1482b8','Vehicle_Type','4ffb0bcc3ec946d1af3ef883f4c3a4e6','Boolean','PRIMITIVE');
INSERT INTO PUBLIC.OBJECT_FIELD_METADATA (ID, NAME, METADATA_TYPE, PARENT_METADATA,PARENT_METADATA_NAME, REFERENCE_METADATA, REFERENCE_METADATA_NAME, REFERENCE_METADATA_TYPE)VALUES('2f1e9e9b68534e38b99d4cb3184ed2c3','FinancedAmt','MODEL_RELATION','4c397cbda142445eb986a2c13d1482b8','Vehicle_Type','4fa89203e94a4637baa0484d19b460c5','CURRENCY','OBJECT');
INSERT INTO PUBLIC.OBJECT_FIELD_METADATA (ID, NAME, METADATA_TYPE, PARENT_METADATA,PARENT_METADATA_NAME, REFERENCE_METADATA, REFERENCE_METADATA_NAME, REFERENCE_METADATA_TYPE)VALUES('39dc7f4d6d4a429882d8c8a10f26fac6','GrossVehWeight','MODEL_RELATION','4c397cbda142445eb986a2c13d1482b8','Vehicle_Type','1df1057b06734b019460d9f8fb0a43b0','MEASUREMENT','OBJECT');
INSERT INTO PUBLIC.OBJECT_FIELD_METADATA (ID, NAME, METADATA_TYPE, PARENT_METADATA,PARENT_METADATA_NAME, REFERENCE_METADATA, REFERENCE_METADATA_NAME, REFERENCE_METADATA_TYPE)VALUES('e2efe9fcded54e108d6470bbfc14370e','NonOwnedVehInd','FIELD','4c397cbda142445eb986a2c13d1482b8','Vehicle_Type','4ffb0bcc3ec946d1af3ef883f4c3a4e6','Boolean','PRIMITIVE');
INSERT INTO PUBLIC.OBJECT_FIELD_METADATA (ID, NAME, METADATA_TYPE, PARENT_METADATA,PARENT_METADATA_NAME, REFERENCE_METADATA, REFERENCE_METADATA_NAME, REFERENCE_METADATA_TYPE)VALUES('a195201b0658415fb44d3f1bedf2bb1a','RatingCreditCd','FIELD','4c397cbda142445eb986a2c13d1482b8','Vehicle_Type','95d66cc5fb4849db8ff827e892c753b4','Coverages','PRIMITIVE');
INSERT INTO PUBLIC.PRIMITIVE_METADATA (ID, NAME, METADATA_TYPE) VALUES('f6c0212d5a4a4ffeb31ad55a6a7b5291','VehicleType','PRIMITIVE');
INSERT INTO PUBLIC.OBJECT_FIELD_METADATA (ID, NAME, METADATA_TYPE, PARENT_METADATA,PARENT_METADATA_NAME, REFERENCE_METADATA, REFERENCE_METADATA_NAME, REFERENCE_METADATA_TYPE)VALUES('06c6f8e8bd56407789c91f8936f99470','VehTypeCd','FIELD','4c397cbda142445eb986a2c13d1482b8','Vehicle_Type','f6c0212d5a4a4ffeb31ad55a6a7b5291','VehicleType','PRIMITIVE');
INSERT INTO PUBLIC.OBJECT_FIELD_METADATA (ID, NAME, METADATA_TYPE, PARENT_METADATA,PARENT_METADATA_NAME, REFERENCE_METADATA, REFERENCE_METADATA_NAME, REFERENCE_METADATA_TYPE)VALUES('621821e307db49448d11ea570daaaa8b','ExistingUnrepairedDamageDesc','FIELD','4c397cbda142445eb986a2c13d1482b8','Vehicle_Type','2344631100044813a5126adcfb93e80d','C-255','PRIMITIVE');
INSERT INTO PUBLIC.OBJECT_FIELD_METADATA (ID, NAME, METADATA_TYPE, PARENT_METADATA,PARENT_METADATA_NAME, REFERENCE_METADATA, REFERENCE_METADATA_NAME, REFERENCE_METADATA_TYPE)VALUES('8d33687b4f534c5cbbfa1ee112762b63','ComprehensiveOTCSymbolCd','FIELD','4c397cbda142445eb986a2c13d1482b8','Vehicle_Type','6240ce877a244a73a1253961131c6cc9','IndustryCode_Type','PRIMITIVE');
INSERT INTO PUBLIC.OBJECT_FIELD_METADATA (ID, NAME, METADATA_TYPE, PARENT_METADATA,PARENT_METADATA_NAME, REFERENCE_METADATA, REFERENCE_METADATA_NAME, REFERENCE_METADATA_TYPE)VALUES('074251810168486b9a375cf5615235f4','PhysicalDamageRateClassCd','FIELD','4c397cbda142445eb986a2c13d1482b8','Vehicle_Type','6240ce877a244a73a1253961131c6cc9','IndustryCode_Type','PRIMITIVE');
INSERT INTO PUBLIC.OBJECT_FIELD_METADATA (ID, NAME, METADATA_TYPE, PARENT_METADATA,PARENT_METADATA_NAME, REFERENCE_METADATA, REFERENCE_METADATA_NAME, REFERENCE_METADATA_TYPE)VALUES('92e39870255445bbaf061e09816cc862','NearZoneCd','FIELD','4c397cbda142445eb986a2c13d1482b8','Vehicle_Type','6240ce877a244a73a1253961131c6cc9','IndustryCode_Type','PRIMITIVE');
INSERT INTO PUBLIC.OBJECT_METADATA (ID, NAME, METADATA_TYPE, REFERENCE_METADATA, REFERENCE_METADATA_NAME) VALUES('18eb9d0ffdad4e7e891e3297da8c3986','InspectionInfo_Type','OBJECT',null,null);
INSERT INTO PUBLIC.OBJECT_FIELD_METADATA (ID, NAME, METADATA_TYPE, PARENT_METADATA,PARENT_METADATA_NAME, REFERENCE_METADATA, REFERENCE_METADATA_NAME, REFERENCE_METADATA_TYPE)VALUES('66eeca7b782a49b99b95aa2a1f81e425','InspectionReportDt','FIELD','18eb9d0ffdad4e7e891e3297da8c3986','InspectionInfo_Type','3b0a2ca6cf3a4fb19718e35aa60287cd','Date','PRIMITIVE');
INSERT INTO PUBLIC.OBJECT_METADATA (ID, NAME, METADATA_TYPE, REFERENCE_METADATA, REFERENCE_METADATA_NAME) VALUES('5cdba49efb5b4731aee71966a6dd5221','VehInspectionInfo_Type','OBJECT',null,null);
INSERT INTO PUBLIC.PRIMITIVE_METADATA (ID, NAME, METADATA_TYPE) VALUES('5c235a463df244959bc0e187592ef223','VehInspectionExemption','PRIMITIVE');
INSERT INTO PUBLIC.OBJECT_FIELD_METADATA (ID, NAME, METADATA_TYPE, PARENT_METADATA,PARENT_METADATA_NAME, REFERENCE_METADATA, REFERENCE_METADATA_NAME, REFERENCE_METADATA_TYPE)VALUES('d3ff22ac16604f62a0df888145e49522','VehExemptionCd','FIELD','5cdba49efb5b4731aee71966a6dd5221','VehInspectionInfo_Type','5c235a463df244959bc0e187592ef223','VehInspectionExemption','PRIMITIVE');
INSERT INTO PUBLIC.PRIMITIVE_METADATA (ID, NAME, METADATA_TYPE) VALUES('ba53b1d6719244fa8bf0c9bad2c31b08','VehInspectionDamage','PRIMITIVE');
INSERT INTO PUBLIC.OBJECT_FIELD_METADATA (ID, NAME, METADATA_TYPE, PARENT_METADATA,PARENT_METADATA_NAME, REFERENCE_METADATA, REFERENCE_METADATA_NAME, REFERENCE_METADATA_TYPE)VALUES('efd8f11595dd46829c9c9904de268096','VehInspectionDamageCd','FIELD','5cdba49efb5b4731aee71966a6dd5221','VehInspectionInfo_Type','ba53b1d6719244fa8bf0c9bad2c31b08','VehInspectionDamage','PRIMITIVE');
INSERT INTO PUBLIC.OBJECT_FIELD_METADATA (ID, NAME, METADATA_TYPE, PARENT_METADATA,PARENT_METADATA_NAME, REFERENCE_METADATA, REFERENCE_METADATA_NAME, REFERENCE_METADATA_TYPE)VALUES('9188d883e3fe46ad9e7b00afea183c88','AlterationsDesc','FIELD','5cdba49efb5b4731aee71966a6dd5221','VehInspectionInfo_Type','2344631100044813a5126adcfb93e80d','C-255','PRIMITIVE');
INSERT INTO PUBLIC.OBJECT_FIELD_METADATA (ID, NAME, METADATA_TYPE, PARENT_METADATA,PARENT_METADATA_NAME, REFERENCE_METADATA, REFERENCE_METADATA_NAME, REFERENCE_METADATA_TYPE)VALUES('72de38ab9a194ab6a5a0b2cdd58494c0','OdometerReading','MODEL_RELATION','5cdba49efb5b4731aee71966a6dd5221','VehInspectionInfo_Type','1df1057b06734b019460d9f8fb0a43b0','MEASUREMENT','OBJECT');
INSERT INTO PUBLIC.OBJECT_METADATA (ID, NAME, METADATA_TYPE, REFERENCE_METADATA, REFERENCE_METADATA_NAME) VALUES('b9513fc469e94ee4be47e63c206f7b2e','VehEquipment_Type','OBJECT',null,null);
INSERT INTO PUBLIC.OBJECT_FIELD_METADATA (ID, NAME, METADATA_TYPE, PARENT_METADATA,PARENT_METADATA_NAME, REFERENCE_METADATA, REFERENCE_METADATA_NAME, REFERENCE_METADATA_TYPE)VALUES('7bb630ec005c458d860ce4ce69838499','BuiltInInd','FIELD','b9513fc469e94ee4be47e63c206f7b2e','VehEquipment_Type','4ffb0bcc3ec946d1af3ef883f4c3a4e6','Boolean','PRIMITIVE');
INSERT INTO PUBLIC.PRIMITIVE_METADATA (ID, NAME, METADATA_TYPE) VALUES('cfc5e5d68dd74c73bb27b9f16b493df8','C-40','PRIMITIVE');
INSERT INTO PUBLIC.OBJECT_FIELD_METADATA (ID, NAME, METADATA_TYPE, PARENT_METADATA,PARENT_METADATA_NAME, REFERENCE_METADATA, REFERENCE_METADATA_NAME, REFERENCE_METADATA_TYPE)VALUES('35d5a407e68749fab68a4bcf4614f9c8','Brand','FIELD','b9513fc469e94ee4be47e63c206f7b2e','VehEquipment_Type','cfc5e5d68dd74c73bb27b9f16b493df8','C-40','PRIMITIVE');
INSERT INTO PUBLIC.OBJECT_FIELD_METADATA (ID, NAME, METADATA_TYPE, PARENT_METADATA,PARENT_METADATA_NAME, REFERENCE_METADATA, REFERENCE_METADATA_NAME, REFERENCE_METADATA_TYPE)VALUES('916882020bf242bc8a43573b213c39b4','VehEquipmentExt','FIELD','b9513fc469e94ee4be47e63c206f7b2e','VehEquipment_Type',null,null,null);
INSERT INTO PUBLIC.OBJECT_FIELD_METADATA (ID, NAME, METADATA_TYPE, PARENT_METADATA,PARENT_METADATA_NAME, REFERENCE_METADATA, REFERENCE_METADATA_NAME, REFERENCE_METADATA_TYPE)VALUES('c475572b8e044ad9afc9d6b0cc5df545','EquipmentTypeDesc','FIELD','b9513fc469e94ee4be47e63c206f7b2e','VehEquipment_Type','2344631100044813a5126adcfb93e80d','C-255','PRIMITIVE');
INSERT INTO PUBLIC.PRIMITIVE_METADATA (ID, NAME, METADATA_TYPE) VALUES('c9d13dba1749420bad213c5a19f5dfa0','VehEquipmentType','PRIMITIVE');
INSERT INTO PUBLIC.OBJECT_FIELD_METADATA (ID, NAME, METADATA_TYPE, PARENT_METADATA,PARENT_METADATA_NAME, REFERENCE_METADATA, REFERENCE_METADATA_NAME, REFERENCE_METADATA_TYPE)VALUES('6050fa0a62dc47199c0236e095f1b645','VehEquipmentCd','FIELD','b9513fc469e94ee4be47e63c206f7b2e','VehEquipment_Type','c9d13dba1749420bad213c5a19f5dfa0','VehEquipmentType','PRIMITIVE');
INSERT INTO PUBLIC.OBJECT_FIELD_METADATA (ID, NAME, METADATA_TYPE, PARENT_METADATA,PARENT_METADATA_NAME, REFERENCE_METADATA, REFERENCE_METADATA_NAME, REFERENCE_METADATA_TYPE)VALUES('3565c37d3b2d47f2a6d4d48054e0d7ef','VehEquipment','MODEL_RELATION','5cdba49efb5b4731aee71966a6dd5221','VehInspectionInfo_Type','b9513fc469e94ee4be47e63c206f7b2e','VehEquipment_Type','OBJECT');
INSERT INTO PUBLIC.OBJECT_METADATA (ID, NAME, METADATA_TYPE, REFERENCE_METADATA, REFERENCE_METADATA_NAME) VALUES('d5a2d6f22ff94174a728b34efbb2a9b9','AntiTheftDeviceInfo_Type','OBJECT',null,null);
INSERT INTO PUBLIC.PRIMITIVE_METADATA (ID, NAME, METADATA_TYPE) VALUES('6482b735b26946309fa4a477c4896e9c','VehAntiTheftEngravingDevMfr','PRIMITIVE');
INSERT INTO PUBLIC.OBJECT_FIELD_METADATA (ID, NAME, METADATA_TYPE, PARENT_METADATA,PARENT_METADATA_NAME, REFERENCE_METADATA, REFERENCE_METADATA_NAME, REFERENCE_METADATA_TYPE)VALUES('0ed1a01f564e4e59a0988f47d153a945','AntiTheftEngravingDevMfrCd','FIELD','d5a2d6f22ff94174a728b34efbb2a9b9','AntiTheftDeviceInfo_Type','6482b735b26946309fa4a477c4896e9c','VehAntiTheftEngravingDevMfr','PRIMITIVE');
INSERT INTO PUBLIC.OBJECT_FIELD_METADATA (ID, NAME, METADATA_TYPE, PARENT_METADATA,PARENT_METADATA_NAME, REFERENCE_METADATA, REFERENCE_METADATA_NAME, REFERENCE_METADATA_TYPE)VALUES('c1b8b77b5f2c469798c410fc7b260d0f','AntiTheftDeviceInfoExt','FIELD','d5a2d6f22ff94174a728b34efbb2a9b9','AntiTheftDeviceInfo_Type',null,null,null);
INSERT INTO PUBLIC.PRIMITIVE_METADATA (ID, NAME, METADATA_TYPE) VALUES('449282415feb4417be2db30f3bdd7477','AutoAntiTheftDevice','PRIMITIVE');
INSERT INTO PUBLIC.OBJECT_FIELD_METADATA (ID, NAME, METADATA_TYPE, PARENT_METADATA,PARENT_METADATA_NAME, REFERENCE_METADATA, REFERENCE_METADATA_NAME, REFERENCE_METADATA_TYPE)VALUES('5f2e091caaef446ba3acaae5f4c9d1fd','AntiTheftDeviceCd','FIELD','d5a2d6f22ff94174a728b34efbb2a9b9','AntiTheftDeviceInfo_Type','449282415feb4417be2db30f3bdd7477','AutoAntiTheftDevice','PRIMITIVE');
INSERT INTO PUBLIC.PRIMITIVE_METADATA (ID, NAME, METADATA_TYPE) VALUES('12963051884748539def74910ba3f3f2','AntiTheftProduct','PRIMITIVE');
INSERT INTO PUBLIC.OBJECT_FIELD_METADATA (ID, NAME, METADATA_TYPE, PARENT_METADATA,PARENT_METADATA_NAME, REFERENCE_METADATA, REFERENCE_METADATA_NAME, REFERENCE_METADATA_TYPE)VALUES('da33a50cc3974c9593e2f0139790719c','AntiTheftProductCd','FIELD','d5a2d6f22ff94174a728b34efbb2a9b9','AntiTheftDeviceInfo_Type','12963051884748539def74910ba3f3f2','AntiTheftProduct','PRIMITIVE');
INSERT INTO PUBLIC.OBJECT_FIELD_METADATA (ID, NAME, METADATA_TYPE, PARENT_METADATA,PARENT_METADATA_NAME, REFERENCE_METADATA, REFERENCE_METADATA_NAME, REFERENCE_METADATA_TYPE)VALUES('843c2c1735a943ee9814b90e517eb7c1','AntiTheftDeviceInfo','MODEL_RELATION','5cdba49efb5b4731aee71966a6dd5221','VehInspectionInfo_Type','d5a2d6f22ff94174a728b34efbb2a9b9','AntiTheftDeviceInfo_Type','OBJECT');
INSERT INTO PUBLIC.OBJECT_FIELD_METADATA (ID, NAME, METADATA_TYPE, PARENT_METADATA,PARENT_METADATA_NAME, REFERENCE_METADATA, REFERENCE_METADATA_NAME, REFERENCE_METADATA_TYPE)VALUES('c86d1129b03c4c54b894baaa564d60b7','VehIdentificationNumber','FIELD','5cdba49efb5b4731aee71966a6dd5221','VehInspectionInfo_Type','3869bfeb4b5f47c0b4e159b3cfde6d71','C-25','PRIMITIVE');
INSERT INTO PUBLIC.OBJECT_FIELD_METADATA (ID, NAME, METADATA_TYPE, PARENT_METADATA,PARENT_METADATA_NAME, REFERENCE_METADATA, REFERENCE_METADATA_NAME, REFERENCE_METADATA_TYPE)VALUES('00397df5fdd24604aa99cb591e35ed13','VehSymbolCd','FIELD','5cdba49efb5b4731aee71966a6dd5221','VehInspectionInfo_Type','6240ce877a244a73a1253961131c6cc9','IndustryCode_Type','PRIMITIVE');
INSERT INTO PUBLIC.OBJECT_FIELD_METADATA (ID, NAME, METADATA_TYPE, PARENT_METADATA,PARENT_METADATA_NAME, REFERENCE_METADATA, REFERENCE_METADATA_NAME, REFERENCE_METADATA_TYPE)VALUES('4757230195e5491b9e688afe01d10884','VehInspectionInfoExt','FIELD','5cdba49efb5b4731aee71966a6dd5221','VehInspectionInfo_Type',null,null,null);
INSERT INTO PUBLIC.OBJECT_FIELD_METADATA (ID, NAME, METADATA_TYPE, PARENT_METADATA,PARENT_METADATA_NAME, REFERENCE_METADATA, REFERENCE_METADATA_NAME, REFERENCE_METADATA_TYPE)VALUES('e46f65972a96486a922fd2fd05a065ac','NumDoors','FIELD','5cdba49efb5b4731aee71966a6dd5221','VehInspectionInfo_Type','838cab4e48a54d0bb23ca5ea9db454ab','Long','PRIMITIVE');
INSERT INTO PUBLIC.PRIMITIVE_METADATA (ID, NAME, METADATA_TYPE) VALUES('9bb849ba7d4d447ebfbb56d09dabdf18','VehMaterialType','PRIMITIVE');
INSERT INTO PUBLIC.OBJECT_FIELD_METADATA (ID, NAME, METADATA_TYPE, PARENT_METADATA,PARENT_METADATA_NAME, REFERENCE_METADATA, REFERENCE_METADATA_NAME, REFERENCE_METADATA_TYPE)VALUES('c08af692e2f74951a0702581fed286e9','InteriorMaterialCd','FIELD','5cdba49efb5b4731aee71966a6dd5221','VehInspectionInfo_Type','9bb849ba7d4d447ebfbb56d09dabdf18','VehMaterialType','PRIMITIVE');
INSERT INTO PUBLIC.OBJECT_FIELD_METADATA (ID, NAME, METADATA_TYPE, PARENT_METADATA,PARENT_METADATA_NAME, REFERENCE_METADATA, REFERENCE_METADATA_NAME, REFERENCE_METADATA_TYPE)VALUES('23f5841032e14bc0937dd4030fe082af','VINLocation','FIELD','5cdba49efb5b4731aee71966a6dd5221','VehInspectionInfo_Type','3869bfeb4b5f47c0b4e159b3cfde6d71','C-25','PRIMITIVE');
INSERT INTO PUBLIC.OBJECT_FIELD_METADATA (ID, NAME, METADATA_TYPE, PARENT_METADATA,PARENT_METADATA_NAME, REFERENCE_METADATA, REFERENCE_METADATA_NAME, REFERENCE_METADATA_TYPE)VALUES('05d817cab2c84656913e7609c316d7be','VehInspectionDamageDesc','FIELD','5cdba49efb5b4731aee71966a6dd5221','VehInspectionInfo_Type','2344631100044813a5126adcfb93e80d','C-255','PRIMITIVE');
INSERT INTO PUBLIC.OBJECT_FIELD_METADATA (ID, NAME, METADATA_TYPE, PARENT_METADATA,PARENT_METADATA_NAME, REFERENCE_METADATA, REFERENCE_METADATA_NAME, REFERENCE_METADATA_TYPE)VALUES('fd0428eefeb64c69aa2917ce4fe80093','VehCompSymbolCd','FIELD','5cdba49efb5b4731aee71966a6dd5221','VehInspectionInfo_Type','6240ce877a244a73a1253961131c6cc9','IndustryCode_Type','PRIMITIVE');
INSERT INTO PUBLIC.OBJECT_FIELD_METADATA (ID, NAME, METADATA_TYPE, PARENT_METADATA,PARENT_METADATA_NAME, REFERENCE_METADATA, REFERENCE_METADATA_NAME, REFERENCE_METADATA_TYPE)VALUES('56c2faffb02344e9aeaa6163d46162d0','VehCollSymbolCd','FIELD','5cdba49efb5b4731aee71966a6dd5221','VehInspectionInfo_Type','6240ce877a244a73a1253961131c6cc9','IndustryCode_Type','PRIMITIVE');
INSERT INTO PUBLIC.OBJECT_FIELD_METADATA (ID, NAME, METADATA_TYPE, PARENT_METADATA,PARENT_METADATA_NAME, REFERENCE_METADATA, REFERENCE_METADATA_NAME, REFERENCE_METADATA_TYPE)VALUES('586979fd577b4ed481e44bc82847b376','VehInspectionInfo','MODEL_RELATION','18eb9d0ffdad4e7e891e3297da8c3986','InspectionInfo_Type','5cdba49efb5b4731aee71966a6dd5221','VehInspectionInfo_Type','OBJECT');
INSERT INTO PUBLIC.OBJECT_FIELD_METADATA (ID, NAME, METADATA_TYPE, PARENT_METADATA,PARENT_METADATA_NAME, REFERENCE_METADATA, REFERENCE_METADATA_NAME, REFERENCE_METADATA_TYPE)VALUES('591185cf66a549ccb2d302e02b1b5f1f','InspectionRequestMailDt','FIELD','18eb9d0ffdad4e7e891e3297da8c3986','InspectionInfo_Type','3b0a2ca6cf3a4fb19718e35aa60287cd','Date','PRIMITIVE');
INSERT INTO PUBLIC.OBJECT_FIELD_METADATA (ID, NAME, METADATA_TYPE, PARENT_METADATA,PARENT_METADATA_NAME, REFERENCE_METADATA, REFERENCE_METADATA_NAME, REFERENCE_METADATA_TYPE)VALUES('ed7a275ae493423dbc3ab2028a199bd7','ReportNumber','FIELD','18eb9d0ffdad4e7e891e3297da8c3986','InspectionInfo_Type','3da4bbbc6bf44d5f941e647b8e8408dc','AssignedIdentifier','PRIMITIVE');
INSERT INTO PUBLIC.OBJECT_FIELD_METADATA (ID, NAME, METADATA_TYPE, PARENT_METADATA,PARENT_METADATA_NAME, REFERENCE_METADATA, REFERENCE_METADATA_NAME, REFERENCE_METADATA_TYPE)VALUES('daf4716a0e544c70ba56b2aa3fc74307','InspectionInfoExt','FIELD','18eb9d0ffdad4e7e891e3297da8c3986','InspectionInfo_Type',null,null,null);
INSERT INTO PUBLIC.PRIMITIVE_METADATA (ID, NAME, METADATA_TYPE) VALUES('2f42caf511d243c1a01d8892bd82932d','Inspector','PRIMITIVE');
INSERT INTO PUBLIC.OBJECT_FIELD_METADATA (ID, NAME, METADATA_TYPE, PARENT_METADATA,PARENT_METADATA_NAME, REFERENCE_METADATA, REFERENCE_METADATA_NAME, REFERENCE_METADATA_TYPE)VALUES('8d08de4c33e3482aaa78431b37a0cb5c','InspectorCd','FIELD','18eb9d0ffdad4e7e891e3297da8c3986','InspectionInfo_Type','2f42caf511d243c1a01d8892bd82932d','Inspector','PRIMITIVE');
INSERT INTO PUBLIC.OBJECT_FIELD_METADATA (ID, NAME, METADATA_TYPE, PARENT_METADATA,PARENT_METADATA_NAME, REFERENCE_METADATA, REFERENCE_METADATA_NAME, REFERENCE_METADATA_TYPE)VALUES('662744480e884c5e9be8ee40ee9b6fe1','NumPhotos','FIELD','18eb9d0ffdad4e7e891e3297da8c3986','InspectionInfo_Type','838cab4e48a54d0bb23ca5ea9db454ab','Long','PRIMITIVE');
INSERT INTO PUBLIC.OBJECT_FIELD_METADATA (ID, NAME, METADATA_TYPE, PARENT_METADATA,PARENT_METADATA_NAME, REFERENCE_METADATA, REFERENCE_METADATA_NAME, REFERENCE_METADATA_TYPE)VALUES('7d430239db404261bec8841d0b710e1b','InspectionDt','FIELD','18eb9d0ffdad4e7e891e3297da8c3986','InspectionInfo_Type','3b0a2ca6cf3a4fb19718e35aa60287cd','Date','PRIMITIVE');
INSERT INTO PUBLIC.OBJECT_FIELD_METADATA (ID, NAME, METADATA_TYPE, PARENT_METADATA,PARENT_METADATA_NAME, REFERENCE_METADATA, REFERENCE_METADATA_NAME, REFERENCE_METADATA_TYPE)VALUES('dfa7c995298e4448bb82abdf14eb3059','InspectionTime','FIELD','18eb9d0ffdad4e7e891e3297da8c3986','InspectionInfo_Type','51d491822772403b96d2277d75c8912f','Time','PRIMITIVE');
INSERT INTO PUBLIC.PRIMITIVE_METADATA (ID, NAME, METADATA_TYPE) VALUES('cde209b88b9140a09ea7a21e11a8b3ef','InspectionType','PRIMITIVE');
INSERT INTO PUBLIC.OBJECT_FIELD_METADATA (ID, NAME, METADATA_TYPE, PARENT_METADATA,PARENT_METADATA_NAME, REFERENCE_METADATA, REFERENCE_METADATA_NAME, REFERENCE_METADATA_TYPE)VALUES('31330342c17b4dce8494daaa1c45575d','InspectionCd','FIELD','18eb9d0ffdad4e7e891e3297da8c3986','InspectionInfo_Type','cde209b88b9140a09ea7a21e11a8b3ef','InspectionType','PRIMITIVE');
INSERT INTO PUBLIC.OBJECT_FIELD_METADATA (ID, NAME, METADATA_TYPE, PARENT_METADATA,PARENT_METADATA_NAME, REFERENCE_METADATA, REFERENCE_METADATA_NAME, REFERENCE_METADATA_TYPE)VALUES('bc6cb7d3a00e438b9ba888b8076822c9','QuestionAnswer','MODEL_RELATION','18eb9d0ffdad4e7e891e3297da8c3986','InspectionInfo_Type','152fefd4f3054b68b490c1af5c9c284c','QuestionAnswer_Type','OBJECT');
INSERT INTO PUBLIC.PRIMITIVE_METADATA (ID, NAME, METADATA_TYPE) VALUES('72606f7e4921461bbbba162eb3b19426','InspectionStatus','PRIMITIVE');
INSERT INTO PUBLIC.OBJECT_FIELD_METADATA (ID, NAME, METADATA_TYPE, PARENT_METADATA,PARENT_METADATA_NAME, REFERENCE_METADATA, REFERENCE_METADATA_NAME, REFERENCE_METADATA_TYPE)VALUES('b93728034e6240c7a74273db1a4f1ac9','InspectionStatusCd','FIELD','18eb9d0ffdad4e7e891e3297da8c3986','InspectionInfo_Type','72606f7e4921461bbbba162eb3b19426','InspectionStatus','PRIMITIVE');
INSERT INTO PUBLIC.OBJECT_FIELD_METADATA (ID, NAME, METADATA_TYPE, PARENT_METADATA,PARENT_METADATA_NAME, REFERENCE_METADATA, REFERENCE_METADATA_NAME, REFERENCE_METADATA_TYPE)VALUES('a905041bd9b34b15bc0f3fe085a458f1','InspectionInfo','MODEL_RELATION','4c397cbda142445eb986a2c13d1482b8','Vehicle_Type','18eb9d0ffdad4e7e891e3297da8c3986','InspectionInfo_Type','OBJECT');
INSERT INTO PUBLIC.OBJECT_FIELD_METADATA (ID, NAME, METADATA_TYPE, PARENT_METADATA,PARENT_METADATA_NAME, REFERENCE_METADATA, REFERENCE_METADATA_NAME, REFERENCE_METADATA_TYPE)VALUES('1418106a2ff44867852974481ac12f84','RadiusUse','MODEL_RELATION','4c397cbda142445eb986a2c13d1482b8','Vehicle_Type','1df1057b06734b019460d9f8fb0a43b0','MEASUREMENT','OBJECT');
INSERT INTO PUBLIC.OBJECT_FIELD_METADATA (ID, NAME, METADATA_TYPE, PARENT_METADATA,PARENT_METADATA_NAME, REFERENCE_METADATA, REFERENCE_METADATA_NAME, REFERENCE_METADATA_TYPE)VALUES('56d56b2c449b458fbd5543de958fcda5','TerritoryCd','FIELD','4c397cbda142445eb986a2c13d1482b8','Vehicle_Type','6240ce877a244a73a1253961131c6cc9','IndustryCode_Type','PRIMITIVE');
INSERT INTO PUBLIC.OBJECT_FIELD_METADATA (ID, NAME, METADATA_TYPE, PARENT_METADATA,PARENT_METADATA_NAME, REFERENCE_METADATA, REFERENCE_METADATA_NAME, REFERENCE_METADATA_TYPE)VALUES('01a3f234ff584dc987908ae72ed514ce','CollisionSymbolCd','FIELD','4c397cbda142445eb986a2c13d1482b8','Vehicle_Type','6240ce877a244a73a1253961131c6cc9','IndustryCode_Type','PRIMITIVE');
INSERT INTO PUBLIC.OBJECT_FIELD_METADATA (ID, NAME, METADATA_TYPE, PARENT_METADATA,PARENT_METADATA_NAME, REFERENCE_METADATA, REFERENCE_METADATA_NAME, REFERENCE_METADATA_TYPE)VALUES('95fc2cd14be14163931effb55bab8c0c','SeenCarInd','FIELD','4c397cbda142445eb986a2c13d1482b8','Vehicle_Type','4ffb0bcc3ec946d1af3ef883f4c3a4e6','Boolean','PRIMITIVE');
INSERT INTO PUBLIC.OBJECT_FIELD_METADATA (ID, NAME, METADATA_TYPE, PARENT_METADATA,PARENT_METADATA_NAME, REFERENCE_METADATA, REFERENCE_METADATA_NAME, REFERENCE_METADATA_TYPE)VALUES('56889c3381cc43779e268cb55b02e1e0','LengthTimeVehInUse','MODEL_RELATION','4c397cbda142445eb986a2c13d1482b8','Vehicle_Type','1df1057b06734b019460d9f8fb0a43b0','MEASUREMENT','OBJECT');
INSERT INTO PUBLIC.OBJECT_METADATA (ID, NAME, METADATA_TYPE, REFERENCE_METADATA, REFERENCE_METADATA_NAME) VALUES('1f54c746f68040a5ae5875642bcffcf7','Registration_Type','OBJECT',null,null);
INSERT INTO PUBLIC.OBJECT_FIELD_METADATA (ID, NAME, METADATA_TYPE, PARENT_METADATA,PARENT_METADATA_NAME, REFERENCE_METADATA, REFERENCE_METADATA_NAME, REFERENCE_METADATA_TYPE)VALUES('a5369953b6a6476aab4feba947a764cd','RegistrationStatusDt','FIELD','1f54c746f68040a5ae5875642bcffcf7','Registration_Type','3b0a2ca6cf3a4fb19718e35aa60287cd','Date','PRIMITIVE');
INSERT INTO PUBLIC.OBJECT_FIELD_METADATA (ID, NAME, METADATA_TYPE, PARENT_METADATA,PARENT_METADATA_NAME, REFERENCE_METADATA, REFERENCE_METADATA_NAME, REFERENCE_METADATA_TYPE)VALUES('fe53da05a30b415a85958cf975b48434','RegistrationExt','FIELD','1f54c746f68040a5ae5875642bcffcf7','Registration_Type',null,null,null);
INSERT INTO PUBLIC.PRIMITIVE_METADATA (ID, NAME, METADATA_TYPE) VALUES('4aa04ec496b64d0784fd8d92f11104bc','RegistrationStatus','PRIMITIVE');
INSERT INTO PUBLIC.OBJECT_FIELD_METADATA (ID, NAME, METADATA_TYPE, PARENT_METADATA,PARENT_METADATA_NAME, REFERENCE_METADATA, REFERENCE_METADATA_NAME, REFERENCE_METADATA_TYPE)VALUES('ccbcc79bf59e4e2db6d92bfb911ded2a','RegistrationStatusCd','FIELD','1f54c746f68040a5ae5875642bcffcf7','Registration_Type','4aa04ec496b64d0784fd8d92f11104bc','RegistrationStatus','PRIMITIVE');
INSERT INTO PUBLIC.OBJECT_FIELD_METADATA (ID, NAME, METADATA_TYPE, PARENT_METADATA,PARENT_METADATA_NAME, REFERENCE_METADATA, REFERENCE_METADATA_NAME, REFERENCE_METADATA_TYPE)VALUES('0a1ed6032ea44e50b88832c5a4ce826f','StateProv','FIELD','1f54c746f68040a5ae5875642bcffcf7','Registration_Type','556d0fd305d84c408c3f510bdb79e07f','C-60','PRIMITIVE');
INSERT INTO PUBLIC.OBJECT_FIELD_METADATA (ID, NAME, METADATA_TYPE, PARENT_METADATA,PARENT_METADATA_NAME, REFERENCE_METADATA, REFERENCE_METADATA_NAME, REFERENCE_METADATA_TYPE)VALUES('594e0358ec974671b8262af5a5f50cd7','CountryCd','FIELD','1f54c746f68040a5ae5875642bcffcf7','Registration_Type','6240ce877a244a73a1253961131c6cc9','IndustryCode_Type','PRIMITIVE');
INSERT INTO PUBLIC.OBJECT_FIELD_METADATA (ID, NAME, METADATA_TYPE, PARENT_METADATA,PARENT_METADATA_NAME, REFERENCE_METADATA, REFERENCE_METADATA_NAME, REFERENCE_METADATA_TYPE)VALUES('e015b43744a748c5982f128546cb8f0c','LastRegisteredYear','FIELD','1f54c746f68040a5ae5875642bcffcf7','Registration_Type','7c9113946db7435cb0053de34c768997','Year','PRIMITIVE');
INSERT INTO PUBLIC.OBJECT_FIELD_METADATA (ID, NAME, METADATA_TYPE, PARENT_METADATA,PARENT_METADATA_NAME, REFERENCE_METADATA, REFERENCE_METADATA_NAME, REFERENCE_METADATA_TYPE)VALUES('e564246fd1c34fbda137bec45c67b867','RegistrationId','FIELD','1f54c746f68040a5ae5875642bcffcf7','Registration_Type','3da4bbbc6bf44d5f941e647b8e8408dc','AssignedIdentifier','PRIMITIVE');
INSERT INTO PUBLIC.OBJECT_FIELD_METADATA (ID, NAME, METADATA_TYPE, PARENT_METADATA,PARENT_METADATA_NAME, REFERENCE_METADATA, REFERENCE_METADATA_NAME, REFERENCE_METADATA_TYPE)VALUES('0ef1466d19364c65a23bbff45e648ef1','Country','FIELD','1f54c746f68040a5ae5875642bcffcf7','Registration_Type','556d0fd305d84c408c3f510bdb79e07f','C-60','PRIMITIVE');
INSERT INTO PUBLIC.OBJECT_FIELD_METADATA (ID, NAME, METADATA_TYPE, PARENT_METADATA,PARENT_METADATA_NAME, REFERENCE_METADATA, REFERENCE_METADATA_NAME, REFERENCE_METADATA_TYPE)VALUES('6b8d45a91d04492d8af33eea9afdc764','RegistrationDesc','FIELD','1f54c746f68040a5ae5875642bcffcf7','Registration_Type','2344631100044813a5126adcfb93e80d','C-255','PRIMITIVE');
INSERT INTO PUBLIC.PRIMITIVE_METADATA (ID, NAME, METADATA_TYPE) VALUES('c28bee41b0694a37b346ac113de9b1cf','RegistrationType','PRIMITIVE');
INSERT INTO PUBLIC.OBJECT_FIELD_METADATA (ID, NAME, METADATA_TYPE, PARENT_METADATA,PARENT_METADATA_NAME, REFERENCE_METADATA, REFERENCE_METADATA_NAME, REFERENCE_METADATA_TYPE)VALUES('60468e0fae4240638df09ae852a2f6e9','RegistrationTypeCd','FIELD','1f54c746f68040a5ae5875642bcffcf7','Registration_Type','c28bee41b0694a37b346ac113de9b1cf','RegistrationType','PRIMITIVE');
INSERT INTO PUBLIC.OBJECT_FIELD_METADATA (ID, NAME, METADATA_TYPE, PARENT_METADATA,PARENT_METADATA_NAME, REFERENCE_METADATA, REFERENCE_METADATA_NAME, REFERENCE_METADATA_TYPE)VALUES('e75e1dc397684dd4b2fbbd2112f162a3','StateProvCd','FIELD','1f54c746f68040a5ae5875642bcffcf7','Registration_Type','6240ce877a244a73a1253961131c6cc9','IndustryCode_Type','PRIMITIVE');
INSERT INTO PUBLIC.OBJECT_FIELD_METADATA (ID, NAME, METADATA_TYPE, PARENT_METADATA,PARENT_METADATA_NAME, REFERENCE_METADATA, REFERENCE_METADATA_NAME, REFERENCE_METADATA_TYPE)VALUES('d49c7bdee863496c85f1d4c456179f32','RegistrationTerm','MODEL_RELATION','1f54c746f68040a5ae5875642bcffcf7','Registration_Type','2ba28904532b44bfb94bb9bca9b86a8a','DURATION','OBJECT');
INSERT INTO PUBLIC.OBJECT_FIELD_METADATA (ID, NAME, METADATA_TYPE, PARENT_METADATA,PARENT_METADATA_NAME, REFERENCE_METADATA, REFERENCE_METADATA_NAME, REFERENCE_METADATA_TYPE)VALUES('4f74a33d647b48029f9518ba62010485','Registration','MODEL_RELATION','4c397cbda142445eb986a2c13d1482b8','Vehicle_Type','1f54c746f68040a5ae5875642bcffcf7','Registration_Type','OBJECT');
INSERT INTO PUBLIC.OBJECT_FIELD_METADATA (ID, NAME, METADATA_TYPE, PARENT_METADATA,PARENT_METADATA_NAME, REFERENCE_METADATA, REFERENCE_METADATA_NAME, REFERENCE_METADATA_TYPE)VALUES('12c7c36317ad48a8aed1e2b525509769','NumPassengers','FIELD','4c397cbda142445eb986a2c13d1482b8','Vehicle_Type','838cab4e48a54d0bb23ca5ea9db454ab','Long','PRIMITIVE');
INSERT INTO PUBLIC.OBJECT_FIELD_METADATA (ID, NAME, METADATA_TYPE, PARENT_METADATA,PARENT_METADATA_NAME, REFERENCE_METADATA, REFERENCE_METADATA_NAME, REFERENCE_METADATA_TYPE)VALUES('006ff8f1aea04d1f980f222eee000fb1','SelfPropelledVehInd','FIELD','4c397cbda142445eb986a2c13d1482b8','Vehicle_Type','4ffb0bcc3ec946d1af3ef883f4c3a4e6','Boolean','PRIMITIVE');
INSERT INTO PUBLIC.OBJECT_FIELD_METADATA (ID, NAME, METADATA_TYPE, PARENT_METADATA,PARENT_METADATA_NAME, REFERENCE_METADATA, REFERENCE_METADATA_NAME, REFERENCE_METADATA_TYPE)VALUES('413010b8aa2f4936ac0bcdbdf817c6f7','Manufacturer','FIELD','4c397cbda142445eb986a2c13d1482b8','Vehicle_Type','4aa23ceca9374701b7716d432173c7c2','C-50','PRIMITIVE');
INSERT INTO PUBLIC.PRIMITIVE_METADATA (ID, NAME, METADATA_TYPE) VALUES('a35f56cba7d24ceca32460db3e1c2e36','VehicleUse','PRIMITIVE');
INSERT INTO PUBLIC.OBJECT_FIELD_METADATA (ID, NAME, METADATA_TYPE, PARENT_METADATA,PARENT_METADATA_NAME, REFERENCE_METADATA, REFERENCE_METADATA_NAME, REFERENCE_METADATA_TYPE)VALUES('318fe9848d1149e7ac185f78afe96f5d','VehUseCd','FIELD','4c397cbda142445eb986a2c13d1482b8','Vehicle_Type','a35f56cba7d24ceca32460db3e1c2e36','VehicleUse','PRIMITIVE');
INSERT INTO PUBLIC.OBJECT_FIELD_METADATA (ID, NAME, METADATA_TYPE, PARENT_METADATA,PARENT_METADATA_NAME, REFERENCE_METADATA, REFERENCE_METADATA_NAME, REFERENCE_METADATA_TYPE)VALUES('b9dde8d9aff840b3a296c711558d20d3','QuestionAnswer','MODEL_RELATION','4c397cbda142445eb986a2c13d1482b8','Vehicle_Type','152fefd4f3054b68b490c1af5c9c284c','QuestionAnswer_Type','OBJECT');
INSERT INTO PUBLIC.OBJECT_FIELD_METADATA (ID, NAME, METADATA_TYPE, PARENT_METADATA,PARENT_METADATA_NAME, REFERENCE_METADATA, REFERENCE_METADATA_NAME, REFERENCE_METADATA_TYPE)VALUES('f4fc8edcefe4421ea5c69ada4f786f87','PrimaryRatingFactorPhysicalDamage','FIELD','4c397cbda142445eb986a2c13d1482b8','Vehicle_Type','c896845db6f640c6bf65093333a64c69','Decimal','PRIMITIVE');
INSERT INTO PUBLIC.OBJECT_FIELD_METADATA (ID, NAME, METADATA_TYPE, PARENT_METADATA,PARENT_METADATA_NAME, REFERENCE_METADATA, REFERENCE_METADATA_NAME, REFERENCE_METADATA_TYPE)VALUES('c5c122785c7f4fe8b7441650127dc0ba','LeasedAmt','MODEL_RELATION','4c397cbda142445eb986a2c13d1482b8','Vehicle_Type','4fa89203e94a4637baa0484d19b460c5','CURRENCY','OBJECT');
INSERT INTO PUBLIC.OBJECT_FIELD_METADATA (ID, NAME, METADATA_TYPE, PARENT_METADATA,PARENT_METADATA_NAME, REFERENCE_METADATA, REFERENCE_METADATA_NAME, REFERENCE_METADATA_TYPE)VALUES('001f2ef9ed1d4a3fa060dba1bf0ac5ec','AntiLockBrakeCd','FIELD','4c397cbda142445eb986a2c13d1482b8','Vehicle_Type','6240ce877a244a73a1253961131c6cc9','IndustryCode_Type','PRIMITIVE');
INSERT INTO PUBLIC.OBJECT_FIELD_METADATA (ID, NAME, METADATA_TYPE, PARENT_METADATA,PARENT_METADATA_NAME, REFERENCE_METADATA, REFERENCE_METADATA_NAME, REFERENCE_METADATA_TYPE)VALUES('6422fa9ae2a1451a9490ea150be1c50f','RegisteredVehInd','FIELD','4c397cbda142445eb986a2c13d1482b8','Vehicle_Type','4ffb0bcc3ec946d1af3ef883f4c3a4e6','Boolean','PRIMITIVE');
INSERT INTO PUBLIC.OBJECT_FIELD_METADATA (ID, NAME, METADATA_TYPE, PARENT_METADATA,PARENT_METADATA_NAME, REFERENCE_METADATA, REFERENCE_METADATA_NAME, REFERENCE_METADATA_TYPE)VALUES('63aa838c69374c4dafea2fc5fbe43100','PricingCd','FIELD','4c397cbda142445eb986a2c13d1482b8','Vehicle_Type','6240ce877a244a73a1253961131c6cc9','IndustryCode_Type','PRIMITIVE');
INSERT INTO PUBLIC.OBJECT_FIELD_METADATA (ID, NAME, METADATA_TYPE, PARENT_METADATA,PARENT_METADATA_NAME, REFERENCE_METADATA, REFERENCE_METADATA_NAME, REFERENCE_METADATA_TYPE)VALUES('59b7c99605a44ab7936477794c8acbdc','Color','FIELD','4c397cbda142445eb986a2c13d1482b8','Vehicle_Type','3869bfeb4b5f47c0b4e159b3cfde6d71','C-25','PRIMITIVE');
INSERT INTO PUBLIC.OBJECT_FIELD_METADATA (ID, NAME, METADATA_TYPE, PARENT_METADATA,PARENT_METADATA_NAME, REFERENCE_METADATA, REFERENCE_METADATA_NAME, REFERENCE_METADATA_TYPE)VALUES('4bafb100966e45be8a2ba85988b9dc93','TransmissionSerialNumber','FIELD','4c397cbda142445eb986a2c13d1482b8','Vehicle_Type','4aa23ceca9374701b7716d432173c7c2','C-50','PRIMITIVE');
INSERT INTO PUBLIC.OBJECT_FIELD_METADATA (ID, NAME, METADATA_TYPE, PARENT_METADATA,PARENT_METADATA_NAME, REFERENCE_METADATA, REFERENCE_METADATA_NAME, REFERENCE_METADATA_TYPE)VALUES('0b7ea08103464c4c833dffec4093c5cd','VehSalvageTitleNumber','FIELD','4c397cbda142445eb986a2c13d1482b8','Vehicle_Type','53b4c891108f4c4a9001ecd3b6a9fa11','C-15','PRIMITIVE');
INSERT INTO PUBLIC.OBJECT_FIELD_METADATA (ID, NAME, METADATA_TYPE, PARENT_METADATA,PARENT_METADATA_NAME, REFERENCE_METADATA, REFERENCE_METADATA_NAME, REFERENCE_METADATA_TYPE)VALUES('6ccc7d2b00364e5498cd0277c86e605d','NumDrivingInstructors','FIELD','4c397cbda142445eb986a2c13d1482b8','Vehicle_Type','838cab4e48a54d0bb23ca5ea9db454ab','Long','PRIMITIVE');
INSERT INTO PUBLIC.OBJECT_FIELD_METADATA (ID, NAME, METADATA_TYPE, PARENT_METADATA,PARENT_METADATA_NAME, REFERENCE_METADATA, REFERENCE_METADATA_NAME, REFERENCE_METADATA_TYPE)VALUES('395857293b81427da64b41172f197980','NumYouthfulOperators','FIELD','4c397cbda142445eb986a2c13d1482b8','Vehicle_Type','838cab4e48a54d0bb23ca5ea9db454ab','Long','PRIMITIVE');
INSERT INTO PUBLIC.OBJECT_FIELD_METADATA (ID, NAME, METADATA_TYPE, PARENT_METADATA,PARENT_METADATA_NAME, REFERENCE_METADATA, REFERENCE_METADATA_NAME, REFERENCE_METADATA_TYPE)VALUES('d54a45bf92f445a7998f48a353b2d9b8','ZoneCombinationCd','FIELD','4c397cbda142445eb986a2c13d1482b8','Vehicle_Type','6240ce877a244a73a1253961131c6cc9','IndustryCode_Type','PRIMITIVE');
INSERT INTO PUBLIC.PRIMITIVE_METADATA (ID, NAME, METADATA_TYPE) VALUES('90bde8efd3d34348aa46e8daa8f8ec86','EngineType','PRIMITIVE');
INSERT INTO PUBLIC.OBJECT_FIELD_METADATA (ID, NAME, METADATA_TYPE, PARENT_METADATA,PARENT_METADATA_NAME, REFERENCE_METADATA, REFERENCE_METADATA_NAME, REFERENCE_METADATA_TYPE)VALUES('b3772fe9c1124bb287efbecdecaad998','EngineTypeCd','FIELD','4c397cbda142445eb986a2c13d1482b8','Vehicle_Type','90bde8efd3d34348aa46e8daa8f8ec86','EngineType','PRIMITIVE');
INSERT INTO PUBLIC.OBJECT_FIELD_METADATA (ID, NAME, METADATA_TYPE, PARENT_METADATA,PARENT_METADATA_NAME, REFERENCE_METADATA, REFERENCE_METADATA_NAME, REFERENCE_METADATA_TYPE)VALUES('1ad1965990d14a26a73ea15b665b3244','VehSymbolCd','FIELD','4c397cbda142445eb986a2c13d1482b8','Vehicle_Type','6240ce877a244a73a1253961131c6cc9','IndustryCode_Type','PRIMITIVE');
INSERT INTO PUBLIC.OBJECT_METADATA (ID, NAME, METADATA_TYPE, REFERENCE_METADATA, REFERENCE_METADATA_NAME) VALUES('196948f7bce146269fec319bda4ba3ef','ExistingUnrepairedDamageInfo_Type','OBJECT',null,null);
INSERT INTO PUBLIC.OBJECT_FIELD_METADATA (ID, NAME, METADATA_TYPE, PARENT_METADATA,PARENT_METADATA_NAME, REFERENCE_METADATA, REFERENCE_METADATA_NAME, REFERENCE_METADATA_TYPE)VALUES('c241d90f7bfb4af79e2c5857db573d26','ExistingUnrepairedDamageInfoExt','FIELD','196948f7bce146269fec319bda4ba3ef','ExistingUnrepairedDamageInfo_Type',null,null,null);
INSERT INTO PUBLIC.OBJECT_FIELD_METADATA (ID, NAME, METADATA_TYPE, PARENT_METADATA,PARENT_METADATA_NAME, REFERENCE_METADATA, REFERENCE_METADATA_NAME, REFERENCE_METADATA_TYPE)VALUES('0e243980f61c404fbcf3900e5f3f746a','ExistingUnrepairedDamageDesc','FIELD','196948f7bce146269fec319bda4ba3ef','ExistingUnrepairedDamageInfo_Type','2344631100044813a5126adcfb93e80d','C-255','PRIMITIVE');
INSERT INTO PUBLIC.OBJECT_FIELD_METADATA (ID, NAME, METADATA_TYPE, PARENT_METADATA,PARENT_METADATA_NAME, REFERENCE_METADATA, REFERENCE_METADATA_NAME, REFERENCE_METADATA_TYPE)VALUES('7f09a7e785c94a199fc48a796ee7322d','ExistingUnrepairedDamageInd','FIELD','196948f7bce146269fec319bda4ba3ef','ExistingUnrepairedDamageInfo_Type','4ffb0bcc3ec946d1af3ef883f4c3a4e6','Boolean','PRIMITIVE');
INSERT INTO PUBLIC.OBJECT_FIELD_METADATA (ID, NAME, METADATA_TYPE, PARENT_METADATA,PARENT_METADATA_NAME, REFERENCE_METADATA, REFERENCE_METADATA_NAME, REFERENCE_METADATA_TYPE)VALUES('781d4d2c811e4d2d89b9a02b714249e1','ExistingUnrepairedDamageInfo','MODEL_RELATION','4c397cbda142445eb986a2c13d1482b8','Vehicle_Type','196948f7bce146269fec319bda4ba3ef','ExistingUnrepairedDamageInfo_Type','OBJECT');
INSERT INTO PUBLIC.PRIMITIVE_METADATA (ID, NAME, METADATA_TYPE) VALUES('f1ef7348e0534bbdba507e86f70bbaa7','VehicleLeased','PRIMITIVE');
INSERT INTO PUBLIC.OBJECT_FIELD_METADATA (ID, NAME, METADATA_TYPE, PARENT_METADATA,PARENT_METADATA_NAME, REFERENCE_METADATA, REFERENCE_METADATA_NAME, REFERENCE_METADATA_TYPE)VALUES('f204f6b312f849b2adb624c4ad9fed27','VehLeasedCd','FIELD','4c397cbda142445eb986a2c13d1482b8','Vehicle_Type','f1ef7348e0534bbdba507e86f70bbaa7','VehicleLeased','PRIMITIVE');
INSERT INTO PUBLIC.OBJECT_FIELD_METADATA (ID, NAME, METADATA_TYPE, PARENT_METADATA,PARENT_METADATA_NAME, REFERENCE_METADATA, REFERENCE_METADATA_NAME, REFERENCE_METADATA_TYPE)VALUES('507ad7f440a34d4da5839df36f980a65','NumDaysOccupiedPerYr','FIELD','4c397cbda142445eb986a2c13d1482b8','Vehicle_Type','838cab4e48a54d0bb23ca5ea9db454ab','Long','PRIMITIVE');
INSERT INTO PUBLIC.OBJECT_FIELD_METADATA (ID, NAME, METADATA_TYPE, PARENT_METADATA,PARENT_METADATA_NAME, REFERENCE_METADATA, REFERENCE_METADATA_NAME, REFERENCE_METADATA_TYPE)VALUES('be5b23c3616f424cba38cd022b3a49f1','LengthTimeVehLeased','MODEL_RELATION','4c397cbda142445eb986a2c13d1482b8','Vehicle_Type','1df1057b06734b019460d9f8fb0a43b0','MEASUREMENT','OBJECT');
INSERT INTO PUBLIC.OBJECT_FIELD_METADATA (ID, NAME, METADATA_TYPE, PARENT_METADATA,PARENT_METADATA_NAME, REFERENCE_METADATA, REFERENCE_METADATA_NAME, REFERENCE_METADATA_TYPE)VALUES('5d25abae2d4642f89e5c8374ba78a2ee','SpecialClassCd','FIELD','4c397cbda142445eb986a2c13d1482b8','Vehicle_Type','6240ce877a244a73a1253961131c6cc9','IndustryCode_Type','PRIMITIVE');
INSERT INTO PUBLIC.OBJECT_FIELD_METADATA (ID, NAME, METADATA_TYPE, PARENT_METADATA,PARENT_METADATA_NAME, REFERENCE_METADATA, REFERENCE_METADATA_NAME, REFERENCE_METADATA_TYPE)VALUES('10680b3587214203b30e487ffd6bcf0e','ExistingUnrepairedDamageInd','FIELD','4c397cbda142445eb986a2c13d1482b8','Vehicle_Type','4ffb0bcc3ec946d1af3ef883f4c3a4e6','Boolean','PRIMITIVE');
INSERT INTO PUBLIC.OBJECT_FIELD_METADATA (ID, NAME, METADATA_TYPE, PARENT_METADATA,PARENT_METADATA_NAME, REFERENCE_METADATA, REFERENCE_METADATA_NAME, REFERENCE_METADATA_TYPE)VALUES('8758c0b44d4b4955b8098dc6844124f2','PurchasePriceAmt','MODEL_RELATION','4c397cbda142445eb986a2c13d1482b8','Vehicle_Type','4fa89203e94a4637baa0484d19b460c5','CURRENCY','OBJECT');
INSERT INTO PUBLIC.OBJECT_FIELD_METADATA (ID, NAME, METADATA_TYPE, PARENT_METADATA,PARENT_METADATA_NAME, REFERENCE_METADATA, REFERENCE_METADATA_NAME, REFERENCE_METADATA_TYPE)VALUES('f22d9e6f62e143c6b4c940df32280d53','VehicleExt','FIELD','4c397cbda142445eb986a2c13d1482b8','Vehicle_Type',null,null,null);
INSERT INTO PUBLIC.PRIMITIVE_METADATA (ID, NAME, METADATA_TYPE) VALUES('0b7d7393bb474a149bd461a43d5157ad','SeatBeltType','PRIMITIVE');
INSERT INTO PUBLIC.OBJECT_FIELD_METADATA (ID, NAME, METADATA_TYPE, PARENT_METADATA,PARENT_METADATA_NAME, REFERENCE_METADATA, REFERENCE_METADATA_NAME, REFERENCE_METADATA_TYPE)VALUES('34cecd998cd8409c991a8f58aef41616','SeatBeltTypeCd','FIELD','4c397cbda142445eb986a2c13d1482b8','Vehicle_Type','0b7d7393bb474a149bd461a43d5157ad','SeatBeltType','PRIMITIVE');
INSERT INTO PUBLIC.OBJECT_FIELD_METADATA (ID, NAME, METADATA_TYPE, PARENT_METADATA,PARENT_METADATA_NAME, REFERENCE_METADATA, REFERENCE_METADATA_NAME, REFERENCE_METADATA_TYPE)VALUES('309b607cc7904e769613d336b164fae0','ColorCd','FIELD','4c397cbda142445eb986a2c13d1482b8','Vehicle_Type','6240ce877a244a73a1253961131c6cc9','IndustryCode_Type','PRIMITIVE');
INSERT INTO PUBLIC.OBJECT_FIELD_METADATA (ID, NAME, METADATA_TYPE, PARENT_METADATA,PARENT_METADATA_NAME, REFERENCE_METADATA, REFERENCE_METADATA_NAME, REFERENCE_METADATA_TYPE)VALUES('895f17cc2b814143b6f9c8d1cfc7a128','Horsepower','MODEL_RELATION','4c397cbda142445eb986a2c13d1482b8','Vehicle_Type','1df1057b06734b019460d9f8fb0a43b0','MEASUREMENT','OBJECT');
INSERT INTO PUBLIC.OBJECT_METADATA (ID, NAME, METADATA_TYPE, REFERENCE_METADATA, REFERENCE_METADATA_NAME) VALUES('36a9c9cc2f48486c93da3d4e45dc36a2','AppraiserActivityInfo_Type','OBJECT',null,null);
INSERT INTO PUBLIC.OBJECT_FIELD_METADATA (ID, NAME, METADATA_TYPE, PARENT_METADATA,PARENT_METADATA_NAME, REFERENCE_METADATA, REFERENCE_METADATA_NAME, REFERENCE_METADATA_TYPE)VALUES('b181f3c1745f429088a790534d14c749','AppraiserActivityInfoExt','FIELD','36a9c9cc2f48486c93da3d4e45dc36a2','AppraiserActivityInfo_Type',null,null,null);
INSERT INTO PUBLIC.OBJECT_FIELD_METADATA (ID, NAME, METADATA_TYPE, PARENT_METADATA,PARENT_METADATA_NAME, REFERENCE_METADATA, REFERENCE_METADATA_NAME, REFERENCE_METADATA_TYPE)VALUES('f0c7941fdd6e4ee49c34037fb93b6c93','AppraiserActivityCd','FIELD','36a9c9cc2f48486c93da3d4e45dc36a2','AppraiserActivityInfo_Type','6240ce877a244a73a1253961131c6cc9','IndustryCode_Type','PRIMITIVE');
INSERT INTO PUBLIC.OBJECT_FIELD_METADATA (ID, NAME, METADATA_TYPE, PARENT_METADATA,PARENT_METADATA_NAME, REFERENCE_METADATA, REFERENCE_METADATA_NAME, REFERENCE_METADATA_TYPE)VALUES('deaf698b6577465dbaf58f0149803883','AppraiserActivityDt','FIELD','36a9c9cc2f48486c93da3d4e45dc36a2','AppraiserActivityInfo_Type','3b0a2ca6cf3a4fb19718e35aa60287cd','Date','PRIMITIVE');
INSERT INTO PUBLIC.OBJECT_FIELD_METADATA (ID, NAME, METADATA_TYPE, PARENT_METADATA,PARENT_METADATA_NAME, REFERENCE_METADATA, REFERENCE_METADATA_NAME, REFERENCE_METADATA_TYPE)VALUES('d5e8847c8abc4816b6762b217d767a8c','AppraiserValueAmt','MODEL_RELATION','36a9c9cc2f48486c93da3d4e45dc36a2','AppraiserActivityInfo_Type','4fa89203e94a4637baa0484d19b460c5','CURRENCY','OBJECT');
INSERT INTO PUBLIC.OBJECT_FIELD_METADATA (ID, NAME, METADATA_TYPE, PARENT_METADATA,PARENT_METADATA_NAME, REFERENCE_METADATA, REFERENCE_METADATA_NAME, REFERENCE_METADATA_TYPE)VALUES('e83b514bd0af4f95a534afef55566b27','AppraiserActivityInfo','MODEL_RELATION','4c397cbda142445eb986a2c13d1482b8','Vehicle_Type','36a9c9cc2f48486c93da3d4e45dc36a2','AppraiserActivityInfo_Type','OBJECT');
INSERT INTO PUBLIC.OBJECT_FIELD_METADATA (ID, NAME, METADATA_TYPE, PARENT_METADATA,PARENT_METADATA_NAME, REFERENCE_METADATA, REFERENCE_METADATA_NAME, REFERENCE_METADATA_TYPE)VALUES('7b0ba3aa3b6c408e88bd1ce45527a431','ManufacturerCd','FIELD','4c397cbda142445eb986a2c13d1482b8','Vehicle_Type','6240ce877a244a73a1253961131c6cc9','IndustryCode_Type','PRIMITIVE');
INSERT INTO PUBLIC.PRIMITIVE_METADATA (ID, NAME, METADATA_TYPE) VALUES('6f6677d7db5845c5a698e4c889a42bcd','RadiusUseType','PRIMITIVE');
INSERT INTO PUBLIC.OBJECT_FIELD_METADATA (ID, NAME, METADATA_TYPE, PARENT_METADATA,PARENT_METADATA_NAME, REFERENCE_METADATA, REFERENCE_METADATA_NAME, REFERENCE_METADATA_TYPE)VALUES('ec4b9fc442684e94ac7ccceeedbc57cc','RadiusUseTypeCd','FIELD','4c397cbda142445eb986a2c13d1482b8','Vehicle_Type','6f6677d7db5845c5a698e4c889a42bcd','RadiusUseType','PRIMITIVE');
INSERT INTO PUBLIC.OBJECT_FIELD_METADATA (ID, NAME, METADATA_TYPE, PARENT_METADATA,PARENT_METADATA_NAME, REFERENCE_METADATA, REFERENCE_METADATA_NAME, REFERENCE_METADATA_TYPE)VALUES('913327bb7b7d43aeb11c8761e1acbe0c','RateClassCd','FIELD','4c397cbda142445eb986a2c13d1482b8','Vehicle_Type','6240ce877a244a73a1253961131c6cc9','IndustryCode_Type','PRIMITIVE');
INSERT INTO PUBLIC.PRIMITIVE_METADATA (ID, NAME, METADATA_TYPE) VALUES('0125f3a3cddb43aea07b9b4d3a8bf767','OperatorExperienceRestriction','PRIMITIVE');
INSERT INTO PUBLIC.OBJECT_FIELD_METADATA (ID, NAME, METADATA_TYPE, PARENT_METADATA,PARENT_METADATA_NAME, REFERENCE_METADATA, REFERENCE_METADATA_NAME, REFERENCE_METADATA_TYPE)VALUES('a652ce36ec2948fa90e34a8fc00ac35a','OperatorExperienceRestrictionCd','FIELD','4c397cbda142445eb986a2c13d1482b8','Vehicle_Type','0125f3a3cddb43aea07b9b4d3a8bf767','OperatorExperienceRestriction','PRIMITIVE');
INSERT INTO PUBLIC.OBJECT_FIELD_METADATA (ID, NAME, METADATA_TYPE, PARENT_METADATA,PARENT_METADATA_NAME, REFERENCE_METADATA, REFERENCE_METADATA_NAME, REFERENCE_METADATA_TYPE)VALUES('0194c43057ef43caa3f60f6898a11085','IndividualLiabilityForVolunteerInd','FIELD','4c397cbda142445eb986a2c13d1482b8','Vehicle_Type','4ffb0bcc3ec946d1af3ef883f4c3a4e6','Boolean','PRIMITIVE');
INSERT INTO PUBLIC.OBJECT_FIELD_METADATA (ID, NAME, METADATA_TYPE, PARENT_METADATA,PARENT_METADATA_NAME, REFERENCE_METADATA, REFERENCE_METADATA_NAME, REFERENCE_METADATA_TYPE)VALUES('3be39e20b1e149b8983dba5d8a7fde5e','AdditionalInterest','MODEL_RELATION','4c397cbda142445eb986a2c13d1482b8','Vehicle_Type','23a83d5912a54d0ca9b4669826684442','AdditionalInterest_Type','OBJECT');
INSERT INTO PUBLIC.PRIMITIVE_METADATA (ID, NAME, METADATA_TYPE) VALUES('baf63d283aaf4967ac2c12ad0bec83b2','TonRatingCapacity','PRIMITIVE');
INSERT INTO PUBLIC.OBJECT_FIELD_METADATA (ID, NAME, METADATA_TYPE, PARENT_METADATA,PARENT_METADATA_NAME, REFERENCE_METADATA, REFERENCE_METADATA_NAME, REFERENCE_METADATA_TYPE)VALUES('84e4dcc620d045e794b77d8bea70aa97','TonRatingCapacityCd','FIELD','4c397cbda142445eb986a2c13d1482b8','Vehicle_Type','baf63d283aaf4967ac2c12ad0bec83b2','TonRatingCapacity','PRIMITIVE');
INSERT INTO PUBLIC.OBJECT_FIELD_METADATA (ID, NAME, METADATA_TYPE, PARENT_METADATA,PARENT_METADATA_NAME, REFERENCE_METADATA, REFERENCE_METADATA_NAME, REFERENCE_METADATA_TYPE)VALUES('8faa351e2ff04ab0946ad4699f8c2575','NumRegistrationPlates','FIELD','4c397cbda142445eb986a2c13d1482b8','Vehicle_Type','838cab4e48a54d0bb23ca5ea9db454ab','Long','PRIMITIVE');
INSERT INTO PUBLIC.OBJECT_FIELD_METADATA (ID, NAME, METADATA_TYPE, PARENT_METADATA,PARENT_METADATA_NAME, REFERENCE_METADATA, REFERENCE_METADATA_NAME, REFERENCE_METADATA_TYPE)VALUES('ccf957bcb7c145f08d1d76b4cc843296','Coverage','MODEL_RELATION','4c397cbda142445eb986a2c13d1482b8','Vehicle_Type','d0675b4bbe674c1fa08297c27c3cb675','Coverage_Type','OBJECT');
INSERT INTO PUBLIC.OBJECT_FIELD_METADATA (ID, NAME, METADATA_TYPE, PARENT_METADATA,PARENT_METADATA_NAME, REFERENCE_METADATA, REFERENCE_METADATA_NAME, REFERENCE_METADATA_TYPE)VALUES('cefdfd58196e450fb05f512d133a0e50','ColorInterior','FIELD','4c397cbda142445eb986a2c13d1482b8','Vehicle_Type','3869bfeb4b5f47c0b4e159b3cfde6d71','C-25','PRIMITIVE');
INSERT INTO PUBLIC.OBJECT_FIELD_METADATA (ID, NAME, METADATA_TYPE, PARENT_METADATA,PARENT_METADATA_NAME, REFERENCE_METADATA, REFERENCE_METADATA_NAME, REFERENCE_METADATA_TYPE)VALUES('1626cc538adc49d6babdb27635615da9','OdometerReading','MODEL_RELATION','4c397cbda142445eb986a2c13d1482b8','Vehicle_Type','1df1057b06734b019460d9f8fb0a43b0','MEASUREMENT','OBJECT');
INSERT INTO PUBLIC.OBJECT_FIELD_METADATA (ID, NAME, METADATA_TYPE, PARENT_METADATA,PARENT_METADATA_NAME, REFERENCE_METADATA, REFERENCE_METADATA_NAME, REFERENCE_METADATA_TYPE)VALUES('d6b1907ec2354be1bac382a6caeaea01','ResidualMarketFacilityInd','FIELD','4c397cbda142445eb986a2c13d1482b8','Vehicle_Type','4ffb0bcc3ec946d1af3ef883f4c3a4e6','Boolean','PRIMITIVE');
INSERT INTO PUBLIC.OBJECT_METADATA (ID, NAME, METADATA_TYPE, REFERENCE_METADATA, REFERENCE_METADATA_NAME) VALUES('20d8174db8aa43d2ba6a6e9c69d43a94','TaxCodeInfo_Type','OBJECT',null,null);
INSERT INTO PUBLIC.PRIMITIVE_METADATA (ID, NAME, METADATA_TYPE) VALUES('611ab76da60a45048ecce6818f4222d0','TaxType','PRIMITIVE');
INSERT INTO PUBLIC.OBJECT_FIELD_METADATA (ID, NAME, METADATA_TYPE, PARENT_METADATA,PARENT_METADATA_NAME, REFERENCE_METADATA, REFERENCE_METADATA_NAME, REFERENCE_METADATA_TYPE)VALUES('8a2a0384a8b04eb8a2c9b9db1496e97d','TaxTypeCd','FIELD','20d8174db8aa43d2ba6a6e9c69d43a94','TaxCodeInfo_Type','611ab76da60a45048ecce6818f4222d0','TaxType','PRIMITIVE');
INSERT INTO PUBLIC.OBJECT_FIELD_METADATA (ID, NAME, METADATA_TYPE, PARENT_METADATA,PARENT_METADATA_NAME, REFERENCE_METADATA, REFERENCE_METADATA_NAME, REFERENCE_METADATA_TYPE)VALUES('fff186df48ad428cb8161004a2b3e5b0','TaxCd','FIELD','20d8174db8aa43d2ba6a6e9c69d43a94','TaxCodeInfo_Type','6240ce877a244a73a1253961131c6cc9','IndustryCode_Type','PRIMITIVE');
INSERT INTO PUBLIC.OBJECT_FIELD_METADATA (ID, NAME, METADATA_TYPE, PARENT_METADATA,PARENT_METADATA_NAME, REFERENCE_METADATA, REFERENCE_METADATA_NAME, REFERENCE_METADATA_TYPE)VALUES('a8243957789d43d09617d2e3d34a4c1e','TaxCodeInfoExt','FIELD','20d8174db8aa43d2ba6a6e9c69d43a94','TaxCodeInfo_Type',null,null,null);
INSERT INTO PUBLIC.OBJECT_FIELD_METADATA (ID, NAME, METADATA_TYPE, PARENT_METADATA,PARENT_METADATA_NAME, REFERENCE_METADATA, REFERENCE_METADATA_NAME, REFERENCE_METADATA_TYPE)VALUES('3ed0d8df4284438398f0b6c3d0265fb5','TaxCodeInfo','MODEL_RELATION','4c397cbda142445eb986a2c13d1482b8','Vehicle_Type','20d8174db8aa43d2ba6a6e9c69d43a94','TaxCodeInfo_Type','OBJECT');
INSERT INTO PUBLIC.OBJECT_FIELD_METADATA (ID, NAME, METADATA_TYPE, PARENT_METADATA,PARENT_METADATA_NAME, REFERENCE_METADATA, REFERENCE_METADATA_NAME, REFERENCE_METADATA_TYPE)VALUES('202e453ee2534445b33d2c82dbf0773f','Displacement','MODEL_RELATION','4c397cbda142445eb986a2c13d1482b8','Vehicle_Type','1df1057b06734b019460d9f8fb0a43b0','MEASUREMENT','OBJECT');
INSERT INTO PUBLIC.OBJECT_FIELD_METADATA (ID, NAME, METADATA_TYPE, PARENT_METADATA,PARENT_METADATA_NAME, REFERENCE_METADATA, REFERENCE_METADATA_NAME, REFERENCE_METADATA_TYPE)VALUES('6a080bbe089a4a349d4f64b6e2797e5d','AntiTheftDeviceInfo','MODEL_RELATION','4c397cbda142445eb986a2c13d1482b8','Vehicle_Type','d5a2d6f22ff94174a728b34efbb2a9b9','AntiTheftDeviceInfo_Type','OBJECT');
INSERT INTO PUBLIC.PRIMITIVE_METADATA (ID, NAME, METADATA_TYPE) VALUES('028da2b3786341579fa3645139edb690','VehicleSpecialUse','PRIMITIVE');
INSERT INTO PUBLIC.OBJECT_FIELD_METADATA (ID, NAME, METADATA_TYPE, PARENT_METADATA,PARENT_METADATA_NAME, REFERENCE_METADATA, REFERENCE_METADATA_NAME, REFERENCE_METADATA_TYPE)VALUES('e5a7f174ab1449afb52c4c96b00a72dd','SpecialUseCd','FIELD','4c397cbda142445eb986a2c13d1482b8','Vehicle_Type','028da2b3786341579fa3645139edb690','VehicleSpecialUse','PRIMITIVE');
INSERT INTO PUBLIC.OBJECT_FIELD_METADATA (ID, NAME, METADATA_TYPE, PARENT_METADATA,PARENT_METADATA_NAME, REFERENCE_METADATA, REFERENCE_METADATA_NAME, REFERENCE_METADATA_TYPE)VALUES('75e872a2889746a0be9eb0b921bc24e3','OptionCd','FIELD','4c397cbda142445eb986a2c13d1482b8','Vehicle_Type','0f95b02b7be34210bab4d1afdc01cfb2','CoverageOption','PRIMITIVE');
INSERT INTO PUBLIC.OBJECT_FIELD_METADATA (ID, NAME, METADATA_TYPE, PARENT_METADATA,PARENT_METADATA_NAME, REFERENCE_METADATA, REFERENCE_METADATA_NAME, REFERENCE_METADATA_TYPE)VALUES('0f04a3213f554a5a8fccedcf5693924c','SecondaryClassCd','FIELD','4c397cbda142445eb986a2c13d1482b8','Vehicle_Type','6240ce877a244a73a1253961131c6cc9','IndustryCode_Type','PRIMITIVE');
INSERT INTO PUBLIC.OBJECT_FIELD_METADATA (ID, NAME, METADATA_TYPE, PARENT_METADATA,PARENT_METADATA_NAME, REFERENCE_METADATA, REFERENCE_METADATA_NAME, REFERENCE_METADATA_TYPE)VALUES('cb6e20b8f65c45869de4e8baf15b29b4','HighTheftInd','FIELD','4c397cbda142445eb986a2c13d1482b8','Vehicle_Type','4ffb0bcc3ec946d1af3ef883f4c3a4e6','Boolean','PRIMITIVE');
INSERT INTO PUBLIC.OBJECT_FIELD_METADATA (ID, NAME, METADATA_TYPE, PARENT_METADATA,PARENT_METADATA_NAME, REFERENCE_METADATA, REFERENCE_METADATA_NAME, REFERENCE_METADATA_TYPE)VALUES('e7e5ec0d6bb84789a11b18db0193bffe','LengthTimePerMonth','MODEL_RELATION','4c397cbda142445eb986a2c13d1482b8','Vehicle_Type','1df1057b06734b019460d9f8fb0a43b0','MEASUREMENT','OBJECT');
INSERT INTO PUBLIC.OBJECT_FIELD_METADATA (ID, NAME, METADATA_TYPE, PARENT_METADATA,PARENT_METADATA_NAME, REFERENCE_METADATA, REFERENCE_METADATA_NAME, REFERENCE_METADATA_TYPE)VALUES('ff8128b1fe8d4ae0be266f1d34faadef','MedPayPIPLiabilitySymbolCd','FIELD','4c397cbda142445eb986a2c13d1482b8','Vehicle_Type','6240ce877a244a73a1253961131c6cc9','IndustryCode_Type','PRIMITIVE');
INSERT INTO PUBLIC.OBJECT_FIELD_METADATA (ID, NAME, METADATA_TYPE, PARENT_METADATA,PARENT_METADATA_NAME, REFERENCE_METADATA, REFERENCE_METADATA_NAME, REFERENCE_METADATA_TYPE)VALUES('015500f0965344378e408679a608a4a4','Vehicle','MODEL_RELATION','ea1d0bd10fe14e7aabcf1edf316ab859','PersAutoLineBusiness_Type','4c397cbda142445eb986a2c13d1482b8','Vehicle_Type','OBJECT');
INSERT INTO PUBLIC.OBJECT_FIELD_METADATA (ID, NAME, METADATA_TYPE, PARENT_METADATA,PARENT_METADATA_NAME, REFERENCE_METADATA, REFERENCE_METADATA_NAME, REFERENCE_METADATA_TYPE)VALUES('065e537abe4c4faa9bfdbf5c0e82f139','HazardGradeCd','FIELD','ea1d0bd10fe14e7aabcf1edf316ab859','PersAutoLineBusiness_Type','6240ce877a244a73a1253961131c6cc9','IndustryCode_Type','PRIMITIVE');
INSERT INTO PUBLIC.OBJECT_FIELD_METADATA (ID, NAME, METADATA_TYPE, PARENT_METADATA,PARENT_METADATA_NAME, REFERENCE_METADATA, REFERENCE_METADATA_NAME, REFERENCE_METADATA_TYPE)VALUES('342d91459afc49bead0bd929466a9af6','NumLicensed','FIELD','ea1d0bd10fe14e7aabcf1edf316ab859','PersAutoLineBusiness_Type','838cab4e48a54d0bb23ca5ea9db454ab','Long','PRIMITIVE');
INSERT INTO PUBLIC.PRIMITIVE_METADATA (ID, NAME, METADATA_TYPE) VALUES('97737112e454491b8bdd1bf01585671f','ContinuousInsurance','PRIMITIVE');
INSERT INTO PUBLIC.OBJECT_FIELD_METADATA (ID, NAME, METADATA_TYPE, PARENT_METADATA,PARENT_METADATA_NAME, REFERENCE_METADATA, REFERENCE_METADATA_NAME, REFERENCE_METADATA_TYPE)VALUES('6247b2937f8c45e8b2bec71e66e994f8','ContinuousInsuranceCd','FIELD','ea1d0bd10fe14e7aabcf1edf316ab859','PersAutoLineBusiness_Type','97737112e454491b8bdd1bf01585671f','ContinuousInsurance','PRIMITIVE');
INSERT INTO PUBLIC.OBJECT_FIELD_METADATA (ID, NAME, METADATA_TYPE, PARENT_METADATA,PARENT_METADATA_NAME, REFERENCE_METADATA, REFERENCE_METADATA_NAME, REFERENCE_METADATA_TYPE)VALUES('40ed11dd3d6342e690a24cb935f35c84','QuestionAnswer','MODEL_RELATION','ea1d0bd10fe14e7aabcf1edf316ab859','PersAutoLineBusiness_Type','152fefd4f3054b68b490c1af5c9c284c','QuestionAnswer_Type','OBJECT');
INSERT INTO PUBLIC.OBJECT_FIELD_METADATA (ID, NAME, METADATA_TYPE, PARENT_METADATA,PARENT_METADATA_NAME, REFERENCE_METADATA, REFERENCE_METADATA_NAME, REFERENCE_METADATA_TYPE)VALUES('c1b8d717454e4bc4bc988c2d91811658','NAICCd','FIELD','ea1d0bd10fe14e7aabcf1edf316ab859','PersAutoLineBusiness_Type','6240ce877a244a73a1253961131c6cc9','IndustryCode_Type','PRIMITIVE');
INSERT INTO PUBLIC.OBJECT_FIELD_METADATA (ID, NAME, METADATA_TYPE, PARENT_METADATA,PARENT_METADATA_NAME, REFERENCE_METADATA, REFERENCE_METADATA_NAME, REFERENCE_METADATA_TYPE)VALUES('14243ced6dea4c858e2724306b8cfc6e','PersAutoLineBusinessExt','FIELD','ea1d0bd10fe14e7aabcf1edf316ab859','PersAutoLineBusiness_Type',null,null,null);
INSERT INTO PUBLIC.OBJECT_FIELD_METADATA (ID, NAME, METADATA_TYPE, PARENT_METADATA,PARENT_METADATA_NAME, REFERENCE_METADATA, REFERENCE_METADATA_NAME, REFERENCE_METADATA_TYPE)VALUES('5c2325d9e9f34568abb38cc3415c6726','AdditionalInterest','MODEL_RELATION','ea1d0bd10fe14e7aabcf1edf316ab859','PersAutoLineBusiness_Type','23a83d5912a54d0ca9b4669826684442','AdditionalInterest_Type','OBJECT');
INSERT INTO PUBLIC.OBJECT_FIELD_METADATA (ID, NAME, METADATA_TYPE, PARENT_METADATA,PARENT_METADATA_NAME, REFERENCE_METADATA, REFERENCE_METADATA_NAME, REFERENCE_METADATA_TYPE)VALUES('c2d6efd4021d4eb9987ce20a3a10bb33','AuditInfo','MODEL_RELATION','ea1d0bd10fe14e7aabcf1edf316ab859','PersAutoLineBusiness_Type','cafd893cc1ec4101a8df78b1c1a8c82e','AuditInfo_Type','OBJECT');
INSERT INTO PUBLIC.OBJECT_FIELD_METADATA (ID, NAME, METADATA_TYPE, PARENT_METADATA,PARENT_METADATA_NAME, REFERENCE_METADATA, REFERENCE_METADATA_NAME, REFERENCE_METADATA_TYPE)VALUES('a1533a60fc49417abea0af5fa3978cce','MinPremInd','FIELD','ea1d0bd10fe14e7aabcf1edf316ab859','PersAutoLineBusiness_Type','4ffb0bcc3ec946d1af3ef883f4c3a4e6','Boolean','PRIMITIVE');
INSERT INTO PUBLIC.OBJECT_FIELD_METADATA (ID, NAME, METADATA_TYPE, PARENT_METADATA,PARENT_METADATA_NAME, REFERENCE_METADATA, REFERENCE_METADATA_NAME, REFERENCE_METADATA_TYPE)VALUES('963043de08b54c06aeda9524d93313cd','NetChangeAmt','MODEL_RELATION','ea1d0bd10fe14e7aabcf1edf316ab859','PersAutoLineBusiness_Type','4fa89203e94a4637baa0484d19b460c5','CURRENCY','OBJECT');
INSERT INTO PUBLIC.OBJECT_FIELD_METADATA (ID, NAME, METADATA_TYPE, PARENT_METADATA,PARENT_METADATA_NAME, REFERENCE_METADATA, REFERENCE_METADATA_NAME, REFERENCE_METADATA_TYPE)VALUES('391c62245d254487850e08e622e10a77','Coverage','MODEL_RELATION','ea1d0bd10fe14e7aabcf1edf316ab859','PersAutoLineBusiness_Type','d0675b4bbe674c1fa08297c27c3cb675','Coverage_Type','OBJECT');
INSERT INTO PUBLIC.OBJECT_METADATA (ID, NAME, METADATA_TYPE, REFERENCE_METADATA, REFERENCE_METADATA_NAME) VALUES('144539c3c3ab427c886c12fce8e3788e','PersVeh_Type','OBJECT',null,null);
INSERT INTO PUBLIC.OBJECT_FIELD_METADATA (ID, NAME, METADATA_TYPE, PARENT_METADATA,PARENT_METADATA_NAME, REFERENCE_METADATA, REFERENCE_METADATA_NAME, REFERENCE_METADATA_TYPE)VALUES('7add3df7f1df48d7b0591031fd3fa8d7','OdometerReadingAtPurchase','MODEL_RELATION','144539c3c3ab427c886c12fce8e3788e','PersVeh_Type','1df1057b06734b019460d9f8fb0a43b0','MEASUREMENT','OBJECT');
INSERT INTO PUBLIC.OBJECT_FIELD_METADATA (ID, NAME, METADATA_TYPE, PARENT_METADATA,PARENT_METADATA_NAME, REFERENCE_METADATA, REFERENCE_METADATA_NAME, REFERENCE_METADATA_TYPE)VALUES('3d1f049eec6f4e6186eb8599efa9f69c','NumDaysDrivenPerWeek','FIELD','144539c3c3ab427c886c12fce8e3788e','PersVeh_Type','838cab4e48a54d0bb23ca5ea9db454ab','Long','PRIMITIVE');
INSERT INTO PUBLIC.OBJECT_FIELD_METADATA (ID, NAME, METADATA_TYPE, PARENT_METADATA,PARENT_METADATA_NAME, REFERENCE_METADATA, REFERENCE_METADATA_NAME, REFERENCE_METADATA_TYPE)VALUES('272e0ec4f3e54d618d0b617ea729b00c','MultiCarDiscountInd','FIELD','144539c3c3ab427c886c12fce8e3788e','PersVeh_Type','4ffb0bcc3ec946d1af3ef883f4c3a4e6','Boolean','PRIMITIVE');
INSERT INTO PUBLIC.OBJECT_FIELD_METADATA (ID, NAME, METADATA_TYPE, PARENT_METADATA,PARENT_METADATA_NAME, REFERENCE_METADATA, REFERENCE_METADATA_NAME, REFERENCE_METADATA_TYPE)VALUES('df3e9a1fce0b4dbba9755e95a1011f1f','BusinessAnnualDistance','MODEL_RELATION','144539c3c3ab427c886c12fce8e3788e','PersVeh_Type','1df1057b06734b019460d9f8fb0a43b0','MEASUREMENT','OBJECT');
INSERT INTO PUBLIC.OBJECT_FIELD_METADATA (ID, NAME, METADATA_TYPE, PARENT_METADATA,PARENT_METADATA_NAME, REFERENCE_METADATA, REFERENCE_METADATA_NAME, REFERENCE_METADATA_TYPE)VALUES('5ce072032ae947d6a644a470377bf57c','ModelCd','FIELD','144539c3c3ab427c886c12fce8e3788e','PersVeh_Type','6240ce877a244a73a1253961131c6cc9','IndustryCode_Type','PRIMITIVE');
INSERT INTO PUBLIC.OBJECT_FIELD_METADATA (ID, NAME, METADATA_TYPE, PARENT_METADATA,PARENT_METADATA_NAME, REFERENCE_METADATA, REFERENCE_METADATA_NAME, REFERENCE_METADATA_TYPE)VALUES('2f7e31d212cb4bcaa19b150394c00039','NewVehInd','FIELD','144539c3c3ab427c886c12fce8e3788e','PersVeh_Type','4ffb0bcc3ec946d1af3ef883f4c3a4e6','Boolean','PRIMITIVE');
INSERT INTO PUBLIC.OBJECT_FIELD_METADATA (ID, NAME, METADATA_TYPE, PARENT_METADATA,PARENT_METADATA_NAME, REFERENCE_METADATA, REFERENCE_METADATA_NAME, REFERENCE_METADATA_TYPE)VALUES('c5bc22e4c5e64a5a9335db37cd614f33','EngineSerialNumber','FIELD','144539c3c3ab427c886c12fce8e3788e','PersVeh_Type','4aa23ceca9374701b7716d432173c7c2','C-50','PRIMITIVE');
INSERT INTO PUBLIC.OBJECT_FIELD_METADATA (ID, NAME, METADATA_TYPE, PARENT_METADATA,PARENT_METADATA_NAME, REFERENCE_METADATA, REFERENCE_METADATA_NAME, REFERENCE_METADATA_TYPE)VALUES('e42c18461fff4dbea021aec3b0d8ea5b','PurchaseDt','FIELD','144539c3c3ab427c886c12fce8e3788e','PersVeh_Type','3b0a2ca6cf3a4fb19718e35aa60287cd','Date','PRIMITIVE');
INSERT INTO PUBLIC.OBJECT_FIELD_METADATA (ID, NAME, METADATA_TYPE, PARENT_METADATA,PARENT_METADATA_NAME, REFERENCE_METADATA, REFERENCE_METADATA_NAME, REFERENCE_METADATA_TYPE)VALUES('f3a428c2e7394afeb38e2f309eeaa188','NumAxles','FIELD','144539c3c3ab427c886c12fce8e3788e','PersVeh_Type','838cab4e48a54d0bb23ca5ea9db454ab','Long','PRIMITIVE');
INSERT INTO PUBLIC.OBJECT_FIELD_METADATA (ID, NAME, METADATA_TYPE, PARENT_METADATA,PARENT_METADATA_NAME, REFERENCE_METADATA, REFERENCE_METADATA_NAME, REFERENCE_METADATA_TYPE)VALUES('1f44eb3725ea4bc08cd11969f1a6f564','LeasedDt','FIELD','144539c3c3ab427c886c12fce8e3788e','PersVeh_Type','3b0a2ca6cf3a4fb19718e35aa60287cd','Date','PRIMITIVE');
INSERT INTO PUBLIC.OBJECT_FIELD_METADATA (ID, NAME, METADATA_TYPE, PARENT_METADATA,PARENT_METADATA_NAME, REFERENCE_METADATA, REFERENCE_METADATA_NAME, REFERENCE_METADATA_TYPE)VALUES('dc8152d6adb640048be36a21b2542085','AlteredInd','FIELD','144539c3c3ab427c886c12fce8e3788e','PersVeh_Type','4ffb0bcc3ec946d1af3ef883f4c3a4e6','Boolean','PRIMITIVE');
INSERT INTO PUBLIC.OBJECT_FIELD_METADATA (ID, NAME, METADATA_TYPE, PARENT_METADATA,PARENT_METADATA_NAME, REFERENCE_METADATA, REFERENCE_METADATA_NAME, REFERENCE_METADATA_TYPE)VALUES('c05b46aacea6419188dfb49c05b71f15','PreviouslyLeasedVehInd','FIELD','144539c3c3ab427c886c12fce8e3788e','PersVeh_Type','4ffb0bcc3ec946d1af3ef883f4c3a4e6','Boolean','PRIMITIVE');
INSERT INTO PUBLIC.OBJECT_FIELD_METADATA (ID, NAME, METADATA_TYPE, PARENT_METADATA,PARENT_METADATA_NAME, REFERENCE_METADATA, REFERENCE_METADATA_NAME, REFERENCE_METADATA_TYPE)VALUES('c2cdfee19759465b800a29243b7414a8','BIPDSymbolCd','FIELD','144539c3c3ab427c886c12fce8e3788e','PersVeh_Type','6240ce877a244a73a1253961131c6cc9','IndustryCode_Type','PRIMITIVE');
INSERT INTO PUBLIC.OBJECT_FIELD_METADATA (ID, NAME, METADATA_TYPE, PARENT_METADATA,PARENT_METADATA_NAME, REFERENCE_METADATA, REFERENCE_METADATA_NAME, REFERENCE_METADATA_TYPE)VALUES('ca6e6d96840a4849a6b5c7ed84e02045','ItemModificationInfo','MODEL_RELATION','144539c3c3ab427c886c12fce8e3788e','PersVeh_Type','b014ec467cff464592373a481cf41dfb','ItemModificationInfo_Type','OBJECT');
INSERT INTO PUBLIC.OBJECT_FIELD_METADATA (ID, NAME, METADATA_TYPE, PARENT_METADATA,PARENT_METADATA_NAME, REFERENCE_METADATA, REFERENCE_METADATA_NAME, REFERENCE_METADATA_TYPE)VALUES('e52b9b6e3c714a4594f0c712a0710e67','NetChangeAmt','MODEL_RELATION','144539c3c3ab427c886c12fce8e3788e','PersVeh_Type','4fa89203e94a4637baa0484d19b460c5','CURRENCY','OBJECT');
INSERT INTO PUBLIC.OBJECT_FIELD_METADATA (ID, NAME, METADATA_TYPE, PARENT_METADATA,PARENT_METADATA_NAME, REFERENCE_METADATA, REFERENCE_METADATA_NAME, REFERENCE_METADATA_TYPE)VALUES('efb07c225fd345af88f68617a9b7a847','AirBagTypeCd','FIELD','144539c3c3ab427c886c12fce8e3788e','PersVeh_Type','a6a90fde911049ac956c3721713a8692','AirBagType','PRIMITIVE');
INSERT INTO PUBLIC.OBJECT_FIELD_METADATA (ID, NAME, METADATA_TYPE, PARENT_METADATA,PARENT_METADATA_NAME, REFERENCE_METADATA, REFERENCE_METADATA_NAME, REFERENCE_METADATA_TYPE)VALUES('ee4a7370f1de40b6a5f0140b408ff1c1','CarpoolInd','FIELD','144539c3c3ab427c886c12fce8e3788e','PersVeh_Type','4ffb0bcc3ec946d1af3ef883f4c3a4e6','Boolean','PRIMITIVE');
INSERT INTO PUBLIC.OBJECT_FIELD_METADATA (ID, NAME, METADATA_TYPE, PARENT_METADATA,PARENT_METADATA_NAME, REFERENCE_METADATA, REFERENCE_METADATA_NAME, REFERENCE_METADATA_TYPE)VALUES('cd53c649471440e5b8b17725be4ab0f9','VehPerformanceCd','FIELD','144539c3c3ab427c886c12fce8e3788e','PersVeh_Type','c73730b3ee57437cbc81d6c328e88dd6','VehiclePerformance','PRIMITIVE');
INSERT INTO PUBLIC.OBJECT_FIELD_METADATA (ID, NAME, METADATA_TYPE, PARENT_METADATA,PARENT_METADATA_NAME, REFERENCE_METADATA, REFERENCE_METADATA_NAME, REFERENCE_METADATA_TYPE)VALUES('79282efbef644a1082a890e99aa6dbe7','VehBodyTypeDesc','FIELD','144539c3c3ab427c886c12fce8e3788e','PersVeh_Type','2344631100044813a5126adcfb93e80d','C-255','PRIMITIVE');
INSERT INTO PUBLIC.OBJECT_FIELD_METADATA (ID, NAME, METADATA_TYPE, PARENT_METADATA,PARENT_METADATA_NAME, REFERENCE_METADATA, REFERENCE_METADATA_NAME, REFERENCE_METADATA_TYPE)VALUES('749c4cb17f244b2b90032490d2ff99e6','DaytimeRunningLightInd','FIELD','144539c3c3ab427c886c12fce8e3788e','PersVeh_Type','4ffb0bcc3ec946d1af3ef883f4c3a4e6','Boolean','PRIMITIVE');
INSERT INTO PUBLIC.OBJECT_FIELD_METADATA (ID, NAME, METADATA_TYPE, PARENT_METADATA,PARENT_METADATA_NAME, REFERENCE_METADATA, REFERENCE_METADATA_NAME, REFERENCE_METADATA_TYPE)VALUES('3ad0f2ff0c944f6ca94d5a2e4a2f6e75','PresentValueAmt','MODEL_RELATION','144539c3c3ab427c886c12fce8e3788e','PersVeh_Type','4fa89203e94a4637baa0484d19b460c5','CURRENCY','OBJECT');
INSERT INTO PUBLIC.OBJECT_FIELD_METADATA (ID, NAME, METADATA_TYPE, PARENT_METADATA,PARENT_METADATA_NAME, REFERENCE_METADATA, REFERENCE_METADATA_NAME, REFERENCE_METADATA_TYPE)VALUES('b956c6254d2d4b2081a638f4c4b2983b','AlternateDrivingStateProvUsePct','FIELD','144539c3c3ab427c886c12fce8e3788e','PersVeh_Type','42787ecf7ebe44bdb047ebe0f2268d21','PercentLong','PRIMITIVE');
INSERT INTO PUBLIC.OBJECT_FIELD_METADATA (ID, NAME, METADATA_TYPE, PARENT_METADATA,PARENT_METADATA_NAME, REFERENCE_METADATA, REFERENCE_METADATA_NAME, REFERENCE_METADATA_TYPE)VALUES('0b14b0556a324b8289751f8d4bf0de50','DamageabilityCd','FIELD','144539c3c3ab427c886c12fce8e3788e','PersVeh_Type','1b8130b797b94ad9abd10296e132e693','VehicleDamageability','PRIMITIVE');
INSERT INTO PUBLIC.OBJECT_FIELD_METADATA (ID, NAME, METADATA_TYPE, PARENT_METADATA,PARENT_METADATA_NAME, REFERENCE_METADATA, REFERENCE_METADATA_NAME, REFERENCE_METADATA_TYPE)VALUES('e2416caa7e3d4d0e960f7343e6923c05','Link','MODEL_RELATION','144539c3c3ab427c886c12fce8e3788e','PersVeh_Type','366dc9a89db94de3b92abf43ef1bf084','Link_Type','OBJECT');
INSERT INTO PUBLIC.OBJECT_FIELD_METADATA (ID, NAME, METADATA_TYPE, PARENT_METADATA,PARENT_METADATA_NAME, REFERENCE_METADATA, REFERENCE_METADATA_NAME, REFERENCE_METADATA_TYPE)VALUES('61b4d5e1845c4c36b12ce6673e97243a','TerritoryCodeCommutingDestinationCd','FIELD','144539c3c3ab427c886c12fce8e3788e','PersVeh_Type','6240ce877a244a73a1253961131c6cc9','IndustryCode_Type','PRIMITIVE');
INSERT INTO PUBLIC.OBJECT_FIELD_METADATA (ID, NAME, METADATA_TYPE, PARENT_METADATA,PARENT_METADATA_NAME, REFERENCE_METADATA, REFERENCE_METADATA_NAME, REFERENCE_METADATA_TYPE)VALUES('c8689a6025c342c29d02ef63a0d69610','ResidualMarketFacilityTierCd','FIELD','144539c3c3ab427c886c12fce8e3788e','PersVeh_Type','f0d14bc81ef54337b4f1be2cef2accb0','ResidualMarketFacilityTier','PRIMITIVE');
INSERT INTO PUBLIC.OBJECT_FIELD_METADATA (ID, NAME, METADATA_TYPE, PARENT_METADATA,PARENT_METADATA_NAME, REFERENCE_METADATA, REFERENCE_METADATA_NAME, REFERENCE_METADATA_TYPE)VALUES('501b42014a384e8f8c402c4d6b487f2a','VehRateGroupInfo','MODEL_RELATION','144539c3c3ab427c886c12fce8e3788e','PersVeh_Type','984917bf8fc24a90b162f55dbc7a3535','VehRateGroupInfo_Type','OBJECT');
INSERT INTO PUBLIC.OBJECT_FIELD_METADATA (ID, NAME, METADATA_TYPE, PARENT_METADATA,PARENT_METADATA_NAME, REFERENCE_METADATA, REFERENCE_METADATA_NAME, REFERENCE_METADATA_TYPE)VALUES('12d2be8de67d453c92754dd1ef46cb55','GaragingCd','FIELD','144539c3c3ab427c886c12fce8e3788e','PersVeh_Type','474fcc41ee5d47ba8feec720ff38349c','Garaging','PRIMITIVE');
INSERT INTO PUBLIC.OBJECT_FIELD_METADATA (ID, NAME, METADATA_TYPE, PARENT_METADATA,PARENT_METADATA_NAME, REFERENCE_METADATA, REFERENCE_METADATA_NAME, REFERENCE_METADATA_TYPE)VALUES('0e9f4790ace145b385b93c9a405b2f22','VehBodyTypeCd','FIELD','144539c3c3ab427c886c12fce8e3788e','PersVeh_Type','bffd6f81bef947abb7faeb2fb50c3922','VehicleBodyType','PRIMITIVE');
INSERT INTO PUBLIC.OBJECT_FIELD_METADATA (ID, NAME, METADATA_TYPE, PARENT_METADATA,PARENT_METADATA_NAME, REFERENCE_METADATA, REFERENCE_METADATA_NAME, REFERENCE_METADATA_TYPE)VALUES('b1b149bc1a1447a28ebf44756958da41','TractionControlInd','FIELD','144539c3c3ab427c886c12fce8e3788e','PersVeh_Type','4ffb0bcc3ec946d1af3ef883f4c3a4e6','Boolean','PRIMITIVE');
INSERT INTO PUBLIC.OBJECT_FIELD_METADATA (ID, NAME, METADATA_TYPE, PARENT_METADATA,PARENT_METADATA_NAME, REFERENCE_METADATA, REFERENCE_METADATA_NAME, REFERENCE_METADATA_TYPE)VALUES('b33126f6e6254fab99bbdaa28db756d9','OdometerReadingAsOfDt','FIELD','144539c3c3ab427c886c12fce8e3788e','PersVeh_Type','3b0a2ca6cf3a4fb19718e35aa60287cd','Date','PRIMITIVE');
INSERT INTO PUBLIC.OBJECT_FIELD_METADATA (ID, NAME, METADATA_TYPE, PARENT_METADATA,PARENT_METADATA_NAME, REFERENCE_METADATA, REFERENCE_METADATA_NAME, REFERENCE_METADATA_TYPE)VALUES('770b486bb5cf4525a6851442b7a6492d','TierCd','FIELD','144539c3c3ab427c886c12fce8e3788e','PersVeh_Type','6240ce877a244a73a1253961131c6cc9','IndustryCode_Type','PRIMITIVE');
INSERT INTO PUBLIC.OBJECT_FIELD_METADATA (ID, NAME, METADATA_TYPE, PARENT_METADATA,PARENT_METADATA_NAME, REFERENCE_METADATA, REFERENCE_METADATA_NAME, REFERENCE_METADATA_TYPE)VALUES('83f0e97342474b6fbf44c15b1a76f953','MaximumSpeed','MODEL_RELATION','144539c3c3ab427c886c12fce8e3788e','PersVeh_Type','1df1057b06734b019460d9f8fb0a43b0','MEASUREMENT','OBJECT');
INSERT INTO PUBLIC.OBJECT_FIELD_METADATA (ID, NAME, METADATA_TYPE, PARENT_METADATA,PARENT_METADATA_NAME, REFERENCE_METADATA, REFERENCE_METADATA_NAME, REFERENCE_METADATA_TYPE)VALUES('15457d0c67624ca3875998127ff8792a','EstimatedAnnualDistance','MODEL_RELATION','144539c3c3ab427c886c12fce8e3788e','PersVeh_Type','1df1057b06734b019460d9f8fb0a43b0','MEASUREMENT','OBJECT');
INSERT INTO PUBLIC.OBJECT_FIELD_METADATA (ID, NAME, METADATA_TYPE, PARENT_METADATA,PARENT_METADATA_NAME, REFERENCE_METADATA, REFERENCE_METADATA_NAME, REFERENCE_METADATA_TYPE)VALUES('c795a0e5e9ab4b7fac23951579894b97','FullTermAmt','MODEL_RELATION','144539c3c3ab427c886c12fce8e3788e','PersVeh_Type','4fa89203e94a4637baa0484d19b460c5','CURRENCY','OBJECT');
INSERT INTO PUBLIC.OBJECT_FIELD_METADATA (ID, NAME, METADATA_TYPE, PARENT_METADATA,PARENT_METADATA_NAME, REFERENCE_METADATA, REFERENCE_METADATA_NAME, REFERENCE_METADATA_TYPE)VALUES('26d49a3c1ae6428ea22dbe30c5659be0','DistanceOneWay','MODEL_RELATION','144539c3c3ab427c886c12fce8e3788e','PersVeh_Type','1df1057b06734b019460d9f8fb0a43b0','MEASUREMENT','OBJECT');
INSERT INTO PUBLIC.OBJECT_FIELD_METADATA (ID, NAME, METADATA_TYPE, PARENT_METADATA,PARENT_METADATA_NAME, REFERENCE_METADATA, REFERENCE_METADATA_NAME, REFERENCE_METADATA_TYPE)VALUES('e5db9e56a55845e5bafb9169be286f9c','PersVehExt','FIELD','144539c3c3ab427c886c12fce8e3788e','PersVeh_Type',null,null,null);
INSERT INTO PUBLIC.OBJECT_FIELD_METADATA (ID, NAME, METADATA_TYPE, PARENT_METADATA,PARENT_METADATA_NAME, REFERENCE_METADATA, REFERENCE_METADATA_NAME, REFERENCE_METADATA_TYPE)VALUES('3a13f90f008f438ead7a00e6c18c17e9','NumCylinders','FIELD','144539c3c3ab427c886c12fce8e3788e','PersVeh_Type','838cab4e48a54d0bb23ca5ea9db454ab','Long','PRIMITIVE');
INSERT INTO PUBLIC.OBJECT_FIELD_METADATA (ID, NAME, METADATA_TYPE, PARENT_METADATA,PARENT_METADATA_NAME, REFERENCE_METADATA, REFERENCE_METADATA_NAME, REFERENCE_METADATA_TYPE)VALUES('09f3d244a43d42e0bda3198677f9123b','CombinedVehWeight','MODEL_RELATION','144539c3c3ab427c886c12fce8e3788e','PersVeh_Type','1df1057b06734b019460d9f8fb0a43b0','MEASUREMENT','OBJECT');
INSERT INTO PUBLIC.OBJECT_FIELD_METADATA (ID, NAME, METADATA_TYPE, PARENT_METADATA,PARENT_METADATA_NAME, REFERENCE_METADATA, REFERENCE_METADATA_NAME, REFERENCE_METADATA_TYPE)VALUES('b5265836c9c84d2caec707d3b427b42b','VehInspectionStatusCd','FIELD','144539c3c3ab427c886c12fce8e3788e','PersVeh_Type','86f96761088c4bc3955d84cff9cc7a3d','VehicleInspectionStatus','PRIMITIVE');
INSERT INTO PUBLIC.OBJECT_FIELD_METADATA (ID, NAME, METADATA_TYPE, PARENT_METADATA,PARENT_METADATA_NAME, REFERENCE_METADATA, REFERENCE_METADATA_NAME, REFERENCE_METADATA_TYPE)VALUES('df5c2b1a8e61477d90d5eb13ac6ba628','Width','MODEL_RELATION','144539c3c3ab427c886c12fce8e3788e','PersVeh_Type','1df1057b06734b019460d9f8fb0a43b0','MEASUREMENT','OBJECT');
INSERT INTO PUBLIC.OBJECT_FIELD_METADATA (ID, NAME, METADATA_TYPE, PARENT_METADATA,PARENT_METADATA_NAME, REFERENCE_METADATA, REFERENCE_METADATA_NAME, REFERENCE_METADATA_TYPE)VALUES('bc7e5f10759e44a6802889885800478b','NumTotalVehRatingPoints','FIELD','144539c3c3ab427c886c12fce8e3788e','PersVeh_Type','838cab4e48a54d0bb23ca5ea9db454ab','Long','PRIMITIVE');
INSERT INTO PUBLIC.OBJECT_FIELD_METADATA (ID, NAME, METADATA_TYPE, PARENT_METADATA,PARENT_METADATA_NAME, REFERENCE_METADATA, REFERENCE_METADATA_NAME, REFERENCE_METADATA_TYPE)VALUES('c97c83c47f2044e8b2d1c2ad1e362c48','LeasedVehInd','FIELD','144539c3c3ab427c886c12fce8e3788e','PersVeh_Type','4ffb0bcc3ec946d1af3ef883f4c3a4e6','Boolean','PRIMITIVE');
INSERT INTO PUBLIC.OBJECT_FIELD_METADATA (ID, NAME, METADATA_TYPE, PARENT_METADATA,PARENT_METADATA_NAME, REFERENCE_METADATA, REFERENCE_METADATA_NAME, REFERENCE_METADATA_TYPE)VALUES('8f4b86b2404845bd810a7e83041793c6','DrivenByCoWorkersInd','FIELD','144539c3c3ab427c886c12fce8e3788e','PersVeh_Type','4ffb0bcc3ec946d1af3ef883f4c3a4e6','Boolean','PRIMITIVE');
INSERT INTO PUBLIC.OBJECT_FIELD_METADATA (ID, NAME, METADATA_TYPE, PARENT_METADATA,PARENT_METADATA_NAME, REFERENCE_METADATA, REFERENCE_METADATA_NAME, REFERENCE_METADATA_TYPE)VALUES('e709e096ec684caabf58c63d4bcc063a','ReasonLiabilityRefusedCd','FIELD','144539c3c3ab427c886c12fce8e3788e','PersVeh_Type','c23fe08ba4a64ab689fa73ae0ea8c849','ReasonLiabilityRefused','PRIMITIVE');
INSERT INTO PUBLIC.OBJECT_FIELD_METADATA (ID, NAME, METADATA_TYPE, PARENT_METADATA,PARENT_METADATA_NAME, REFERENCE_METADATA, REFERENCE_METADATA_NAME, REFERENCE_METADATA_TYPE)VALUES('6e22f71f394045a2bcd0f171832cc4c8','CostNewAmt','MODEL_RELATION','144539c3c3ab427c886c12fce8e3788e','PersVeh_Type','4fa89203e94a4637baa0484d19b460c5','CURRENCY','OBJECT');
INSERT INTO PUBLIC.OBJECT_FIELD_METADATA (ID, NAME, METADATA_TYPE, PARENT_METADATA,PARENT_METADATA_NAME, REFERENCE_METADATA, REFERENCE_METADATA_NAME, REFERENCE_METADATA_TYPE)VALUES('89082f07d09e4248a8a578aea79bd982','PrincipalOperatorInd','FIELD','144539c3c3ab427c886c12fce8e3788e','PersVeh_Type','4ffb0bcc3ec946d1af3ef883f4c3a4e6','Boolean','PRIMITIVE');
INSERT INTO PUBLIC.OBJECT_FIELD_METADATA (ID, NAME, METADATA_TYPE, PARENT_METADATA,PARENT_METADATA_NAME, REFERENCE_METADATA, REFERENCE_METADATA_NAME, REFERENCE_METADATA_TYPE)VALUES('8300d16a13584ddbb0567b5f77f1c67e','AlternateDrivingStateProvCd','FIELD','144539c3c3ab427c886c12fce8e3788e','PersVeh_Type','6240ce877a244a73a1253961131c6cc9','IndustryCode_Type','PRIMITIVE');
INSERT INTO PUBLIC.OBJECT_FIELD_METADATA (ID, NAME, METADATA_TYPE, PARENT_METADATA,PARENT_METADATA_NAME, REFERENCE_METADATA, REFERENCE_METADATA_NAME, REFERENCE_METADATA_TYPE)VALUES('ab538f77c5944bea8ab0cf358392fc86','ChassisSerialNumber','FIELD','144539c3c3ab427c886c12fce8e3788e','PersVeh_Type','4aa23ceca9374701b7716d432173c7c2','C-50','PRIMITIVE');
INSERT INTO PUBLIC.OBJECT_FIELD_METADATA (ID, NAME, METADATA_TYPE, PARENT_METADATA,PARENT_METADATA_NAME, REFERENCE_METADATA, REFERENCE_METADATA_NAME, REFERENCE_METADATA_TYPE)VALUES('c3fdc0f47437494cbaa6eead8b476377','VehLength','MODEL_RELATION','144539c3c3ab427c886c12fce8e3788e','PersVeh_Type','1df1057b06734b019460d9f8fb0a43b0','MEASUREMENT','OBJECT');
INSERT INTO PUBLIC.OBJECT_FIELD_METADATA (ID, NAME, METADATA_TYPE, PARENT_METADATA,PARENT_METADATA_NAME, REFERENCE_METADATA, REFERENCE_METADATA_NAME, REFERENCE_METADATA_TYPE)VALUES('63192eac074945d89a2fd69d065ce557','ResidualMarketFacilityTierDt','FIELD','144539c3c3ab427c886c12fce8e3788e','PersVeh_Type','3b0a2ca6cf3a4fb19718e35aa60287cd','Date','PRIMITIVE');
INSERT INTO PUBLIC.OBJECT_FIELD_METADATA (ID, NAME, METADATA_TYPE, PARENT_METADATA,PARENT_METADATA_NAME, REFERENCE_METADATA, REFERENCE_METADATA_NAME, REFERENCE_METADATA_TYPE)VALUES('833ff94e13754e7cab542814253169a3','VehIdentificationNumber','FIELD','144539c3c3ab427c886c12fce8e3788e','PersVeh_Type','3869bfeb4b5f47c0b4e159b3cfde6d71','C-25','PRIMITIVE');
INSERT INTO PUBLIC.OBJECT_FIELD_METADATA (ID, NAME, METADATA_TYPE, PARENT_METADATA,PARENT_METADATA_NAME, REFERENCE_METADATA, REFERENCE_METADATA_NAME, REFERENCE_METADATA_TYPE)VALUES('2db34973e0d84e8cbfcfe7207efc1c3d','RateSubClassCd','FIELD','144539c3c3ab427c886c12fce8e3788e','PersVeh_Type','6240ce877a244a73a1253961131c6cc9','IndustryCode_Type','PRIMITIVE');
INSERT INTO PUBLIC.OBJECT_FIELD_METADATA (ID, NAME, METADATA_TYPE, PARENT_METADATA,PARENT_METADATA_NAME, REFERENCE_METADATA, REFERENCE_METADATA_NAME, REFERENCE_METADATA_TYPE)VALUES('ef901093088d45c68c7be9d1d2859764','POLKRestraintDeviceCd','FIELD','144539c3c3ab427c886c12fce8e3788e','PersVeh_Type','6240ce877a244a73a1253961131c6cc9','IndustryCode_Type','PRIMITIVE');
INSERT INTO PUBLIC.OBJECT_FIELD_METADATA (ID, NAME, METADATA_TYPE, PARENT_METADATA,PARENT_METADATA_NAME, REFERENCE_METADATA, REFERENCE_METADATA_NAME, REFERENCE_METADATA_TYPE)VALUES('aa3639eb0f574b73bbc520d74e2f540b','Model','FIELD','144539c3c3ab427c886c12fce8e3788e','PersVeh_Type','4aa23ceca9374701b7716d432173c7c2','C-50','PRIMITIVE');
INSERT INTO PUBLIC.OBJECT_FIELD_METADATA (ID, NAME, METADATA_TYPE, PARENT_METADATA,PARENT_METADATA_NAME, REFERENCE_METADATA, REFERENCE_METADATA_NAME, REFERENCE_METADATA_TYPE)VALUES('6042f7a694c84a8aa26302a473a7f204','FourWheelDriveInd','FIELD','144539c3c3ab427c886c12fce8e3788e','PersVeh_Type','4ffb0bcc3ec946d1af3ef883f4c3a4e6','Boolean','PRIMITIVE');
INSERT INTO PUBLIC.OBJECT_FIELD_METADATA (ID, NAME, METADATA_TYPE, PARENT_METADATA,PARENT_METADATA_NAME, REFERENCE_METADATA, REFERENCE_METADATA_NAME, REFERENCE_METADATA_TYPE)VALUES('eef6916fb3d849518b5bfac51c89e042','ModelYear','FIELD','144539c3c3ab427c886c12fce8e3788e','PersVeh_Type','838cab4e48a54d0bb23ca5ea9db454ab','Long','PRIMITIVE');
INSERT INTO PUBLIC.OBJECT_FIELD_METADATA (ID, NAME, METADATA_TYPE, PARENT_METADATA,PARENT_METADATA_NAME, REFERENCE_METADATA, REFERENCE_METADATA_NAME, REFERENCE_METADATA_TYPE)VALUES('a27325779fab4477aa9ff2d67aa67a20','ItemIdInfo','MODEL_RELATION','144539c3c3ab427c886c12fce8e3788e','PersVeh_Type','ba3be0e0317741b08f872c1fca47ad8f','ItemIdInfo_Type','OBJECT');
INSERT INTO PUBLIC.OBJECT_FIELD_METADATA (ID, NAME, METADATA_TYPE, PARENT_METADATA,PARENT_METADATA_NAME, REFERENCE_METADATA, REFERENCE_METADATA_NAME, REFERENCE_METADATA_TYPE)VALUES('473c1e1db3984d1ab47ab1b77158d367','BumperDiscountInd','FIELD','144539c3c3ab427c886c12fce8e3788e','PersVeh_Type','4ffb0bcc3ec946d1af3ef883f4c3a4e6','Boolean','PRIMITIVE');
INSERT INTO PUBLIC.OBJECT_FIELD_METADATA (ID, NAME, METADATA_TYPE, PARENT_METADATA,PARENT_METADATA_NAME, REFERENCE_METADATA, REFERENCE_METADATA_NAME, REFERENCE_METADATA_TYPE)VALUES('dfc2d5c782ce450cb61e806eeeb031e5','WrittenAmt','MODEL_RELATION','144539c3c3ab427c886c12fce8e3788e','PersVeh_Type','4fa89203e94a4637baa0484d19b460c5','CURRENCY','OBJECT');
INSERT INTO PUBLIC.OBJECT_FIELD_METADATA (ID, NAME, METADATA_TYPE, PARENT_METADATA,PARENT_METADATA_NAME, REFERENCE_METADATA, REFERENCE_METADATA_NAME, REFERENCE_METADATA_TYPE)VALUES('55bb49b46bb444608763a31d1728adf2','AlterationsAmt','MODEL_RELATION','144539c3c3ab427c886c12fce8e3788e','PersVeh_Type','4fa89203e94a4637baa0484d19b460c5','CURRENCY','OBJECT');
INSERT INTO PUBLIC.OBJECT_FIELD_METADATA (ID, NAME, METADATA_TYPE, PARENT_METADATA,PARENT_METADATA_NAME, REFERENCE_METADATA, REFERENCE_METADATA_NAME, REFERENCE_METADATA_TYPE)VALUES('3403edb1066549209b45bfa4bb3e5e5f','SalvagedInd','FIELD','144539c3c3ab427c886c12fce8e3788e','PersVeh_Type','4ffb0bcc3ec946d1af3ef883f4c3a4e6','Boolean','PRIMITIVE');
INSERT INTO PUBLIC.OBJECT_FIELD_METADATA (ID, NAME, METADATA_TYPE, PARENT_METADATA,PARENT_METADATA_NAME, REFERENCE_METADATA, REFERENCE_METADATA_NAME, REFERENCE_METADATA_TYPE)VALUES('441d8a50bfa945f5aa129f8fe7c71362','GrossVehWeight','MODEL_RELATION','144539c3c3ab427c886c12fce8e3788e','PersVeh_Type','1df1057b06734b019460d9f8fb0a43b0','MEASUREMENT','OBJECT');
INSERT INTO PUBLIC.OBJECT_FIELD_METADATA (ID, NAME, METADATA_TYPE, PARENT_METADATA,PARENT_METADATA_NAME, REFERENCE_METADATA, REFERENCE_METADATA_NAME, REFERENCE_METADATA_TYPE)VALUES('cad8b76fe1db46f0a1409765d5b2f5fc','NonOwnedVehInd','FIELD','144539c3c3ab427c886c12fce8e3788e','PersVeh_Type','4ffb0bcc3ec946d1af3ef883f4c3a4e6','Boolean','PRIMITIVE');
INSERT INTO PUBLIC.OBJECT_FIELD_METADATA (ID, NAME, METADATA_TYPE, PARENT_METADATA,PARENT_METADATA_NAME, REFERENCE_METADATA, REFERENCE_METADATA_NAME, REFERENCE_METADATA_TYPE)VALUES('bcb3066ae0754948a0afcaf70081a149','VehTypeCd','FIELD','144539c3c3ab427c886c12fce8e3788e','PersVeh_Type','f6c0212d5a4a4ffeb31ad55a6a7b5291','VehicleType','PRIMITIVE');
INSERT INTO PUBLIC.OBJECT_FIELD_METADATA (ID, NAME, METADATA_TYPE, PARENT_METADATA,PARENT_METADATA_NAME, REFERENCE_METADATA, REFERENCE_METADATA_NAME, REFERENCE_METADATA_TYPE)VALUES('cffae3c0e1484d9499f8a5bbeada25c7','ExistingUnrepairedDamageDesc','FIELD','144539c3c3ab427c886c12fce8e3788e','PersVeh_Type','2344631100044813a5126adcfb93e80d','C-255','PRIMITIVE');
INSERT INTO PUBLIC.OBJECT_FIELD_METADATA (ID, NAME, METADATA_TYPE, PARENT_METADATA,PARENT_METADATA_NAME, REFERENCE_METADATA, REFERENCE_METADATA_NAME, REFERENCE_METADATA_TYPE)VALUES('f3919a9faf4b40b7a7fdfcbc3ad74997','ComprehensiveOTCSymbolCd','FIELD','144539c3c3ab427c886c12fce8e3788e','PersVeh_Type','6240ce877a244a73a1253961131c6cc9','IndustryCode_Type','PRIMITIVE');
INSERT INTO PUBLIC.OBJECT_FIELD_METADATA (ID, NAME, METADATA_TYPE, PARENT_METADATA,PARENT_METADATA_NAME, REFERENCE_METADATA, REFERENCE_METADATA_NAME, REFERENCE_METADATA_TYPE)VALUES('a00f25f153934f57b04d3f81fdae011a','PhysicalDamageRateClassCd','FIELD','144539c3c3ab427c886c12fce8e3788e','PersVeh_Type','6240ce877a244a73a1253961131c6cc9','IndustryCode_Type','PRIMITIVE');
INSERT INTO PUBLIC.OBJECT_FIELD_METADATA (ID, NAME, METADATA_TYPE, PARENT_METADATA,PARENT_METADATA_NAME, REFERENCE_METADATA, REFERENCE_METADATA_NAME, REFERENCE_METADATA_TYPE)VALUES('d235ca5eb0ac41fe9e8acb472877aa17','InspectionInfo','MODEL_RELATION','144539c3c3ab427c886c12fce8e3788e','PersVeh_Type','18eb9d0ffdad4e7e891e3297da8c3986','InspectionInfo_Type','OBJECT');
INSERT INTO PUBLIC.OBJECT_FIELD_METADATA (ID, NAME, METADATA_TYPE, PARENT_METADATA,PARENT_METADATA_NAME, REFERENCE_METADATA, REFERENCE_METADATA_NAME, REFERENCE_METADATA_TYPE)VALUES('509640d1693c4549887fdf421816c7a1','TerritoryCd','FIELD','144539c3c3ab427c886c12fce8e3788e','PersVeh_Type','6240ce877a244a73a1253961131c6cc9','IndustryCode_Type','PRIMITIVE');
INSERT INTO PUBLIC.OBJECT_FIELD_METADATA (ID, NAME, METADATA_TYPE, PARENT_METADATA,PARENT_METADATA_NAME, REFERENCE_METADATA, REFERENCE_METADATA_NAME, REFERENCE_METADATA_TYPE)VALUES('3282cbed02b1416c836fd06a637dbc36','CollisionSymbolCd','FIELD','144539c3c3ab427c886c12fce8e3788e','PersVeh_Type','6240ce877a244a73a1253961131c6cc9','IndustryCode_Type','PRIMITIVE');
INSERT INTO PUBLIC.OBJECT_FIELD_METADATA (ID, NAME, METADATA_TYPE, PARENT_METADATA,PARENT_METADATA_NAME, REFERENCE_METADATA, REFERENCE_METADATA_NAME, REFERENCE_METADATA_TYPE)VALUES('c19e8d5fed084e5e90be0a739e3b47aa','SeenCarInd','FIELD','144539c3c3ab427c886c12fce8e3788e','PersVeh_Type','4ffb0bcc3ec946d1af3ef883f4c3a4e6','Boolean','PRIMITIVE');
INSERT INTO PUBLIC.OBJECT_FIELD_METADATA (ID, NAME, METADATA_TYPE, PARENT_METADATA,PARENT_METADATA_NAME, REFERENCE_METADATA, REFERENCE_METADATA_NAME, REFERENCE_METADATA_TYPE)VALUES('74673c1d0951498abca03c50e48b694c','Registration','MODEL_RELATION','144539c3c3ab427c886c12fce8e3788e','PersVeh_Type','1f54c746f68040a5ae5875642bcffcf7','Registration_Type','OBJECT');
INSERT INTO PUBLIC.OBJECT_FIELD_METADATA (ID, NAME, METADATA_TYPE, PARENT_METADATA,PARENT_METADATA_NAME, REFERENCE_METADATA, REFERENCE_METADATA_NAME, REFERENCE_METADATA_TYPE)VALUES('6caca714cc224a528b64ee9af9d7222e','NumPassengers','FIELD','144539c3c3ab427c886c12fce8e3788e','PersVeh_Type','838cab4e48a54d0bb23ca5ea9db454ab','Long','PRIMITIVE');
INSERT INTO PUBLIC.OBJECT_FIELD_METADATA (ID, NAME, METADATA_TYPE, PARENT_METADATA,PARENT_METADATA_NAME, REFERENCE_METADATA, REFERENCE_METADATA_NAME, REFERENCE_METADATA_TYPE)VALUES('eeeac7ea5fd7427abf1a43c06f2af61f','Manufacturer','FIELD','144539c3c3ab427c886c12fce8e3788e','PersVeh_Type','4aa23ceca9374701b7716d432173c7c2','C-50','PRIMITIVE');
INSERT INTO PUBLIC.OBJECT_FIELD_METADATA (ID, NAME, METADATA_TYPE, PARENT_METADATA,PARENT_METADATA_NAME, REFERENCE_METADATA, REFERENCE_METADATA_NAME, REFERENCE_METADATA_TYPE)VALUES('0efb2ca27aff428ab5a90011fe2bcc08','VehUseCd','FIELD','144539c3c3ab427c886c12fce8e3788e','PersVeh_Type','a35f56cba7d24ceca32460db3e1c2e36','VehicleUse','PRIMITIVE');
INSERT INTO PUBLIC.OBJECT_FIELD_METADATA (ID, NAME, METADATA_TYPE, PARENT_METADATA,PARENT_METADATA_NAME, REFERENCE_METADATA, REFERENCE_METADATA_NAME, REFERENCE_METADATA_TYPE)VALUES('71539fecce3a45bdbf7a36511056ad5a','QuestionAnswer','MODEL_RELATION','144539c3c3ab427c886c12fce8e3788e','PersVeh_Type','152fefd4f3054b68b490c1af5c9c284c','QuestionAnswer_Type','OBJECT');
INSERT INTO PUBLIC.OBJECT_FIELD_METADATA (ID, NAME, METADATA_TYPE, PARENT_METADATA,PARENT_METADATA_NAME, REFERENCE_METADATA, REFERENCE_METADATA_NAME, REFERENCE_METADATA_TYPE)VALUES('7f3dbbc3d5b348c684e18df8c8e45f5d','AntiLockBrakeCd','FIELD','144539c3c3ab427c886c12fce8e3788e','PersVeh_Type','6240ce877a244a73a1253961131c6cc9','IndustryCode_Type','PRIMITIVE');
INSERT INTO PUBLIC.OBJECT_FIELD_METADATA (ID, NAME, METADATA_TYPE, PARENT_METADATA,PARENT_METADATA_NAME, REFERENCE_METADATA, REFERENCE_METADATA_NAME, REFERENCE_METADATA_TYPE)VALUES('306d1ad628c949d981bdde536db1dc09','RegisteredVehInd','FIELD','144539c3c3ab427c886c12fce8e3788e','PersVeh_Type','4ffb0bcc3ec946d1af3ef883f4c3a4e6','Boolean','PRIMITIVE');
INSERT INTO PUBLIC.OBJECT_FIELD_METADATA (ID, NAME, METADATA_TYPE, PARENT_METADATA,PARENT_METADATA_NAME, REFERENCE_METADATA, REFERENCE_METADATA_NAME, REFERENCE_METADATA_TYPE)VALUES('4f1ece9aaef64efebac6193581220c95','PricingCd','FIELD','144539c3c3ab427c886c12fce8e3788e','PersVeh_Type','6240ce877a244a73a1253961131c6cc9','IndustryCode_Type','PRIMITIVE');
INSERT INTO PUBLIC.OBJECT_FIELD_METADATA (ID, NAME, METADATA_TYPE, PARENT_METADATA,PARENT_METADATA_NAME, REFERENCE_METADATA, REFERENCE_METADATA_NAME, REFERENCE_METADATA_TYPE)VALUES('e93e42f6bcc44f839ab7fac5bbabc93b','Color','FIELD','144539c3c3ab427c886c12fce8e3788e','PersVeh_Type','3869bfeb4b5f47c0b4e159b3cfde6d71','C-25','PRIMITIVE');
INSERT INTO PUBLIC.OBJECT_FIELD_METADATA (ID, NAME, METADATA_TYPE, PARENT_METADATA,PARENT_METADATA_NAME, REFERENCE_METADATA, REFERENCE_METADATA_NAME, REFERENCE_METADATA_TYPE)VALUES('a23e869eeda643a48fc321cc77cde148','TransmissionSerialNumber','FIELD','144539c3c3ab427c886c12fce8e3788e','PersVeh_Type','4aa23ceca9374701b7716d432173c7c2','C-50','PRIMITIVE');
INSERT INTO PUBLIC.OBJECT_FIELD_METADATA (ID, NAME, METADATA_TYPE, PARENT_METADATA,PARENT_METADATA_NAME, REFERENCE_METADATA, REFERENCE_METADATA_NAME, REFERENCE_METADATA_TYPE)VALUES('5519f6ec27c3429fb8f5135bc018d95c','VehSalvageTitleNumber','FIELD','144539c3c3ab427c886c12fce8e3788e','PersVeh_Type','53b4c891108f4c4a9001ecd3b6a9fa11','C-15','PRIMITIVE');
INSERT INTO PUBLIC.OBJECT_FIELD_METADATA (ID, NAME, METADATA_TYPE, PARENT_METADATA,PARENT_METADATA_NAME, REFERENCE_METADATA, REFERENCE_METADATA_NAME, REFERENCE_METADATA_TYPE)VALUES('06335e778f834614bdaa026d7d308f45','NumYouthfulOperators','FIELD','144539c3c3ab427c886c12fce8e3788e','PersVeh_Type','838cab4e48a54d0bb23ca5ea9db454ab','Long','PRIMITIVE');
INSERT INTO PUBLIC.OBJECT_FIELD_METADATA (ID, NAME, METADATA_TYPE, PARENT_METADATA,PARENT_METADATA_NAME, REFERENCE_METADATA, REFERENCE_METADATA_NAME, REFERENCE_METADATA_TYPE)VALUES('c96ee47f80314a9489e7b895588c16ab','EngineTypeCd','FIELD','144539c3c3ab427c886c12fce8e3788e','PersVeh_Type','90bde8efd3d34348aa46e8daa8f8ec86','EngineType','PRIMITIVE');
INSERT INTO PUBLIC.OBJECT_FIELD_METADATA (ID, NAME, METADATA_TYPE, PARENT_METADATA,PARENT_METADATA_NAME, REFERENCE_METADATA, REFERENCE_METADATA_NAME, REFERENCE_METADATA_TYPE)VALUES('3a80f8267c004d4c92fe5609667a03ce','VehSymbolCd','FIELD','144539c3c3ab427c886c12fce8e3788e','PersVeh_Type','6240ce877a244a73a1253961131c6cc9','IndustryCode_Type','PRIMITIVE');
INSERT INTO PUBLIC.OBJECT_FIELD_METADATA (ID, NAME, METADATA_TYPE, PARENT_METADATA,PARENT_METADATA_NAME, REFERENCE_METADATA, REFERENCE_METADATA_NAME, REFERENCE_METADATA_TYPE)VALUES('a820fe61e5824d9dbc5dbb116b03ef67','ExistingUnrepairedDamageInfo','MODEL_RELATION','144539c3c3ab427c886c12fce8e3788e','PersVeh_Type','196948f7bce146269fec319bda4ba3ef','ExistingUnrepairedDamageInfo_Type','OBJECT');
INSERT INTO PUBLIC.OBJECT_FIELD_METADATA (ID, NAME, METADATA_TYPE, PARENT_METADATA,PARENT_METADATA_NAME, REFERENCE_METADATA, REFERENCE_METADATA_NAME, REFERENCE_METADATA_TYPE)VALUES('6c93ef4a08ac4cdbb16b1d7c3868546d','NumDaysOccupiedPerYr','FIELD','144539c3c3ab427c886c12fce8e3788e','PersVeh_Type','838cab4e48a54d0bb23ca5ea9db454ab','Long','PRIMITIVE');
INSERT INTO PUBLIC.OBJECT_FIELD_METADATA (ID, NAME, METADATA_TYPE, PARENT_METADATA,PARENT_METADATA_NAME, REFERENCE_METADATA, REFERENCE_METADATA_NAME, REFERENCE_METADATA_TYPE)VALUES('c91d236eea9b4ff091d2c64b00aa303b','ExistingUnrepairedDamageInd','FIELD','144539c3c3ab427c886c12fce8e3788e','PersVeh_Type','4ffb0bcc3ec946d1af3ef883f4c3a4e6','Boolean','PRIMITIVE');
INSERT INTO PUBLIC.OBJECT_FIELD_METADATA (ID, NAME, METADATA_TYPE, PARENT_METADATA,PARENT_METADATA_NAME, REFERENCE_METADATA, REFERENCE_METADATA_NAME, REFERENCE_METADATA_TYPE)VALUES('ca848b2d4bd044488bf91a49648d5bf3','PurchasePriceAmt','MODEL_RELATION','144539c3c3ab427c886c12fce8e3788e','PersVeh_Type','4fa89203e94a4637baa0484d19b460c5','CURRENCY','OBJECT');
INSERT INTO PUBLIC.OBJECT_FIELD_METADATA (ID, NAME, METADATA_TYPE, PARENT_METADATA,PARENT_METADATA_NAME, REFERENCE_METADATA, REFERENCE_METADATA_NAME, REFERENCE_METADATA_TYPE)VALUES('b07f2bdd56a04282829e7ab99fff1cfd','SeatBeltTypeCd','FIELD','144539c3c3ab427c886c12fce8e3788e','PersVeh_Type','0b7d7393bb474a149bd461a43d5157ad','SeatBeltType','PRIMITIVE');
INSERT INTO PUBLIC.OBJECT_FIELD_METADATA (ID, NAME, METADATA_TYPE, PARENT_METADATA,PARENT_METADATA_NAME, REFERENCE_METADATA, REFERENCE_METADATA_NAME, REFERENCE_METADATA_TYPE)VALUES('bf99e0f77b974e44b38073c5bc6ed100','ColorCd','FIELD','144539c3c3ab427c886c12fce8e3788e','PersVeh_Type','6240ce877a244a73a1253961131c6cc9','IndustryCode_Type','PRIMITIVE');
INSERT INTO PUBLIC.OBJECT_FIELD_METADATA (ID, NAME, METADATA_TYPE, PARENT_METADATA,PARENT_METADATA_NAME, REFERENCE_METADATA, REFERENCE_METADATA_NAME, REFERENCE_METADATA_TYPE)VALUES('8e31e2ab364f4b6b803fea2fb14512a7','Horsepower','MODEL_RELATION','144539c3c3ab427c886c12fce8e3788e','PersVeh_Type','1df1057b06734b019460d9f8fb0a43b0','MEASUREMENT','OBJECT');
INSERT INTO PUBLIC.OBJECT_FIELD_METADATA (ID, NAME, METADATA_TYPE, PARENT_METADATA,PARENT_METADATA_NAME, REFERENCE_METADATA, REFERENCE_METADATA_NAME, REFERENCE_METADATA_TYPE)VALUES('b92c51ca7427477c8af5057510755fb7','AppraiserActivityInfo','MODEL_RELATION','144539c3c3ab427c886c12fce8e3788e','PersVeh_Type','36a9c9cc2f48486c93da3d4e45dc36a2','AppraiserActivityInfo_Type','OBJECT');
INSERT INTO PUBLIC.OBJECT_FIELD_METADATA (ID, NAME, METADATA_TYPE, PARENT_METADATA,PARENT_METADATA_NAME, REFERENCE_METADATA, REFERENCE_METADATA_NAME, REFERENCE_METADATA_TYPE)VALUES('ce619f81a94246a5b2747c952bf9b7bc','ManufacturerCd','FIELD','144539c3c3ab427c886c12fce8e3788e','PersVeh_Type','6240ce877a244a73a1253961131c6cc9','IndustryCode_Type','PRIMITIVE');
INSERT INTO PUBLIC.OBJECT_FIELD_METADATA (ID, NAME, METADATA_TYPE, PARENT_METADATA,PARENT_METADATA_NAME, REFERENCE_METADATA, REFERENCE_METADATA_NAME, REFERENCE_METADATA_TYPE)VALUES('0ed2c81263bb4ae0878f79fdc72664fa','RateClassCd','FIELD','144539c3c3ab427c886c12fce8e3788e','PersVeh_Type','6240ce877a244a73a1253961131c6cc9','IndustryCode_Type','PRIMITIVE');
INSERT INTO PUBLIC.OBJECT_FIELD_METADATA (ID, NAME, METADATA_TYPE, PARENT_METADATA,PARENT_METADATA_NAME, REFERENCE_METADATA, REFERENCE_METADATA_NAME, REFERENCE_METADATA_TYPE)VALUES('4a639e08f9d04db48e11bb6678c3272f','AdditionalInterest','MODEL_RELATION','144539c3c3ab427c886c12fce8e3788e','PersVeh_Type','23a83d5912a54d0ca9b4669826684442','AdditionalInterest_Type','OBJECT');
INSERT INTO PUBLIC.OBJECT_FIELD_METADATA (ID, NAME, METADATA_TYPE, PARENT_METADATA,PARENT_METADATA_NAME, REFERENCE_METADATA, REFERENCE_METADATA_NAME, REFERENCE_METADATA_TYPE)VALUES('4541fd551ce74302858805ba3540c952','TonRatingCapacityCd','FIELD','144539c3c3ab427c886c12fce8e3788e','PersVeh_Type','baf63d283aaf4967ac2c12ad0bec83b2','TonRatingCapacity','PRIMITIVE');
INSERT INTO PUBLIC.OBJECT_FIELD_METADATA (ID, NAME, METADATA_TYPE, PARENT_METADATA,PARENT_METADATA_NAME, REFERENCE_METADATA, REFERENCE_METADATA_NAME, REFERENCE_METADATA_TYPE)VALUES('00b3d6b2caf74fcaa4741b7f4a5619f8','Coverage','MODEL_RELATION','144539c3c3ab427c886c12fce8e3788e','PersVeh_Type','d0675b4bbe674c1fa08297c27c3cb675','Coverage_Type','OBJECT');
INSERT INTO PUBLIC.OBJECT_FIELD_METADATA (ID, NAME, METADATA_TYPE, PARENT_METADATA,PARENT_METADATA_NAME, REFERENCE_METADATA, REFERENCE_METADATA_NAME, REFERENCE_METADATA_TYPE)VALUES('05d459ba65974ae59a29eefd2226503e','ColorInterior','FIELD','144539c3c3ab427c886c12fce8e3788e','PersVeh_Type','3869bfeb4b5f47c0b4e159b3cfde6d71','C-25','PRIMITIVE');
INSERT INTO PUBLIC.OBJECT_FIELD_METADATA (ID, NAME, METADATA_TYPE, PARENT_METADATA,PARENT_METADATA_NAME, REFERENCE_METADATA, REFERENCE_METADATA_NAME, REFERENCE_METADATA_TYPE)VALUES('52ff593db1234205abc99c182836f756','OdometerReading','MODEL_RELATION','144539c3c3ab427c886c12fce8e3788e','PersVeh_Type','1df1057b06734b019460d9f8fb0a43b0','MEASUREMENT','OBJECT');
INSERT INTO PUBLIC.OBJECT_FIELD_METADATA (ID, NAME, METADATA_TYPE, PARENT_METADATA,PARENT_METADATA_NAME, REFERENCE_METADATA, REFERENCE_METADATA_NAME, REFERENCE_METADATA_TYPE)VALUES('997a533affae4f60862a35ab776d4673','ResidualMarketFacilityInd','FIELD','144539c3c3ab427c886c12fce8e3788e','PersVeh_Type','4ffb0bcc3ec946d1af3ef883f4c3a4e6','Boolean','PRIMITIVE');
INSERT INTO PUBLIC.OBJECT_FIELD_METADATA (ID, NAME, METADATA_TYPE, PARENT_METADATA,PARENT_METADATA_NAME, REFERENCE_METADATA, REFERENCE_METADATA_NAME, REFERENCE_METADATA_TYPE)VALUES('efb02c79c3984627902d374015786895','Displacement','MODEL_RELATION','144539c3c3ab427c886c12fce8e3788e','PersVeh_Type','1df1057b06734b019460d9f8fb0a43b0','MEASUREMENT','OBJECT');
INSERT INTO PUBLIC.OBJECT_FIELD_METADATA (ID, NAME, METADATA_TYPE, PARENT_METADATA,PARENT_METADATA_NAME, REFERENCE_METADATA, REFERENCE_METADATA_NAME, REFERENCE_METADATA_TYPE)VALUES('f54738c9bc9d4041921910cea67eade1','AntiTheftDeviceInfo','MODEL_RELATION','144539c3c3ab427c886c12fce8e3788e','PersVeh_Type','d5a2d6f22ff94174a728b34efbb2a9b9','AntiTheftDeviceInfo_Type','OBJECT');
INSERT INTO PUBLIC.OBJECT_FIELD_METADATA (ID, NAME, METADATA_TYPE, PARENT_METADATA,PARENT_METADATA_NAME, REFERENCE_METADATA, REFERENCE_METADATA_NAME, REFERENCE_METADATA_TYPE)VALUES('6e79e13bd2db4bd0bd0e1bbbeb88c9c3','HighTheftInd','FIELD','144539c3c3ab427c886c12fce8e3788e','PersVeh_Type','4ffb0bcc3ec946d1af3ef883f4c3a4e6','Boolean','PRIMITIVE');
INSERT INTO PUBLIC.OBJECT_FIELD_METADATA (ID, NAME, METADATA_TYPE, PARENT_METADATA,PARENT_METADATA_NAME, REFERENCE_METADATA, REFERENCE_METADATA_NAME, REFERENCE_METADATA_TYPE)VALUES('fe5fa87c860c45bd97c2a4b7ebdc0022','LengthTimePerMonth','MODEL_RELATION','144539c3c3ab427c886c12fce8e3788e','PersVeh_Type','1df1057b06734b019460d9f8fb0a43b0','MEASUREMENT','OBJECT');
INSERT INTO PUBLIC.OBJECT_FIELD_METADATA (ID, NAME, METADATA_TYPE, PARENT_METADATA,PARENT_METADATA_NAME, REFERENCE_METADATA, REFERENCE_METADATA_NAME, REFERENCE_METADATA_TYPE)VALUES('2f0b3134f5c646608343472eb37512d6','MedPayPIPLiabilitySymbolCd','FIELD','144539c3c3ab427c886c12fce8e3788e','PersVeh_Type','6240ce877a244a73a1253961131c6cc9','IndustryCode_Type','PRIMITIVE');
INSERT INTO PUBLIC.OBJECT_FIELD_METADATA (ID, NAME, METADATA_TYPE, PARENT_METADATA,PARENT_METADATA_NAME, REFERENCE_METADATA, REFERENCE_METADATA_NAME, REFERENCE_METADATA_TYPE)VALUES('a7ad293e42d447a99361ed0d25d3a76e','PersVeh','MODEL_RELATION','ea1d0bd10fe14e7aabcf1edf316ab859','PersAutoLineBusiness_Type','144539c3c3ab427c886c12fce8e3788e','PersVeh_Type','OBJECT');
INSERT INTO PUBLIC.OBJECT_FIELD_METADATA (ID, NAME, METADATA_TYPE, PARENT_METADATA,PARENT_METADATA_NAME, REFERENCE_METADATA, REFERENCE_METADATA_NAME, REFERENCE_METADATA_TYPE)VALUES('dc0a96c8fc1f4366b4d2e7b65390573c','NumNotLicensed','FIELD','ea1d0bd10fe14e7aabcf1edf316ab859','PersAutoLineBusiness_Type','838cab4e48a54d0bb23ca5ea9db454ab','Long','PRIMITIVE');
INSERT INTO PUBLIC.OBJECT_FIELD_METADATA (ID, NAME, METADATA_TYPE, PARENT_METADATA,PARENT_METADATA_NAME, REFERENCE_METADATA, REFERENCE_METADATA_NAME, REFERENCE_METADATA_TYPE)VALUES('6a46ff8ffd6a467f8cd3f5870c736039','PMACd','FIELD','ea1d0bd10fe14e7aabcf1edf316ab859','PersAutoLineBusiness_Type','6240ce877a244a73a1253961131c6cc9','IndustryCode_Type','PRIMITIVE');
INSERT INTO PUBLIC.OBJECT_FIELD_METADATA (ID, NAME, METADATA_TYPE, PARENT_METADATA,PARENT_METADATA_NAME, REFERENCE_METADATA, REFERENCE_METADATA_NAME, REFERENCE_METADATA_TYPE)VALUES('ae8c9e8092954a56977fadb5f88ead7e','LOBSubCd','FIELD','ea1d0bd10fe14e7aabcf1edf316ab859','PersAutoLineBusiness_Type','8376159ebcf44685b36391928a67e333','LineOfBusinessSubCode','PRIMITIVE');
INSERT INTO PUBLIC.OBJECT_FIELD_METADATA (ID, NAME, METADATA_TYPE, PARENT_METADATA,PARENT_METADATA_NAME, REFERENCE_METADATA, REFERENCE_METADATA_NAME, REFERENCE_METADATA_TYPE)VALUES('c9667e32aea240bfbe01676fe8a9fd71','GroupId','FIELD','ea1d0bd10fe14e7aabcf1edf316ab859','PersAutoLineBusiness_Type','3da4bbbc6bf44d5f941e647b8e8408dc','AssignedIdentifier','PRIMITIVE');
INSERT INTO PUBLIC.OBJECT_FIELD_METADATA (ID, NAME, METADATA_TYPE, PARENT_METADATA,PARENT_METADATA_NAME, REFERENCE_METADATA, REFERENCE_METADATA_NAME, REFERENCE_METADATA_TYPE)VALUES('cb762a58007b4c84a61efe6a9cc6e77c','LOBCd','FIELD','ea1d0bd10fe14e7aabcf1edf316ab859','PersAutoLineBusiness_Type','3b75decf3cfc42c496d4405220659cf0','LineOfBusiness','PRIMITIVE');
INSERT INTO PUBLIC.OBJECT_FIELD_METADATA (ID, NAME, METADATA_TYPE, PARENT_METADATA,PARENT_METADATA_NAME, REFERENCE_METADATA, REFERENCE_METADATA_NAME, REFERENCE_METADATA_TYPE)VALUES('db58d822266f4b16b28a47251efc47f8','RateEffectiveDt','FIELD','ea1d0bd10fe14e7aabcf1edf316ab859','PersAutoLineBusiness_Type','3b0a2ca6cf3a4fb19718e35aa60287cd','Date','PRIMITIVE');
INSERT INTO PUBLIC.OBJECT_FIELD_METADATA (ID, NAME, METADATA_TYPE, PARENT_METADATA,PARENT_METADATA_NAME, REFERENCE_METADATA, REFERENCE_METADATA_NAME, REFERENCE_METADATA_TYPE)VALUES('93de9dc3e5f34db28e6003edda83ef65','PersDriver','MODEL_RELATION','ea1d0bd10fe14e7aabcf1edf316ab859','PersAutoLineBusiness_Type','a642f88f7cbb45dcb8077b7cc5d6dc67','Driver_Type','OBJECT');
INSERT INTO PUBLIC.OBJECT_FIELD_METADATA (ID, NAME, METADATA_TYPE, PARENT_METADATA,PARENT_METADATA_NAME, REFERENCE_METADATA, REFERENCE_METADATA_NAME, REFERENCE_METADATA_TYPE)VALUES('8449ed2268a649cb8fecc6123e3a9ed8','PersAutoLineBusiness','MODEL_RELATION','a8485aa8f7a7481b8828e638330f5291','Policy_Type','ea1d0bd10fe14e7aabcf1edf316ab859','PersAutoLineBusiness_Type','MODEL');
INSERT INTO PUBLIC.OBJECT_FIELD_METADATA (ID, NAME, METADATA_TYPE, PARENT_METADATA,PARENT_METADATA_NAME, REFERENCE_METADATA, REFERENCE_METADATA_NAME, REFERENCE_METADATA_TYPE)VALUES('ebc4519d185b4d59b131db7366d15af5','SignedByCd','FIELD','a8485aa8f7a7481b8828e638330f5291','Policy_Type','a4e5e507c5044a3a86cbeaaff7e3ff02','SignedBy','PRIMITIVE');
INSERT INTO PUBLIC.OBJECT_FIELD_METADATA (ID, NAME, METADATA_TYPE, PARENT_METADATA,PARENT_METADATA_NAME, REFERENCE_METADATA, REFERENCE_METADATA_NAME, REFERENCE_METADATA_TYPE)VALUES('a8bb69de86a74ec5b4285a50b8269ae6','AnniversaryRatingDt','FIELD','a8485aa8f7a7481b8828e638330f5291','Policy_Type','3b0a2ca6cf3a4fb19718e35aa60287cd','Date','PRIMITIVE');
INSERT INTO PUBLIC.OBJECT_METADATA (ID, NAME, METADATA_TYPE, REFERENCE_METADATA, REFERENCE_METADATA_NAME) VALUES('96637aea76224b968a20d7e4b25112d6','PaymentOption_Type','OBJECT',null,null);
INSERT INTO PUBLIC.OBJECT_FIELD_METADATA (ID, NAME, METADATA_TYPE, PARENT_METADATA,PARENT_METADATA_NAME, REFERENCE_METADATA, REFERENCE_METADATA_NAME, REFERENCE_METADATA_TYPE)VALUES('502d26293d2c45e0add16dc56389375a','NextTermPaymentPlanCd','FIELD','96637aea76224b968a20d7e4b25112d6','PaymentOption_Type','90030f3dd02843e3b982684d2bd6039d','Frequency','PRIMITIVE');
INSERT INTO PUBLIC.OBJECT_FIELD_METADATA (ID, NAME, METADATA_TYPE, PARENT_METADATA,PARENT_METADATA_NAME, REFERENCE_METADATA, REFERENCE_METADATA_NAME, REFERENCE_METADATA_TYPE)VALUES('5e67129934074f1db3599ab6b3799d14','FirstPaymentDueDt','FIELD','96637aea76224b968a20d7e4b25112d6','PaymentOption_Type','3b0a2ca6cf3a4fb19718e35aa60287cd','Date','PRIMITIVE');
INSERT INTO PUBLIC.OBJECT_FIELD_METADATA (ID, NAME, METADATA_TYPE, PARENT_METADATA,PARENT_METADATA_NAME, REFERENCE_METADATA, REFERENCE_METADATA_NAME, REFERENCE_METADATA_TYPE)VALUES('9a50e3611c044791a89a77564e6fb454','Description','FIELD','96637aea76224b968a20d7e4b25112d6','PaymentOption_Type','2344631100044813a5126adcfb93e80d','C-255','PRIMITIVE');
INSERT INTO PUBLIC.OBJECT_FIELD_METADATA (ID, NAME, METADATA_TYPE, PARENT_METADATA,PARENT_METADATA_NAME, REFERENCE_METADATA, REFERENCE_METADATA_NAME, REFERENCE_METADATA_TYPE)VALUES('e9c2108e83e440eea219652e46715d3b','InstallmentPct','FIELD','96637aea76224b968a20d7e4b25112d6','PaymentOption_Type','d68704d271534c0a935a3012147640c4','PercentDecimal','PRIMITIVE');
INSERT INTO PUBLIC.OBJECT_METADATA (ID, NAME, METADATA_TYPE, REFERENCE_METADATA, REFERENCE_METADATA_NAME) VALUES('93387be027674c38b0689b697fcbb6e3','InstallmentInfo_Type','OBJECT',null,null);
INSERT INTO PUBLIC.OBJECT_FIELD_METADATA (ID, NAME, METADATA_TYPE, PARENT_METADATA,PARENT_METADATA_NAME, REFERENCE_METADATA, REFERENCE_METADATA_NAME, REFERENCE_METADATA_TYPE)VALUES('f2b7598c58ed45a8919320d408f79682','InstallmentAmt','MODEL_RELATION','93387be027674c38b0689b697fcbb6e3','InstallmentInfo_Type','4fa89203e94a4637baa0484d19b460c5','CURRENCY','OBJECT');
INSERT INTO PUBLIC.OBJECT_FIELD_METADATA (ID, NAME, METADATA_TYPE, PARENT_METADATA,PARENT_METADATA_NAME, REFERENCE_METADATA, REFERENCE_METADATA_NAME, REFERENCE_METADATA_TYPE)VALUES('5ef163f30d9d4619abfb912dc58c8fa7','InstallmentFeeAmt','MODEL_RELATION','93387be027674c38b0689b697fcbb6e3','InstallmentInfo_Type','4fa89203e94a4637baa0484d19b460c5','CURRENCY','OBJECT');
INSERT INTO PUBLIC.OBJECT_FIELD_METADATA (ID, NAME, METADATA_TYPE, PARENT_METADATA,PARENT_METADATA_NAME, REFERENCE_METADATA, REFERENCE_METADATA_NAME, REFERENCE_METADATA_TYPE)VALUES('2aab129708fd4c1b9beb6443bebc9024','InstallmentNumber','FIELD','93387be027674c38b0689b697fcbb6e3','InstallmentInfo_Type','838cab4e48a54d0bb23ca5ea9db454ab','Long','PRIMITIVE');
INSERT INTO PUBLIC.OBJECT_FIELD_METADATA (ID, NAME, METADATA_TYPE, PARENT_METADATA,PARENT_METADATA_NAME, REFERENCE_METADATA, REFERENCE_METADATA_NAME, REFERENCE_METADATA_TYPE)VALUES('17ed98b6b469490abdb370aef1bddfd1','TaxAmt','MODEL_RELATION','93387be027674c38b0689b697fcbb6e3','InstallmentInfo_Type','4fa89203e94a4637baa0484d19b460c5','CURRENCY','OBJECT');
INSERT INTO PUBLIC.OBJECT_FIELD_METADATA (ID, NAME, METADATA_TYPE, PARENT_METADATA,PARENT_METADATA_NAME, REFERENCE_METADATA, REFERENCE_METADATA_NAME, REFERENCE_METADATA_TYPE)VALUES('e09bc854a95641e7aa3de5c03610814e','InstallmentInfoExt','FIELD','93387be027674c38b0689b697fcbb6e3','InstallmentInfo_Type',null,null,null);
INSERT INTO PUBLIC.OBJECT_FIELD_METADATA (ID, NAME, METADATA_TYPE, PARENT_METADATA,PARENT_METADATA_NAME, REFERENCE_METADATA, REFERENCE_METADATA_NAME, REFERENCE_METADATA_TYPE)VALUES('0aa42ca4100941fba6da0edbc368d1fa','FirstInstallmentPct','FIELD','93387be027674c38b0689b697fcbb6e3','InstallmentInfo_Type','d68704d271534c0a935a3012147640c4','PercentDecimal','PRIMITIVE');
INSERT INTO PUBLIC.OBJECT_FIELD_METADATA (ID, NAME, METADATA_TYPE, PARENT_METADATA,PARENT_METADATA_NAME, REFERENCE_METADATA, REFERENCE_METADATA_NAME, REFERENCE_METADATA_TYPE)VALUES('9dea228d89394e5f99a31650495f358b','InstallmentDueDt','FIELD','93387be027674c38b0689b697fcbb6e3','InstallmentInfo_Type','3b0a2ca6cf3a4fb19718e35aa60287cd','Date','PRIMITIVE');
INSERT INTO PUBLIC.OBJECT_FIELD_METADATA (ID, NAME, METADATA_TYPE, PARENT_METADATA,PARENT_METADATA_NAME, REFERENCE_METADATA, REFERENCE_METADATA_NAME, REFERENCE_METADATA_TYPE)VALUES('e11368f5e7174430b9e8204bebd50162','TaxIncludedInFirstInstallmentInd','FIELD','93387be027674c38b0689b697fcbb6e3','InstallmentInfo_Type','4ffb0bcc3ec946d1af3ef883f4c3a4e6','Boolean','PRIMITIVE');
INSERT INTO PUBLIC.OBJECT_FIELD_METADATA (ID, NAME, METADATA_TYPE, PARENT_METADATA,PARENT_METADATA_NAME, REFERENCE_METADATA, REFERENCE_METADATA_NAME, REFERENCE_METADATA_TYPE)VALUES('9d0fc88f23b04fecb5557d2b95696974','InstallmentInfo','MODEL_RELATION','96637aea76224b968a20d7e4b25112d6','PaymentOption_Type','93387be027674c38b0689b697fcbb6e3','InstallmentInfo_Type','OBJECT');
INSERT INTO PUBLIC.OBJECT_FIELD_METADATA (ID, NAME, METADATA_TYPE, PARENT_METADATA,PARENT_METADATA_NAME, REFERENCE_METADATA, REFERENCE_METADATA_NAME, REFERENCE_METADATA_TYPE)VALUES('830541fcabef4c279405f864dc8819f9','TaxExemptStateProvCd','FIELD','96637aea76224b968a20d7e4b25112d6','PaymentOption_Type','6240ce877a244a73a1253961131c6cc9','IndustryCode_Type','PRIMITIVE');
INSERT INTO PUBLIC.OBJECT_FIELD_METADATA (ID, NAME, METADATA_TYPE, PARENT_METADATA,PARENT_METADATA_NAME, REFERENCE_METADATA, REFERENCE_METADATA_NAME, REFERENCE_METADATA_TYPE)VALUES('41a8280eb4bd4fd5abd047af935e1eb8','PayorPhysicalRecordInd','FIELD','96637aea76224b968a20d7e4b25112d6','PaymentOption_Type','4ffb0bcc3ec946d1af3ef883f4c3a4e6','Boolean','PRIMITIVE');
INSERT INTO PUBLIC.OBJECT_FIELD_METADATA (ID, NAME, METADATA_TYPE, PARENT_METADATA,PARENT_METADATA_NAME, REFERENCE_METADATA, REFERENCE_METADATA_NAME, REFERENCE_METADATA_TYPE)VALUES('4cf2b59851dd4c8ebe3610279e926a34','TotalPaidAmt','MODEL_RELATION','96637aea76224b968a20d7e4b25112d6','PaymentOption_Type','4fa89203e94a4637baa0484d19b460c5','CURRENCY','OBJECT');
INSERT INTO PUBLIC.PRIMITIVE_METADATA (ID, NAME, METADATA_TYPE) VALUES('27713e9504ca4e338fc6600cb0f4cef3','MethodOfPayment','PRIMITIVE');
INSERT INTO PUBLIC.OBJECT_FIELD_METADATA (ID, NAME, METADATA_TYPE, PARENT_METADATA,PARENT_METADATA_NAME, REFERENCE_METADATA, REFERENCE_METADATA_NAME, REFERENCE_METADATA_TYPE)VALUES('e96f56c3d23c417cad942440c57a7393','DepositMethodPaymentCd','FIELD','96637aea76224b968a20d7e4b25112d6','PaymentOption_Type','27713e9504ca4e338fc6600cb0f4cef3','MethodOfPayment','PRIMITIVE');
INSERT INTO PUBLIC.OBJECT_FIELD_METADATA (ID, NAME, METADATA_TYPE, PARENT_METADATA,PARENT_METADATA_NAME, REFERENCE_METADATA, REFERENCE_METADATA_NAME, REFERENCE_METADATA_TYPE)VALUES('07c322dadf984e51b0f568c09bd56aa9','PaymentOptionExt','FIELD','96637aea76224b968a20d7e4b25112d6','PaymentOption_Type',null,null,null);
INSERT INTO PUBLIC.OBJECT_FIELD_METADATA (ID, NAME, METADATA_TYPE, PARENT_METADATA,PARENT_METADATA_NAME, REFERENCE_METADATA, REFERENCE_METADATA_NAME, REFERENCE_METADATA_TYPE)VALUES('e97dcdd3e369451c920635df90e89532','InstallmentFeeAmt','MODEL_RELATION','96637aea76224b968a20d7e4b25112d6','PaymentOption_Type','4fa89203e94a4637baa0484d19b460c5','CURRENCY','OBJECT');
INSERT INTO PUBLIC.OBJECT_FIELD_METADATA (ID, NAME, METADATA_TYPE, PARENT_METADATA,PARENT_METADATA_NAME, REFERENCE_METADATA, REFERENCE_METADATA_NAME, REFERENCE_METADATA_TYPE)VALUES('f4955ba5362b4de7b9e7dcedc00b24f7','NumPayments','FIELD','96637aea76224b968a20d7e4b25112d6','PaymentOption_Type','838cab4e48a54d0bb23ca5ea9db454ab','Long','PRIMITIVE');
INSERT INTO PUBLIC.OBJECT_FIELD_METADATA (ID, NAME, METADATA_TYPE, PARENT_METADATA,PARENT_METADATA_NAME, REFERENCE_METADATA, REFERENCE_METADATA_NAME, REFERENCE_METADATA_TYPE)VALUES('fe71a76e69c54465a845510ae09039ea','DownPaymentPct','FIELD','96637aea76224b968a20d7e4b25112d6','PaymentOption_Type','d68704d271534c0a935a3012147640c4','PercentDecimal','PRIMITIVE');
INSERT INTO PUBLIC.OBJECT_FIELD_METADATA (ID, NAME, METADATA_TYPE, PARENT_METADATA,PARENT_METADATA_NAME, REFERENCE_METADATA, REFERENCE_METADATA_NAME, REFERENCE_METADATA_TYPE)VALUES('325523acc7bb455ca5fa4aa512a327f6','PostmarkDt','FIELD','96637aea76224b968a20d7e4b25112d6','PaymentOption_Type','3b0a2ca6cf3a4fb19718e35aa60287cd','Date','PRIMITIVE');
INSERT INTO PUBLIC.OBJECT_FIELD_METADATA (ID, NAME, METADATA_TYPE, PARENT_METADATA,PARENT_METADATA_NAME, REFERENCE_METADATA, REFERENCE_METADATA_NAME, REFERENCE_METADATA_TYPE)VALUES('3db030979b5042fe8f5cc0febd127b85','CollectedByAgentAmt','MODEL_RELATION','96637aea76224b968a20d7e4b25112d6','PaymentOption_Type','4fa89203e94a4637baa0484d19b460c5','CURRENCY','OBJECT');
INSERT INTO PUBLIC.OBJECT_FIELD_METADATA (ID, NAME, METADATA_TYPE, PARENT_METADATA,PARENT_METADATA_NAME, REFERENCE_METADATA, REFERENCE_METADATA_NAME, REFERENCE_METADATA_TYPE)VALUES('b18c54c803b34197bd20bc3d4c5b7911','PaymentIntervalCd','FIELD','96637aea76224b968a20d7e4b25112d6','PaymentOption_Type','90030f3dd02843e3b982684d2bd6039d','Frequency','PRIMITIVE');
INSERT INTO PUBLIC.OBJECT_FIELD_METADATA (ID, NAME, METADATA_TYPE, PARENT_METADATA,PARENT_METADATA_NAME, REFERENCE_METADATA, REFERENCE_METADATA_NAME, REFERENCE_METADATA_TYPE)VALUES('43299a8ceb174ec78c5cf6b712de47d1','BillingPeriod','MODEL_RELATION','96637aea76224b968a20d7e4b25112d6','PaymentOption_Type','2ba28904532b44bfb94bb9bca9b86a8a','DURATION','OBJECT');
INSERT INTO PUBLIC.OBJECT_FIELD_METADATA (ID, NAME, METADATA_TYPE, PARENT_METADATA,PARENT_METADATA_NAME, REFERENCE_METADATA, REFERENCE_METADATA_NAME, REFERENCE_METADATA_TYPE)VALUES('83156739e347421a976de7e1bd9aeb3b','PaymentPlanCd','FIELD','96637aea76224b968a20d7e4b25112d6','PaymentOption_Type','90030f3dd02843e3b982684d2bd6039d','Frequency','PRIMITIVE');
INSERT INTO PUBLIC.OBJECT_FIELD_METADATA (ID, NAME, METADATA_TYPE, PARENT_METADATA,PARENT_METADATA_NAME, REFERENCE_METADATA, REFERENCE_METADATA_NAME, REFERENCE_METADATA_TYPE)VALUES('583ebf219efc49228dfe71a906e8dfd6','MethodPaymentCd','FIELD','96637aea76224b968a20d7e4b25112d6','PaymentOption_Type','27713e9504ca4e338fc6600cb0f4cef3','MethodOfPayment','PRIMITIVE');
INSERT INTO PUBLIC.OBJECT_FIELD_METADATA (ID, NAME, METADATA_TYPE, PARENT_METADATA,PARENT_METADATA_NAME, REFERENCE_METADATA, REFERENCE_METADATA_NAME, REFERENCE_METADATA_TYPE)VALUES('7ad0bd38ee7c4f34a57370d3acfa7956','CheckNumber','FIELD','96637aea76224b968a20d7e4b25112d6','PaymentOption_Type','3869bfeb4b5f47c0b4e159b3cfde6d71','C-25','PRIMITIVE');
INSERT INTO PUBLIC.OBJECT_FIELD_METADATA (ID, NAME, METADATA_TYPE, PARENT_METADATA,PARENT_METADATA_NAME, REFERENCE_METADATA, REFERENCE_METADATA_NAME, REFERENCE_METADATA_TYPE)VALUES('bfbc9dc2bb5a47409a3e04b6d84fa06d','CheckDt','FIELD','96637aea76224b968a20d7e4b25112d6','PaymentOption_Type','3b0a2ca6cf3a4fb19718e35aa60287cd','Date','PRIMITIVE');
INSERT INTO PUBLIC.OBJECT_FIELD_METADATA (ID, NAME, METADATA_TYPE, PARENT_METADATA,PARENT_METADATA_NAME, REFERENCE_METADATA, REFERENCE_METADATA_NAME, REFERENCE_METADATA_TYPE)VALUES('d4a2aab42e3e442e9fc3b91a599f7b61','LOBSubCd','FIELD','96637aea76224b968a20d7e4b25112d6','PaymentOption_Type','8376159ebcf44685b36391928a67e333','LineOfBusinessSubCode','PRIMITIVE');
INSERT INTO PUBLIC.OBJECT_FIELD_METADATA (ID, NAME, METADATA_TYPE, PARENT_METADATA,PARENT_METADATA_NAME, REFERENCE_METADATA, REFERENCE_METADATA_NAME, REFERENCE_METADATA_TYPE)VALUES('2dd6900652c64234ad736e17c39e7f68','DayMonthDue','FIELD','96637aea76224b968a20d7e4b25112d6','PaymentOption_Type','838cab4e48a54d0bb23ca5ea9db454ab','Long','PRIMITIVE');
INSERT INTO PUBLIC.OBJECT_FIELD_METADATA (ID, NAME, METADATA_TYPE, PARENT_METADATA,PARENT_METADATA_NAME, REFERENCE_METADATA, REFERENCE_METADATA_NAME, REFERENCE_METADATA_TYPE)VALUES('92cdc88a993649e2a9bf882d99aab8fb','SignatureInfo','MODEL_RELATION','96637aea76224b968a20d7e4b25112d6','PaymentOption_Type','8ce3bed9016541eebf6e6f4e96cb74fe','SignatureInfo_Type','OBJECT');
INSERT INTO PUBLIC.OBJECT_FIELD_METADATA (ID, NAME, METADATA_TYPE, PARENT_METADATA,PARENT_METADATA_NAME, REFERENCE_METADATA, REFERENCE_METADATA_NAME, REFERENCE_METADATA_TYPE)VALUES('25e6d035c8a94a2c8906b44c3d66f99c','LOBCd','FIELD','96637aea76224b968a20d7e4b25112d6','PaymentOption_Type','3b75decf3cfc42c496d4405220659cf0','LineOfBusiness','PRIMITIVE');
INSERT INTO PUBLIC.OBJECT_METADATA (ID, NAME, METADATA_TYPE, REFERENCE_METADATA, REFERENCE_METADATA_NAME) VALUES('2283f192176741e1a2dcd69d108ec5f8','ElectronicFundsTransfer_Type','OBJECT',null,null);
INSERT INTO PUBLIC.OBJECT_FIELD_METADATA (ID, NAME, METADATA_TYPE, PARENT_METADATA,PARENT_METADATA_NAME, REFERENCE_METADATA, REFERENCE_METADATA_NAME, REFERENCE_METADATA_TYPE)VALUES('5dd6f09312d4463c8f8c8e5512962713','TransferAmt','MODEL_RELATION','2283f192176741e1a2dcd69d108ec5f8','ElectronicFundsTransfer_Type','4fa89203e94a4637baa0484d19b460c5','CURRENCY','OBJECT');
INSERT INTO PUBLIC.OBJECT_METADATA (ID, NAME, METADATA_TYPE, REFERENCE_METADATA, REFERENCE_METADATA_NAME) VALUES('8df57eb215f84d40b79502da2f00378a','Fee_Type','OBJECT',null,null);
INSERT INTO PUBLIC.OBJECT_FIELD_METADATA (ID, NAME, METADATA_TYPE, PARENT_METADATA,PARENT_METADATA_NAME, REFERENCE_METADATA, REFERENCE_METADATA_NAME, REFERENCE_METADATA_TYPE)VALUES('d987fc3e83e142c69c8d41921cd82b3d','FeeAmt','MODEL_RELATION','8df57eb215f84d40b79502da2f00378a','Fee_Type','4fa89203e94a4637baa0484d19b460c5','CURRENCY','OBJECT');
INSERT INTO PUBLIC.OBJECT_FIELD_METADATA (ID, NAME, METADATA_TYPE, PARENT_METADATA,PARENT_METADATA_NAME, REFERENCE_METADATA, REFERENCE_METADATA_NAME, REFERENCE_METADATA_TYPE)VALUES('dcc5aa807d1944609521ef20ac963001','FeeDesc','FIELD','8df57eb215f84d40b79502da2f00378a','Fee_Type','2344631100044813a5126adcfb93e80d','C-255','PRIMITIVE');
INSERT INTO PUBLIC.OBJECT_FIELD_METADATA (ID, NAME, METADATA_TYPE, PARENT_METADATA,PARENT_METADATA_NAME, REFERENCE_METADATA, REFERENCE_METADATA_NAME, REFERENCE_METADATA_TYPE)VALUES('42166843f3db4d4095b49661db68ce2c','FeeExt','FIELD','8df57eb215f84d40b79502da2f00378a','Fee_Type',null,null,null);
INSERT INTO PUBLIC.OBJECT_FIELD_METADATA (ID, NAME, METADATA_TYPE, PARENT_METADATA,PARENT_METADATA_NAME, REFERENCE_METADATA, REFERENCE_METADATA_NAME, REFERENCE_METADATA_TYPE)VALUES('47a0075926f14612acce650ee7807fc4','Fee','MODEL_RELATION','2283f192176741e1a2dcd69d108ec5f8','ElectronicFundsTransfer_Type','8df57eb215f84d40b79502da2f00378a','Fee_Type','OBJECT');
INSERT INTO PUBLIC.OBJECT_FIELD_METADATA (ID, NAME, METADATA_TYPE, PARENT_METADATA,PARENT_METADATA_NAME, REFERENCE_METADATA, REFERENCE_METADATA_NAME, REFERENCE_METADATA_TYPE)VALUES('333eda89a55240ef94b8d75f3b31fcfa','EFTTrackingId','FIELD','2283f192176741e1a2dcd69d108ec5f8','ElectronicFundsTransfer_Type','3da4bbbc6bf44d5f941e647b8e8408dc','AssignedIdentifier','PRIMITIVE');
INSERT INTO PUBLIC.OBJECT_FIELD_METADATA (ID, NAME, METADATA_TYPE, PARENT_METADATA,PARENT_METADATA_NAME, REFERENCE_METADATA, REFERENCE_METADATA_NAME, REFERENCE_METADATA_TYPE)VALUES('2e551219385c4012bfd4a0944552bd7a','ElectronicFundsTransferExt','FIELD','2283f192176741e1a2dcd69d108ec5f8','ElectronicFundsTransfer_Type',null,null,null);
INSERT INTO PUBLIC.OBJECT_FIELD_METADATA (ID, NAME, METADATA_TYPE, PARENT_METADATA,PARENT_METADATA_NAME, REFERENCE_METADATA, REFERENCE_METADATA_NAME, REFERENCE_METADATA_TYPE)VALUES('d98fc453250046c7bbd1bbe733a493f7','EffectiveDt','FIELD','2283f192176741e1a2dcd69d108ec5f8','ElectronicFundsTransfer_Type','3a7f6e6e4d124518a7407e7883f9d5ec','FormalDate','PRIMITIVE');
INSERT INTO PUBLIC.OBJECT_METADATA (ID, NAME, METADATA_TYPE, REFERENCE_METADATA, REFERENCE_METADATA_NAME) VALUES('7a395cf6e3bf403892731837290d3ec5','FromAcct_Type','OBJECT',null,null);
INSERT INTO PUBLIC.OBJECT_METADATA (ID, NAME, METADATA_TYPE, REFERENCE_METADATA, REFERENCE_METADATA_NAME) VALUES('ee0b3410f9b743d6a6fb115ea72212f1','PayrollDeductionInfo_Type','OBJECT',null,null);
INSERT INTO PUBLIC.OBJECT_FIELD_METADATA (ID, NAME, METADATA_TYPE, PARENT_METADATA,PARENT_METADATA_NAME, REFERENCE_METADATA, REFERENCE_METADATA_NAME, REFERENCE_METADATA_TYPE)VALUES('68bd68ba34584ecdbcba23ba72eef905','EmployerId','FIELD','ee0b3410f9b743d6a6fb115ea72212f1','PayrollDeductionInfo_Type','3da4bbbc6bf44d5f941e647b8e8408dc','AssignedIdentifier','PRIMITIVE');
INSERT INTO PUBLIC.OBJECT_FIELD_METADATA (ID, NAME, METADATA_TYPE, PARENT_METADATA,PARENT_METADATA_NAME, REFERENCE_METADATA, REFERENCE_METADATA_NAME, REFERENCE_METADATA_TYPE)VALUES('72e6d25a706946fc9fad022f4e220861','NameInfo','MODEL_RELATION','ee0b3410f9b743d6a6fb115ea72212f1','PayrollDeductionInfo_Type','02f87e48703e4070b19e633337850703','NameInfo_Type','OBJECT');
INSERT INTO PUBLIC.OBJECT_FIELD_METADATA (ID, NAME, METADATA_TYPE, PARENT_METADATA,PARENT_METADATA_NAME, REFERENCE_METADATA, REFERENCE_METADATA_NAME, REFERENCE_METADATA_TYPE)VALUES('b02cc2b0572d4c17bb1f3e17099da8dd','PayrollDeductionInfoExt','FIELD','ee0b3410f9b743d6a6fb115ea72212f1','PayrollDeductionInfo_Type',null,null,null);
INSERT INTO PUBLIC.OBJECT_FIELD_METADATA (ID, NAME, METADATA_TYPE, PARENT_METADATA,PARENT_METADATA_NAME, REFERENCE_METADATA, REFERENCE_METADATA_NAME, REFERENCE_METADATA_TYPE)VALUES('b1051aaf54104ea1976fec35636ba665','CommercialName','FIELD','ee0b3410f9b743d6a6fb115ea72212f1','PayrollDeductionInfo_Type','2344631100044813a5126adcfb93e80d','C-255','PRIMITIVE');
INSERT INTO PUBLIC.OBJECT_FIELD_METADATA (ID, NAME, METADATA_TYPE, PARENT_METADATA,PARENT_METADATA_NAME, REFERENCE_METADATA, REFERENCE_METADATA_NAME, REFERENCE_METADATA_TYPE)VALUES('7bd596e3578d4c00bd9da5e5aa40ced1','EmployeeId','FIELD','ee0b3410f9b743d6a6fb115ea72212f1','PayrollDeductionInfo_Type','3da4bbbc6bf44d5f941e647b8e8408dc','AssignedIdentifier','PRIMITIVE');
INSERT INTO PUBLIC.PRIMITIVE_METADATA (ID, NAME, METADATA_TYPE) VALUES('64068f62a0674e458d704c7657e00088','EmployeeInterest','PRIMITIVE');
INSERT INTO PUBLIC.OBJECT_FIELD_METADATA (ID, NAME, METADATA_TYPE, PARENT_METADATA,PARENT_METADATA_NAME, REFERENCE_METADATA, REFERENCE_METADATA_NAME, REFERENCE_METADATA_TYPE)VALUES('bdd206f6eb634d4fa6c1ed8cba16f3cf','EmployeeInterestCd','FIELD','ee0b3410f9b743d6a6fb115ea72212f1','PayrollDeductionInfo_Type','64068f62a0674e458d704c7657e00088','EmployeeInterest','PRIMITIVE');
INSERT INTO PUBLIC.OBJECT_FIELD_METADATA (ID, NAME, METADATA_TYPE, PARENT_METADATA,PARENT_METADATA_NAME, REFERENCE_METADATA, REFERENCE_METADATA_NAME, REFERENCE_METADATA_TYPE)VALUES('86ede9805df64fd5a334b2204f10b310','PayrollDeductionInfo','MODEL_RELATION','7a395cf6e3bf403892731837290d3ec5','FromAcct_Type','ee0b3410f9b743d6a6fb115ea72212f1','PayrollDeductionInfo_Type','OBJECT');
INSERT INTO PUBLIC.OBJECT_FIELD_METADATA (ID, NAME, METADATA_TYPE, PARENT_METADATA,PARENT_METADATA_NAME, REFERENCE_METADATA, REFERENCE_METADATA_NAME, REFERENCE_METADATA_TYPE)VALUES('9b80294d55fd4be882f6d4ae922892e9','FromAcctExt','FIELD','7a395cf6e3bf403892731837290d3ec5','FromAcct_Type',null,null,null);
INSERT INTO PUBLIC.OBJECT_FIELD_METADATA (ID, NAME, METADATA_TYPE, PARENT_METADATA,PARENT_METADATA_NAME, REFERENCE_METADATA, REFERENCE_METADATA_NAME, REFERENCE_METADATA_TYPE)VALUES('4c43687b67304a64ab3744b5ee2fbbb6','CommercialName','FIELD','7a395cf6e3bf403892731837290d3ec5','FromAcct_Type','2344631100044813a5126adcfb93e80d','C-255','PRIMITIVE');
INSERT INTO PUBLIC.OBJECT_FIELD_METADATA (ID, NAME, METADATA_TYPE, PARENT_METADATA,PARENT_METADATA_NAME, REFERENCE_METADATA, REFERENCE_METADATA_NAME, REFERENCE_METADATA_TYPE)VALUES('913eda1dd2234678a524839baa84f0e7','AcctTypeCd','FIELD','7a395cf6e3bf403892731837290d3ec5','FromAcct_Type','27713e9504ca4e338fc6600cb0f4cef3','MethodOfPayment','PRIMITIVE');
INSERT INTO PUBLIC.OBJECT_FIELD_METADATA (ID, NAME, METADATA_TYPE, PARENT_METADATA,PARENT_METADATA_NAME, REFERENCE_METADATA, REFERENCE_METADATA_NAME, REFERENCE_METADATA_TYPE)VALUES('09764b0a1f344fa68645a24aa86c552b','CreditCardExpirationDt','FIELD','7a395cf6e3bf403892731837290d3ec5','FromAcct_Type','3b0a2ca6cf3a4fb19718e35aa60287cd','Date','PRIMITIVE');
INSERT INTO PUBLIC.OBJECT_FIELD_METADATA (ID, NAME, METADATA_TYPE, PARENT_METADATA,PARENT_METADATA_NAME, REFERENCE_METADATA, REFERENCE_METADATA_NAME, REFERENCE_METADATA_TYPE)VALUES('61098e3e516e45958b8a5332a21dc848','SecurityId','FIELD','7a395cf6e3bf403892731837290d3ec5','FromAcct_Type','3da4bbbc6bf44d5f941e647b8e8408dc','AssignedIdentifier','PRIMITIVE');
INSERT INTO PUBLIC.OBJECT_FIELD_METADATA (ID, NAME, METADATA_TYPE, PARENT_METADATA,PARENT_METADATA_NAME, REFERENCE_METADATA, REFERENCE_METADATA_NAME, REFERENCE_METADATA_TYPE)VALUES('3f3c9847a47a4cc1b86d6d81a324f2b7','AccountNumberId','FIELD','7a395cf6e3bf403892731837290d3ec5','FromAcct_Type','3da4bbbc6bf44d5f941e647b8e8408dc','AssignedIdentifier','PRIMITIVE');
INSERT INTO PUBLIC.OBJECT_FIELD_METADATA (ID, NAME, METADATA_TYPE, PARENT_METADATA,PARENT_METADATA_NAME, REFERENCE_METADATA, REFERENCE_METADATA_NAME, REFERENCE_METADATA_TYPE)VALUES('71797a0281b648d2a786b9857a548095','CheckNumber','FIELD','7a395cf6e3bf403892731837290d3ec5','FromAcct_Type','3869bfeb4b5f47c0b4e159b3cfde6d71','C-25','PRIMITIVE');
INSERT INTO PUBLIC.OBJECT_FIELD_METADATA (ID, NAME, METADATA_TYPE, PARENT_METADATA,PARENT_METADATA_NAME, REFERENCE_METADATA, REFERENCE_METADATA_NAME, REFERENCE_METADATA_TYPE)VALUES('cbbed33b3af84e468cd444440e2aec4a','Addr','MODEL_RELATION','7a395cf6e3bf403892731837290d3ec5','FromAcct_Type','759d14d8f09b4177b35c09e2f3403b97','Addr_Type','OBJECT');
INSERT INTO PUBLIC.OBJECT_METADATA (ID, NAME, METADATA_TYPE, REFERENCE_METADATA, REFERENCE_METADATA_NAME) VALUES('1c34a631a6a7477cb11987fb146ddcb0','BankInfo_Type','OBJECT',null,null);
INSERT INTO PUBLIC.OBJECT_FIELD_METADATA (ID, NAME, METADATA_TYPE, PARENT_METADATA,PARENT_METADATA_NAME, REFERENCE_METADATA, REFERENCE_METADATA_NAME, REFERENCE_METADATA_TYPE)VALUES('82eb7191a7cc495e9d677a6e469960b6','MiscParty','MODEL_RELATION','1c34a631a6a7477cb11987fb146ddcb0','BankInfo_Type','0a76585a8ae342d897387f29800d50c8','MiscParty_Type','OBJECT');
INSERT INTO PUBLIC.OBJECT_FIELD_METADATA (ID, NAME, METADATA_TYPE, PARENT_METADATA,PARENT_METADATA_NAME, REFERENCE_METADATA, REFERENCE_METADATA_NAME, REFERENCE_METADATA_TYPE)VALUES('4fcbb09edb414ec2a1adafe33904f9ca','BranchId','FIELD','1c34a631a6a7477cb11987fb146ddcb0','BankInfo_Type','15814333b5aa47b2a194834a34e32e90','C-10','PRIMITIVE');
INSERT INTO PUBLIC.OBJECT_FIELD_METADATA (ID, NAME, METADATA_TYPE, PARENT_METADATA,PARENT_METADATA_NAME, REFERENCE_METADATA, REFERENCE_METADATA_NAME, REFERENCE_METADATA_TYPE)VALUES('d0c246d7cdb046e882441daeb7b84bcc','BankInfoExt','FIELD','1c34a631a6a7477cb11987fb146ddcb0','BankInfo_Type',null,null,null);
INSERT INTO PUBLIC.OBJECT_FIELD_METADATA (ID, NAME, METADATA_TYPE, PARENT_METADATA,PARENT_METADATA_NAME, REFERENCE_METADATA, REFERENCE_METADATA_NAME, REFERENCE_METADATA_TYPE)VALUES('9b22712e1d4c48f4b8cb03d87ccb6e24','BankId','FIELD','1c34a631a6a7477cb11987fb146ddcb0','BankInfo_Type','4aa23ceca9374701b7716d432173c7c2','C-50','PRIMITIVE');
INSERT INTO PUBLIC.OBJECT_FIELD_METADATA (ID, NAME, METADATA_TYPE, PARENT_METADATA,PARENT_METADATA_NAME, REFERENCE_METADATA, REFERENCE_METADATA_NAME, REFERENCE_METADATA_TYPE)VALUES('b27fb122e1444c7ea30a3e6d1384b299','BankInfo','MODEL_RELATION','7a395cf6e3bf403892731837290d3ec5','FromAcct_Type','1c34a631a6a7477cb11987fb146ddcb0','BankInfo_Type','OBJECT');
INSERT INTO PUBLIC.OBJECT_FIELD_METADATA (ID, NAME, METADATA_TYPE, PARENT_METADATA,PARENT_METADATA_NAME, REFERENCE_METADATA, REFERENCE_METADATA_NAME, REFERENCE_METADATA_TYPE)VALUES('fc0ae7d7e4bd4ca180ce61555f1ece68','FromAcct','MODEL_RELATION','2283f192176741e1a2dcd69d108ec5f8','ElectronicFundsTransfer_Type','7a395cf6e3bf403892731837290d3ec5','FromAcct_Type','OBJECT');
INSERT INTO PUBLIC.OBJECT_METADATA (ID, NAME, METADATA_TYPE, REFERENCE_METADATA, REFERENCE_METADATA_NAME) VALUES('8ae39eedae7b449c898e4851eca2c4c1','ToAcct_Type','OBJECT',null,null);
INSERT INTO PUBLIC.OBJECT_FIELD_METADATA (ID, NAME, METADATA_TYPE, PARENT_METADATA,PARENT_METADATA_NAME, REFERENCE_METADATA, REFERENCE_METADATA_NAME, REFERENCE_METADATA_TYPE)VALUES('5c775e0f319c4f7ca177a5c00f47e3d4','CommercialName','FIELD','8ae39eedae7b449c898e4851eca2c4c1','ToAcct_Type','2344631100044813a5126adcfb93e80d','C-255','PRIMITIVE');
INSERT INTO PUBLIC.OBJECT_FIELD_METADATA (ID, NAME, METADATA_TYPE, PARENT_METADATA,PARENT_METADATA_NAME, REFERENCE_METADATA, REFERENCE_METADATA_NAME, REFERENCE_METADATA_TYPE)VALUES('a70a1e685b6646b1bf281cbcecf1fc26','AcctTypeCd','FIELD','8ae39eedae7b449c898e4851eca2c4c1','ToAcct_Type','27713e9504ca4e338fc6600cb0f4cef3','MethodOfPayment','PRIMITIVE');
INSERT INTO PUBLIC.OBJECT_FIELD_METADATA (ID, NAME, METADATA_TYPE, PARENT_METADATA,PARENT_METADATA_NAME, REFERENCE_METADATA, REFERENCE_METADATA_NAME, REFERENCE_METADATA_TYPE)VALUES('03e1755eac8848e7ae7a82b24317e7e4','CreditCardExpirationDt','FIELD','8ae39eedae7b449c898e4851eca2c4c1','ToAcct_Type','3b0a2ca6cf3a4fb19718e35aa60287cd','Date','PRIMITIVE');
INSERT INTO PUBLIC.OBJECT_FIELD_METADATA (ID, NAME, METADATA_TYPE, PARENT_METADATA,PARENT_METADATA_NAME, REFERENCE_METADATA, REFERENCE_METADATA_NAME, REFERENCE_METADATA_TYPE)VALUES('5553c9e89ef04cbfb53249f9d594f8f9','ToAcctExt','FIELD','8ae39eedae7b449c898e4851eca2c4c1','ToAcct_Type',null,null,null);
INSERT INTO PUBLIC.OBJECT_FIELD_METADATA (ID, NAME, METADATA_TYPE, PARENT_METADATA,PARENT_METADATA_NAME, REFERENCE_METADATA, REFERENCE_METADATA_NAME, REFERENCE_METADATA_TYPE)VALUES('63762e16a07b40df882d3b452e9dd547','AccountNumberId','FIELD','8ae39eedae7b449c898e4851eca2c4c1','ToAcct_Type','3da4bbbc6bf44d5f941e647b8e8408dc','AssignedIdentifier','PRIMITIVE');
INSERT INTO PUBLIC.OBJECT_FIELD_METADATA (ID, NAME, METADATA_TYPE, PARENT_METADATA,PARENT_METADATA_NAME, REFERENCE_METADATA, REFERENCE_METADATA_NAME, REFERENCE_METADATA_TYPE)VALUES('6fa4dfa2c59246d1aa107bc4fd36eaaf','BankInfo','MODEL_RELATION','8ae39eedae7b449c898e4851eca2c4c1','ToAcct_Type','1c34a631a6a7477cb11987fb146ddcb0','BankInfo_Type','OBJECT');
INSERT INTO PUBLIC.OBJECT_FIELD_METADATA (ID, NAME, METADATA_TYPE, PARENT_METADATA,PARENT_METADATA_NAME, REFERENCE_METADATA, REFERENCE_METADATA_NAME, REFERENCE_METADATA_TYPE)VALUES('baeba0341a1b410081648a12ad512941','ToAcct','MODEL_RELATION','2283f192176741e1a2dcd69d108ec5f8','ElectronicFundsTransfer_Type','8ae39eedae7b449c898e4851eca2c4c1','ToAcct_Type','OBJECT');
INSERT INTO PUBLIC.OBJECT_FIELD_METADATA (ID, NAME, METADATA_TYPE, PARENT_METADATA,PARENT_METADATA_NAME, REFERENCE_METADATA, REFERENCE_METADATA_NAME, REFERENCE_METADATA_TYPE)VALUES('28c3e1a9c23b481481b7941993437bf6','EFTFrequencyCd','FIELD','2283f192176741e1a2dcd69d108ec5f8','ElectronicFundsTransfer_Type','90030f3dd02843e3b982684d2bd6039d','Frequency','PRIMITIVE');
INSERT INTO PUBLIC.OBJECT_FIELD_METADATA (ID, NAME, METADATA_TYPE, PARENT_METADATA,PARENT_METADATA_NAME, REFERENCE_METADATA, REFERENCE_METADATA_NAME, REFERENCE_METADATA_TYPE)VALUES('b0445eaa42df4a6aadcd6fc4281242aa','ElectronicFundsTransfer','MODEL_RELATION','96637aea76224b968a20d7e4b25112d6','PaymentOption_Type','2283f192176741e1a2dcd69d108ec5f8','ElectronicFundsTransfer_Type','OBJECT');
INSERT INTO PUBLIC.OBJECT_FIELD_METADATA (ID, NAME, METADATA_TYPE, PARENT_METADATA,PARENT_METADATA_NAME, REFERENCE_METADATA, REFERENCE_METADATA_NAME, REFERENCE_METADATA_TYPE)VALUES('63540968f7dd4fd28b904c7bd979bc13','DepositAmt','MODEL_RELATION','96637aea76224b968a20d7e4b25112d6','PaymentOption_Type','4fa89203e94a4637baa0484d19b460c5','CURRENCY','OBJECT');
INSERT INTO PUBLIC.PRIMITIVE_METADATA (ID, NAME, METADATA_TYPE) VALUES('502324f931bf4f5eaca56f7f80f355c0','Payor','PRIMITIVE');
INSERT INTO PUBLIC.OBJECT_FIELD_METADATA (ID, NAME, METADATA_TYPE, PARENT_METADATA,PARENT_METADATA_NAME, REFERENCE_METADATA, REFERENCE_METADATA_NAME, REFERENCE_METADATA_TYPE)VALUES('919e7c6b052c4066b6f55994527477bc','ReturnPremiumMailCd','FIELD','96637aea76224b968a20d7e4b25112d6','PaymentOption_Type','502324f931bf4f5eaca56f7f80f355c0','Payor','PRIMITIVE');
INSERT INTO PUBLIC.OBJECT_FIELD_METADATA (ID, NAME, METADATA_TYPE, PARENT_METADATA,PARENT_METADATA_NAME, REFERENCE_METADATA, REFERENCE_METADATA_NAME, REFERENCE_METADATA_TYPE)VALUES('d48fd29b805c4e20b5cec343ffa590eb','PaymentOption','MODEL_RELATION','a8485aa8f7a7481b8828e638330f5291','Policy_Type','96637aea76224b968a20d7e4b25112d6','PaymentOption_Type','OBJECT');
INSERT INTO PUBLIC.OBJECT_FIELD_METADATA (ID, NAME, METADATA_TYPE, PARENT_METADATA,PARENT_METADATA_NAME, REFERENCE_METADATA, REFERENCE_METADATA_NAME, REFERENCE_METADATA_TYPE)VALUES('f303ee9b9aa04d95b38c7ab86ebec65c','RiskBoundDt','FIELD','a8485aa8f7a7481b8828e638330f5291','Policy_Type','3b0a2ca6cf3a4fb19718e35aa60287cd','Date','PRIMITIVE');
INSERT INTO PUBLIC.OBJECT_METADATA (ID, NAME, METADATA_TYPE, REFERENCE_METADATA, REFERENCE_METADATA_NAME) VALUES('5daf1a69671b49fcbd0e6a8dd024552d','CommlPropertyLineBusiness_Type','MODEL',null,null);
INSERT INTO PUBLIC.OBJECT_FIELD_METADATA (ID, NAME, METADATA_TYPE, PARENT_METADATA,PARENT_METADATA_NAME, REFERENCE_METADATA, REFERENCE_METADATA_NAME, REFERENCE_METADATA_TYPE)VALUES('30df1f6506344266b1bc1e41aed6a894','WrittenAmt','MODEL_RELATION','5daf1a69671b49fcbd0e6a8dd024552d','CommlPropertyLineBusiness_Type','4fa89203e94a4637baa0484d19b460c5','CURRENCY','OBJECT');
INSERT INTO PUBLIC.OBJECT_FIELD_METADATA (ID, NAME, METADATA_TYPE, PARENT_METADATA,PARENT_METADATA_NAME, REFERENCE_METADATA, REFERENCE_METADATA_NAME, REFERENCE_METADATA_TYPE)VALUES('446c77a01e464e328d81461e2f055688','AdditionalInterest','MODEL_RELATION','5daf1a69671b49fcbd0e6a8dd024552d','CommlPropertyLineBusiness_Type','23a83d5912a54d0ca9b4669826684442','AdditionalInterest_Type','OBJECT');
INSERT INTO PUBLIC.OBJECT_FIELD_METADATA (ID, NAME, METADATA_TYPE, PARENT_METADATA,PARENT_METADATA_NAME, REFERENCE_METADATA, REFERENCE_METADATA_NAME, REFERENCE_METADATA_TYPE)VALUES('fd8e081ad24f4c06bee4a83073b36685','AuditInfo','MODEL_RELATION','5daf1a69671b49fcbd0e6a8dd024552d','CommlPropertyLineBusiness_Type','cafd893cc1ec4101a8df78b1c1a8c82e','AuditInfo_Type','OBJECT');
INSERT INTO PUBLIC.OBJECT_FIELD_METADATA (ID, NAME, METADATA_TYPE, PARENT_METADATA,PARENT_METADATA_NAME, REFERENCE_METADATA, REFERENCE_METADATA_NAME, REFERENCE_METADATA_TYPE)VALUES('64647c5a0ff34f2dbf301bdf4ee1137d','MinPremInd','FIELD','5daf1a69671b49fcbd0e6a8dd024552d','CommlPropertyLineBusiness_Type','4ffb0bcc3ec946d1af3ef883f4c3a4e6','Boolean','PRIMITIVE');
INSERT INTO PUBLIC.OBJECT_FIELD_METADATA (ID, NAME, METADATA_TYPE, PARENT_METADATA,PARENT_METADATA_NAME, REFERENCE_METADATA, REFERENCE_METADATA_NAME, REFERENCE_METADATA_TYPE)VALUES('aa5aea9666014c6595d6e7203ee1c30d','HazardGradeInfo','MODEL_RELATION','5daf1a69671b49fcbd0e6a8dd024552d','CommlPropertyLineBusiness_Type','27cb6123ae2a4e5da40275f0c5716a86','HazardGradeInfo_Type','OBJECT');
INSERT INTO PUBLIC.OBJECT_FIELD_METADATA (ID, NAME, METADATA_TYPE, PARENT_METADATA,PARENT_METADATA_NAME, REFERENCE_METADATA, REFERENCE_METADATA_NAME, REFERENCE_METADATA_TYPE)VALUES('52407884b45c47aa934dae97e5ffbe21','NetChangeAmt','MODEL_RELATION','5daf1a69671b49fcbd0e6a8dd024552d','CommlPropertyLineBusiness_Type','4fa89203e94a4637baa0484d19b460c5','CURRENCY','OBJECT');
INSERT INTO PUBLIC.OBJECT_FIELD_METADATA (ID, NAME, METADATA_TYPE, PARENT_METADATA,PARENT_METADATA_NAME, REFERENCE_METADATA, REFERENCE_METADATA_NAME, REFERENCE_METADATA_TYPE)VALUES('5594ac31d5f54020becc26de48715f62','MinPremAmt','MODEL_RELATION','5daf1a69671b49fcbd0e6a8dd024552d','CommlPropertyLineBusiness_Type','4fa89203e94a4637baa0484d19b460c5','CURRENCY','OBJECT');
INSERT INTO PUBLIC.OBJECT_FIELD_METADATA (ID, NAME, METADATA_TYPE, PARENT_METADATA,PARENT_METADATA_NAME, REFERENCE_METADATA, REFERENCE_METADATA_NAME, REFERENCE_METADATA_TYPE)VALUES('92c12fbd02894776a6e95ae9e15dc0d9','CommlPropertyLineBusinessExt','FIELD','5daf1a69671b49fcbd0e6a8dd024552d','CommlPropertyLineBusiness_Type',null,null,null);
INSERT INTO PUBLIC.OBJECT_FIELD_METADATA (ID, NAME, METADATA_TYPE, PARENT_METADATA,PARENT_METADATA_NAME, REFERENCE_METADATA, REFERENCE_METADATA_NAME, REFERENCE_METADATA_TYPE)VALUES('05078e3d2491433fbab2eed4c8dc7814','CurrentTermAmt','MODEL_RELATION','5daf1a69671b49fcbd0e6a8dd024552d','CommlPropertyLineBusiness_Type','4fa89203e94a4637baa0484d19b460c5','CURRENCY','OBJECT');
INSERT INTO PUBLIC.OBJECT_FIELD_METADATA (ID, NAME, METADATA_TYPE, PARENT_METADATA,PARENT_METADATA_NAME, REFERENCE_METADATA, REFERENCE_METADATA_NAME, REFERENCE_METADATA_TYPE)VALUES('3b0503c3b9084db89df04e47b4e216b8','CompanyProductCd','FIELD','5daf1a69671b49fcbd0e6a8dd024552d','CommlPropertyLineBusiness_Type','6240ce877a244a73a1253961131c6cc9','IndustryCode_Type','PRIMITIVE');
INSERT INTO PUBLIC.OBJECT_FIELD_METADATA (ID, NAME, METADATA_TYPE, PARENT_METADATA,PARENT_METADATA_NAME, REFERENCE_METADATA, REFERENCE_METADATA_NAME, REFERENCE_METADATA_TYPE)VALUES('3498b59205cb41f383a1b93d52f67bd8','PMACd','FIELD','5daf1a69671b49fcbd0e6a8dd024552d','CommlPropertyLineBusiness_Type','6240ce877a244a73a1253961131c6cc9','IndustryCode_Type','PRIMITIVE');
INSERT INTO PUBLIC.OBJECT_FIELD_METADATA (ID, NAME, METADATA_TYPE, PARENT_METADATA,PARENT_METADATA_NAME, REFERENCE_METADATA, REFERENCE_METADATA_NAME, REFERENCE_METADATA_TYPE)VALUES('7cab10a6d29c4608ad634f588fc9d0b2','LOBSubCd','FIELD','5daf1a69671b49fcbd0e6a8dd024552d','CommlPropertyLineBusiness_Type','8376159ebcf44685b36391928a67e333','LineOfBusinessSubCode','PRIMITIVE');
INSERT INTO PUBLIC.OBJECT_FIELD_METADATA (ID, NAME, METADATA_TYPE, PARENT_METADATA,PARENT_METADATA_NAME, REFERENCE_METADATA, REFERENCE_METADATA_NAME, REFERENCE_METADATA_TYPE)VALUES('4668311616da4661a0d435412135528f','GroupId','FIELD','5daf1a69671b49fcbd0e6a8dd024552d','CommlPropertyLineBusiness_Type','3da4bbbc6bf44d5f941e647b8e8408dc','AssignedIdentifier','PRIMITIVE');
INSERT INTO PUBLIC.OBJECT_FIELD_METADATA (ID, NAME, METADATA_TYPE, PARENT_METADATA,PARENT_METADATA_NAME, REFERENCE_METADATA, REFERENCE_METADATA_NAME, REFERENCE_METADATA_TYPE)VALUES('50e504117e7a45b0a2f0da8a4d145176','LOBCd','FIELD','5daf1a69671b49fcbd0e6a8dd024552d','CommlPropertyLineBusiness_Type','3b75decf3cfc42c496d4405220659cf0','LineOfBusiness','PRIMITIVE');
INSERT INTO PUBLIC.OBJECT_FIELD_METADATA (ID, NAME, METADATA_TYPE, PARENT_METADATA,PARENT_METADATA_NAME, REFERENCE_METADATA, REFERENCE_METADATA_NAME, REFERENCE_METADATA_TYPE)VALUES('14f93437419d432a89dd7f82eb817179','HazardGradeCd','FIELD','5daf1a69671b49fcbd0e6a8dd024552d','CommlPropertyLineBusiness_Type','6240ce877a244a73a1253961131c6cc9','IndustryCode_Type','PRIMITIVE');
INSERT INTO PUBLIC.OBJECT_FIELD_METADATA (ID, NAME, METADATA_TYPE, PARENT_METADATA,PARENT_METADATA_NAME, REFERENCE_METADATA, REFERENCE_METADATA_NAME, REFERENCE_METADATA_TYPE)VALUES('c18f94d321f644c991d362b2d11f5323','RateEffectiveDt','FIELD','5daf1a69671b49fcbd0e6a8dd024552d','CommlPropertyLineBusiness_Type','3b0a2ca6cf3a4fb19718e35aa60287cd','Date','PRIMITIVE');
INSERT INTO PUBLIC.OBJECT_METADATA (ID, NAME, METADATA_TYPE, REFERENCE_METADATA, REFERENCE_METADATA_NAME) VALUES('efc5bfb8c67d4a88ae948f193ecf3716','PropertyInfo_Type','OBJECT',null,null);
INSERT INTO PUBLIC.OBJECT_FIELD_METADATA (ID, NAME, METADATA_TYPE, PARENT_METADATA,PARENT_METADATA_NAME, REFERENCE_METADATA, REFERENCE_METADATA_NAME, REFERENCE_METADATA_TYPE)VALUES('af7e1afc67d34f70bed4ee022d1d2992','CommlCoverage','MODEL_RELATION','efc5bfb8c67d4a88ae948f193ecf3716','PropertyInfo_Type','d0675b4bbe674c1fa08297c27c3cb675','Coverage_Type','OBJECT');
INSERT INTO PUBLIC.OBJECT_FIELD_METADATA (ID, NAME, METADATA_TYPE, PARENT_METADATA,PARENT_METADATA_NAME, REFERENCE_METADATA, REFERENCE_METADATA_NAME, REFERENCE_METADATA_TYPE)VALUES('a3f268335757457bb0b39e34fea39dee','CoverageAvailable','MODEL_RELATION','efc5bfb8c67d4a88ae948f193ecf3716','PropertyInfo_Type','d0675b4bbe674c1fa08297c27c3cb675','Coverage_Type','OBJECT');
INSERT INTO PUBLIC.OBJECT_FIELD_METADATA (ID, NAME, METADATA_TYPE, PARENT_METADATA,PARENT_METADATA_NAME, REFERENCE_METADATA, REFERENCE_METADATA_NAME, REFERENCE_METADATA_TYPE)VALUES('38d74f59aa2d4301bc48c96651ecbfc1','CreditOrSurcharge','MODEL_RELATION','efc5bfb8c67d4a88ae948f193ecf3716','PropertyInfo_Type','ac7618a3e7974e27b3a4f0a5f2a22a98','PCCREDITSURCHARGE','OBJECT');
INSERT INTO PUBLIC.OBJECT_METADATA (ID, NAME, METADATA_TYPE, REFERENCE_METADATA, REFERENCE_METADATA_NAME) VALUES('9b924625014c4a6cba0358e3d25ce65e','StatementValues_Type','OBJECT',null,null);
INSERT INTO PUBLIC.OBJECT_METADATA (ID, NAME, METADATA_TYPE, REFERENCE_METADATA, REFERENCE_METADATA_NAME) VALUES('b525f90925f94647990a7d2b8b93a702','StatementValuesInfo_Type','OBJECT',null,null);
INSERT INTO PUBLIC.OBJECT_FIELD_METADATA (ID, NAME, METADATA_TYPE, PARENT_METADATA,PARENT_METADATA_NAME, REFERENCE_METADATA, REFERENCE_METADATA_NAME, REFERENCE_METADATA_TYPE)VALUES('f2896f30048f410aaf04184e1535b542','ClassCd','FIELD','b525f90925f94647990a7d2b8b93a702','StatementValuesInfo_Type','6240ce877a244a73a1253961131c6cc9','IndustryCode_Type','PRIMITIVE');
INSERT INTO PUBLIC.OBJECT_FIELD_METADATA (ID, NAME, METADATA_TYPE, PARENT_METADATA,PARENT_METADATA_NAME, REFERENCE_METADATA, REFERENCE_METADATA_NAME, REFERENCE_METADATA_TYPE)VALUES('5e5dfe8ac50f4a46874b86410839f90b','ItemDesc','FIELD','b525f90925f94647990a7d2b8b93a702','StatementValuesInfo_Type','395c33ebbd5b40f0aee8a4f93dbedf31','C-Infinite','PRIMITIVE');
INSERT INTO PUBLIC.OBJECT_FIELD_METADATA (ID, NAME, METADATA_TYPE, PARENT_METADATA,PARENT_METADATA_NAME, REFERENCE_METADATA, REFERENCE_METADATA_NAME, REFERENCE_METADATA_TYPE)VALUES('586d3077aa264cd38140e3802c3616ee','Rate','FIELD','b525f90925f94647990a7d2b8b93a702','StatementValuesInfo_Type','c896845db6f640c6bf65093333a64c69','Decimal','PRIMITIVE');
INSERT INTO PUBLIC.PRIMITIVE_METADATA (ID, NAME, METADATA_TYPE) VALUES('a21806a17c114d80a5a94e9d48045507','ValuationType','PRIMITIVE');
INSERT INTO PUBLIC.OBJECT_FIELD_METADATA (ID, NAME, METADATA_TYPE, PARENT_METADATA,PARENT_METADATA_NAME, REFERENCE_METADATA, REFERENCE_METADATA_NAME, REFERENCE_METADATA_TYPE)VALUES('34f1196dbe5b47ffb41f4d3651de2593','ValuationCd','FIELD','b525f90925f94647990a7d2b8b93a702','StatementValuesInfo_Type','a21806a17c114d80a5a94e9d48045507','ValuationType','PRIMITIVE');
INSERT INTO PUBLIC.OBJECT_FIELD_METADATA (ID, NAME, METADATA_TYPE, PARENT_METADATA,PARENT_METADATA_NAME, REFERENCE_METADATA, REFERENCE_METADATA_NAME, REFERENCE_METADATA_TYPE)VALUES('0862fd51c00d4c699121ba98e1403117','ItemValueAmt','MODEL_RELATION','b525f90925f94647990a7d2b8b93a702','StatementValuesInfo_Type','4fa89203e94a4637baa0484d19b460c5','CURRENCY','OBJECT');
INSERT INTO PUBLIC.OBJECT_FIELD_METADATA (ID, NAME, METADATA_TYPE, PARENT_METADATA,PARENT_METADATA_NAME, REFERENCE_METADATA, REFERENCE_METADATA_NAME, REFERENCE_METADATA_TYPE)VALUES('63e53109f19e42f0a45c141d7f6b31af','CoinsurancePct','FIELD','b525f90925f94647990a7d2b8b93a702','StatementValuesInfo_Type','d68704d271534c0a935a3012147640c4','PercentDecimal','PRIMITIVE');
INSERT INTO PUBLIC.OBJECT_FIELD_METADATA (ID, NAME, METADATA_TYPE, PARENT_METADATA,PARENT_METADATA_NAME, REFERENCE_METADATA, REFERENCE_METADATA_NAME, REFERENCE_METADATA_TYPE)VALUES('940800beda074ba798b3a34716cc6886','StatementValuesInfoExt','FIELD','b525f90925f94647990a7d2b8b93a702','StatementValuesInfo_Type',null,null,null);
INSERT INTO PUBLIC.OBJECT_FIELD_METADATA (ID, NAME, METADATA_TYPE, PARENT_METADATA,PARENT_METADATA_NAME, REFERENCE_METADATA, REFERENCE_METADATA_NAME, REFERENCE_METADATA_TYPE)VALUES('31d19046461e463589c0d59deaf2babd','PremiumAmt','MODEL_RELATION','b525f90925f94647990a7d2b8b93a702','StatementValuesInfo_Type','4fa89203e94a4637baa0484d19b460c5','CURRENCY','OBJECT');
INSERT INTO PUBLIC.OBJECT_FIELD_METADATA (ID, NAME, METADATA_TYPE, PARENT_METADATA,PARENT_METADATA_NAME, REFERENCE_METADATA, REFERENCE_METADATA_NAME, REFERENCE_METADATA_TYPE)VALUES('6bd2af8047b047508d0cbba08da353d2','AsOfDt','FIELD','b525f90925f94647990a7d2b8b93a702','StatementValuesInfo_Type','3b0a2ca6cf3a4fb19718e35aa60287cd','Date','PRIMITIVE');
INSERT INTO PUBLIC.OBJECT_FIELD_METADATA (ID, NAME, METADATA_TYPE, PARENT_METADATA,PARENT_METADATA_NAME, REFERENCE_METADATA, REFERENCE_METADATA_NAME, REFERENCE_METADATA_TYPE)VALUES('df68595454d541d48222943980284f0c','SubjectInsuranceCd','FIELD','b525f90925f94647990a7d2b8b93a702','StatementValuesInfo_Type','492c17f21c824e9eb0941751739aa22d','Risk','PRIMITIVE');
INSERT INTO PUBLIC.OBJECT_FIELD_METADATA (ID, NAME, METADATA_TYPE, PARENT_METADATA,PARENT_METADATA_NAME, REFERENCE_METADATA, REFERENCE_METADATA_NAME, REFERENCE_METADATA_TYPE)VALUES('afa6a17f830242f09d570d228323b384','StatementValuesInfo','MODEL_RELATION','9b924625014c4a6cba0358e3d25ce65e','StatementValues_Type','b525f90925f94647990a7d2b8b93a702','StatementValuesInfo_Type','OBJECT');
INSERT INTO PUBLIC.OBJECT_FIELD_METADATA (ID, NAME, METADATA_TYPE, PARENT_METADATA,PARENT_METADATA_NAME, REFERENCE_METADATA, REFERENCE_METADATA_NAME, REFERENCE_METADATA_TYPE)VALUES('b27f7f80bdac40259afe51174aaf4a6e','EffectiveDt','FIELD','9b924625014c4a6cba0358e3d25ce65e','StatementValues_Type','3a7f6e6e4d124518a7407e7883f9d5ec','FormalDate','PRIMITIVE');
INSERT INTO PUBLIC.OBJECT_FIELD_METADATA (ID, NAME, METADATA_TYPE, PARENT_METADATA,PARENT_METADATA_NAME, REFERENCE_METADATA, REFERENCE_METADATA_NAME, REFERENCE_METADATA_TYPE)VALUES('5884d9e1dc6943c5a189e9d9cfad747e','StatementValuesExt','FIELD','9b924625014c4a6cba0358e3d25ce65e','StatementValues_Type',null,null,null);
INSERT INTO PUBLIC.OBJECT_FIELD_METADATA (ID, NAME, METADATA_TYPE, PARENT_METADATA,PARENT_METADATA_NAME, REFERENCE_METADATA, REFERENCE_METADATA_NAME, REFERENCE_METADATA_TYPE)VALUES('c8eca21fd9b2428fb63e9c3069ec51ae','StatementValues','MODEL_RELATION','efc5bfb8c67d4a88ae948f193ecf3716','PropertyInfo_Type','9b924625014c4a6cba0358e3d25ce65e','StatementValues_Type','OBJECT');
INSERT INTO PUBLIC.OBJECT_FIELD_METADATA (ID, NAME, METADATA_TYPE, PARENT_METADATA,PARENT_METADATA_NAME, REFERENCE_METADATA, REFERENCE_METADATA_NAME, REFERENCE_METADATA_TYPE)VALUES('5812a22095d44c1ca5126268b67e1f22','Form','MODEL_RELATION','efc5bfb8c67d4a88ae948f193ecf3716','PropertyInfo_Type','a54486c19cc9402197e0027f1d2fa2a9','Form_Type','OBJECT');
INSERT INTO PUBLIC.OBJECT_METADATA (ID, NAME, METADATA_TYPE, REFERENCE_METADATA, REFERENCE_METADATA_NAME) VALUES('1046adb94bf34750a5305c76e49cbb6e','CommlPropertyInfo_Type','OBJECT',null,null);
INSERT INTO PUBLIC.OBJECT_FIELD_METADATA (ID, NAME, METADATA_TYPE, PARENT_METADATA,PARENT_METADATA_NAME, REFERENCE_METADATA, REFERENCE_METADATA_NAME, REFERENCE_METADATA_TYPE)VALUES('a31d33c7282a4120b5d9e02e251b5e13','ClassCd','FIELD','1046adb94bf34750a5305c76e49cbb6e','CommlPropertyInfo_Type','6240ce877a244a73a1253961131c6cc9','IndustryCode_Type','PRIMITIVE');
INSERT INTO PUBLIC.OBJECT_FIELD_METADATA (ID, NAME, METADATA_TYPE, PARENT_METADATA,PARENT_METADATA_NAME, REFERENCE_METADATA, REFERENCE_METADATA_NAME, REFERENCE_METADATA_TYPE)VALUES('d1404227ff6c4227a3bb3c66914eb935','FloorArea','MODEL_RELATION','1046adb94bf34750a5305c76e49cbb6e','CommlPropertyInfo_Type','1df1057b06734b019460d9f8fb0a43b0','MEASUREMENT','OBJECT');
INSERT INTO PUBLIC.OBJECT_FIELD_METADATA (ID, NAME, METADATA_TYPE, PARENT_METADATA,PARENT_METADATA_NAME, REFERENCE_METADATA, REFERENCE_METADATA_NAME, REFERENCE_METADATA_TYPE)VALUES('49b5fd5d7e504cc8a3a9dd1de215ed99','CommlPropertyInfoExt','FIELD','1046adb94bf34750a5305c76e49cbb6e','CommlPropertyInfo_Type',null,null,null);
INSERT INTO PUBLIC.OBJECT_METADATA (ID, NAME, METADATA_TYPE, REFERENCE_METADATA, REFERENCE_METADATA_NAME) VALUES('e71a1897f4d24ba2bc60c40f09070ce8','LeaseHolderInfo_Type','OBJECT',null,null);
INSERT INTO PUBLIC.OBJECT_FIELD_METADATA (ID, NAME, METADATA_TYPE, PARENT_METADATA,PARENT_METADATA_NAME, REFERENCE_METADATA, REFERENCE_METADATA_NAME, REFERENCE_METADATA_TYPE)VALUES('dd3d4b59582f4b4a8f26b87da6f599b1','GrossLeaseholdInterestAmt','MODEL_RELATION','e71a1897f4d24ba2bc60c40f09070ce8','LeaseHolderInfo_Type','4fa89203e94a4637baa0484d19b460c5','CURRENCY','OBJECT');
INSERT INTO PUBLIC.OBJECT_FIELD_METADATA (ID, NAME, METADATA_TYPE, PARENT_METADATA,PARENT_METADATA_NAME, REFERENCE_METADATA, REFERENCE_METADATA_NAME, REFERENCE_METADATA_TYPE)VALUES('ed41ccbaa3c941ef9e31ed128dba438b','LeaseHolderInfoExt','FIELD','e71a1897f4d24ba2bc60c40f09070ce8','LeaseHolderInfo_Type',null,null,null);
INSERT INTO PUBLIC.OBJECT_FIELD_METADATA (ID, NAME, METADATA_TYPE, PARENT_METADATA,PARENT_METADATA_NAME, REFERENCE_METADATA, REFERENCE_METADATA_NAME, REFERENCE_METADATA_TYPE)VALUES('769dd761bb3f4c9ab754a981224c0bef','InterestRatePct','FIELD','e71a1897f4d24ba2bc60c40f09070ce8','LeaseHolderInfo_Type','d68704d271534c0a935a3012147640c4','PercentDecimal','PRIMITIVE');
INSERT INTO PUBLIC.OBJECT_METADATA (ID, NAME, METADATA_TYPE, REFERENCE_METADATA, REFERENCE_METADATA_NAME) VALUES('9c50add3df8445bc8bf1707f4504edc7','MonthlyLeaseholdInterestInfo_Type','OBJECT',null,null);
INSERT INTO PUBLIC.OBJECT_FIELD_METADATA (ID, NAME, METADATA_TYPE, PARENT_METADATA,PARENT_METADATA_NAME, REFERENCE_METADATA, REFERENCE_METADATA_NAME, REFERENCE_METADATA_TYPE)VALUES('da10064b55e6423f87033ff834497233','PrepaidRentAmt','MODEL_RELATION','9c50add3df8445bc8bf1707f4504edc7','MonthlyLeaseholdInterestInfo_Type','4fa89203e94a4637baa0484d19b460c5','CURRENCY','OBJECT');
INSERT INTO PUBLIC.OBJECT_FIELD_METADATA (ID, NAME, METADATA_TYPE, PARENT_METADATA,PARENT_METADATA_NAME, REFERENCE_METADATA, REFERENCE_METADATA_NAME, REFERENCE_METADATA_TYPE)VALUES('bc59bc54437a479f80534048cb70dae8','BonusAmt','MODEL_RELATION','9c50add3df8445bc8bf1707f4504edc7','MonthlyLeaseholdInterestInfo_Type','4fa89203e94a4637baa0484d19b460c5','CURRENCY','OBJECT');
INSERT INTO PUBLIC.OBJECT_FIELD_METADATA (ID, NAME, METADATA_TYPE, PARENT_METADATA,PARENT_METADATA_NAME, REFERENCE_METADATA, REFERENCE_METADATA_NAME, REFERENCE_METADATA_TYPE)VALUES('dd17ddb8599445139648055336fafa6e','MonthlyLeaseholdInterestInfoExt','FIELD','9c50add3df8445bc8bf1707f4504edc7','MonthlyLeaseholdInterestInfo_Type',null,null,null);
INSERT INTO PUBLIC.OBJECT_FIELD_METADATA (ID, NAME, METADATA_TYPE, PARENT_METADATA,PARENT_METADATA_NAME, REFERENCE_METADATA, REFERENCE_METADATA_NAME, REFERENCE_METADATA_TYPE)VALUES('5681e4e103f8450ca8aaddaaaef40caa','ImprovementsAndBettermentsAmt','MODEL_RELATION','9c50add3df8445bc8bf1707f4504edc7','MonthlyLeaseholdInterestInfo_Type','4fa89203e94a4637baa0484d19b460c5','CURRENCY','OBJECT');
INSERT INTO PUBLIC.OBJECT_FIELD_METADATA (ID, NAME, METADATA_TYPE, PARENT_METADATA,PARENT_METADATA_NAME, REFERENCE_METADATA, REFERENCE_METADATA_NAME, REFERENCE_METADATA_TYPE)VALUES('a038c77eee444e0183deaad3c38a5175','PaymentDt','FIELD','9c50add3df8445bc8bf1707f4504edc7','MonthlyLeaseholdInterestInfo_Type','3b0a2ca6cf3a4fb19718e35aa60287cd','Date','PRIMITIVE');
INSERT INTO PUBLIC.OBJECT_FIELD_METADATA (ID, NAME, METADATA_TYPE, PARENT_METADATA,PARENT_METADATA_NAME, REFERENCE_METADATA, REFERENCE_METADATA_NAME, REFERENCE_METADATA_TYPE)VALUES('01a274b07f144d9f81245d15663c0fa7','MonthlyLeaseholdInterestInfo','MODEL_RELATION','e71a1897f4d24ba2bc60c40f09070ce8','LeaseHolderInfo_Type','9c50add3df8445bc8bf1707f4504edc7','MonthlyLeaseholdInterestInfo_Type','OBJECT');
INSERT INTO PUBLIC.OBJECT_FIELD_METADATA (ID, NAME, METADATA_TYPE, PARENT_METADATA,PARENT_METADATA_NAME, REFERENCE_METADATA, REFERENCE_METADATA_NAME, REFERENCE_METADATA_TYPE)VALUES('c0c2dcd93fb04c40868841335be6b2d5','ContractTerm','MODEL_RELATION','e71a1897f4d24ba2bc60c40f09070ce8','LeaseHolderInfo_Type','2ba28904532b44bfb94bb9bca9b86a8a','DURATION','OBJECT');
INSERT INTO PUBLIC.OBJECT_FIELD_METADATA (ID, NAME, METADATA_TYPE, PARENT_METADATA,PARENT_METADATA_NAME, REFERENCE_METADATA, REFERENCE_METADATA_NAME, REFERENCE_METADATA_TYPE)VALUES('7310bcb9fcd1494289e9d255b65b0552','LeaseHolderInfo','MODEL_RELATION','1046adb94bf34750a5305c76e49cbb6e','CommlPropertyInfo_Type','e71a1897f4d24ba2bc60c40f09070ce8','LeaseHolderInfo_Type','OBJECT');
INSERT INTO PUBLIC.OBJECT_FIELD_METADATA (ID, NAME, METADATA_TYPE, PARENT_METADATA,PARENT_METADATA_NAME, REFERENCE_METADATA, REFERENCE_METADATA_NAME, REFERENCE_METADATA_TYPE)VALUES('cb6c18334e984b969ed9e7026becd544','ClassCdDesc','FIELD','1046adb94bf34750a5305c76e49cbb6e','CommlPropertyInfo_Type','2344631100044813a5126adcfb93e80d','C-255','PRIMITIVE');
INSERT INTO PUBLIC.OBJECT_FIELD_METADATA (ID, NAME, METADATA_TYPE, PARENT_METADATA,PARENT_METADATA_NAME, REFERENCE_METADATA, REFERENCE_METADATA_NAME, REFERENCE_METADATA_TYPE)VALUES('d924c5ff98f14a00b501bd22600b22d1','Form','MODEL_RELATION','1046adb94bf34750a5305c76e49cbb6e','CommlPropertyInfo_Type','a54486c19cc9402197e0027f1d2fa2a9','Form_Type','OBJECT');
INSERT INTO PUBLIC.OBJECT_FIELD_METADATA (ID, NAME, METADATA_TYPE, PARENT_METADATA,PARENT_METADATA_NAME, REFERENCE_METADATA, REFERENCE_METADATA_NAME, REFERENCE_METADATA_TYPE)VALUES('f2585a834c514ec497b157f5b8aa0591','BldgContentDesc','FIELD','1046adb94bf34750a5305c76e49cbb6e','CommlPropertyInfo_Type','395c33ebbd5b40f0aee8a4f93dbedf31','C-Infinite','PRIMITIVE');
INSERT INTO PUBLIC.OBJECT_METADATA (ID, NAME, METADATA_TYPE, REFERENCE_METADATA, REFERENCE_METADATA_NAME) VALUES('53a6750d3f424a30adb543689847689f','BusinessIncomeInfo_Type','OBJECT',null,null);
INSERT INTO PUBLIC.OBJECT_FIELD_METADATA (ID, NAME, METADATA_TYPE, PARENT_METADATA,PARENT_METADATA_NAME, REFERENCE_METADATA, REFERENCE_METADATA_NAME, REFERENCE_METADATA_TYPE)VALUES('dd6fca25a3b2445ab2c226c1cf2dbc5b','RecoveryPeriod','MODEL_RELATION','53a6750d3f424a30adb543689847689f','BusinessIncomeInfo_Type','2ba28904532b44bfb94bb9bca9b86a8a','DURATION','OBJECT');
INSERT INTO PUBLIC.OBJECT_FIELD_METADATA (ID, NAME, METADATA_TYPE, PARENT_METADATA,PARENT_METADATA_NAME, REFERENCE_METADATA, REFERENCE_METADATA_NAME, REFERENCE_METADATA_TYPE)VALUES('1183d605a4ad40488e3902abccc44d92','AnnualNetReceiptsAmt','MODEL_RELATION','53a6750d3f424a30adb543689847689f','BusinessIncomeInfo_Type','4fa89203e94a4637baa0484d19b460c5','CURRENCY','OBJECT');
INSERT INTO PUBLIC.PRIMITIVE_METADATA (ID, NAME, METADATA_TYPE) VALUES('2b6e88bd828344dd9c619383c03f1d37','InventoryAccountingMethod','PRIMITIVE');
INSERT INTO PUBLIC.OBJECT_FIELD_METADATA (ID, NAME, METADATA_TYPE, PARENT_METADATA,PARENT_METADATA_NAME, REFERENCE_METADATA, REFERENCE_METADATA_NAME, REFERENCE_METADATA_TYPE)VALUES('c0946ed82f5547b19a3aa9e61609a693','InventoryAccountingMethodCd','FIELD','53a6750d3f424a30adb543689847689f','BusinessIncomeInfo_Type','2b6e88bd828344dd9c619383c03f1d37','InventoryAccountingMethod','PRIMITIVE');
INSERT INTO PUBLIC.OBJECT_FIELD_METADATA (ID, NAME, METADATA_TYPE, PARENT_METADATA,PARENT_METADATA_NAME, REFERENCE_METADATA, REFERENCE_METADATA_NAME, REFERENCE_METADATA_TYPE)VALUES('ebc51ef2f6ce4ed88d416d0a25006116','AnnualGrossReceiptsAmt','MODEL_RELATION','53a6750d3f424a30adb543689847689f','BusinessIncomeInfo_Type','4fa89203e94a4637baa0484d19b460c5','CURRENCY','OBJECT');
INSERT INTO PUBLIC.OBJECT_FIELD_METADATA (ID, NAME, METADATA_TYPE, PARENT_METADATA,PARENT_METADATA_NAME, REFERENCE_METADATA, REFERENCE_METADATA_NAME, REFERENCE_METADATA_TYPE)VALUES('7ea458807050414093b86e8bcf6ea348','BillableLostPeriod','MODEL_RELATION','53a6750d3f424a30adb543689847689f','BusinessIncomeInfo_Type','2ba28904532b44bfb94bb9bca9b86a8a','DURATION','OBJECT');
INSERT INTO PUBLIC.OBJECT_FIELD_METADATA (ID, NAME, METADATA_TYPE, PARENT_METADATA,PARENT_METADATA_NAME, REFERENCE_METADATA, REFERENCE_METADATA_NAME, REFERENCE_METADATA_TYPE)VALUES('46370860ea6548539e970c98f6dbd5c7','InsuranceToValuePct','FIELD','53a6750d3f424a30adb543689847689f','BusinessIncomeInfo_Type','42787ecf7ebe44bdb047ebe0f2268d21','PercentLong','PRIMITIVE');
INSERT INTO PUBLIC.OBJECT_FIELD_METADATA (ID, NAME, METADATA_TYPE, PARENT_METADATA,PARENT_METADATA_NAME, REFERENCE_METADATA, REFERENCE_METADATA_NAME, REFERENCE_METADATA_TYPE)VALUES('3871fbeed4884c2f8d4e404aed718a42','BusinessIncomeInfoExt','FIELD','53a6750d3f424a30adb543689847689f','BusinessIncomeInfo_Type',null,null,null);
INSERT INTO PUBLIC.OBJECT_FIELD_METADATA (ID, NAME, METADATA_TYPE, PARENT_METADATA,PARENT_METADATA_NAME, REFERENCE_METADATA, REFERENCE_METADATA_NAME, REFERENCE_METADATA_TYPE)VALUES('b9c9d6f16427407b889c704397cc6268','BusinessIncomeInfo','MODEL_RELATION','1046adb94bf34750a5305c76e49cbb6e','CommlPropertyInfo_Type','53a6750d3f424a30adb543689847689f','BusinessIncomeInfo_Type','OBJECT');
INSERT INTO PUBLIC.OBJECT_FIELD_METADATA (ID, NAME, METADATA_TYPE, PARENT_METADATA,PARENT_METADATA_NAME, REFERENCE_METADATA, REFERENCE_METADATA_NAME, REFERENCE_METADATA_TYPE)VALUES('be18c440a1a94e53983f2ed8ebf6fa11','HazardGradeInfo','MODEL_RELATION','1046adb94bf34750a5305c76e49cbb6e','CommlPropertyInfo_Type','27cb6123ae2a4e5da40275f0c5716a86','HazardGradeInfo_Type','OBJECT');
INSERT INTO PUBLIC.PRIMITIVE_METADATA (ID, NAME, METADATA_TYPE) VALUES('30a22a8a85634dbfa7344dbe9ed976b2','BusinessIncomeTypeOfBusiness','PRIMITIVE');
INSERT INTO PUBLIC.OBJECT_FIELD_METADATA (ID, NAME, METADATA_TYPE, PARENT_METADATA,PARENT_METADATA_NAME, REFERENCE_METADATA, REFERENCE_METADATA_NAME, REFERENCE_METADATA_TYPE)VALUES('99b4dcc6d6fc4d079d97a0a9b932540e','BusinessIncomeTypeBusinessCd','FIELD','1046adb94bf34750a5305c76e49cbb6e','CommlPropertyInfo_Type','30a22a8a85634dbfa7344dbe9ed976b2','BusinessIncomeTypeOfBusiness','PRIMITIVE');
INSERT INTO PUBLIC.OBJECT_FIELD_METADATA (ID, NAME, METADATA_TYPE, PARENT_METADATA,PARENT_METADATA_NAME, REFERENCE_METADATA, REFERENCE_METADATA_NAME, REFERENCE_METADATA_TYPE)VALUES('23c05ff86f2743349cc6b5910696f944','CurrentTermAmt','MODEL_RELATION','1046adb94bf34750a5305c76e49cbb6e','CommlPropertyInfo_Type','4fa89203e94a4637baa0484d19b460c5','CURRENCY','OBJECT');
INSERT INTO PUBLIC.OBJECT_FIELD_METADATA (ID, NAME, METADATA_TYPE, PARENT_METADATA,PARENT_METADATA_NAME, REFERENCE_METADATA, REFERENCE_METADATA_NAME, REFERENCE_METADATA_TYPE)VALUES('b9d38d6b357c4f32b465d6949efa7bb8','NumKitchens','FIELD','1046adb94bf34750a5305c76e49cbb6e','CommlPropertyInfo_Type','838cab4e48a54d0bb23ca5ea9db454ab','Long','PRIMITIVE');
INSERT INTO PUBLIC.PRIMITIVE_METADATA (ID, NAME, METADATA_TYPE) VALUES('a8b24689d86143048786d25a74e8a98b','ClassSpecificRatedIndicator','PRIMITIVE');
INSERT INTO PUBLIC.OBJECT_FIELD_METADATA (ID, NAME, METADATA_TYPE, PARENT_METADATA,PARENT_METADATA_NAME, REFERENCE_METADATA, REFERENCE_METADATA_NAME, REFERENCE_METADATA_TYPE)VALUES('2465da7c7c424170b8049aab97b119a7','ClassSpecificRatedCd','FIELD','1046adb94bf34750a5305c76e49cbb6e','CommlPropertyInfo_Type','a8b24689d86143048786d25a74e8a98b','ClassSpecificRatedIndicator','PRIMITIVE');
INSERT INTO PUBLIC.OBJECT_FIELD_METADATA (ID, NAME, METADATA_TYPE, PARENT_METADATA,PARENT_METADATA_NAME, REFERENCE_METADATA, REFERENCE_METADATA_NAME, REFERENCE_METADATA_TYPE)VALUES('abb2a3e4aa0e490a9e22fee56bd84324','CoverageAvailable','MODEL_RELATION','1046adb94bf34750a5305c76e49cbb6e','CommlPropertyInfo_Type','d0675b4bbe674c1fa08297c27c3cb675','Coverage_Type','OBJECT');
INSERT INTO PUBLIC.OBJECT_FIELD_METADATA (ID, NAME, METADATA_TYPE, PARENT_METADATA,PARENT_METADATA_NAME, REFERENCE_METADATA, REFERENCE_METADATA_NAME, REFERENCE_METADATA_TYPE)VALUES('ea56803542b94120865b3d33df772457','TotalPayrollAmt','MODEL_RELATION','1046adb94bf34750a5305c76e49cbb6e','CommlPropertyInfo_Type','4fa89203e94a4637baa0484d19b460c5','CURRENCY','OBJECT');
INSERT INTO PUBLIC.OBJECT_FIELD_METADATA (ID, NAME, METADATA_TYPE, PARENT_METADATA,PARENT_METADATA_NAME, REFERENCE_METADATA, REFERENCE_METADATA_NAME, REFERENCE_METADATA_TYPE)VALUES('b13c2b113d474a1ebfc9a7b5d5a07e9d','MercantileArea','MODEL_RELATION','1046adb94bf34750a5305c76e49cbb6e','CommlPropertyInfo_Type','1df1057b06734b019460d9f8fb0a43b0','MEASUREMENT','OBJECT');
INSERT INTO PUBLIC.OBJECT_FIELD_METADATA (ID, NAME, METADATA_TYPE, PARENT_METADATA,PARENT_METADATA_NAME, REFERENCE_METADATA, REFERENCE_METADATA_NAME, REFERENCE_METADATA_TYPE)VALUES('d48c6243a68a47bab9b229a72c2f7e55','BlanketInd','FIELD','1046adb94bf34750a5305c76e49cbb6e','CommlPropertyInfo_Type','4ffb0bcc3ec946d1af3ef883f4c3a4e6','Boolean','PRIMITIVE');
INSERT INTO PUBLIC.OBJECT_FIELD_METADATA (ID, NAME, METADATA_TYPE, PARENT_METADATA,PARENT_METADATA_NAME, REFERENCE_METADATA, REFERENCE_METADATA_NAME, REFERENCE_METADATA_TYPE)VALUES('36e31e3894854e22b510a04db6cfbc2e','RateNumberCd','FIELD','1046adb94bf34750a5305c76e49cbb6e','CommlPropertyInfo_Type','6240ce877a244a73a1253961131c6cc9','IndustryCode_Type','PRIMITIVE');
INSERT INTO PUBLIC.OBJECT_FIELD_METADATA (ID, NAME, METADATA_TYPE, PARENT_METADATA,PARENT_METADATA_NAME, REFERENCE_METADATA, REFERENCE_METADATA_NAME, REFERENCE_METADATA_TYPE)VALUES('4397686e572841df97970094598b5d48','ItemValueAmt','MODEL_RELATION','1046adb94bf34750a5305c76e49cbb6e','CommlPropertyInfo_Type','4fa89203e94a4637baa0484d19b460c5','CURRENCY','OBJECT');
INSERT INTO PUBLIC.PRIMITIVE_METADATA (ID, NAME, METADATA_TYPE) VALUES('ab52e3c8ac834f0698679d12e81aa2fe','StructureCondition','PRIMITIVE');
INSERT INTO PUBLIC.OBJECT_FIELD_METADATA (ID, NAME, METADATA_TYPE, PARENT_METADATA,PARENT_METADATA_NAME, REFERENCE_METADATA, REFERENCE_METADATA_NAME, REFERENCE_METADATA_TYPE)VALUES('51c0f69753114147a11a2f6641826b2f','StructureConditionCd','FIELD','1046adb94bf34750a5305c76e49cbb6e','CommlPropertyInfo_Type','ab52e3c8ac834f0698679d12e81aa2fe','StructureCondition','PRIMITIVE');
INSERT INTO PUBLIC.OBJECT_FIELD_METADATA (ID, NAME, METADATA_TYPE, PARENT_METADATA,PARENT_METADATA_NAME, REFERENCE_METADATA, REFERENCE_METADATA_NAME, REFERENCE_METADATA_TYPE)VALUES('224028c5dd224c79972aff34e9797ab8','PremiumGroup','FIELD','1046adb94bf34750a5305c76e49cbb6e','CommlPropertyInfo_Type','838cab4e48a54d0bb23ca5ea9db454ab','Long','PRIMITIVE');
INSERT INTO PUBLIC.OBJECT_FIELD_METADATA (ID, NAME, METADATA_TYPE, PARENT_METADATA,PARENT_METADATA_NAME, REFERENCE_METADATA, REFERENCE_METADATA_NAME, REFERENCE_METADATA_TYPE)VALUES('3de1fbcf876e40a4b471cfb3ea727000','NumFamilies','FIELD','1046adb94bf34750a5305c76e49cbb6e','CommlPropertyInfo_Type','838cab4e48a54d0bb23ca5ea9db454ab','Long','PRIMITIVE');
INSERT INTO PUBLIC.OBJECT_FIELD_METADATA (ID, NAME, METADATA_TYPE, PARENT_METADATA,PARENT_METADATA_NAME, REFERENCE_METADATA, REFERENCE_METADATA_NAME, REFERENCE_METADATA_TYPE)VALUES('73ead4dcdcbd48a0bf4d8287e366f858','SuffixCd','FIELD','1046adb94bf34750a5305c76e49cbb6e','CommlPropertyInfo_Type','6240ce877a244a73a1253961131c6cc9','IndustryCode_Type','PRIMITIVE');
INSERT INTO PUBLIC.OBJECT_FIELD_METADATA (ID, NAME, METADATA_TYPE, PARENT_METADATA,PARENT_METADATA_NAME, REFERENCE_METADATA, REFERENCE_METADATA_NAME, REFERENCE_METADATA_TYPE)VALUES('1c34024dadf442a19fb669e665a8c7c7','Rate','FIELD','1046adb94bf34750a5305c76e49cbb6e','CommlPropertyInfo_Type','c896845db6f640c6bf65093333a64c69','Decimal','PRIMITIVE');
INSERT INTO PUBLIC.OBJECT_FIELD_METADATA (ID, NAME, METADATA_TYPE, PARENT_METADATA,PARENT_METADATA_NAME, REFERENCE_METADATA, REFERENCE_METADATA_NAME, REFERENCE_METADATA_TYPE)VALUES('1c4a02f8b4144f5e99c06267f745a172','ExteriorWallMaterialCd','FIELD','1046adb94bf34750a5305c76e49cbb6e','CommlPropertyInfo_Type','dac392a51a934264a22aef96e73f6bbb','ConstructionType','PRIMITIVE');
INSERT INTO PUBLIC.PRIMITIVE_METADATA (ID, NAME, METADATA_TYPE) VALUES('7b7fc008d69947e589c856bb3e5e7828','HousekeepingCondition','PRIMITIVE');
INSERT INTO PUBLIC.OBJECT_FIELD_METADATA (ID, NAME, METADATA_TYPE, PARENT_METADATA,PARENT_METADATA_NAME, REFERENCE_METADATA, REFERENCE_METADATA_NAME, REFERENCE_METADATA_TYPE)VALUES('36fbc421c18047ad841b3e931620ed5f','HousekeepingConditionCd','FIELD','1046adb94bf34750a5305c76e49cbb6e','CommlPropertyInfo_Type','7b7fc008d69947e589c856bb3e5e7828','HousekeepingCondition','PRIMITIVE');
INSERT INTO PUBLIC.OBJECT_FIELD_METADATA (ID, NAME, METADATA_TYPE, PARENT_METADATA,PARENT_METADATA_NAME, REFERENCE_METADATA, REFERENCE_METADATA_NAME, REFERENCE_METADATA_TYPE)VALUES('c4168d0eb1754fac96308b736c7c1a7b','Coverage','MODEL_RELATION','1046adb94bf34750a5305c76e49cbb6e','CommlPropertyInfo_Type','d0675b4bbe674c1fa08297c27c3cb675','Coverage_Type','OBJECT');
INSERT INTO PUBLIC.OBJECT_FIELD_METADATA (ID, NAME, METADATA_TYPE, PARENT_METADATA,PARENT_METADATA_NAME, REFERENCE_METADATA, REFERENCE_METADATA_NAME, REFERENCE_METADATA_TYPE)VALUES('1260bab5bdb6480a96bd962e6a23fcf5','ValueReportingInd','FIELD','1046adb94bf34750a5305c76e49cbb6e','CommlPropertyInfo_Type','4ffb0bcc3ec946d1af3ef883f4c3a4e6','Boolean','PRIMITIVE');
INSERT INTO PUBLIC.OBJECT_FIELD_METADATA (ID, NAME, METADATA_TYPE, PARENT_METADATA,PARENT_METADATA_NAME, REFERENCE_METADATA, REFERENCE_METADATA_NAME, REFERENCE_METADATA_TYPE)VALUES('bb7b6ff4b7154786855d21dc3e4dbdec','TransactionPremiumTotalAmt','MODEL_RELATION','1046adb94bf34750a5305c76e49cbb6e','CommlPropertyInfo_Type','4fa89203e94a4637baa0484d19b460c5','CURRENCY','OBJECT');
INSERT INTO PUBLIC.OBJECT_FIELD_METADATA (ID, NAME, METADATA_TYPE, PARENT_METADATA,PARENT_METADATA_NAME, REFERENCE_METADATA, REFERENCE_METADATA_NAME, REFERENCE_METADATA_TYPE)VALUES('8986fa179363426e862793755ab4a4c4','SubjectInsuranceCd','FIELD','1046adb94bf34750a5305c76e49cbb6e','CommlPropertyInfo_Type','492c17f21c824e9eb0941751739aa22d','Risk','PRIMITIVE');
INSERT INTO PUBLIC.OBJECT_FIELD_METADATA (ID, NAME, METADATA_TYPE, PARENT_METADATA,PARENT_METADATA_NAME, REFERENCE_METADATA, REFERENCE_METADATA_NAME, REFERENCE_METADATA_TYPE)VALUES('9c5ba1f1c28a42e4b625f2f613d20232','CommlCoverage','MODEL_RELATION','1046adb94bf34750a5305c76e49cbb6e','CommlPropertyInfo_Type','d0675b4bbe674c1fa08297c27c3cb675','Coverage_Type','OBJECT');
INSERT INTO PUBLIC.OBJECT_FIELD_METADATA (ID, NAME, METADATA_TYPE, PARENT_METADATA,PARENT_METADATA_NAME, REFERENCE_METADATA, REFERENCE_METADATA_NAME, REFERENCE_METADATA_TYPE)VALUES('a82776aa7bf94df08155ad5081ae2119','ManufacturingArea','MODEL_RELATION','1046adb94bf34750a5305c76e49cbb6e','CommlPropertyInfo_Type','1df1057b06734b019460d9f8fb0a43b0','MEASUREMENT','OBJECT');
INSERT INTO PUBLIC.OBJECT_FIELD_METADATA (ID, NAME, METADATA_TYPE, PARENT_METADATA,PARENT_METADATA_NAME, REFERENCE_METADATA, REFERENCE_METADATA_NAME, REFERENCE_METADATA_TYPE)VALUES('c342a89192a342adaa60b85995e574b2','ISOTELIDNumber','FIELD','1046adb94bf34750a5305c76e49cbb6e','CommlPropertyInfo_Type','53b4c891108f4c4a9001ecd3b6a9fa11','C-15','PRIMITIVE');
INSERT INTO PUBLIC.OBJECT_FIELD_METADATA (ID, NAME, METADATA_TYPE, PARENT_METADATA,PARENT_METADATA_NAME, REFERENCE_METADATA, REFERENCE_METADATA_NAME, REFERENCE_METADATA_TYPE)VALUES('9cf594416b2b42a59fea4ca3761a6539','GroupIISymbolCd','FIELD','1046adb94bf34750a5305c76e49cbb6e','CommlPropertyInfo_Type','6240ce877a244a73a1253961131c6cc9','IndustryCode_Type','PRIMITIVE');
INSERT INTO PUBLIC.PRIMITIVE_METADATA (ID, NAME, METADATA_TYPE) VALUES('e4b6b19bd4e544c8926f9a3967d6140d','WiringType','PRIMITIVE');
INSERT INTO PUBLIC.OBJECT_FIELD_METADATA (ID, NAME, METADATA_TYPE, PARENT_METADATA,PARENT_METADATA_NAME, REFERENCE_METADATA, REFERENCE_METADATA_NAME, REFERENCE_METADATA_TYPE)VALUES('8e2ad598ab7748b5b9bfd1dc1064b452','WiringTypeCd','FIELD','1046adb94bf34750a5305c76e49cbb6e','CommlPropertyInfo_Type','e4b6b19bd4e544c8926f9a3967d6140d','WiringType','PRIMITIVE');
INSERT INTO PUBLIC.OBJECT_FIELD_METADATA (ID, NAME, METADATA_TYPE, PARENT_METADATA,PARENT_METADATA_NAME, REFERENCE_METADATA, REFERENCE_METADATA_NAME, REFERENCE_METADATA_TYPE)VALUES('7d911fa843fc46e5a8243678efb8317d','PropertyRateGroupCd','FIELD','1046adb94bf34750a5305c76e49cbb6e','CommlPropertyInfo_Type','6240ce877a244a73a1253961131c6cc9','IndustryCode_Type','PRIMITIVE');
INSERT INTO PUBLIC.OBJECT_FIELD_METADATA (ID, NAME, METADATA_TYPE, PARENT_METADATA,PARENT_METADATA_NAME, REFERENCE_METADATA, REFERENCE_METADATA_NAME, REFERENCE_METADATA_TYPE)VALUES('7843d50a91604ccdb0bf4ae7786df7b1','NumBathrooms','FIELD','1046adb94bf34750a5305c76e49cbb6e','CommlPropertyInfo_Type','838cab4e48a54d0bb23ca5ea9db454ab','Long','PRIMITIVE');
INSERT INTO PUBLIC.OBJECT_FIELD_METADATA (ID, NAME, METADATA_TYPE, PARENT_METADATA,PARENT_METADATA_NAME, REFERENCE_METADATA, REFERENCE_METADATA_NAME, REFERENCE_METADATA_TYPE)VALUES('e77c1a391ced4adaa28486467c5abde2','ValuationCd','FIELD','1046adb94bf34750a5305c76e49cbb6e','CommlPropertyInfo_Type','a21806a17c114d80a5a94e9d48045507','ValuationType','PRIMITIVE');
INSERT INTO PUBLIC.OBJECT_FIELD_METADATA (ID, NAME, METADATA_TYPE, PARENT_METADATA,PARENT_METADATA_NAME, REFERENCE_METADATA, REFERENCE_METADATA_NAME, REFERENCE_METADATA_TYPE)VALUES('19dad7ef514840cdb3bd1eeefc533fc0','Option','MODEL_RELATION','1046adb94bf34750a5305c76e49cbb6e','CommlPropertyInfo_Type','34faeda7272f49e7b231abf41023d6d8','Option_Type','OBJECT');
INSERT INTO PUBLIC.OBJECT_FIELD_METADATA (ID, NAME, METADATA_TYPE, PARENT_METADATA,PARENT_METADATA_NAME, REFERENCE_METADATA, REFERENCE_METADATA_NAME, REFERENCE_METADATA_TYPE)VALUES('509e4f0c1b4145be9c91269f6ba0b69f','BlanketNumber','FIELD','1046adb94bf34750a5305c76e49cbb6e','CommlPropertyInfo_Type','838cab4e48a54d0bb23ca5ea9db454ab','Long','PRIMITIVE');
INSERT INTO PUBLIC.OBJECT_FIELD_METADATA (ID, NAME, METADATA_TYPE, PARENT_METADATA,PARENT_METADATA_NAME, REFERENCE_METADATA, REFERENCE_METADATA_NAME, REFERENCE_METADATA_TYPE)VALUES('f3ff4af6bc99410cb46d5d8a6827662f','GroundFloorArea','MODEL_RELATION','1046adb94bf34750a5305c76e49cbb6e','CommlPropertyInfo_Type','1df1057b06734b019460d9f8fb0a43b0','MEASUREMENT','OBJECT');
INSERT INTO PUBLIC.OBJECT_FIELD_METADATA (ID, NAME, METADATA_TYPE, PARENT_METADATA,PARENT_METADATA_NAME, REFERENCE_METADATA, REFERENCE_METADATA_NAME, REFERENCE_METADATA_TYPE)VALUES('c965bfc40e7d44cc93399bdb08a37274','RoofConditionCd','FIELD','1046adb94bf34750a5305c76e49cbb6e','CommlPropertyInfo_Type','7b7fc008d69947e589c856bb3e5e7828','HousekeepingCondition','PRIMITIVE');
INSERT INTO PUBLIC.OBJECT_FIELD_METADATA (ID, NAME, METADATA_TYPE, PARENT_METADATA,PARENT_METADATA_NAME, REFERENCE_METADATA, REFERENCE_METADATA_NAME, REFERENCE_METADATA_TYPE)VALUES('2d04bb5ff35e4272b1537e2a17e51154','CommlPropertyInfo','MODEL_RELATION','efc5bfb8c67d4a88ae948f193ecf3716','PropertyInfo_Type','1046adb94bf34750a5305c76e49cbb6e','CommlPropertyInfo_Type','OBJECT');
INSERT INTO PUBLIC.OBJECT_FIELD_METADATA (ID, NAME, METADATA_TYPE, PARENT_METADATA,PARENT_METADATA_NAME, REFERENCE_METADATA, REFERENCE_METADATA_NAME, REFERENCE_METADATA_TYPE)VALUES('89794597e61248a19a79d2063e29861b','PropertyInfoExt','FIELD','efc5bfb8c67d4a88ae948f193ecf3716','PropertyInfo_Type',null,null,null);
INSERT INTO PUBLIC.OBJECT_METADATA (ID, NAME, METADATA_TYPE, REFERENCE_METADATA, REFERENCE_METADATA_NAME) VALUES('07f3b2395dc846a08911742027fa2ce9','GlassSignInfo_Type','OBJECT',null,null);
INSERT INTO PUBLIC.OBJECT_METADATA (ID, NAME, METADATA_TYPE, REFERENCE_METADATA, REFERENCE_METADATA_NAME) VALUES('b1d42204cf0f4e0daa35470cecdecc93','GlassSignUnderwriting_Type','OBJECT',null,null);
INSERT INTO PUBLIC.PRIMITIVE_METADATA (ID, NAME, METADATA_TYPE) VALUES('192e07eace8e437b87776a723dd8112c','BuildingUse','PRIMITIVE');
INSERT INTO PUBLIC.OBJECT_FIELD_METADATA (ID, NAME, METADATA_TYPE, PARENT_METADATA,PARENT_METADATA_NAME, REFERENCE_METADATA, REFERENCE_METADATA_NAME, REFERENCE_METADATA_TYPE)VALUES('c3fc8124fe4f4cfba9e3934c4e4a0c27','BldgUseCd','FIELD','b1d42204cf0f4e0daa35470cecdecc93','GlassSignUnderwriting_Type','192e07eace8e437b87776a723dd8112c','BuildingUse','PRIMITIVE');
INSERT INTO PUBLIC.OBJECT_FIELD_METADATA (ID, NAME, METADATA_TYPE, PARENT_METADATA,PARENT_METADATA_NAME, REFERENCE_METADATA, REFERENCE_METADATA_NAME, REFERENCE_METADATA_TYPE)VALUES('d323d89f66b24051bae8c3b10dd205c0','LetteringAmt','MODEL_RELATION','b1d42204cf0f4e0daa35470cecdecc93','GlassSignUnderwriting_Type','4fa89203e94a4637baa0484d19b460c5','CURRENCY','OBJECT');
INSERT INTO PUBLIC.OBJECT_FIELD_METADATA (ID, NAME, METADATA_TYPE, PARENT_METADATA,PARENT_METADATA_NAME, REFERENCE_METADATA, REFERENCE_METADATA_NAME, REFERENCE_METADATA_TYPE)VALUES('0f3bc10c59fc40f2ab4960cbe8f74590','UnusualSettingsAmt','MODEL_RELATION','b1d42204cf0f4e0daa35470cecdecc93','GlassSignUnderwriting_Type','4fa89203e94a4637baa0484d19b460c5','CURRENCY','OBJECT');
INSERT INTO PUBLIC.OBJECT_FIELD_METADATA (ID, NAME, METADATA_TYPE, PARENT_METADATA,PARENT_METADATA_NAME, REFERENCE_METADATA, REFERENCE_METADATA_NAME, REFERENCE_METADATA_TYPE)VALUES('b9ff50948bbc48e3a2d75242ade1988f','GlassSignUnderwritingExt','FIELD','b1d42204cf0f4e0daa35470cecdecc93','GlassSignUnderwriting_Type',null,null,null);
INSERT INTO PUBLIC.PRIMITIVE_METADATA (ID, NAME, METADATA_TYPE) VALUES('a304e1b25aad457998891cf9467596e2','ScheduleType','PRIMITIVE');
INSERT INTO PUBLIC.OBJECT_FIELD_METADATA (ID, NAME, METADATA_TYPE, PARENT_METADATA,PARENT_METADATA_NAME, REFERENCE_METADATA, REFERENCE_METADATA_NAME, REFERENCE_METADATA_TYPE)VALUES('2df7ea0648964b9fa171ea2c1a696bb8','ScheduleTypeCd','FIELD','b1d42204cf0f4e0daa35470cecdecc93','GlassSignUnderwriting_Type','a304e1b25aad457998891cf9467596e2','ScheduleType','PRIMITIVE');
INSERT INTO PUBLIC.OBJECT_FIELD_METADATA (ID, NAME, METADATA_TYPE, PARENT_METADATA,PARENT_METADATA_NAME, REFERENCE_METADATA, REFERENCE_METADATA_NAME, REFERENCE_METADATA_TYPE)VALUES('a31010c2014544a6a08829646e8225f9','TapeAmt','MODEL_RELATION','b1d42204cf0f4e0daa35470cecdecc93','GlassSignUnderwriting_Type','4fa89203e94a4637baa0484d19b460c5','CURRENCY','OBJECT');
INSERT INTO PUBLIC.OBJECT_FIELD_METADATA (ID, NAME, METADATA_TYPE, PARENT_METADATA,PARENT_METADATA_NAME, REFERENCE_METADATA, REFERENCE_METADATA_NAME, REFERENCE_METADATA_TYPE)VALUES('d73e875457cf4b5badb87ba2836c6144','GlassSignUnderwriting','MODEL_RELATION','07f3b2395dc846a08911742027fa2ce9','GlassSignInfo_Type','b1d42204cf0f4e0daa35470cecdecc93','GlassSignUnderwriting_Type','OBJECT');
INSERT INTO PUBLIC.OBJECT_METADATA (ID, NAME, METADATA_TYPE, REFERENCE_METADATA, REFERENCE_METADATA_NAME) VALUES('d55525d8ab1848aa9c076b2d6a39a75a','GlassSignSchedule_Type','OBJECT',null,null);
INSERT INTO PUBLIC.OBJECT_FIELD_METADATA (ID, NAME, METADATA_TYPE, PARENT_METADATA,PARENT_METADATA_NAME, REFERENCE_METADATA, REFERENCE_METADATA_NAME, REFERENCE_METADATA_TYPE)VALUES('05a94ab298a04dc88d30b4f8ffe52aa2','SafetyGlassInd','FIELD','d55525d8ab1848aa9c076b2d6a39a75a','GlassSignSchedule_Type','4ffb0bcc3ec946d1af3ef883f4c3a4e6','Boolean','PRIMITIVE');
INSERT INTO PUBLIC.OBJECT_FIELD_METADATA (ID, NAME, METADATA_TYPE, PARENT_METADATA,PARENT_METADATA_NAME, REFERENCE_METADATA, REFERENCE_METADATA_NAME, REFERENCE_METADATA_TYPE)VALUES('ec1852d5be684f2f8ff44b0f41280f6d','PlateSizeArea','MODEL_RELATION','d55525d8ab1848aa9c076b2d6a39a75a','GlassSignSchedule_Type','1df1057b06734b019460d9f8fb0a43b0','MEASUREMENT','OBJECT');
INSERT INTO PUBLIC.OBJECT_FIELD_METADATA (ID, NAME, METADATA_TYPE, PARENT_METADATA,PARENT_METADATA_NAME, REFERENCE_METADATA, REFERENCE_METADATA_NAME, REFERENCE_METADATA_TYPE)VALUES('d7053a641c194ca6a406eb990ebdad2e','NumMotelRooms','FIELD','d55525d8ab1848aa9c076b2d6a39a75a','GlassSignSchedule_Type','838cab4e48a54d0bb23ca5ea9db454ab','Long','PRIMITIVE');
INSERT INTO PUBLIC.OBJECT_FIELD_METADATA (ID, NAME, METADATA_TYPE, PARENT_METADATA,PARENT_METADATA_NAME, REFERENCE_METADATA, REFERENCE_METADATA_NAME, REFERENCE_METADATA_TYPE)VALUES('46e6e3f7e8154dff80e77465d7ea6918','ItemDesc','FIELD','d55525d8ab1848aa9c076b2d6a39a75a','GlassSignSchedule_Type','395c33ebbd5b40f0aee8a4f93dbedf31','C-Infinite','PRIMITIVE');
INSERT INTO PUBLIC.OBJECT_FIELD_METADATA (ID, NAME, METADATA_TYPE, PARENT_METADATA,PARENT_METADATA_NAME, REFERENCE_METADATA, REFERENCE_METADATA_NAME, REFERENCE_METADATA_TYPE)VALUES('b605bb3749c344a994abe5ff6c669df5','PlateSizeLength','MODEL_RELATION','d55525d8ab1848aa9c076b2d6a39a75a','GlassSignSchedule_Type','1df1057b06734b019460d9f8fb0a43b0','MEASUREMENT','OBJECT');
INSERT INTO PUBLIC.OBJECT_FIELD_METADATA (ID, NAME, METADATA_TYPE, PARENT_METADATA,PARENT_METADATA_NAME, REFERENCE_METADATA, REFERENCE_METADATA_NAME, REFERENCE_METADATA_TYPE)VALUES('7da10f2aa659485b9141b3c7a0ae855d','Coverage','MODEL_RELATION','d55525d8ab1848aa9c076b2d6a39a75a','GlassSignSchedule_Type','d0675b4bbe674c1fa08297c27c3cb675','Coverage_Type','OBJECT');
INSERT INTO PUBLIC.OBJECT_FIELD_METADATA (ID, NAME, METADATA_TYPE, PARENT_METADATA,PARENT_METADATA_NAME, REFERENCE_METADATA, REFERENCE_METADATA_NAME, REFERENCE_METADATA_TYPE)VALUES('e30e44dea0404580bd1e24a8b71700f3','ScheduleTypeCd','FIELD','d55525d8ab1848aa9c076b2d6a39a75a','GlassSignSchedule_Type','a304e1b25aad457998891cf9467596e2','ScheduleType','PRIMITIVE');
INSERT INTO PUBLIC.OBJECT_FIELD_METADATA (ID, NAME, METADATA_TYPE, PARENT_METADATA,PARENT_METADATA_NAME, REFERENCE_METADATA, REFERENCE_METADATA_NAME, REFERENCE_METADATA_TYPE)VALUES('aa36f5d2d1ba4bbd8bfe2f866c0c2179','GlassBldgInteriorInd','FIELD','d55525d8ab1848aa9c076b2d6a39a75a','GlassSignSchedule_Type','4ffb0bcc3ec946d1af3ef883f4c3a4e6','Boolean','PRIMITIVE');
INSERT INTO PUBLIC.OBJECT_FIELD_METADATA (ID, NAME, METADATA_TYPE, PARENT_METADATA,PARENT_METADATA_NAME, REFERENCE_METADATA, REFERENCE_METADATA_NAME, REFERENCE_METADATA_TYPE)VALUES('48293f40fe574020ad41afb1aeeb8b65','NumPlates','FIELD','d55525d8ab1848aa9c076b2d6a39a75a','GlassSignSchedule_Type','838cab4e48a54d0bb23ca5ea9db454ab','Long','PRIMITIVE');
INSERT INTO PUBLIC.OBJECT_FIELD_METADATA (ID, NAME, METADATA_TYPE, PARENT_METADATA,PARENT_METADATA_NAME, REFERENCE_METADATA, REFERENCE_METADATA_NAME, REFERENCE_METADATA_TYPE)VALUES('ab350012f0a34108bc6a753b602afd0a','GlassPositionAndUseInBldgCd','FIELD','d55525d8ab1848aa9c076b2d6a39a75a','GlassSignSchedule_Type','6240ce877a244a73a1253961131c6cc9','IndustryCode_Type','PRIMITIVE');
INSERT INTO PUBLIC.OBJECT_FIELD_METADATA (ID, NAME, METADATA_TYPE, PARENT_METADATA,PARENT_METADATA_NAME, REFERENCE_METADATA, REFERENCE_METADATA_NAME, REFERENCE_METADATA_TYPE)VALUES('69a230560cb3447d85a99e82e5222c85','GlassTenantsExteriorInd','FIELD','d55525d8ab1848aa9c076b2d6a39a75a','GlassSignSchedule_Type','4ffb0bcc3ec946d1af3ef883f4c3a4e6','Boolean','PRIMITIVE');
INSERT INTO PUBLIC.OBJECT_FIELD_METADATA (ID, NAME, METADATA_TYPE, PARENT_METADATA,PARENT_METADATA_NAME, REFERENCE_METADATA, REFERENCE_METADATA_NAME, REFERENCE_METADATA_TYPE)VALUES('d9272a1cbdae4647bb92f4a6608103c6','CommlCoverage','MODEL_RELATION','d55525d8ab1848aa9c076b2d6a39a75a','GlassSignSchedule_Type','d0675b4bbe674c1fa08297c27c3cb675','Coverage_Type','OBJECT');
INSERT INTO PUBLIC.OBJECT_FIELD_METADATA (ID, NAME, METADATA_TYPE, PARENT_METADATA,PARENT_METADATA_NAME, REFERENCE_METADATA, REFERENCE_METADATA_NAME, REFERENCE_METADATA_TYPE)VALUES('dd827080d8624608a7cda1d972aa8c4b','CoverageAvailable','MODEL_RELATION','d55525d8ab1848aa9c076b2d6a39a75a','GlassSignSchedule_Type','d0675b4bbe674c1fa08297c27c3cb675','Coverage_Type','OBJECT');
INSERT INTO PUBLIC.OBJECT_FIELD_METADATA (ID, NAME, METADATA_TYPE, PARENT_METADATA,PARENT_METADATA_NAME, REFERENCE_METADATA, REFERENCE_METADATA_NAME, REFERENCE_METADATA_TYPE)VALUES('398e502d7027499cbf69c941c33d196b','NumPlatesLargePlateLossPayment','FIELD','d55525d8ab1848aa9c076b2d6a39a75a','GlassSignSchedule_Type','838cab4e48a54d0bb23ca5ea9db454ab','Long','PRIMITIVE');
INSERT INTO PUBLIC.PRIMITIVE_METADATA (ID, NAME, METADATA_TYPE) VALUES('99df55052e3d46e1981e261c15502d6e','InsideOutside','PRIMITIVE');
INSERT INTO PUBLIC.OBJECT_FIELD_METADATA (ID, NAME, METADATA_TYPE, PARENT_METADATA,PARENT_METADATA_NAME, REFERENCE_METADATA, REFERENCE_METADATA_NAME, REFERENCE_METADATA_TYPE)VALUES('f85d3baa17414b62a39f601ed453671a','InsideOutsideSignCd','FIELD','d55525d8ab1848aa9c076b2d6a39a75a','GlassSignSchedule_Type','99df55052e3d46e1981e261c15502d6e','InsideOutside','PRIMITIVE');
INSERT INTO PUBLIC.OBJECT_FIELD_METADATA (ID, NAME, METADATA_TYPE, PARENT_METADATA,PARENT_METADATA_NAME, REFERENCE_METADATA, REFERENCE_METADATA_NAME, REFERENCE_METADATA_TYPE)VALUES('52a5cdab0b5c4e94a4e726968c07c451','Length','MODEL_RELATION','d55525d8ab1848aa9c076b2d6a39a75a','GlassSignSchedule_Type','1df1057b06734b019460d9f8fb0a43b0','MEASUREMENT','OBJECT');
INSERT INTO PUBLIC.OBJECT_FIELD_METADATA (ID, NAME, METADATA_TYPE, PARENT_METADATA,PARENT_METADATA_NAME, REFERENCE_METADATA, REFERENCE_METADATA_NAME, REFERENCE_METADATA_TYPE)VALUES('7afe9ed4bd504c38807a6556e193bafb','PlateSizeWidth','MODEL_RELATION','d55525d8ab1848aa9c076b2d6a39a75a','GlassSignSchedule_Type','1df1057b06734b019460d9f8fb0a43b0','MEASUREMENT','OBJECT');
INSERT INTO PUBLIC.OBJECT_FIELD_METADATA (ID, NAME, METADATA_TYPE, PARENT_METADATA,PARENT_METADATA_NAME, REFERENCE_METADATA, REFERENCE_METADATA_NAME, REFERENCE_METADATA_TYPE)VALUES('668bd255fd694367a2cf1f66195981d5','ItemValueAmt','MODEL_RELATION','d55525d8ab1848aa9c076b2d6a39a75a','GlassSignSchedule_Type','4fa89203e94a4637baa0484d19b460c5','CURRENCY','OBJECT');
INSERT INTO PUBLIC.OBJECT_FIELD_METADATA (ID, NAME, METADATA_TYPE, PARENT_METADATA,PARENT_METADATA_NAME, REFERENCE_METADATA, REFERENCE_METADATA_NAME, REFERENCE_METADATA_TYPE)VALUES('d99a56e71779415792b73403919b1710','KindGlassClassCd','FIELD','d55525d8ab1848aa9c076b2d6a39a75a','GlassSignSchedule_Type','6240ce877a244a73a1253961131c6cc9','IndustryCode_Type','PRIMITIVE');
INSERT INTO PUBLIC.OBJECT_FIELD_METADATA (ID, NAME, METADATA_TYPE, PARENT_METADATA,PARENT_METADATA_NAME, REFERENCE_METADATA, REFERENCE_METADATA_NAME, REFERENCE_METADATA_TYPE)VALUES('a06409f4ed5946e3af8ca6b751676eee','ItemIdInfo','MODEL_RELATION','d55525d8ab1848aa9c076b2d6a39a75a','GlassSignSchedule_Type','ba3be0e0317741b08f872c1fca47ad8f','ItemIdInfo_Type','OBJECT');
INSERT INTO PUBLIC.OBJECT_FIELD_METADATA (ID, NAME, METADATA_TYPE, PARENT_METADATA,PARENT_METADATA_NAME, REFERENCE_METADATA, REFERENCE_METADATA_NAME, REFERENCE_METADATA_TYPE)VALUES('bf40fd9882584f8f8fa80e4ed4556e88','UseAndPositionInBldgDesc','FIELD','d55525d8ab1848aa9c076b2d6a39a75a','GlassSignSchedule_Type','2344631100044813a5126adcfb93e80d','C-255','PRIMITIVE');
INSERT INTO PUBLIC.OBJECT_FIELD_METADATA (ID, NAME, METADATA_TYPE, PARENT_METADATA,PARENT_METADATA_NAME, REFERENCE_METADATA, REFERENCE_METADATA_NAME, REFERENCE_METADATA_TYPE)VALUES('23c1f302c78642cebedad676253b5a41','Link','MODEL_RELATION','d55525d8ab1848aa9c076b2d6a39a75a','GlassSignSchedule_Type','366dc9a89db94de3b92abf43ef1bf084','Link_Type','OBJECT');
INSERT INTO PUBLIC.OBJECT_FIELD_METADATA (ID, NAME, METADATA_TYPE, PARENT_METADATA,PARENT_METADATA_NAME, REFERENCE_METADATA, REFERENCE_METADATA_NAME, REFERENCE_METADATA_TYPE)VALUES('a7d901b02ef940c3b50ff77ea48d967a','GlassSignScheduleExt','FIELD','d55525d8ab1848aa9c076b2d6a39a75a','GlassSignSchedule_Type',null,null,null);
INSERT INTO PUBLIC.PRIMITIVE_METADATA (ID, NAME, METADATA_TYPE) VALUES('dc6f19f840774317a69eff1e237aa793','SignConstructionMaterial','PRIMITIVE');
INSERT INTO PUBLIC.OBJECT_FIELD_METADATA (ID, NAME, METADATA_TYPE, PARENT_METADATA,PARENT_METADATA_NAME, REFERENCE_METADATA, REFERENCE_METADATA_NAME, REFERENCE_METADATA_TYPE)VALUES('a08f8037ba864c02bb1ef55e0270f14b','SignConstructionMaterialCd','FIELD','d55525d8ab1848aa9c076b2d6a39a75a','GlassSignSchedule_Type','dc6f19f840774317a69eff1e237aa793','SignConstructionMaterial','PRIMITIVE');
INSERT INTO PUBLIC.OBJECT_FIELD_METADATA (ID, NAME, METADATA_TYPE, PARENT_METADATA,PARENT_METADATA_NAME, REFERENCE_METADATA, REFERENCE_METADATA_NAME, REFERENCE_METADATA_TYPE)VALUES('10f9f788a27b4e0eb5cfce253b2b9cf7','GlassSignSchedule','MODEL_RELATION','07f3b2395dc846a08911742027fa2ce9','GlassSignInfo_Type','d55525d8ab1848aa9c076b2d6a39a75a','GlassSignSchedule_Type','OBJECT');
INSERT INTO PUBLIC.OBJECT_FIELD_METADATA (ID, NAME, METADATA_TYPE, PARENT_METADATA,PARENT_METADATA_NAME, REFERENCE_METADATA, REFERENCE_METADATA_NAME, REFERENCE_METADATA_TYPE)VALUES('152011a8b76747cb9616dea437ab5278','GlassSignInfoExt','FIELD','07f3b2395dc846a08911742027fa2ce9','GlassSignInfo_Type',null,null,null);
INSERT INTO PUBLIC.OBJECT_FIELD_METADATA (ID, NAME, METADATA_TYPE, PARENT_METADATA,PARENT_METADATA_NAME, REFERENCE_METADATA, REFERENCE_METADATA_NAME, REFERENCE_METADATA_TYPE)VALUES('67fef4e28aab4fddb8050289cb78e442','GlassSignInfo','MODEL_RELATION','efc5bfb8c67d4a88ae948f193ecf3716','PropertyInfo_Type','07f3b2395dc846a08911742027fa2ce9','GlassSignInfo_Type','OBJECT');
INSERT INTO PUBLIC.OBJECT_METADATA (ID, NAME, METADATA_TYPE, REFERENCE_METADATA, REFERENCE_METADATA_NAME) VALUES('d83ce2808c974daaa8d801a8af3b5cb2','ItemDefinition_Type','OBJECT',null,null);
INSERT INTO PUBLIC.OBJECT_FIELD_METADATA (ID, NAME, METADATA_TYPE, PARENT_METADATA,PARENT_METADATA_NAME, REFERENCE_METADATA, REFERENCE_METADATA_NAME, REFERENCE_METADATA_TYPE)VALUES('9dabecdfa69947c08a3b028f1ed01987','SerialIdNumber','FIELD','d83ce2808c974daaa8d801a8af3b5cb2','ItemDefinition_Type','4aa23ceca9374701b7716d432173c7c2','C-50','PRIMITIVE');
INSERT INTO PUBLIC.PRIMITIVE_METADATA (ID, NAME, METADATA_TYPE) VALUES('ebbd3c5d997c4c269fde40c171ca98f1','CertifyingEntity','PRIMITIVE');
INSERT INTO PUBLIC.OBJECT_FIELD_METADATA (ID, NAME, METADATA_TYPE, PARENT_METADATA,PARENT_METADATA_NAME, REFERENCE_METADATA, REFERENCE_METADATA_NAME, REFERENCE_METADATA_TYPE)VALUES('cb5a918f2c534ebf865ab255ce337304','CertifyingEntityCd','FIELD','d83ce2808c974daaa8d801a8af3b5cb2','ItemDefinition_Type','ebbd3c5d997c4c269fde40c171ca98f1','CertifyingEntity','PRIMITIVE');
INSERT INTO PUBLIC.OBJECT_FIELD_METADATA (ID, NAME, METADATA_TYPE, PARENT_METADATA,PARENT_METADATA_NAME, REFERENCE_METADATA, REFERENCE_METADATA_NAME, REFERENCE_METADATA_TYPE)VALUES('e7b5a155626b4770b65caf678617ff9c','ItemDesc','FIELD','d83ce2808c974daaa8d801a8af3b5cb2','ItemDefinition_Type','395c33ebbd5b40f0aee8a4f93dbedf31','C-Infinite','PRIMITIVE');
INSERT INTO PUBLIC.OBJECT_FIELD_METADATA (ID, NAME, METADATA_TYPE, PARENT_METADATA,PARENT_METADATA_NAME, REFERENCE_METADATA, REFERENCE_METADATA_NAME, REFERENCE_METADATA_TYPE)VALUES('196ba682686342738eb8143d4bbd8786','ItemDefinitionExt','FIELD','d83ce2808c974daaa8d801a8af3b5cb2','ItemDefinition_Type',null,null,null);
INSERT INTO PUBLIC.PRIMITIVE_METADATA (ID, NAME, METADATA_TYPE) VALUES('74db24eba2f947ab956520fb91ac25af','ItemDefinitionType','PRIMITIVE');
INSERT INTO PUBLIC.OBJECT_FIELD_METADATA (ID, NAME, METADATA_TYPE, PARENT_METADATA,PARENT_METADATA_NAME, REFERENCE_METADATA, REFERENCE_METADATA_NAME, REFERENCE_METADATA_TYPE)VALUES('83e24e793d5a4ec593931dc36d56a478','ItemTypeCd','FIELD','d83ce2808c974daaa8d801a8af3b5cb2','ItemDefinition_Type','74db24eba2f947ab956520fb91ac25af','ItemDefinitionType','PRIMITIVE');
INSERT INTO PUBLIC.OBJECT_FIELD_METADATA (ID, NAME, METADATA_TYPE, PARENT_METADATA,PARENT_METADATA_NAME, REFERENCE_METADATA, REFERENCE_METADATA_NAME, REFERENCE_METADATA_TYPE)VALUES('292223a4bd894211be366203e8df0312','TransmissionSerialNumber','FIELD','d83ce2808c974daaa8d801a8af3b5cb2','ItemDefinition_Type','4aa23ceca9374701b7716d432173c7c2','C-50','PRIMITIVE');
INSERT INTO PUBLIC.OBJECT_FIELD_METADATA (ID, NAME, METADATA_TYPE, PARENT_METADATA,PARENT_METADATA_NAME, REFERENCE_METADATA, REFERENCE_METADATA_NAME, REFERENCE_METADATA_TYPE)VALUES('f6798cb1550c43d29f24e3e40c5ad85e','BodyTypeCd','FIELD','d83ce2808c974daaa8d801a8af3b5cb2','ItemDefinition_Type','bffd6f81bef947abb7faeb2fb50c3922','VehicleBodyType','PRIMITIVE');
INSERT INTO PUBLIC.OBJECT_FIELD_METADATA (ID, NAME, METADATA_TYPE, PARENT_METADATA,PARENT_METADATA_NAME, REFERENCE_METADATA, REFERENCE_METADATA_NAME, REFERENCE_METADATA_TYPE)VALUES('8575cae9b15241a49dd1ed6f91a5fb00','LeasedInd','FIELD','d83ce2808c974daaa8d801a8af3b5cb2','ItemDefinition_Type','4ffb0bcc3ec946d1af3ef883f4c3a4e6','Boolean','PRIMITIVE');
INSERT INTO PUBLIC.OBJECT_FIELD_METADATA (ID, NAME, METADATA_TYPE, PARENT_METADATA,PARENT_METADATA_NAME, REFERENCE_METADATA, REFERENCE_METADATA_NAME, REFERENCE_METADATA_TYPE)VALUES('fbd6df0f4e5448279803b8087269ce10','ChassisSerialNumber','FIELD','d83ce2808c974daaa8d801a8af3b5cb2','ItemDefinition_Type','4aa23ceca9374701b7716d432173c7c2','C-50','PRIMITIVE');
INSERT INTO PUBLIC.OBJECT_FIELD_METADATA (ID, NAME, METADATA_TYPE, PARENT_METADATA,PARENT_METADATA_NAME, REFERENCE_METADATA, REFERENCE_METADATA_NAME, REFERENCE_METADATA_TYPE)VALUES('80e5085ef5024f5494d0746f28a0aaef','ModelCd','FIELD','d83ce2808c974daaa8d801a8af3b5cb2','ItemDefinition_Type','6240ce877a244a73a1253961131c6cc9','IndustryCode_Type','PRIMITIVE');
INSERT INTO PUBLIC.OBJECT_FIELD_METADATA (ID, NAME, METADATA_TYPE, PARENT_METADATA,PARENT_METADATA_NAME, REFERENCE_METADATA, REFERENCE_METADATA_NAME, REFERENCE_METADATA_TYPE)VALUES('d1d45fef032c4f2f8a985ebfa7b547a6','Brand','FIELD','d83ce2808c974daaa8d801a8af3b5cb2','ItemDefinition_Type','cfc5e5d68dd74c73bb27b9f16b493df8','C-40','PRIMITIVE');
INSERT INTO PUBLIC.PRIMITIVE_METADATA (ID, NAME, METADATA_TYPE) VALUES('6247ee32126946b38ffaf93d0aa3d211','ManufactureMethod','PRIMITIVE');
INSERT INTO PUBLIC.OBJECT_FIELD_METADATA (ID, NAME, METADATA_TYPE, PARENT_METADATA,PARENT_METADATA_NAME, REFERENCE_METADATA, REFERENCE_METADATA_NAME, REFERENCE_METADATA_TYPE)VALUES('123449fcf5c24e5aa1486dc4e15cddcb','ManufactureMethodCd','FIELD','d83ce2808c974daaa8d801a8af3b5cb2','ItemDefinition_Type','6247ee32126946b38ffaf93d0aa3d211','ManufactureMethod','PRIMITIVE');
INSERT INTO PUBLIC.OBJECT_FIELD_METADATA (ID, NAME, METADATA_TYPE, PARENT_METADATA,PARENT_METADATA_NAME, REFERENCE_METADATA, REFERENCE_METADATA_NAME, REFERENCE_METADATA_TYPE)VALUES('979d4f5496e44ac0958c18558e20094d','Registration','MODEL_RELATION','d83ce2808c974daaa8d801a8af3b5cb2','ItemDefinition_Type','1f54c746f68040a5ae5875642bcffcf7','Registration_Type','OBJECT');
INSERT INTO PUBLIC.OBJECT_FIELD_METADATA (ID, NAME, METADATA_TYPE, PARENT_METADATA,PARENT_METADATA_NAME, REFERENCE_METADATA, REFERENCE_METADATA_NAME, REFERENCE_METADATA_TYPE)VALUES('3394bca6844d42c39bb0c44f6b964328','Manufacturer','FIELD','d83ce2808c974daaa8d801a8af3b5cb2','ItemDefinition_Type','4aa23ceca9374701b7716d432173c7c2','C-50','PRIMITIVE');
INSERT INTO PUBLIC.OBJECT_FIELD_METADATA (ID, NAME, METADATA_TYPE, PARENT_METADATA,PARENT_METADATA_NAME, REFERENCE_METADATA, REFERENCE_METADATA_NAME, REFERENCE_METADATA_TYPE)VALUES('f91b5924dcd24864aacdafb52f371af0','Model','FIELD','d83ce2808c974daaa8d801a8af3b5cb2','ItemDefinition_Type','4aa23ceca9374701b7716d432173c7c2','C-50','PRIMITIVE');
INSERT INTO PUBLIC.OBJECT_FIELD_METADATA (ID, NAME, METADATA_TYPE, PARENT_METADATA,PARENT_METADATA_NAME, REFERENCE_METADATA, REFERENCE_METADATA_NAME, REFERENCE_METADATA_TYPE)VALUES('209f6bd821cb499db580d9b5364c38a0','ManufacturerCd','FIELD','d83ce2808c974daaa8d801a8af3b5cb2','ItemDefinition_Type','6240ce877a244a73a1253961131c6cc9','IndustryCode_Type','PRIMITIVE');
INSERT INTO PUBLIC.OBJECT_FIELD_METADATA (ID, NAME, METADATA_TYPE, PARENT_METADATA,PARENT_METADATA_NAME, REFERENCE_METADATA, REFERENCE_METADATA_NAME, REFERENCE_METADATA_TYPE)VALUES('5f7b2d4d0f5043bd8f5f33b4c278f9aa','EngineSerialNumber','FIELD','d83ce2808c974daaa8d801a8af3b5cb2','ItemDefinition_Type','4aa23ceca9374701b7716d432173c7c2','C-50','PRIMITIVE');
INSERT INTO PUBLIC.OBJECT_FIELD_METADATA (ID, NAME, METADATA_TYPE, PARENT_METADATA,PARENT_METADATA_NAME, REFERENCE_METADATA, REFERENCE_METADATA_NAME, REFERENCE_METADATA_TYPE)VALUES('beee7ef9297f47d89c2272ed015a7314','ModelYear','FIELD','d83ce2808c974daaa8d801a8af3b5cb2','ItemDefinition_Type','838cab4e48a54d0bb23ca5ea9db454ab','Long','PRIMITIVE');
INSERT INTO PUBLIC.OBJECT_FIELD_METADATA (ID, NAME, METADATA_TYPE, PARENT_METADATA,PARENT_METADATA_NAME, REFERENCE_METADATA, REFERENCE_METADATA_NAME, REFERENCE_METADATA_TYPE)VALUES('34948d3ca3694c8f8cc07f56c85104ae','ItemDefinition','MODEL_RELATION','efc5bfb8c67d4a88ae948f193ecf3716','PropertyInfo_Type','d83ce2808c974daaa8d801a8af3b5cb2','ItemDefinition_Type','OBJECT');
INSERT INTO PUBLIC.OBJECT_FIELD_METADATA (ID, NAME, METADATA_TYPE, PARENT_METADATA,PARENT_METADATA_NAME, REFERENCE_METADATA, REFERENCE_METADATA_NAME, REFERENCE_METADATA_TYPE)VALUES('91e594c953774a199e297a2319fb5e45','Coverage','MODEL_RELATION','efc5bfb8c67d4a88ae948f193ecf3716','PropertyInfo_Type','d0675b4bbe674c1fa08297c27c3cb675','Coverage_Type','OBJECT');
INSERT INTO PUBLIC.OBJECT_METADATA (ID, NAME, METADATA_TYPE, REFERENCE_METADATA, REFERENCE_METADATA_NAME) VALUES('044ec9de83e647c39720c5fa1a0e3604','BlanketInfo_Type','OBJECT',null,null);
INSERT INTO PUBLIC.OBJECT_FIELD_METADATA (ID, NAME, METADATA_TYPE, PARENT_METADATA,PARENT_METADATA_NAME, REFERENCE_METADATA, REFERENCE_METADATA_NAME, REFERENCE_METADATA_TYPE)VALUES('049087a247984d46997f559b1dc4c6a6','CommlCoverage','MODEL_RELATION','044ec9de83e647c39720c5fa1a0e3604','BlanketInfo_Type','d0675b4bbe674c1fa08297c27c3cb675','Coverage_Type','OBJECT');
INSERT INTO PUBLIC.OBJECT_FIELD_METADATA (ID, NAME, METADATA_TYPE, PARENT_METADATA,PARENT_METADATA_NAME, REFERENCE_METADATA, REFERENCE_METADATA_NAME, REFERENCE_METADATA_TYPE)VALUES('2c67c60eec0e48b7a92050c1bceb381b','CoverageAvailable','MODEL_RELATION','044ec9de83e647c39720c5fa1a0e3604','BlanketInfo_Type','d0675b4bbe674c1fa08297c27c3cb675','Coverage_Type','OBJECT');
INSERT INTO PUBLIC.OBJECT_FIELD_METADATA (ID, NAME, METADATA_TYPE, PARENT_METADATA,PARENT_METADATA_NAME, REFERENCE_METADATA, REFERENCE_METADATA_NAME, REFERENCE_METADATA_TYPE)VALUES('31461d340b4744db9d63e776d4c4c127','InsurerSharePct','FIELD','044ec9de83e647c39720c5fa1a0e3604','BlanketInfo_Type','d68704d271534c0a935a3012147640c4','PercentDecimal','PRIMITIVE');
INSERT INTO PUBLIC.OBJECT_FIELD_METADATA (ID, NAME, METADATA_TYPE, PARENT_METADATA,PARENT_METADATA_NAME, REFERENCE_METADATA, REFERENCE_METADATA_NAME, REFERENCE_METADATA_TYPE)VALUES('df9ea2a4f6624990a793cf992b856ebd','BlanketInfoExt','FIELD','044ec9de83e647c39720c5fa1a0e3604','BlanketInfo_Type',null,null,null);
INSERT INTO PUBLIC.OBJECT_FIELD_METADATA (ID, NAME, METADATA_TYPE, PARENT_METADATA,PARENT_METADATA_NAME, REFERENCE_METADATA, REFERENCE_METADATA_NAME, REFERENCE_METADATA_TYPE)VALUES('fc5b9b8691294c7a8dab35e91bffc6e5','TotalInsuredValueAmt','MODEL_RELATION','044ec9de83e647c39720c5fa1a0e3604','BlanketInfo_Type','4fa89203e94a4637baa0484d19b460c5','CURRENCY','OBJECT');
INSERT INTO PUBLIC.OBJECT_FIELD_METADATA (ID, NAME, METADATA_TYPE, PARENT_METADATA,PARENT_METADATA_NAME, REFERENCE_METADATA, REFERENCE_METADATA_NAME, REFERENCE_METADATA_TYPE)VALUES('58ade8b473a74c29ae34cee0d9697cd2','BlanketTypeCd','FIELD','044ec9de83e647c39720c5fa1a0e3604','BlanketInfo_Type','492c17f21c824e9eb0941751739aa22d','Risk','PRIMITIVE');
INSERT INTO PUBLIC.OBJECT_FIELD_METADATA (ID, NAME, METADATA_TYPE, PARENT_METADATA,PARENT_METADATA_NAME, REFERENCE_METADATA, REFERENCE_METADATA_NAME, REFERENCE_METADATA_TYPE)VALUES('cb19574bb85f4baa9003bf00e9ab27c8','AgreedValueInd','FIELD','044ec9de83e647c39720c5fa1a0e3604','BlanketInfo_Type','4ffb0bcc3ec946d1af3ef883f4c3a4e6','Boolean','PRIMITIVE');
INSERT INTO PUBLIC.OBJECT_FIELD_METADATA (ID, NAME, METADATA_TYPE, PARENT_METADATA,PARENT_METADATA_NAME, REFERENCE_METADATA, REFERENCE_METADATA_NAME, REFERENCE_METADATA_TYPE)VALUES('6690f0b64381494e87f96e18cb9838b8','Coverage','MODEL_RELATION','044ec9de83e647c39720c5fa1a0e3604','BlanketInfo_Type','d0675b4bbe674c1fa08297c27c3cb675','Coverage_Type','OBJECT');
INSERT INTO PUBLIC.OBJECT_FIELD_METADATA (ID, NAME, METADATA_TYPE, PARENT_METADATA,PARENT_METADATA_NAME, REFERENCE_METADATA, REFERENCE_METADATA_NAME, REFERENCE_METADATA_TYPE)VALUES('efb3b080a6ef4039870f56e7face6c15','InsurerShareAmt','MODEL_RELATION','044ec9de83e647c39720c5fa1a0e3604','BlanketInfo_Type','4fa89203e94a4637baa0484d19b460c5','CURRENCY','OBJECT');
INSERT INTO PUBLIC.OBJECT_FIELD_METADATA (ID, NAME, METADATA_TYPE, PARENT_METADATA,PARENT_METADATA_NAME, REFERENCE_METADATA, REFERENCE_METADATA_NAME, REFERENCE_METADATA_TYPE)VALUES('2d0c157a205a4ff78238319e4bc728ec','InsuranceToValuePct','FIELD','044ec9de83e647c39720c5fa1a0e3604','BlanketInfo_Type','42787ecf7ebe44bdb047ebe0f2268d21','PercentLong','PRIMITIVE');
INSERT INTO PUBLIC.OBJECT_FIELD_METADATA (ID, NAME, METADATA_TYPE, PARENT_METADATA,PARENT_METADATA_NAME, REFERENCE_METADATA, REFERENCE_METADATA_NAME, REFERENCE_METADATA_TYPE)VALUES('0fb9773ffe554c0a9be4352249bf2020','BlanketNumber','FIELD','044ec9de83e647c39720c5fa1a0e3604','BlanketInfo_Type','838cab4e48a54d0bb23ca5ea9db454ab','Long','PRIMITIVE');
INSERT INTO PUBLIC.OBJECT_FIELD_METADATA (ID, NAME, METADATA_TYPE, PARENT_METADATA,PARENT_METADATA_NAME, REFERENCE_METADATA, REFERENCE_METADATA_NAME, REFERENCE_METADATA_TYPE)VALUES('edfaa5390a3b4f2ca42460e4028fc6e7','BlanketInfo','MODEL_RELATION','efc5bfb8c67d4a88ae948f193ecf3716','PropertyInfo_Type','044ec9de83e647c39720c5fa1a0e3604','BlanketInfo_Type','OBJECT');
INSERT INTO PUBLIC.OBJECT_METADATA (ID, NAME, METADATA_TYPE, REFERENCE_METADATA, REFERENCE_METADATA_NAME) VALUES('c02137e903df4586af72d3f07eb2b73a','CommlRateState_Type','OBJECT',null,null);
INSERT INTO PUBLIC.OBJECT_METADATA (ID, NAME, METADATA_TYPE, REFERENCE_METADATA, REFERENCE_METADATA_NAME) VALUES('cf7a7c3d0e7440cb9676d7f897423993','CommlAutoNonOwnedInfo_Type','OBJECT',null,null);
INSERT INTO PUBLIC.OBJECT_FIELD_METADATA (ID, NAME, METADATA_TYPE, PARENT_METADATA,PARENT_METADATA_NAME, REFERENCE_METADATA, REFERENCE_METADATA_NAME, REFERENCE_METADATA_TYPE)VALUES('c0e7b875bdfe4f778d1cacd13ad37335','IndividualLiabilityForEmployeesInd','FIELD','cf7a7c3d0e7440cb9676d7f897423993','CommlAutoNonOwnedInfo_Type','4ffb0bcc3ec946d1af3ef883f4c3a4e6','Boolean','PRIMITIVE');
INSERT INTO PUBLIC.OBJECT_FIELD_METADATA (ID, NAME, METADATA_TYPE, PARENT_METADATA,PARENT_METADATA_NAME, REFERENCE_METADATA, REFERENCE_METADATA_NAME, REFERENCE_METADATA_TYPE)VALUES('88e530773808494ebb82e5c99fcbb3cc','SocialServiceAgencyInd','FIELD','cf7a7c3d0e7440cb9676d7f897423993','CommlAutoNonOwnedInfo_Type','4ffb0bcc3ec946d1af3ef883f4c3a4e6','Boolean','PRIMITIVE');
INSERT INTO PUBLIC.OBJECT_FIELD_METADATA (ID, NAME, METADATA_TYPE, PARENT_METADATA,PARENT_METADATA_NAME, REFERENCE_METADATA, REFERENCE_METADATA_NAME, REFERENCE_METADATA_TYPE)VALUES('426630cb37eb4c4f86618e2ba5ea60ea','CommlAutoNonOwnedInfoExt','FIELD','cf7a7c3d0e7440cb9676d7f897423993','CommlAutoNonOwnedInfo_Type',null,null,null);
INSERT INTO PUBLIC.OBJECT_METADATA (ID, NAME, METADATA_TYPE, REFERENCE_METADATA, REFERENCE_METADATA_NAME) VALUES('ecab48d23493468283553304b4807fcc','NonOwnedInfo_Type','OBJECT',null,null);
INSERT INTO PUBLIC.OBJECT_FIELD_METADATA (ID, NAME, METADATA_TYPE, PARENT_METADATA,PARENT_METADATA_NAME, REFERENCE_METADATA, REFERENCE_METADATA_NAME, REFERENCE_METADATA_TYPE)VALUES('fb199db07e014eaebb55cc1e11cf47a2','CommlCoverage','MODEL_RELATION','ecab48d23493468283553304b4807fcc','NonOwnedInfo_Type','d0675b4bbe674c1fa08297c27c3cb675','Coverage_Type','OBJECT');
INSERT INTO PUBLIC.OBJECT_FIELD_METADATA (ID, NAME, METADATA_TYPE, PARENT_METADATA,PARENT_METADATA_NAME, REFERENCE_METADATA, REFERENCE_METADATA_NAME, REFERENCE_METADATA_TYPE)VALUES('939f0b09ca5e43b1a2319fbf6092dc1b','CoverageAvailable','MODEL_RELATION','ecab48d23493468283553304b4807fcc','NonOwnedInfo_Type','d0675b4bbe674c1fa08297c27c3cb675','Coverage_Type','OBJECT');
INSERT INTO PUBLIC.OBJECT_FIELD_METADATA (ID, NAME, METADATA_TYPE, PARENT_METADATA,PARENT_METADATA_NAME, REFERENCE_METADATA, REFERENCE_METADATA_NAME, REFERENCE_METADATA_TYPE)VALUES('aa55b6b3a130415aaed2c0b00c0f7201','CreditOrSurcharge','MODEL_RELATION','ecab48d23493468283553304b4807fcc','NonOwnedInfo_Type','ac7618a3e7974e27b3a4f0a5f2a22a98','PCCREDITSURCHARGE','OBJECT');
INSERT INTO PUBLIC.OBJECT_FIELD_METADATA (ID, NAME, METADATA_TYPE, PARENT_METADATA,PARENT_METADATA_NAME, REFERENCE_METADATA, REFERENCE_METADATA_NAME, REFERENCE_METADATA_TYPE)VALUES('612722d7441a453a95c4c64e6a7f5a62','NonOwnedClassCd','FIELD','ecab48d23493468283553304b4807fcc','NonOwnedInfo_Type','6240ce877a244a73a1253961131c6cc9','IndustryCode_Type','PRIMITIVE');
INSERT INTO PUBLIC.PRIMITIVE_METADATA (ID, NAME, METADATA_TYPE) VALUES('9ec86139ff284cfaa656522914998f43','NonOwnedAutoCategory','PRIMITIVE');
INSERT INTO PUBLIC.OBJECT_FIELD_METADATA (ID, NAME, METADATA_TYPE, PARENT_METADATA,PARENT_METADATA_NAME, REFERENCE_METADATA, REFERENCE_METADATA_NAME, REFERENCE_METADATA_TYPE)VALUES('acbad41d23f145eb80b1f948f82f15eb','NonOwnedGroupTypeCd','FIELD','ecab48d23493468283553304b4807fcc','NonOwnedInfo_Type','9ec86139ff284cfaa656522914998f43','NonOwnedAutoCategory','PRIMITIVE');
INSERT INTO PUBLIC.OBJECT_FIELD_METADATA (ID, NAME, METADATA_TYPE, PARENT_METADATA,PARENT_METADATA_NAME, REFERENCE_METADATA, REFERENCE_METADATA_NAME, REFERENCE_METADATA_TYPE)VALUES('c426a7d1ae2843c4b06528228070a07e','NonOwnedInfoExt','FIELD','ecab48d23493468283553304b4807fcc','NonOwnedInfo_Type',null,null,null);
INSERT INTO PUBLIC.OBJECT_FIELD_METADATA (ID, NAME, METADATA_TYPE, PARENT_METADATA,PARENT_METADATA_NAME, REFERENCE_METADATA, REFERENCE_METADATA_NAME, REFERENCE_METADATA_TYPE)VALUES('397578d530c5466bb8790615f07d5cc4','NumNonOwned','FIELD','ecab48d23493468283553304b4807fcc','NonOwnedInfo_Type','838cab4e48a54d0bb23ca5ea9db454ab','Long','PRIMITIVE');
INSERT INTO PUBLIC.OBJECT_FIELD_METADATA (ID, NAME, METADATA_TYPE, PARENT_METADATA,PARENT_METADATA_NAME, REFERENCE_METADATA, REFERENCE_METADATA_NAME, REFERENCE_METADATA_TYPE)VALUES('210bd7acd0b0458cb68617239cd692d6','NonOwnedPct','FIELD','ecab48d23493468283553304b4807fcc','NonOwnedInfo_Type','42787ecf7ebe44bdb047ebe0f2268d21','PercentLong','PRIMITIVE');
INSERT INTO PUBLIC.OBJECT_FIELD_METADATA (ID, NAME, METADATA_TYPE, PARENT_METADATA,PARENT_METADATA_NAME, REFERENCE_METADATA, REFERENCE_METADATA_NAME, REFERENCE_METADATA_TYPE)VALUES('81b4a21afa3f43bf95bdd10aa01bf18b','Coverage','MODEL_RELATION','ecab48d23493468283553304b4807fcc','NonOwnedInfo_Type','d0675b4bbe674c1fa08297c27c3cb675','Coverage_Type','OBJECT');
INSERT INTO PUBLIC.OBJECT_FIELD_METADATA (ID, NAME, METADATA_TYPE, PARENT_METADATA,PARENT_METADATA_NAME, REFERENCE_METADATA, REFERENCE_METADATA_NAME, REFERENCE_METADATA_TYPE)VALUES('d2c82e989fb54361908c363c81098a36','NonOwnedInfo','MODEL_RELATION','cf7a7c3d0e7440cb9676d7f897423993','CommlAutoNonOwnedInfo_Type','ecab48d23493468283553304b4807fcc','NonOwnedInfo_Type','OBJECT');
INSERT INTO PUBLIC.OBJECT_FIELD_METADATA (ID, NAME, METADATA_TYPE, PARENT_METADATA,PARENT_METADATA_NAME, REFERENCE_METADATA, REFERENCE_METADATA_NAME, REFERENCE_METADATA_TYPE)VALUES('fb19f3eedf124c77a49e6fbc1b7258f7','IndividualLiabilityForVolunteerInd','FIELD','cf7a7c3d0e7440cb9676d7f897423993','CommlAutoNonOwnedInfo_Type','4ffb0bcc3ec946d1af3ef883f4c3a4e6','Boolean','PRIMITIVE');
INSERT INTO PUBLIC.OBJECT_FIELD_METADATA (ID, NAME, METADATA_TYPE, PARENT_METADATA,PARENT_METADATA_NAME, REFERENCE_METADATA, REFERENCE_METADATA_NAME, REFERENCE_METADATA_TYPE)VALUES('1f57f201d242471abfa3a7571c798dd2','CommlAutoNonOwnedInfo','MODEL_RELATION','c02137e903df4586af72d3f07eb2b73a','CommlRateState_Type','cf7a7c3d0e7440cb9676d7f897423993','CommlAutoNonOwnedInfo_Type','OBJECT');
INSERT INTO PUBLIC.OBJECT_FIELD_METADATA (ID, NAME, METADATA_TYPE, PARENT_METADATA,PARENT_METADATA_NAME, REFERENCE_METADATA, REFERENCE_METADATA_NAME, REFERENCE_METADATA_TYPE)VALUES('49b55adac2994e10935f80574db84b37','CommlRateStateExt','FIELD','c02137e903df4586af72d3f07eb2b73a','CommlRateState_Type',null,null,null);
INSERT INTO PUBLIC.OBJECT_FIELD_METADATA (ID, NAME, METADATA_TYPE, PARENT_METADATA,PARENT_METADATA_NAME, REFERENCE_METADATA, REFERENCE_METADATA_NAME, REFERENCE_METADATA_TYPE)VALUES('2da428b7df92446bbbe70720bcd69730','Coverage','MODEL_RELATION','c02137e903df4586af72d3f07eb2b73a','CommlRateState_Type','d0675b4bbe674c1fa08297c27c3cb675','Coverage_Type','OBJECT');
INSERT INTO PUBLIC.OBJECT_METADATA (ID, NAME, METADATA_TYPE, REFERENCE_METADATA, REFERENCE_METADATA_NAME) VALUES('4ee87b01e9b34628aa0f8bf1c160eba6','CommlAutoDriveOtherCarInfo_Type','OBJECT',null,null);
INSERT INTO PUBLIC.OBJECT_FIELD_METADATA (ID, NAME, METADATA_TYPE, PARENT_METADATA,PARENT_METADATA_NAME, REFERENCE_METADATA, REFERENCE_METADATA_NAME, REFERENCE_METADATA_TYPE)VALUES('f10e48267bb844bc8a31aa7be0d36bc8','CommlCoverage','MODEL_RELATION','4ee87b01e9b34628aa0f8bf1c160eba6','CommlAutoDriveOtherCarInfo_Type','d0675b4bbe674c1fa08297c27c3cb675','Coverage_Type','OBJECT');
INSERT INTO PUBLIC.OBJECT_FIELD_METADATA (ID, NAME, METADATA_TYPE, PARENT_METADATA,PARENT_METADATA_NAME, REFERENCE_METADATA, REFERENCE_METADATA_NAME, REFERENCE_METADATA_TYPE)VALUES('766b22574e33493eab18602197af16b0','CoverageAvailable','MODEL_RELATION','4ee87b01e9b34628aa0f8bf1c160eba6','CommlAutoDriveOtherCarInfo_Type','d0675b4bbe674c1fa08297c27c3cb675','Coverage_Type','OBJECT');
INSERT INTO PUBLIC.OBJECT_FIELD_METADATA (ID, NAME, METADATA_TYPE, PARENT_METADATA,PARENT_METADATA_NAME, REFERENCE_METADATA, REFERENCE_METADATA_NAME, REFERENCE_METADATA_TYPE)VALUES('4e418fd178b54959a3ba459d58dde80f','CreditOrSurcharge','MODEL_RELATION','4ee87b01e9b34628aa0f8bf1c160eba6','CommlAutoDriveOtherCarInfo_Type','ac7618a3e7974e27b3a4f0a5f2a22a98','PCCREDITSURCHARGE','OBJECT');
INSERT INTO PUBLIC.OBJECT_FIELD_METADATA (ID, NAME, METADATA_TYPE, PARENT_METADATA,PARENT_METADATA_NAME, REFERENCE_METADATA, REFERENCE_METADATA_NAME, REFERENCE_METADATA_TYPE)VALUES('4e3099a2143346db9dda0254075bbee1','CommlAutoDriveOtherCarInfoExt','FIELD','4ee87b01e9b34628aa0f8bf1c160eba6','CommlAutoDriveOtherCarInfo_Type',null,null,null);
INSERT INTO PUBLIC.OBJECT_FIELD_METADATA (ID, NAME, METADATA_TYPE, PARENT_METADATA,PARENT_METADATA_NAME, REFERENCE_METADATA, REFERENCE_METADATA_NAME, REFERENCE_METADATA_TYPE)VALUES('ed34ae41d5074ebdb637387768858127','FinRespDOCCertInd','FIELD','4ee87b01e9b34628aa0f8bf1c160eba6','CommlAutoDriveOtherCarInfo_Type','4ffb0bcc3ec946d1af3ef883f4c3a4e6','Boolean','PRIMITIVE');
INSERT INTO PUBLIC.OBJECT_FIELD_METADATA (ID, NAME, METADATA_TYPE, PARENT_METADATA,PARENT_METADATA_NAME, REFERENCE_METADATA, REFERENCE_METADATA_NAME, REFERENCE_METADATA_TYPE)VALUES('6065bbf919804cd6b1daf19d35e846d9','NameInfo','MODEL_RELATION','4ee87b01e9b34628aa0f8bf1c160eba6','CommlAutoDriveOtherCarInfo_Type','02f87e48703e4070b19e633337850703','NameInfo_Type','OBJECT');
INSERT INTO PUBLIC.OBJECT_FIELD_METADATA (ID, NAME, METADATA_TYPE, PARENT_METADATA,PARENT_METADATA_NAME, REFERENCE_METADATA, REFERENCE_METADATA_NAME, REFERENCE_METADATA_TYPE)VALUES('7594444fc24a4f448f3bd96698eac644','NumIndividualsCovered','FIELD','4ee87b01e9b34628aa0f8bf1c160eba6','CommlAutoDriveOtherCarInfo_Type','838cab4e48a54d0bb23ca5ea9db454ab','Long','PRIMITIVE');
INSERT INTO PUBLIC.OBJECT_FIELD_METADATA (ID, NAME, METADATA_TYPE, PARENT_METADATA,PARENT_METADATA_NAME, REFERENCE_METADATA, REFERENCE_METADATA_NAME, REFERENCE_METADATA_TYPE)VALUES('e63c7c1de61f49c1a805ffa180fc185e','DOCClassCd','FIELD','4ee87b01e9b34628aa0f8bf1c160eba6','CommlAutoDriveOtherCarInfo_Type','6240ce877a244a73a1253961131c6cc9','IndustryCode_Type','PRIMITIVE');
INSERT INTO PUBLIC.OBJECT_FIELD_METADATA (ID, NAME, METADATA_TYPE, PARENT_METADATA,PARENT_METADATA_NAME, REFERENCE_METADATA, REFERENCE_METADATA_NAME, REFERENCE_METADATA_TYPE)VALUES('98c31179bdbf479994899ae56686560e','Coverage','MODEL_RELATION','4ee87b01e9b34628aa0f8bf1c160eba6','CommlAutoDriveOtherCarInfo_Type','d0675b4bbe674c1fa08297c27c3cb675','Coverage_Type','OBJECT');
INSERT INTO PUBLIC.OBJECT_METADATA (ID, NAME, METADATA_TYPE, REFERENCE_METADATA, REFERENCE_METADATA_NAME) VALUES('df5d5d7362e444499f6f87f4a987a7a4','FinancialResponsibilityFiling_Type','OBJECT',null,null);
INSERT INTO PUBLIC.OBJECT_FIELD_METADATA (ID, NAME, METADATA_TYPE, PARENT_METADATA,PARENT_METADATA_NAME, REFERENCE_METADATA, REFERENCE_METADATA_NAME, REFERENCE_METADATA_TYPE)VALUES('f16fcd988afe4bddb810596dd0473ecc','FinancialResponsibilityFilingExt','FIELD','df5d5d7362e444499f6f87f4a987a7a4','FinancialResponsibilityFiling_Type',null,null,null);
INSERT INTO PUBLIC.PRIMITIVE_METADATA (ID, NAME, METADATA_TYPE) VALUES('ead50c303cca4af7878f6c702cdb26e6','FinancialResponsibilityFilingStatus','PRIMITIVE');
INSERT INTO PUBLIC.OBJECT_FIELD_METADATA (ID, NAME, METADATA_TYPE, PARENT_METADATA,PARENT_METADATA_NAME, REFERENCE_METADATA, REFERENCE_METADATA_NAME, REFERENCE_METADATA_TYPE)VALUES('0255804e485b45a69ce6704d98ff6b56','FilingStatusCd','FIELD','df5d5d7362e444499f6f87f4a987a7a4','FinancialResponsibilityFiling_Type','ead50c303cca4af7878f6c702cdb26e6','FinancialResponsibilityFilingStatus','PRIMITIVE');
INSERT INTO PUBLIC.OBJECT_FIELD_METADATA (ID, NAME, METADATA_TYPE, PARENT_METADATA,PARENT_METADATA_NAME, REFERENCE_METADATA, REFERENCE_METADATA_NAME, REFERENCE_METADATA_TYPE)VALUES('88cc2caf101f4486b6ae5b5cfea34f0a','IncidentDt','FIELD','df5d5d7362e444499f6f87f4a987a7a4','FinancialResponsibilityFiling_Type','3b0a2ca6cf3a4fb19718e35aa60287cd','Date','PRIMITIVE');
INSERT INTO PUBLIC.OBJECT_FIELD_METADATA (ID, NAME, METADATA_TYPE, PARENT_METADATA,PARENT_METADATA_NAME, REFERENCE_METADATA, REFERENCE_METADATA_NAME, REFERENCE_METADATA_TYPE)VALUES('33841adee4bc4485ad3656d34e3d8b35','FinancialResponsibilityAmt','MODEL_RELATION','df5d5d7362e444499f6f87f4a987a7a4','FinancialResponsibilityFiling_Type','4fa89203e94a4637baa0484d19b460c5','CURRENCY','OBJECT');
INSERT INTO PUBLIC.PRIMITIVE_METADATA (ID, NAME, METADATA_TYPE) VALUES('a5a7be57252e4edb8bcb2bccb8ecbf70','DrivingRecord','PRIMITIVE');
INSERT INTO PUBLIC.OBJECT_FIELD_METADATA (ID, NAME, METADATA_TYPE, PARENT_METADATA,PARENT_METADATA_NAME, REFERENCE_METADATA, REFERENCE_METADATA_NAME, REFERENCE_METADATA_TYPE)VALUES('02041bfa2f4146039383b53d59ee6318','FilingReasonCd','FIELD','df5d5d7362e444499f6f87f4a987a7a4','FinancialResponsibilityFiling_Type','a5a7be57252e4edb8bcb2bccb8ecbf70','DrivingRecord','PRIMITIVE');
INSERT INTO PUBLIC.OBJECT_FIELD_METADATA (ID, NAME, METADATA_TYPE, PARENT_METADATA,PARENT_METADATA_NAME, REFERENCE_METADATA, REFERENCE_METADATA_NAME, REFERENCE_METADATA_TYPE)VALUES('0e18efdee21749a59cbd6781bdf254f3','FilingOriginalDt','FIELD','df5d5d7362e444499f6f87f4a987a7a4','FinancialResponsibilityFiling_Type','3b0a2ca6cf3a4fb19718e35aa60287cd','Date','PRIMITIVE');
INSERT INTO PUBLIC.OBJECT_FIELD_METADATA (ID, NAME, METADATA_TYPE, PARENT_METADATA,PARENT_METADATA_NAME, REFERENCE_METADATA, REFERENCE_METADATA_NAME, REFERENCE_METADATA_TYPE)VALUES('d4921b89cc45464c867700937424edb1','StateProvCd','FIELD','df5d5d7362e444499f6f87f4a987a7a4','FinancialResponsibilityFiling_Type','6240ce877a244a73a1253961131c6cc9','IndustryCode_Type','PRIMITIVE');
INSERT INTO PUBLIC.OBJECT_FIELD_METADATA (ID, NAME, METADATA_TYPE, PARENT_METADATA,PARENT_METADATA_NAME, REFERENCE_METADATA, REFERENCE_METADATA_NAME, REFERENCE_METADATA_TYPE)VALUES('66b486fe43d04cf28a517c95c0c04b8e','NameInfo','MODEL_RELATION','df5d5d7362e444499f6f87f4a987a7a4','FinancialResponsibilityFiling_Type','02f87e48703e4070b19e633337850703','NameInfo_Type','OBJECT');
INSERT INTO PUBLIC.OBJECT_FIELD_METADATA (ID, NAME, METADATA_TYPE, PARENT_METADATA,PARENT_METADATA_NAME, REFERENCE_METADATA, REFERENCE_METADATA_NAME, REFERENCE_METADATA_TYPE)VALUES('2de7ce2e00ad42a69b2ad11e058ddc44','ReasonForFilingDesc','FIELD','df5d5d7362e444499f6f87f4a987a7a4','FinancialResponsibilityFiling_Type','395c33ebbd5b40f0aee8a4f93dbedf31','C-Infinite','PRIMITIVE');
INSERT INTO PUBLIC.OBJECT_FIELD_METADATA (ID, NAME, METADATA_TYPE, PARENT_METADATA,PARENT_METADATA_NAME, REFERENCE_METADATA, REFERENCE_METADATA_NAME, REFERENCE_METADATA_TYPE)VALUES('4f00a9082587414db298f236f4ab147b','FilingFeeAmt','MODEL_RELATION','df5d5d7362e444499f6f87f4a987a7a4','FinancialResponsibilityFiling_Type','4fa89203e94a4637baa0484d19b460c5','CURRENCY','OBJECT');
INSERT INTO PUBLIC.PRIMITIVE_METADATA (ID, NAME, METADATA_TYPE) VALUES('15ebdbfc1e754c4a9371deae4d02d951','FilingType','PRIMITIVE');
INSERT INTO PUBLIC.OBJECT_FIELD_METADATA (ID, NAME, METADATA_TYPE, PARENT_METADATA,PARENT_METADATA_NAME, REFERENCE_METADATA, REFERENCE_METADATA_NAME, REFERENCE_METADATA_TYPE)VALUES('62fd3dd1e73741028b7e15e626871dd6','FilingRequiredByCd','FIELD','df5d5d7362e444499f6f87f4a987a7a4','FinancialResponsibilityFiling_Type','15ebdbfc1e754c4a9371deae4d02d951','FilingType','PRIMITIVE');
INSERT INTO PUBLIC.PRIMITIVE_METADATA (ID, NAME, METADATA_TYPE) VALUES('1a2b7e2f03fd4388b45d80db13c72301','FinancialResponsibilityFilings','PRIMITIVE');
INSERT INTO PUBLIC.OBJECT_FIELD_METADATA (ID, NAME, METADATA_TYPE, PARENT_METADATA,PARENT_METADATA_NAME, REFERENCE_METADATA, REFERENCE_METADATA_NAME, REFERENCE_METADATA_TYPE)VALUES('124a3768152a4a76ac8f47c71ce6ecfa','FilingCd','FIELD','df5d5d7362e444499f6f87f4a987a7a4','FinancialResponsibilityFiling_Type','1a2b7e2f03fd4388b45d80db13c72301','FinancialResponsibilityFilings','PRIMITIVE');
INSERT INTO PUBLIC.OBJECT_FIELD_METADATA (ID, NAME, METADATA_TYPE, PARENT_METADATA,PARENT_METADATA_NAME, REFERENCE_METADATA, REFERENCE_METADATA_NAME, REFERENCE_METADATA_TYPE)VALUES('b5e374cca56749f693d20cc2ac587d41','FilingTerm','MODEL_RELATION','df5d5d7362e444499f6f87f4a987a7a4','FinancialResponsibilityFiling_Type','2ba28904532b44bfb94bb9bca9b86a8a','DURATION','OBJECT');
INSERT INTO PUBLIC.OBJECT_FIELD_METADATA (ID, NAME, METADATA_TYPE, PARENT_METADATA,PARENT_METADATA_NAME, REFERENCE_METADATA, REFERENCE_METADATA_NAME, REFERENCE_METADATA_TYPE)VALUES('e28a598abe354b3791f7ab6454ff3300','FinancialResponsibilityFiling','MODEL_RELATION','4ee87b01e9b34628aa0f8bf1c160eba6','CommlAutoDriveOtherCarInfo_Type','df5d5d7362e444499f6f87f4a987a7a4','FinancialResponsibilityFiling_Type','OBJECT');
INSERT INTO PUBLIC.OBJECT_FIELD_METADATA (ID, NAME, METADATA_TYPE, PARENT_METADATA,PARENT_METADATA_NAME, REFERENCE_METADATA, REFERENCE_METADATA_NAME, REFERENCE_METADATA_TYPE)VALUES('6c5a756e49de4c86861733e9b42e8c28','CommlAutoDriveOtherCarInfo','MODEL_RELATION','c02137e903df4586af72d3f07eb2b73a','CommlRateState_Type','4ee87b01e9b34628aa0f8bf1c160eba6','CommlAutoDriveOtherCarInfo_Type','OBJECT');
INSERT INTO PUBLIC.OBJECT_FIELD_METADATA (ID, NAME, METADATA_TYPE, PARENT_METADATA,PARENT_METADATA_NAME, REFERENCE_METADATA, REFERENCE_METADATA_NAME, REFERENCE_METADATA_TYPE)VALUES('dd539126ae81450eb1843b8e10a79e2d','StateProvCd','FIELD','c02137e903df4586af72d3f07eb2b73a','CommlRateState_Type','6240ce877a244a73a1253961131c6cc9','IndustryCode_Type','PRIMITIVE');
INSERT INTO PUBLIC.OBJECT_FIELD_METADATA (ID, NAME, METADATA_TYPE, PARENT_METADATA,PARENT_METADATA_NAME, REFERENCE_METADATA, REFERENCE_METADATA_NAME, REFERENCE_METADATA_TYPE)VALUES('9d46347a99a94d7db796cf38c1441f1f','CommlVeh','MODEL_RELATION','c02137e903df4586af72d3f07eb2b73a','CommlRateState_Type','4c397cbda142445eb986a2c13d1482b8','Vehicle_Type','OBJECT');
INSERT INTO PUBLIC.OBJECT_FIELD_METADATA (ID, NAME, METADATA_TYPE, PARENT_METADATA,PARENT_METADATA_NAME, REFERENCE_METADATA, REFERENCE_METADATA_NAME, REFERENCE_METADATA_TYPE)VALUES('811ff17cd9cf46f4b33be2aa68016f18','Vehicle','MODEL_RELATION','c02137e903df4586af72d3f07eb2b73a','CommlRateState_Type','4c397cbda142445eb986a2c13d1482b8','Vehicle_Type','OBJECT');
INSERT INTO PUBLIC.OBJECT_FIELD_METADATA (ID, NAME, METADATA_TYPE, PARENT_METADATA,PARENT_METADATA_NAME, REFERENCE_METADATA, REFERENCE_METADATA_NAME, REFERENCE_METADATA_TYPE)VALUES('c81ac2f45d2b4294bc5cf1de0ddaf934','CommlCoverage','MODEL_RELATION','c02137e903df4586af72d3f07eb2b73a','CommlRateState_Type','d0675b4bbe674c1fa08297c27c3cb675','Coverage_Type','OBJECT');
INSERT INTO PUBLIC.OBJECT_FIELD_METADATA (ID, NAME, METADATA_TYPE, PARENT_METADATA,PARENT_METADATA_NAME, REFERENCE_METADATA, REFERENCE_METADATA_NAME, REFERENCE_METADATA_TYPE)VALUES('0f1c5efd7a1f4bc6af18759ec00bf1a6','CoverageAvailable','MODEL_RELATION','c02137e903df4586af72d3f07eb2b73a','CommlRateState_Type','d0675b4bbe674c1fa08297c27c3cb675','Coverage_Type','OBJECT');
INSERT INTO PUBLIC.OBJECT_METADATA (ID, NAME, METADATA_TYPE, REFERENCE_METADATA, REFERENCE_METADATA_NAME) VALUES('b99ccefc9b23434db0bf82a82ec26896','CommlAutoAdditionalClassInfo_Type','OBJECT',null,null);
INSERT INTO PUBLIC.OBJECT_FIELD_METADATA (ID, NAME, METADATA_TYPE, PARENT_METADATA,PARENT_METADATA_NAME, REFERENCE_METADATA, REFERENCE_METADATA_NAME, REFERENCE_METADATA_TYPE)VALUES('b34e6ee69a5245a0a475380cb16a0c48','NumDays','FIELD','b99ccefc9b23434db0bf82a82ec26896','CommlAutoAdditionalClassInfo_Type','838cab4e48a54d0bb23ca5ea9db454ab','Long','PRIMITIVE');
INSERT INTO PUBLIC.OBJECT_FIELD_METADATA (ID, NAME, METADATA_TYPE, PARENT_METADATA,PARENT_METADATA_NAME, REFERENCE_METADATA, REFERENCE_METADATA_NAME, REFERENCE_METADATA_TYPE)VALUES('2566a83122034c9ea79ea268d56f8490','CommlCoverage','MODEL_RELATION','b99ccefc9b23434db0bf82a82ec26896','CommlAutoAdditionalClassInfo_Type','d0675b4bbe674c1fa08297c27c3cb675','Coverage_Type','OBJECT');
INSERT INTO PUBLIC.OBJECT_FIELD_METADATA (ID, NAME, METADATA_TYPE, PARENT_METADATA,PARENT_METADATA_NAME, REFERENCE_METADATA, REFERENCE_METADATA_NAME, REFERENCE_METADATA_TYPE)VALUES('e2ff1a12c0054af2833d737bfc24eb28','CoverageAvailable','MODEL_RELATION','b99ccefc9b23434db0bf82a82ec26896','CommlAutoAdditionalClassInfo_Type','d0675b4bbe674c1fa08297c27c3cb675','Coverage_Type','OBJECT');
INSERT INTO PUBLIC.OBJECT_FIELD_METADATA (ID, NAME, METADATA_TYPE, PARENT_METADATA,PARENT_METADATA_NAME, REFERENCE_METADATA, REFERENCE_METADATA_NAME, REFERENCE_METADATA_TYPE)VALUES('2c6e3159b06144f5b10a3e3906f670f1','CreditOrSurcharge','MODEL_RELATION','b99ccefc9b23434db0bf82a82ec26896','CommlAutoAdditionalClassInfo_Type','ac7618a3e7974e27b3a4f0a5f2a22a98','PCCREDITSURCHARGE','OBJECT');
INSERT INTO PUBLIC.OBJECT_FIELD_METADATA (ID, NAME, METADATA_TYPE, PARENT_METADATA,PARENT_METADATA_NAME, REFERENCE_METADATA, REFERENCE_METADATA_NAME, REFERENCE_METADATA_TYPE)VALUES('5fcb3d5e606c44d08cd5c84d33c728f6','AdditionalClassCd','FIELD','b99ccefc9b23434db0bf82a82ec26896','CommlAutoAdditionalClassInfo_Type','6240ce877a244a73a1253961131c6cc9','IndustryCode_Type','PRIMITIVE');
INSERT INTO PUBLIC.OBJECT_FIELD_METADATA (ID, NAME, METADATA_TYPE, PARENT_METADATA,PARENT_METADATA_NAME, REFERENCE_METADATA, REFERENCE_METADATA_NAME, REFERENCE_METADATA_TYPE)VALUES('e72514941fa344cfa8fdb6f8f8a5a85c','NumVehs','FIELD','b99ccefc9b23434db0bf82a82ec26896','CommlAutoAdditionalClassInfo_Type','838cab4e48a54d0bb23ca5ea9db454ab','Long','PRIMITIVE');
INSERT INTO PUBLIC.OBJECT_FIELD_METADATA (ID, NAME, METADATA_TYPE, PARENT_METADATA,PARENT_METADATA_NAME, REFERENCE_METADATA, REFERENCE_METADATA_NAME, REFERENCE_METADATA_TYPE)VALUES('44d48184f4e74b3eb69584ffe20e976a','CommlAutoAdditionalClassInfoExt','FIELD','b99ccefc9b23434db0bf82a82ec26896','CommlAutoAdditionalClassInfo_Type',null,null,null);
INSERT INTO PUBLIC.OBJECT_FIELD_METADATA (ID, NAME, METADATA_TYPE, PARENT_METADATA,PARENT_METADATA_NAME, REFERENCE_METADATA, REFERENCE_METADATA_NAME, REFERENCE_METADATA_TYPE)VALUES('b8fa8648658a43089971aaadb3c4ee5c','NumIndividualsCovered','FIELD','b99ccefc9b23434db0bf82a82ec26896','CommlAutoAdditionalClassInfo_Type','838cab4e48a54d0bb23ca5ea9db454ab','Long','PRIMITIVE');
INSERT INTO PUBLIC.OBJECT_FIELD_METADATA (ID, NAME, METADATA_TYPE, PARENT_METADATA,PARENT_METADATA_NAME, REFERENCE_METADATA, REFERENCE_METADATA_NAME, REFERENCE_METADATA_TYPE)VALUES('3afc2a33c6b14b4b90956de7e14ee4fe','Coverage','MODEL_RELATION','b99ccefc9b23434db0bf82a82ec26896','CommlAutoAdditionalClassInfo_Type','d0675b4bbe674c1fa08297c27c3cb675','Coverage_Type','OBJECT');
INSERT INTO PUBLIC.OBJECT_FIELD_METADATA (ID, NAME, METADATA_TYPE, PARENT_METADATA,PARENT_METADATA_NAME, REFERENCE_METADATA, REFERENCE_METADATA_NAME, REFERENCE_METADATA_TYPE)VALUES('759fc71d03dc4b92804536e87d1e3f52','CommlAutoAdditionalClassInfo','MODEL_RELATION','c02137e903df4586af72d3f07eb2b73a','CommlRateState_Type','b99ccefc9b23434db0bf82a82ec26896','CommlAutoAdditionalClassInfo_Type','OBJECT');
INSERT INTO PUBLIC.OBJECT_METADATA (ID, NAME, METADATA_TYPE, REFERENCE_METADATA, REFERENCE_METADATA_NAME) VALUES('b4acb31ae4df4f34b26b1617f2d62f52','CommlAutoHiredInfo_Type','OBJECT',null,null);
INSERT INTO PUBLIC.OBJECT_FIELD_METADATA (ID, NAME, METADATA_TYPE, PARENT_METADATA,PARENT_METADATA_NAME, REFERENCE_METADATA, REFERENCE_METADATA_NAME, REFERENCE_METADATA_TYPE)VALUES('13c60ca5ed3547e7a02be94e30379cf6','TruckersIfAnyBasisInd','FIELD','b4acb31ae4df4f34b26b1617f2d62f52','CommlAutoHiredInfo_Type','4ffb0bcc3ec946d1af3ef883f4c3a4e6','Boolean','PRIMITIVE');
INSERT INTO PUBLIC.OBJECT_FIELD_METADATA (ID, NAME, METADATA_TYPE, PARENT_METADATA,PARENT_METADATA_NAME, REFERENCE_METADATA, REFERENCE_METADATA_NAME, REFERENCE_METADATA_TYPE)VALUES('14ab7931aa0940908f402e9c6ae973a1','Coverage','MODEL_RELATION','b4acb31ae4df4f34b26b1617f2d62f52','CommlAutoHiredInfo_Type','d0675b4bbe674c1fa08297c27c3cb675','Coverage_Type','OBJECT');
INSERT INTO PUBLIC.OBJECT_FIELD_METADATA (ID, NAME, METADATA_TYPE, PARENT_METADATA,PARENT_METADATA_NAME, REFERENCE_METADATA, REFERENCE_METADATA_NAME, REFERENCE_METADATA_TYPE)VALUES('c5575722976a429aa200e12da053778f','HiredLiabilityMinimumInd','FIELD','b4acb31ae4df4f34b26b1617f2d62f52','CommlAutoHiredInfo_Type','4ffb0bcc3ec946d1af3ef883f4c3a4e6','Boolean','PRIMITIVE');
INSERT INTO PUBLIC.OBJECT_FIELD_METADATA (ID, NAME, METADATA_TYPE, PARENT_METADATA,PARENT_METADATA_NAME, REFERENCE_METADATA, REFERENCE_METADATA_NAME, REFERENCE_METADATA_TYPE)VALUES('5c859ce0aca24afbb71a40d0d4a8ec7d','NumDays','FIELD','b4acb31ae4df4f34b26b1617f2d62f52','CommlAutoHiredInfo_Type','838cab4e48a54d0bb23ca5ea9db454ab','Long','PRIMITIVE');
INSERT INTO PUBLIC.OBJECT_FIELD_METADATA (ID, NAME, METADATA_TYPE, PARENT_METADATA,PARENT_METADATA_NAME, REFERENCE_METADATA, REFERENCE_METADATA_NAME, REFERENCE_METADATA_TYPE)VALUES('6c3db081d2aa4f96bf6f5074963aa5e5','CommlCoverage','MODEL_RELATION','b4acb31ae4df4f34b26b1617f2d62f52','CommlAutoHiredInfo_Type','d0675b4bbe674c1fa08297c27c3cb675','Coverage_Type','OBJECT');
INSERT INTO PUBLIC.OBJECT_FIELD_METADATA (ID, NAME, METADATA_TYPE, PARENT_METADATA,PARENT_METADATA_NAME, REFERENCE_METADATA, REFERENCE_METADATA_NAME, REFERENCE_METADATA_TYPE)VALUES('6c8d9855d133492887d1c4f54920028b','CoverageAvailable','MODEL_RELATION','b4acb31ae4df4f34b26b1617f2d62f52','CommlAutoHiredInfo_Type','d0675b4bbe674c1fa08297c27c3cb675','Coverage_Type','OBJECT');
INSERT INTO PUBLIC.OBJECT_FIELD_METADATA (ID, NAME, METADATA_TYPE, PARENT_METADATA,PARENT_METADATA_NAME, REFERENCE_METADATA, REFERENCE_METADATA_NAME, REFERENCE_METADATA_TYPE)VALUES('d17f4bfe95774ab89bad8b3222871d24','CreditOrSurcharge','MODEL_RELATION','b4acb31ae4df4f34b26b1617f2d62f52','CommlAutoHiredInfo_Type','ac7618a3e7974e27b3a4f0a5f2a22a98','PCCREDITSURCHARGE','OBJECT');
INSERT INTO PUBLIC.OBJECT_FIELD_METADATA (ID, NAME, METADATA_TYPE, PARENT_METADATA,PARENT_METADATA_NAME, REFERENCE_METADATA, REFERENCE_METADATA_NAME, REFERENCE_METADATA_TYPE)VALUES('174aa3c3b23e4a4fa8e70ebf06e73570','HiredLiabilityClassCd','FIELD','b4acb31ae4df4f34b26b1617f2d62f52','CommlAutoHiredInfo_Type','6240ce877a244a73a1253961131c6cc9','IndustryCode_Type','PRIMITIVE');
INSERT INTO PUBLIC.OBJECT_FIELD_METADATA (ID, NAME, METADATA_TYPE, PARENT_METADATA,PARENT_METADATA_NAME, REFERENCE_METADATA, REFERENCE_METADATA_NAME, REFERENCE_METADATA_TYPE)VALUES('87e404753f544f23af3368f615c85dda','TruckersHiredLiabilityCostAmt','MODEL_RELATION','b4acb31ae4df4f34b26b1617f2d62f52','CommlAutoHiredInfo_Type','4fa89203e94a4637baa0484d19b460c5','CURRENCY','OBJECT');
INSERT INTO PUBLIC.OBJECT_FIELD_METADATA (ID, NAME, METADATA_TYPE, PARENT_METADATA,PARENT_METADATA_NAME, REFERENCE_METADATA, REFERENCE_METADATA_NAME, REFERENCE_METADATA_TYPE)VALUES('6c0489135fb84fcea1ee67108ce0d68e','CommlAutoHiredInfoExt','FIELD','b4acb31ae4df4f34b26b1617f2d62f52','CommlAutoHiredInfo_Type',null,null,null);
INSERT INTO PUBLIC.OBJECT_FIELD_METADATA (ID, NAME, METADATA_TYPE, PARENT_METADATA,PARENT_METADATA_NAME, REFERENCE_METADATA, REFERENCE_METADATA_NAME, REFERENCE_METADATA_TYPE)VALUES('96cac8b4c2c24acb8652dceae4d392e1','HiredPhysicalDamageMinimumInd','FIELD','b4acb31ae4df4f34b26b1617f2d62f52','CommlAutoHiredInfo_Type','4ffb0bcc3ec946d1af3ef883f4c3a4e6','Boolean','PRIMITIVE');
INSERT INTO PUBLIC.OBJECT_FIELD_METADATA (ID, NAME, METADATA_TYPE, PARENT_METADATA,PARENT_METADATA_NAME, REFERENCE_METADATA, REFERENCE_METADATA_NAME, REFERENCE_METADATA_TYPE)VALUES('7d731dc57910442e95b4fa4762a3f98d','NumVehs','FIELD','b4acb31ae4df4f34b26b1617f2d62f52','CommlAutoHiredInfo_Type','838cab4e48a54d0bb23ca5ea9db454ab','Long','PRIMITIVE');
INSERT INTO PUBLIC.OBJECT_METADATA (ID, NAME, METADATA_TYPE, REFERENCE_METADATA, REFERENCE_METADATA_NAME) VALUES('934e25fccc2442b4bfb0832f8288c4a4','HiredLiabilityCostInfo_Type','OBJECT',null,null);
INSERT INTO PUBLIC.OBJECT_FIELD_METADATA (ID, NAME, METADATA_TYPE, PARENT_METADATA,PARENT_METADATA_NAME, REFERENCE_METADATA, REFERENCE_METADATA_NAME, REFERENCE_METADATA_TYPE)VALUES('7d5ded606222443589564064adfda1ea','OptionCd','FIELD','934e25fccc2442b4bfb0832f8288c4a4','HiredLiabilityCostInfo_Type','0f95b02b7be34210bab4d1afdc01cfb2','CoverageOption','PRIMITIVE');
INSERT INTO PUBLIC.OBJECT_FIELD_METADATA (ID, NAME, METADATA_TYPE, PARENT_METADATA,PARENT_METADATA_NAME, REFERENCE_METADATA, REFERENCE_METADATA_NAME, REFERENCE_METADATA_TYPE)VALUES('eb12e572ab9c45fbb97513f9906d3b91','HiredLiabilityCostAmt','MODEL_RELATION','934e25fccc2442b4bfb0832f8288c4a4','HiredLiabilityCostInfo_Type','4fa89203e94a4637baa0484d19b460c5','CURRENCY','OBJECT');
INSERT INTO PUBLIC.OBJECT_FIELD_METADATA (ID, NAME, METADATA_TYPE, PARENT_METADATA,PARENT_METADATA_NAME, REFERENCE_METADATA, REFERENCE_METADATA_NAME, REFERENCE_METADATA_TYPE)VALUES('ba912ab1798a426faac56b3baadf3c8c','IfAnyRatingBasisInd','FIELD','934e25fccc2442b4bfb0832f8288c4a4','HiredLiabilityCostInfo_Type','4ffb0bcc3ec946d1af3ef883f4c3a4e6','Boolean','PRIMITIVE');
INSERT INTO PUBLIC.OBJECT_FIELD_METADATA (ID, NAME, METADATA_TYPE, PARENT_METADATA,PARENT_METADATA_NAME, REFERENCE_METADATA, REFERENCE_METADATA_NAME, REFERENCE_METADATA_TYPE)VALUES('0dbdae6d0ee848438e312d380fd384d3','HiredLiabilityCostInfoExt','FIELD','934e25fccc2442b4bfb0832f8288c4a4','HiredLiabilityCostInfo_Type',null,null,null);
INSERT INTO PUBLIC.OBJECT_FIELD_METADATA (ID, NAME, METADATA_TYPE, PARENT_METADATA,PARENT_METADATA_NAME, REFERENCE_METADATA, REFERENCE_METADATA_NAME, REFERENCE_METADATA_TYPE)VALUES('de861580c11f464a8df77c52e81c7dd5','QuestionAnswer','MODEL_RELATION','934e25fccc2442b4bfb0832f8288c4a4','HiredLiabilityCostInfo_Type','152fefd4f3054b68b490c1af5c9c284c','QuestionAnswer_Type','OBJECT');
INSERT INTO PUBLIC.OBJECT_FIELD_METADATA (ID, NAME, METADATA_TYPE, PARENT_METADATA,PARENT_METADATA_NAME, REFERENCE_METADATA, REFERENCE_METADATA_NAME, REFERENCE_METADATA_TYPE)VALUES('fbf025bf273a4010b49ebdc3871c2e67','HiredLiabilityCostInfo','MODEL_RELATION','b4acb31ae4df4f34b26b1617f2d62f52','CommlAutoHiredInfo_Type','934e25fccc2442b4bfb0832f8288c4a4','HiredLiabilityCostInfo_Type','OBJECT');
INSERT INTO PUBLIC.OBJECT_FIELD_METADATA (ID, NAME, METADATA_TYPE, PARENT_METADATA,PARENT_METADATA_NAME, REFERENCE_METADATA, REFERENCE_METADATA_NAME, REFERENCE_METADATA_TYPE)VALUES('f2daf8ae0f86432fb8aa607b09f12cc6','HiredPhysicalDamageRate','FIELD','b4acb31ae4df4f34b26b1617f2d62f52','CommlAutoHiredInfo_Type','c896845db6f640c6bf65093333a64c69','Decimal','PRIMITIVE');
INSERT INTO PUBLIC.OBJECT_FIELD_METADATA (ID, NAME, METADATA_TYPE, PARENT_METADATA,PARENT_METADATA_NAME, REFERENCE_METADATA, REFERENCE_METADATA_NAME, REFERENCE_METADATA_TYPE)VALUES('049be209cd254f3f9aab14c3c3e350d5','HiredLiabilityRate','FIELD','b4acb31ae4df4f34b26b1617f2d62f52','CommlAutoHiredInfo_Type','c896845db6f640c6bf65093333a64c69','Decimal','PRIMITIVE');
INSERT INTO PUBLIC.OBJECT_FIELD_METADATA (ID, NAME, METADATA_TYPE, PARENT_METADATA,PARENT_METADATA_NAME, REFERENCE_METADATA, REFERENCE_METADATA_NAME, REFERENCE_METADATA_TYPE)VALUES('200a6c0caf5b4830ab5b0f97138a594b','HiredPhysicalDamageClassCd','FIELD','b4acb31ae4df4f34b26b1617f2d62f52','CommlAutoHiredInfo_Type','6240ce877a244a73a1253961131c6cc9','IndustryCode_Type','PRIMITIVE');
INSERT INTO PUBLIC.OBJECT_FIELD_METADATA (ID, NAME, METADATA_TYPE, PARENT_METADATA,PARENT_METADATA_NAME, REFERENCE_METADATA, REFERENCE_METADATA_NAME, REFERENCE_METADATA_TYPE)VALUES('125db9622746438c8fc5952b9c818b58','IfAnyRatingBasisInd','FIELD','b4acb31ae4df4f34b26b1617f2d62f52','CommlAutoHiredInfo_Type','4ffb0bcc3ec946d1af3ef883f4c3a4e6','Boolean','PRIMITIVE');
INSERT INTO PUBLIC.OBJECT_FIELD_METADATA (ID, NAME, METADATA_TYPE, PARENT_METADATA,PARENT_METADATA_NAME, REFERENCE_METADATA, REFERENCE_METADATA_NAME, REFERENCE_METADATA_TYPE)VALUES('d3183fc0988f4cee993db974ed59f236','HiredPhysicalDamageCostAmt','MODEL_RELATION','b4acb31ae4df4f34b26b1617f2d62f52','CommlAutoHiredInfo_Type','4fa89203e94a4637baa0484d19b460c5','CURRENCY','OBJECT');
INSERT INTO PUBLIC.OBJECT_FIELD_METADATA (ID, NAME, METADATA_TYPE, PARENT_METADATA,PARENT_METADATA_NAME, REFERENCE_METADATA, REFERENCE_METADATA_NAME, REFERENCE_METADATA_TYPE)VALUES('087baa01258d4499ad69a5fb811e27ec','CommlAutoHiredInfo','MODEL_RELATION','c02137e903df4586af72d3f07eb2b73a','CommlRateState_Type','b4acb31ae4df4f34b26b1617f2d62f52','CommlAutoHiredInfo_Type','OBJECT');
INSERT INTO PUBLIC.OBJECT_FIELD_METADATA (ID, NAME, METADATA_TYPE, PARENT_METADATA,PARENT_METADATA_NAME, REFERENCE_METADATA, REFERENCE_METADATA_NAME, REFERENCE_METADATA_TYPE)VALUES('ab2eef8abb404c5ea96c713b5e8f7235','WorkCompInd','FIELD','c02137e903df4586af72d3f07eb2b73a','CommlRateState_Type','4ffb0bcc3ec946d1af3ef883f4c3a4e6','Boolean','PRIMITIVE');
INSERT INTO PUBLIC.OBJECT_FIELD_METADATA (ID, NAME, METADATA_TYPE, PARENT_METADATA,PARENT_METADATA_NAME, REFERENCE_METADATA, REFERENCE_METADATA_NAME, REFERENCE_METADATA_TYPE)VALUES('207f632824b04ef2bac8d01934bf5f83','ItemIdInfo','MODEL_RELATION','c02137e903df4586af72d3f07eb2b73a','CommlRateState_Type','ba3be0e0317741b08f872c1fca47ad8f','ItemIdInfo_Type','OBJECT');
INSERT INTO PUBLIC.OBJECT_FIELD_METADATA (ID, NAME, METADATA_TYPE, PARENT_METADATA,PARENT_METADATA_NAME, REFERENCE_METADATA, REFERENCE_METADATA_NAME, REFERENCE_METADATA_TYPE)VALUES('c2b0d6cb96f24ed7ae332c5a018d393d','QuestionAnswer','MODEL_RELATION','c02137e903df4586af72d3f07eb2b73a','CommlRateState_Type','152fefd4f3054b68b490c1af5c9c284c','QuestionAnswer_Type','OBJECT');
INSERT INTO PUBLIC.OBJECT_FIELD_METADATA (ID, NAME, METADATA_TYPE, PARENT_METADATA,PARENT_METADATA_NAME, REFERENCE_METADATA, REFERENCE_METADATA_NAME, REFERENCE_METADATA_TYPE)VALUES('71770202246f4d6ea583330caa89be23','Link','MODEL_RELATION','c02137e903df4586af72d3f07eb2b73a','CommlRateState_Type','366dc9a89db94de3b92abf43ef1bf084','Link_Type','OBJECT');
INSERT INTO PUBLIC.OBJECT_FIELD_METADATA (ID, NAME, METADATA_TYPE, PARENT_METADATA,PARENT_METADATA_NAME, REFERENCE_METADATA, REFERENCE_METADATA_NAME, REFERENCE_METADATA_TYPE)VALUES('b674f81346f046758887967d476b658a','NAICCd','FIELD','c02137e903df4586af72d3f07eb2b73a','CommlRateState_Type','6240ce877a244a73a1253961131c6cc9','IndustryCode_Type','PRIMITIVE');
INSERT INTO PUBLIC.OBJECT_FIELD_METADATA (ID, NAME, METADATA_TYPE, PARENT_METADATA,PARENT_METADATA_NAME, REFERENCE_METADATA, REFERENCE_METADATA_NAME, REFERENCE_METADATA_TYPE)VALUES('6057e1f42913446696294502335ec9c9','CommlRateState','MODEL_RELATION','efc5bfb8c67d4a88ae948f193ecf3716','PropertyInfo_Type','c02137e903df4586af72d3f07eb2b73a','CommlRateState_Type','OBJECT');
INSERT INTO PUBLIC.OBJECT_FIELD_METADATA (ID, NAME, METADATA_TYPE, PARENT_METADATA,PARENT_METADATA_NAME, REFERENCE_METADATA, REFERENCE_METADATA_NAME, REFERENCE_METADATA_TYPE)VALUES('92b5d61a9d27428e8827a6846d8cadfd','PropertyInfo','MODEL_RELATION','5daf1a69671b49fcbd0e6a8dd024552d','CommlPropertyLineBusiness_Type','efc5bfb8c67d4a88ae948f193ecf3716','PropertyInfo_Type','OBJECT');
INSERT INTO PUBLIC.OBJECT_FIELD_METADATA (ID, NAME, METADATA_TYPE, PARENT_METADATA,PARENT_METADATA_NAME, REFERENCE_METADATA, REFERENCE_METADATA_NAME, REFERENCE_METADATA_TYPE)VALUES('381f3ade1ce9465cafb75c085e20bde9','QuestionAnswer','MODEL_RELATION','5daf1a69671b49fcbd0e6a8dd024552d','CommlPropertyLineBusiness_Type','152fefd4f3054b68b490c1af5c9c284c','QuestionAnswer_Type','OBJECT');
INSERT INTO PUBLIC.OBJECT_FIELD_METADATA (ID, NAME, METADATA_TYPE, PARENT_METADATA,PARENT_METADATA_NAME, REFERENCE_METADATA, REFERENCE_METADATA_NAME, REFERENCE_METADATA_TYPE)VALUES('c3a2ecef0c8d443aae678f6f79954975','NAICCd','FIELD','5daf1a69671b49fcbd0e6a8dd024552d','CommlPropertyLineBusiness_Type','6240ce877a244a73a1253961131c6cc9','IndustryCode_Type','PRIMITIVE');
INSERT INTO PUBLIC.OBJECT_FIELD_METADATA (ID, NAME, METADATA_TYPE, PARENT_METADATA,PARENT_METADATA_NAME, REFERENCE_METADATA, REFERENCE_METADATA_NAME, REFERENCE_METADATA_TYPE)VALUES('8e0849a44fc344668243e6a52f7cc34d','CommlPropertyLineBusiness','MODEL_RELATION','a8485aa8f7a7481b8828e638330f5291','Policy_Type','5daf1a69671b49fcbd0e6a8dd024552d','CommlPropertyLineBusiness_Type','MODEL');
INSERT INTO PUBLIC.OBJECT_METADATA (ID, NAME, METADATA_TYPE, REFERENCE_METADATA, REFERENCE_METADATA_NAME) VALUES('edbf07a4f2fe438b8cd036ff2dad23e9','CyberLiabilityLineBusiness_Type','MODEL',null,null);
INSERT INTO PUBLIC.OBJECT_FIELD_METADATA (ID, NAME, METADATA_TYPE, PARENT_METADATA,PARENT_METADATA_NAME, REFERENCE_METADATA, REFERENCE_METADATA_NAME, REFERENCE_METADATA_TYPE)VALUES('01bb554c9cba497cb1c2d47f65a1128d','WrittenAmt','MODEL_RELATION','edbf07a4f2fe438b8cd036ff2dad23e9','CyberLiabilityLineBusiness_Type','4fa89203e94a4637baa0484d19b460c5','CURRENCY','OBJECT');
INSERT INTO PUBLIC.OBJECT_FIELD_METADATA (ID, NAME, METADATA_TYPE, PARENT_METADATA,PARENT_METADATA_NAME, REFERENCE_METADATA, REFERENCE_METADATA_NAME, REFERENCE_METADATA_TYPE)VALUES('174fc532b2d249f4a9b95074f172945e','AdditionalInterest','MODEL_RELATION','edbf07a4f2fe438b8cd036ff2dad23e9','CyberLiabilityLineBusiness_Type','23a83d5912a54d0ca9b4669826684442','AdditionalInterest_Type','OBJECT');
INSERT INTO PUBLIC.OBJECT_FIELD_METADATA (ID, NAME, METADATA_TYPE, PARENT_METADATA,PARENT_METADATA_NAME, REFERENCE_METADATA, REFERENCE_METADATA_NAME, REFERENCE_METADATA_TYPE)VALUES('df3aedeb3ef140c88015ceb8a454734c','AuditInfo','MODEL_RELATION','edbf07a4f2fe438b8cd036ff2dad23e9','CyberLiabilityLineBusiness_Type','cafd893cc1ec4101a8df78b1c1a8c82e','AuditInfo_Type','OBJECT');
INSERT INTO PUBLIC.OBJECT_FIELD_METADATA (ID, NAME, METADATA_TYPE, PARENT_METADATA,PARENT_METADATA_NAME, REFERENCE_METADATA, REFERENCE_METADATA_NAME, REFERENCE_METADATA_TYPE)VALUES('3c78b4b7627b4ca781be6d9a5a1a7099','GrossReceipts','MODEL_RELATION','edbf07a4f2fe438b8cd036ff2dad23e9','CyberLiabilityLineBusiness_Type','fb9da0a4eea447c6a769d5cd2129c017','GrossReceipts_Type','OBJECT');
INSERT INTO PUBLIC.OBJECT_FIELD_METADATA (ID, NAME, METADATA_TYPE, PARENT_METADATA,PARENT_METADATA_NAME, REFERENCE_METADATA, REFERENCE_METADATA_NAME, REFERENCE_METADATA_TYPE)VALUES('9e1b64004b2d48a1a52f868d08a5d79e','MinPremInd','FIELD','edbf07a4f2fe438b8cd036ff2dad23e9','CyberLiabilityLineBusiness_Type','4ffb0bcc3ec946d1af3ef883f4c3a4e6','Boolean','PRIMITIVE');
INSERT INTO PUBLIC.OBJECT_FIELD_METADATA (ID, NAME, METADATA_TYPE, PARENT_METADATA,PARENT_METADATA_NAME, REFERENCE_METADATA, REFERENCE_METADATA_NAME, REFERENCE_METADATA_TYPE)VALUES('de8b61e1b20240cfb875c98eb14c31ab','HazardGradeInfo','MODEL_RELATION','edbf07a4f2fe438b8cd036ff2dad23e9','CyberLiabilityLineBusiness_Type','27cb6123ae2a4e5da40275f0c5716a86','HazardGradeInfo_Type','OBJECT');
INSERT INTO PUBLIC.OBJECT_FIELD_METADATA (ID, NAME, METADATA_TYPE, PARENT_METADATA,PARENT_METADATA_NAME, REFERENCE_METADATA, REFERENCE_METADATA_NAME, REFERENCE_METADATA_TYPE)VALUES('5aaf7ad4a9e540339efaaa3fc12fafe7','NetChangeAmt','MODEL_RELATION','edbf07a4f2fe438b8cd036ff2dad23e9','CyberLiabilityLineBusiness_Type','4fa89203e94a4637baa0484d19b460c5','CURRENCY','OBJECT');
INSERT INTO PUBLIC.OBJECT_FIELD_METADATA (ID, NAME, METADATA_TYPE, PARENT_METADATA,PARENT_METADATA_NAME, REFERENCE_METADATA, REFERENCE_METADATA_NAME, REFERENCE_METADATA_TYPE)VALUES('b2ebacc0ac6841de8bdce74fd3e3af1c','MinPremAmt','MODEL_RELATION','edbf07a4f2fe438b8cd036ff2dad23e9','CyberLiabilityLineBusiness_Type','4fa89203e94a4637baa0484d19b460c5','CURRENCY','OBJECT');
INSERT INTO PUBLIC.OBJECT_FIELD_METADATA (ID, NAME, METADATA_TYPE, PARENT_METADATA,PARENT_METADATA_NAME, REFERENCE_METADATA, REFERENCE_METADATA_NAME, REFERENCE_METADATA_TYPE)VALUES('3c43e93ffaf2424a9991bb5c9a98b81f','Coverage','MODEL_RELATION','edbf07a4f2fe438b8cd036ff2dad23e9','CyberLiabilityLineBusiness_Type','d0675b4bbe674c1fa08297c27c3cb675','Coverage_Type','OBJECT');
INSERT INTO PUBLIC.OBJECT_FIELD_METADATA (ID, NAME, METADATA_TYPE, PARENT_METADATA,PARENT_METADATA_NAME, REFERENCE_METADATA, REFERENCE_METADATA_NAME, REFERENCE_METADATA_TYPE)VALUES('0e3d4f41360c4dbca5bb488d09212e78','CurrentTermAmt','MODEL_RELATION','edbf07a4f2fe438b8cd036ff2dad23e9','CyberLiabilityLineBusiness_Type','4fa89203e94a4637baa0484d19b460c5','CURRENCY','OBJECT');
INSERT INTO PUBLIC.OBJECT_FIELD_METADATA (ID, NAME, METADATA_TYPE, PARENT_METADATA,PARENT_METADATA_NAME, REFERENCE_METADATA, REFERENCE_METADATA_NAME, REFERENCE_METADATA_TYPE)VALUES('e074d9b15a3b4bdd9fdbded38aa7636a','CompanyProductCd','FIELD','edbf07a4f2fe438b8cd036ff2dad23e9','CyberLiabilityLineBusiness_Type','6240ce877a244a73a1253961131c6cc9','IndustryCode_Type','PRIMITIVE');
INSERT INTO PUBLIC.OBJECT_FIELD_METADATA (ID, NAME, METADATA_TYPE, PARENT_METADATA,PARENT_METADATA_NAME, REFERENCE_METADATA, REFERENCE_METADATA_NAME, REFERENCE_METADATA_TYPE)VALUES('69073e45a0a04f3eb1fa481a206829ee','PMACd','FIELD','edbf07a4f2fe438b8cd036ff2dad23e9','CyberLiabilityLineBusiness_Type','6240ce877a244a73a1253961131c6cc9','IndustryCode_Type','PRIMITIVE');
INSERT INTO PUBLIC.OBJECT_FIELD_METADATA (ID, NAME, METADATA_TYPE, PARENT_METADATA,PARENT_METADATA_NAME, REFERENCE_METADATA, REFERENCE_METADATA_NAME, REFERENCE_METADATA_TYPE)VALUES('20e7494e5222436a9c4a2058e4720fb9','CyberLiabilityLineBusinessExt','FIELD','edbf07a4f2fe438b8cd036ff2dad23e9','CyberLiabilityLineBusiness_Type',null,null,null);
INSERT INTO PUBLIC.OBJECT_FIELD_METADATA (ID, NAME, METADATA_TYPE, PARENT_METADATA,PARENT_METADATA_NAME, REFERENCE_METADATA, REFERENCE_METADATA_NAME, REFERENCE_METADATA_TYPE)VALUES('0fb1358b56b6456380145e6998b5a5f9','LOBSubCd','FIELD','edbf07a4f2fe438b8cd036ff2dad23e9','CyberLiabilityLineBusiness_Type','8376159ebcf44685b36391928a67e333','LineOfBusinessSubCode','PRIMITIVE');
INSERT INTO PUBLIC.OBJECT_FIELD_METADATA (ID, NAME, METADATA_TYPE, PARENT_METADATA,PARENT_METADATA_NAME, REFERENCE_METADATA, REFERENCE_METADATA_NAME, REFERENCE_METADATA_TYPE)VALUES('ac8d7f1ef3e24bce9bf9e85d1ead2c5e','GroupId','FIELD','edbf07a4f2fe438b8cd036ff2dad23e9','CyberLiabilityLineBusiness_Type','3da4bbbc6bf44d5f941e647b8e8408dc','AssignedIdentifier','PRIMITIVE');
INSERT INTO PUBLIC.OBJECT_FIELD_METADATA (ID, NAME, METADATA_TYPE, PARENT_METADATA,PARENT_METADATA_NAME, REFERENCE_METADATA, REFERENCE_METADATA_NAME, REFERENCE_METADATA_TYPE)VALUES('b3670c196697443cbe72ef9bfe929df5','CommlCoverage','MODEL_RELATION','edbf07a4f2fe438b8cd036ff2dad23e9','CyberLiabilityLineBusiness_Type','d0675b4bbe674c1fa08297c27c3cb675','Coverage_Type','OBJECT');
INSERT INTO PUBLIC.OBJECT_FIELD_METADATA (ID, NAME, METADATA_TYPE, PARENT_METADATA,PARENT_METADATA_NAME, REFERENCE_METADATA, REFERENCE_METADATA_NAME, REFERENCE_METADATA_TYPE)VALUES('ec0b8856dc2146f8a351b5be105b2c62','CoverageAvailable','MODEL_RELATION','edbf07a4f2fe438b8cd036ff2dad23e9','CyberLiabilityLineBusiness_Type','d0675b4bbe674c1fa08297c27c3cb675','Coverage_Type','OBJECT');
INSERT INTO PUBLIC.PRIMITIVE_METADATA (ID, NAME, METADATA_TYPE) VALUES('ecb06c65e7db434a861593b9d8c765d1','PCILevelCode','PRIMITIVE');
INSERT INTO PUBLIC.OBJECT_FIELD_METADATA (ID, NAME, METADATA_TYPE, PARENT_METADATA,PARENT_METADATA_NAME, REFERENCE_METADATA, REFERENCE_METADATA_NAME, REFERENCE_METADATA_TYPE)VALUES('859d24eca81b47d8bc12b0702f0a6095','PCICd','FIELD','edbf07a4f2fe438b8cd036ff2dad23e9','CyberLiabilityLineBusiness_Type','ecb06c65e7db434a861593b9d8c765d1','PCILevelCode','PRIMITIVE');
INSERT INTO PUBLIC.OBJECT_FIELD_METADATA (ID, NAME, METADATA_TYPE, PARENT_METADATA,PARENT_METADATA_NAME, REFERENCE_METADATA, REFERENCE_METADATA_NAME, REFERENCE_METADATA_TYPE)VALUES('9d0e98f5b91345bfa730003f398ce07a','LOBCd','FIELD','edbf07a4f2fe438b8cd036ff2dad23e9','CyberLiabilityLineBusiness_Type','3b75decf3cfc42c496d4405220659cf0','LineOfBusiness','PRIMITIVE');
INSERT INTO PUBLIC.OBJECT_FIELD_METADATA (ID, NAME, METADATA_TYPE, PARENT_METADATA,PARENT_METADATA_NAME, REFERENCE_METADATA, REFERENCE_METADATA_NAME, REFERENCE_METADATA_TYPE)VALUES('043ac275ea9b4ca9b45dfb2bc6aabe99','HazardGradeCd','FIELD','edbf07a4f2fe438b8cd036ff2dad23e9','CyberLiabilityLineBusiness_Type','6240ce877a244a73a1253961131c6cc9','IndustryCode_Type','PRIMITIVE');
INSERT INTO PUBLIC.OBJECT_FIELD_METADATA (ID, NAME, METADATA_TYPE, PARENT_METADATA,PARENT_METADATA_NAME, REFERENCE_METADATA, REFERENCE_METADATA_NAME, REFERENCE_METADATA_TYPE)VALUES('32388def80b749bf80b615d4d9e733bd','RateEffectiveDt','FIELD','edbf07a4f2fe438b8cd036ff2dad23e9','CyberLiabilityLineBusiness_Type','3b0a2ca6cf3a4fb19718e35aa60287cd','Date','PRIMITIVE');
INSERT INTO PUBLIC.OBJECT_FIELD_METADATA (ID, NAME, METADATA_TYPE, PARENT_METADATA,PARENT_METADATA_NAME, REFERENCE_METADATA, REFERENCE_METADATA_NAME, REFERENCE_METADATA_TYPE)VALUES('f559ebdcc1ac479db38db161883ddd57','MiscParty','MODEL_RELATION','edbf07a4f2fe438b8cd036ff2dad23e9','CyberLiabilityLineBusiness_Type','0a76585a8ae342d897387f29800d50c8','MiscParty_Type','OBJECT');
INSERT INTO PUBLIC.OBJECT_FIELD_METADATA (ID, NAME, METADATA_TYPE, PARENT_METADATA,PARENT_METADATA_NAME, REFERENCE_METADATA, REFERENCE_METADATA_NAME, REFERENCE_METADATA_TYPE)VALUES('4ca1a585d4194594a106390fd4361070','QuestionAnswer','MODEL_RELATION','edbf07a4f2fe438b8cd036ff2dad23e9','CyberLiabilityLineBusiness_Type','152fefd4f3054b68b490c1af5c9c284c','QuestionAnswer_Type','OBJECT');
INSERT INTO PUBLIC.OBJECT_FIELD_METADATA (ID, NAME, METADATA_TYPE, PARENT_METADATA,PARENT_METADATA_NAME, REFERENCE_METADATA, REFERENCE_METADATA_NAME, REFERENCE_METADATA_TYPE)VALUES('939b499856854502b51b593fb34081dc','NAICCd','FIELD','edbf07a4f2fe438b8cd036ff2dad23e9','CyberLiabilityLineBusiness_Type','6240ce877a244a73a1253961131c6cc9','IndustryCode_Type','PRIMITIVE');
INSERT INTO PUBLIC.OBJECT_FIELD_METADATA (ID, NAME, METADATA_TYPE, PARENT_METADATA,PARENT_METADATA_NAME, REFERENCE_METADATA, REFERENCE_METADATA_NAME, REFERENCE_METADATA_TYPE)VALUES('f7652d6dd16f4c97940cffe0bca32c85','CyberLiabilityLineBusiness','MODEL_RELATION','a8485aa8f7a7481b8828e638330f5291','Policy_Type','edbf07a4f2fe438b8cd036ff2dad23e9','CyberLiabilityLineBusiness_Type','MODEL');
INSERT INTO PUBLIC.OBJECT_METADATA (ID, NAME, METADATA_TYPE, REFERENCE_METADATA, REFERENCE_METADATA_NAME) VALUES('b7736a6842b84aa7bd1111e061970ec7','QuoteInfo_Type','OBJECT',null,null);
INSERT INTO PUBLIC.OBJECT_FIELD_METADATA (ID, NAME, METADATA_TYPE, PARENT_METADATA,PARENT_METADATA_NAME, REFERENCE_METADATA, REFERENCE_METADATA_NAME, REFERENCE_METADATA_TYPE)VALUES('0e07ece5bf474fd5b3225ad05ab27a9b','InsuredFullToBePaidAmt','MODEL_RELATION','b7736a6842b84aa7bd1111e061970ec7','QuoteInfo_Type','4fa89203e94a4637baa0484d19b460c5','CURRENCY','OBJECT');
INSERT INTO PUBLIC.OBJECT_FIELD_METADATA (ID, NAME, METADATA_TYPE, PARENT_METADATA,PARENT_METADATA_NAME, REFERENCE_METADATA, REFERENCE_METADATA_NAME, REFERENCE_METADATA_TYPE)VALUES('17e08fab6f984c3bb750bba7ae764d94','InitialQuoteRequestDt','FIELD','b7736a6842b84aa7bd1111e061970ec7','QuoteInfo_Type','3b0a2ca6cf3a4fb19718e35aa60287cd','Date','PRIMITIVE');
INSERT INTO PUBLIC.OBJECT_FIELD_METADATA (ID, NAME, METADATA_TYPE, PARENT_METADATA,PARENT_METADATA_NAME, REFERENCE_METADATA, REFERENCE_METADATA_NAME, REFERENCE_METADATA_TYPE)VALUES('b591f7c1f5ae422ea23fd411751cf9e6','Description','FIELD','b7736a6842b84aa7bd1111e061970ec7','QuoteInfo_Type','2344631100044813a5126adcfb93e80d','C-255','PRIMITIVE');
INSERT INTO PUBLIC.OBJECT_FIELD_METADATA (ID, NAME, METADATA_TYPE, PARENT_METADATA,PARENT_METADATA_NAME, REFERENCE_METADATA, REFERENCE_METADATA_NAME, REFERENCE_METADATA_TYPE)VALUES('5f63ce17bd7347a6a37301d33f07e4ba','QuoteDeclinationReason','FIELD','b7736a6842b84aa7bd1111e061970ec7','QuoteInfo_Type','2344631100044813a5126adcfb93e80d','C-255','PRIMITIVE');
INSERT INTO PUBLIC.OBJECT_FIELD_METADATA (ID, NAME, METADATA_TYPE, PARENT_METADATA,PARENT_METADATA_NAME, REFERENCE_METADATA, REFERENCE_METADATA_NAME, REFERENCE_METADATA_TYPE)VALUES('0cf6c66f82ff41ff85a2319f0efb58f9','QuotePreparedDt','FIELD','b7736a6842b84aa7bd1111e061970ec7','QuoteInfo_Type','3b0a2ca6cf3a4fb19718e35aa60287cd','Date','PRIMITIVE');
INSERT INTO PUBLIC.OBJECT_FIELD_METADATA (ID, NAME, METADATA_TYPE, PARENT_METADATA,PARENT_METADATA_NAME, REFERENCE_METADATA, REFERENCE_METADATA_NAME, REFERENCE_METADATA_TYPE)VALUES('612b1210f2de4a3489cc2389eacdc568','CoverageConditionsInd','FIELD','b7736a6842b84aa7bd1111e061970ec7','QuoteInfo_Type','4ffb0bcc3ec946d1af3ef883f4c3a4e6','Boolean','PRIMITIVE');
INSERT INTO PUBLIC.OBJECT_FIELD_METADATA (ID, NAME, METADATA_TYPE, PARENT_METADATA,PARENT_METADATA_NAME, REFERENCE_METADATA, REFERENCE_METADATA_NAME, REFERENCE_METADATA_TYPE)VALUES('837578f42bb44dd0b9ea779a7c8ee538','CoverageDeclinedInd','FIELD','b7736a6842b84aa7bd1111e061970ec7','QuoteInfo_Type','4ffb0bcc3ec946d1af3ef883f4c3a4e6','Boolean','PRIMITIVE');
INSERT INTO PUBLIC.OBJECT_FIELD_METADATA (ID, NAME, METADATA_TYPE, PARENT_METADATA,PARENT_METADATA_NAME, REFERENCE_METADATA, REFERENCE_METADATA_NAME, REFERENCE_METADATA_TYPE)VALUES('dbf0a4ecf67a40f1adb0d14456d734ee','IterationNumber','FIELD','b7736a6842b84aa7bd1111e061970ec7','QuoteInfo_Type','838cab4e48a54d0bb23ca5ea9db454ab','Long','PRIMITIVE');
INSERT INTO PUBLIC.OBJECT_FIELD_METADATA (ID, NAME, METADATA_TYPE, PARENT_METADATA,PARENT_METADATA_NAME, REFERENCE_METADATA, REFERENCE_METADATA_NAME, REFERENCE_METADATA_TYPE)VALUES('9a95b5eba49f4fa2b390b881acb054fe','QuoteDeclinedInd','FIELD','b7736a6842b84aa7bd1111e061970ec7','QuoteInfo_Type','4ffb0bcc3ec946d1af3ef883f4c3a4e6','Boolean','PRIMITIVE');
INSERT INTO PUBLIC.OBJECT_FIELD_METADATA (ID, NAME, METADATA_TYPE, PARENT_METADATA,PARENT_METADATA_NAME, REFERENCE_METADATA, REFERENCE_METADATA_NAME, REFERENCE_METADATA_TYPE)VALUES('80f9d11a7e6f4b3a8c60e1da0618c643','CoverageConditionsReason','FIELD','b7736a6842b84aa7bd1111e061970ec7','QuoteInfo_Type','2344631100044813a5126adcfb93e80d','C-255','PRIMITIVE');
INSERT INTO PUBLIC.OBJECT_FIELD_METADATA (ID, NAME, METADATA_TYPE, PARENT_METADATA,PARENT_METADATA_NAME, REFERENCE_METADATA, REFERENCE_METADATA_NAME, REFERENCE_METADATA_TYPE)VALUES('c94edd5f9fe444a6b9e5a28f428054f1','QuoteInfoExt','FIELD','b7736a6842b84aa7bd1111e061970ec7','QuoteInfo_Type',null,null,null);
INSERT INTO PUBLIC.OBJECT_FIELD_METADATA (ID, NAME, METADATA_TYPE, PARENT_METADATA,PARENT_METADATA_NAME, REFERENCE_METADATA, REFERENCE_METADATA_NAME, REFERENCE_METADATA_TYPE)VALUES('1e6a56f01c714338a4c15f947cb341cc','QuoteConditionsReason','FIELD','b7736a6842b84aa7bd1111e061970ec7','QuoteInfo_Type','2344631100044813a5126adcfb93e80d','C-255','PRIMITIVE');
INSERT INTO PUBLIC.PRIMITIVE_METADATA (ID, NAME, METADATA_TYPE) VALUES('13f7c3ea7b76474d80fa279b354f07bc','C-36','PRIMITIVE');
INSERT INTO PUBLIC.OBJECT_FIELD_METADATA (ID, NAME, METADATA_TYPE, PARENT_METADATA,PARENT_METADATA_NAME, REFERENCE_METADATA, REFERENCE_METADATA_NAME, REFERENCE_METADATA_TYPE)VALUES('f3cf08aa8cea4c2dae084ccc41731ae2','CompanysQuoteNumber','FIELD','b7736a6842b84aa7bd1111e061970ec7','QuoteInfo_Type','13f7c3ea7b76474d80fa279b354f07bc','C-36','PRIMITIVE');
INSERT INTO PUBLIC.OBJECT_FIELD_METADATA (ID, NAME, METADATA_TYPE, PARENT_METADATA,PARENT_METADATA_NAME, REFERENCE_METADATA, REFERENCE_METADATA_NAME, REFERENCE_METADATA_TYPE)VALUES('954bd268d8c342838c017a9da43372b7','QuoteConditionsInd','FIELD','b7736a6842b84aa7bd1111e061970ec7','QuoteInfo_Type','4ffb0bcc3ec946d1af3ef883f4c3a4e6','Boolean','PRIMITIVE');
INSERT INTO PUBLIC.OBJECT_FIELD_METADATA (ID, NAME, METADATA_TYPE, PARENT_METADATA,PARENT_METADATA_NAME, REFERENCE_METADATA, REFERENCE_METADATA_NAME, REFERENCE_METADATA_TYPE)VALUES('76402ab166454100ae13d79f7d981351','ItemIdInfo','MODEL_RELATION','b7736a6842b84aa7bd1111e061970ec7','QuoteInfo_Type','ba3be0e0317741b08f872c1fca47ad8f','ItemIdInfo_Type','OBJECT');
INSERT INTO PUBLIC.OBJECT_FIELD_METADATA (ID, NAME, METADATA_TYPE, PARENT_METADATA,PARENT_METADATA_NAME, REFERENCE_METADATA, REFERENCE_METADATA_NAME, REFERENCE_METADATA_TYPE)VALUES('1d2e519fdeec47eab1d3425006631b29','CoverageDeclinationReason','FIELD','b7736a6842b84aa7bd1111e061970ec7','QuoteInfo_Type','2344631100044813a5126adcfb93e80d','C-255','PRIMITIVE');
INSERT INTO PUBLIC.OBJECT_FIELD_METADATA (ID, NAME, METADATA_TYPE, PARENT_METADATA,PARENT_METADATA_NAME, REFERENCE_METADATA, REFERENCE_METADATA_NAME, REFERENCE_METADATA_TYPE)VALUES('0999f2d0efe44e3c825bcd96f7ebd095','QuoteValidUntilDt','FIELD','b7736a6842b84aa7bd1111e061970ec7','QuoteInfo_Type','3b0a2ca6cf3a4fb19718e35aa60287cd','Date','PRIMITIVE');
INSERT INTO PUBLIC.OBJECT_FIELD_METADATA (ID, NAME, METADATA_TYPE, PARENT_METADATA,PARENT_METADATA_NAME, REFERENCE_METADATA, REFERENCE_METADATA_NAME, REFERENCE_METADATA_TYPE)VALUES('6104b5619bc24d60ba544689e7d98372','QuoteInfo','MODEL_RELATION','a8485aa8f7a7481b8828e638330f5291','Policy_Type','b7736a6842b84aa7bd1111e061970ec7','QuoteInfo_Type','OBJECT');
INSERT INTO PUBLIC.OBJECT_METADATA (ID, NAME, METADATA_TYPE, REFERENCE_METADATA, REFERENCE_METADATA_NAME) VALUES('174aae062e2b430589ae39df49747b66','CancelNonRenewInfo_Type','OBJECT',null,null);
INSERT INTO PUBLIC.PRIMITIVE_METADATA (ID, NAME, METADATA_TYPE) VALUES('51d94e0d4fac4f4ca81f31435f3feca4','CycleBusinessPurpose','PRIMITIVE');
INSERT INTO PUBLIC.OBJECT_FIELD_METADATA (ID, NAME, METADATA_TYPE, PARENT_METADATA,PARENT_METADATA_NAME, REFERENCE_METADATA, REFERENCE_METADATA_NAME, REFERENCE_METADATA_TYPE)VALUES('04ea58916877401e845a87d45dcff860','BusinessPurposeTypeCd','FIELD','174aae062e2b430589ae39df49747b66','CancelNonRenewInfo_Type','51d94e0d4fac4f4ca81f31435f3feca4','CycleBusinessPurpose','PRIMITIVE');
INSERT INTO PUBLIC.OBJECT_FIELD_METADATA (ID, NAME, METADATA_TYPE, PARENT_METADATA,PARENT_METADATA_NAME, REFERENCE_METADATA, REFERENCE_METADATA_NAME, REFERENCE_METADATA_TYPE)VALUES('5bb4df6b61a34e6ba6882945f2bd0469','PolicyPaidToDt','FIELD','174aae062e2b430589ae39df49747b66','CancelNonRenewInfo_Type','3b0a2ca6cf3a4fb19718e35aa60287cd','Date','PRIMITIVE');
INSERT INTO PUBLIC.OBJECT_FIELD_METADATA (ID, NAME, METADATA_TYPE, PARENT_METADATA,PARENT_METADATA_NAME, REFERENCE_METADATA, REFERENCE_METADATA_NAME, REFERENCE_METADATA_TYPE)VALUES('f653cbba43fc4c97a3019f7f93bf7bfc','NumDaysCancelLegal','FIELD','174aae062e2b430589ae39df49747b66','CancelNonRenewInfo_Type','838cab4e48a54d0bb23ca5ea9db454ab','Long','PRIMITIVE');
INSERT INTO PUBLIC.OBJECT_FIELD_METADATA (ID, NAME, METADATA_TYPE, PARENT_METADATA,PARENT_METADATA_NAME, REFERENCE_METADATA, REFERENCE_METADATA_NAME, REFERENCE_METADATA_TYPE)VALUES('4707145ccdb54cfda018ec1577c27f41','SubjectToAuditInd','FIELD','174aae062e2b430589ae39df49747b66','CancelNonRenewInfo_Type','4ffb0bcc3ec946d1af3ef883f4c3a4e6','Boolean','PRIMITIVE');
INSERT INTO PUBLIC.PRIMITIVE_METADATA (ID, NAME, METADATA_TYPE) VALUES('f4f7898c87294ea5a0dedae46bfe3fd0','CancellationReason','PRIMITIVE');
INSERT INTO PUBLIC.OBJECT_FIELD_METADATA (ID, NAME, METADATA_TYPE, PARENT_METADATA,PARENT_METADATA_NAME, REFERENCE_METADATA, REFERENCE_METADATA_NAME, REFERENCE_METADATA_TYPE)VALUES('64b63378b6a947739b9e22cef5d28446','CancelReasonCd','FIELD','174aae062e2b430589ae39df49747b66','CancelNonRenewInfo_Type','f4f7898c87294ea5a0dedae46bfe3fd0','CancellationReason','PRIMITIVE');
INSERT INTO PUBLIC.OBJECT_FIELD_METADATA (ID, NAME, METADATA_TYPE, PARENT_METADATA,PARENT_METADATA_NAME, REFERENCE_METADATA, REFERENCE_METADATA_NAME, REFERENCE_METADATA_TYPE)VALUES('6f3db00311e24965aa8a7732f30c2007','SubjectToMinPremInd','FIELD','174aae062e2b430589ae39df49747b66','CancelNonRenewInfo_Type','4ffb0bcc3ec946d1af3ef883f4c3a4e6','Boolean','PRIMITIVE');
INSERT INTO PUBLIC.PRIMITIVE_METADATA (ID, NAME, METADATA_TYPE) VALUES('2bf73955a9124d7bafffa437fcdea107','CancellationType','PRIMITIVE');
INSERT INTO PUBLIC.OBJECT_FIELD_METADATA (ID, NAME, METADATA_TYPE, PARENT_METADATA,PARENT_METADATA_NAME, REFERENCE_METADATA, REFERENCE_METADATA_NAME, REFERENCE_METADATA_TYPE)VALUES('96587e1185544d8aa58f0d89e893e322','CancellationTypeCd','FIELD','174aae062e2b430589ae39df49747b66','CancelNonRenewInfo_Type','2bf73955a9124d7bafffa437fcdea107','CancellationType','PRIMITIVE');
INSERT INTO PUBLIC.PRIMITIVE_METADATA (ID, NAME, METADATA_TYPE) VALUES('9bafdf6baf1343b8a4f9aaa897d5e7d5','CancelEvidenceObtained','PRIMITIVE');
INSERT INTO PUBLIC.OBJECT_FIELD_METADATA (ID, NAME, METADATA_TYPE, PARENT_METADATA,PARENT_METADATA_NAME, REFERENCE_METADATA, REFERENCE_METADATA_NAME, REFERENCE_METADATA_TYPE)VALUES('abb42e51e9124264a392a356007bef46','CancelEvidenceObtainedCd','FIELD','174aae062e2b430589ae39df49747b66','CancelNonRenewInfo_Type','9bafdf6baf1343b8a4f9aaa897d5e7d5','CancelEvidenceObtained','PRIMITIVE');
INSERT INTO PUBLIC.PRIMITIVE_METADATA (ID, NAME, METADATA_TYPE) VALUES('38be2890d1624f188db4f23865b7d0a5','RequestorType','PRIMITIVE');
INSERT INTO PUBLIC.OBJECT_FIELD_METADATA (ID, NAME, METADATA_TYPE, PARENT_METADATA,PARENT_METADATA_NAME, REFERENCE_METADATA, REFERENCE_METADATA_NAME, REFERENCE_METADATA_TYPE)VALUES('692a82c237a04fe0b1470bef536f5785','RequestorCd','FIELD','174aae062e2b430589ae39df49747b66','CancelNonRenewInfo_Type','38be2890d1624f188db4f23865b7d0a5','RequestorType','PRIMITIVE');
INSERT INTO PUBLIC.OBJECT_FIELD_METADATA (ID, NAME, METADATA_TYPE, PARENT_METADATA,PARENT_METADATA_NAME, REFERENCE_METADATA, REFERENCE_METADATA_NAME, REFERENCE_METADATA_TYPE)VALUES('0da7ac770a7c487fa52ef2260d4293a0','NumDaysCancel','FIELD','174aae062e2b430589ae39df49747b66','CancelNonRenewInfo_Type','838cab4e48a54d0bb23ca5ea9db454ab','Long','PRIMITIVE');
INSERT INTO PUBLIC.OBJECT_FIELD_METADATA (ID, NAME, METADATA_TYPE, PARENT_METADATA,PARENT_METADATA_NAME, REFERENCE_METADATA, REFERENCE_METADATA_NAME, REFERENCE_METADATA_TYPE)VALUES('57ae425013c14d5389b892c85ae58f68','NSFActivityInd','FIELD','174aae062e2b430589ae39df49747b66','CancelNonRenewInfo_Type','4ffb0bcc3ec946d1af3ef883f4c3a4e6','Boolean','PRIMITIVE');
INSERT INTO PUBLIC.OBJECT_FIELD_METADATA (ID, NAME, METADATA_TYPE, PARENT_METADATA,PARENT_METADATA_NAME, REFERENCE_METADATA, REFERENCE_METADATA_NAME, REFERENCE_METADATA_TYPE)VALUES('29673c91d5b247a6b79b1eea2067ee4d','CancelReason','FIELD','174aae062e2b430589ae39df49747b66','CancelNonRenewInfo_Type','2344631100044813a5126adcfb93e80d','C-255','PRIMITIVE');
INSERT INTO PUBLIC.OBJECT_FIELD_METADATA (ID, NAME, METADATA_TYPE, PARENT_METADATA,PARENT_METADATA_NAME, REFERENCE_METADATA, REFERENCE_METADATA_NAME, REFERENCE_METADATA_TYPE)VALUES('9dd6e4de00ce4cb4bd97ec1e6bec055a','NumDaysCancelMail','FIELD','174aae062e2b430589ae39df49747b66','CancelNonRenewInfo_Type','838cab4e48a54d0bb23ca5ea9db454ab','Long','PRIMITIVE');
INSERT INTO PUBLIC.OBJECT_FIELD_METADATA (ID, NAME, METADATA_TYPE, PARENT_METADATA,PARENT_METADATA_NAME, REFERENCE_METADATA, REFERENCE_METADATA_NAME, REFERENCE_METADATA_TYPE)VALUES('80b55b74f3c0430f9c029499cda85d94','UnearnedFactor','FIELD','174aae062e2b430589ae39df49747b66','CancelNonRenewInfo_Type','838cab4e48a54d0bb23ca5ea9db454ab','Long','PRIMITIVE');
INSERT INTO PUBLIC.OBJECT_FIELD_METADATA (ID, NAME, METADATA_TYPE, PARENT_METADATA,PARENT_METADATA_NAME, REFERENCE_METADATA, REFERENCE_METADATA_NAME, REFERENCE_METADATA_TYPE)VALUES('b046ad40a89b4e9dbd8cf010d5c3e87c','MiscParty','MODEL_RELATION','174aae062e2b430589ae39df49747b66','CancelNonRenewInfo_Type','0a76585a8ae342d897387f29800d50c8','MiscParty_Type','OBJECT');
INSERT INTO PUBLIC.OBJECT_FIELD_METADATA (ID, NAME, METADATA_TYPE, PARENT_METADATA,PARENT_METADATA_NAME, REFERENCE_METADATA, REFERENCE_METADATA_NAME, REFERENCE_METADATA_TYPE)VALUES('d611d3c37c71470fa844101519ca1559','CancellationMailedToEmployerDt','FIELD','174aae062e2b430589ae39df49747b66','CancelNonRenewInfo_Type','3b0a2ca6cf3a4fb19718e35aa60287cd','Date','PRIMITIVE');
INSERT INTO PUBLIC.OBJECT_FIELD_METADATA (ID, NAME, METADATA_TYPE, PARENT_METADATA,PARENT_METADATA_NAME, REFERENCE_METADATA, REFERENCE_METADATA_NAME, REFERENCE_METADATA_TYPE)VALUES('ed5a368dbc6e41348fc02b2a3bcf8668','CancelNonRenewInfoExt','FIELD','174aae062e2b430589ae39df49747b66','CancelNonRenewInfo_Type',null,null,null);
INSERT INTO PUBLIC.OBJECT_FIELD_METADATA (ID, NAME, METADATA_TYPE, PARENT_METADATA,PARENT_METADATA_NAME, REFERENCE_METADATA, REFERENCE_METADATA_NAME, REFERENCE_METADATA_TYPE)VALUES('27c39f911007494fba8543d40047f35b','ReturnPremiumMailCd','FIELD','174aae062e2b430589ae39df49747b66','CancelNonRenewInfo_Type','502324f931bf4f5eaca56f7f80f355c0','Payor','PRIMITIVE');
INSERT INTO PUBLIC.OBJECT_FIELD_METADATA (ID, NAME, METADATA_TYPE, PARENT_METADATA,PARENT_METADATA_NAME, REFERENCE_METADATA, REFERENCE_METADATA_NAME, REFERENCE_METADATA_TYPE)VALUES('97a9b0574f4d45aa8b4af42219a0a5ec','ReturnPremiumPayeeCd','FIELD','174aae062e2b430589ae39df49747b66','CancelNonRenewInfo_Type','502324f931bf4f5eaca56f7f80f355c0','Payor','PRIMITIVE');
INSERT INTO PUBLIC.OBJECT_FIELD_METADATA (ID, NAME, METADATA_TYPE, PARENT_METADATA,PARENT_METADATA_NAME, REFERENCE_METADATA, REFERENCE_METADATA_NAME, REFERENCE_METADATA_TYPE)VALUES('d68168e172974b69a27c305221dcbfe1','CancelNonRenewInfo','MODEL_RELATION','a8485aa8f7a7481b8828e638330f5291','Policy_Type','174aae062e2b430589ae39df49747b66','CancelNonRenewInfo_Type','OBJECT');
INSERT INTO PUBLIC.PRIMITIVE_METADATA (ID, NAME, METADATA_TYPE) VALUES('46488d4159ca4c48a16a739db0a01641','ElectronicDocsSelection','PRIMITIVE');
INSERT INTO PUBLIC.OBJECT_FIELD_METADATA (ID, NAME, METADATA_TYPE, PARENT_METADATA,PARENT_METADATA_NAME, REFERENCE_METADATA, REFERENCE_METADATA_NAME, REFERENCE_METADATA_TYPE)VALUES('61d94943ceef4e58a55efbcb8dd15bf7','ElectronicDocsSelectionCd','FIELD','a8485aa8f7a7481b8828e638330f5291','Policy_Type','46488d4159ca4c48a16a739db0a01641','ElectronicDocsSelection','PRIMITIVE');
INSERT INTO PUBLIC.OBJECT_METADATA (ID, NAME, METADATA_TYPE, REFERENCE_METADATA, REFERENCE_METADATA_NAME) VALUES('4f6fc92eb751452f85ed5c7f21fd0ae8','AircraftLineBusiness_Type','MODEL',null,null);
INSERT INTO PUBLIC.OBJECT_FIELD_METADATA (ID, NAME, METADATA_TYPE, PARENT_METADATA,PARENT_METADATA_NAME, REFERENCE_METADATA, REFERENCE_METADATA_NAME, REFERENCE_METADATA_TYPE)VALUES('f1c552484f1645288b74e5e622894d7e','WrittenAmt','MODEL_RELATION','4f6fc92eb751452f85ed5c7f21fd0ae8','AircraftLineBusiness_Type','4fa89203e94a4637baa0484d19b460c5','CURRENCY','OBJECT');
INSERT INTO PUBLIC.OBJECT_FIELD_METADATA (ID, NAME, METADATA_TYPE, PARENT_METADATA,PARENT_METADATA_NAME, REFERENCE_METADATA, REFERENCE_METADATA_NAME, REFERENCE_METADATA_TYPE)VALUES('d099bbef6a0d45e59720cfc476a01e93','Pilot','MODEL_RELATION','4f6fc92eb751452f85ed5c7f21fd0ae8','AircraftLineBusiness_Type','38c854e9d08c462aad57cea310dc624d','Pilot_Type','OBJECT');
INSERT INTO PUBLIC.OBJECT_METADATA (ID, NAME, METADATA_TYPE, REFERENCE_METADATA, REFERENCE_METADATA_NAME) VALUES('6691727519ea48dfb058bb4592e8b2c6','NonOwnedAircraft_Type','OBJECT',null,null);
INSERT INTO PUBLIC.OBJECT_FIELD_METADATA (ID, NAME, METADATA_TYPE, PARENT_METADATA,PARENT_METADATA_NAME, REFERENCE_METADATA, REFERENCE_METADATA_NAME, REFERENCE_METADATA_TYPE)VALUES('582c834036114d4ba759fd6867fcf9b2','NumPilotEmployees','FIELD','6691727519ea48dfb058bb4592e8b2c6','NonOwnedAircraft_Type','838cab4e48a54d0bb23ca5ea9db454ab','Long','PRIMITIVE');
INSERT INTO PUBLIC.OBJECT_FIELD_METADATA (ID, NAME, METADATA_TYPE, PARENT_METADATA,PARENT_METADATA_NAME, REFERENCE_METADATA, REFERENCE_METADATA_NAME, REFERENCE_METADATA_TYPE)VALUES('1237b681356c430699ad0359259e5d31','RentedAircraftLiabLimitAmt','MODEL_RELATION','6691727519ea48dfb058bb4592e8b2c6','NonOwnedAircraft_Type','4fa89203e94a4637baa0484d19b460c5','CURRENCY','OBJECT');
INSERT INTO PUBLIC.OBJECT_FIELD_METADATA (ID, NAME, METADATA_TYPE, PARENT_METADATA,PARENT_METADATA_NAME, REFERENCE_METADATA, REFERENCE_METADATA_NAME, REFERENCE_METADATA_TYPE)VALUES('e130d7f9bb9645c8bc60f2ca6bef780a','NumEmployees','FIELD','6691727519ea48dfb058bb4592e8b2c6','NonOwnedAircraft_Type','838cab4e48a54d0bb23ca5ea9db454ab','Long','PRIMITIVE');
INSERT INTO PUBLIC.OBJECT_FIELD_METADATA (ID, NAME, METADATA_TYPE, PARENT_METADATA,PARENT_METADATA_NAME, REFERENCE_METADATA, REFERENCE_METADATA_NAME, REFERENCE_METADATA_TYPE)VALUES('83e00bdea33c495e970838f040bb3ad3','LoggedHours','MODEL_RELATION','6691727519ea48dfb058bb4592e8b2c6','NonOwnedAircraft_Type','f7fe42530dbd4edcb3b4057ce16bc04f','LoggedHours_Type','OBJECT');
INSERT INTO PUBLIC.OBJECT_FIELD_METADATA (ID, NAME, METADATA_TYPE, PARENT_METADATA,PARENT_METADATA_NAME, REFERENCE_METADATA, REFERENCE_METADATA_NAME, REFERENCE_METADATA_TYPE)VALUES('8f7de809c4f84f45845e571ef9acc7d5','NumEmployeesTravel','FIELD','6691727519ea48dfb058bb4592e8b2c6','NonOwnedAircraft_Type','838cab4e48a54d0bb23ca5ea9db454ab','Long','PRIMITIVE');
INSERT INTO PUBLIC.OBJECT_FIELD_METADATA (ID, NAME, METADATA_TYPE, PARENT_METADATA,PARENT_METADATA_NAME, REFERENCE_METADATA, REFERENCE_METADATA_NAME, REFERENCE_METADATA_TYPE)VALUES('8db09bc1228b49138b6824a94b44c7d1','NumAircraft','FIELD','6691727519ea48dfb058bb4592e8b2c6','NonOwnedAircraft_Type','838cab4e48a54d0bb23ca5ea9db454ab','Long','PRIMITIVE');
INSERT INTO PUBLIC.PRIMITIVE_METADATA (ID, NAME, METADATA_TYPE) VALUES('779fc29b49d84bfbbcd753550e4832ec','PassengerType','PRIMITIVE');
INSERT INTO PUBLIC.OBJECT_FIELD_METADATA (ID, NAME, METADATA_TYPE, PARENT_METADATA,PARENT_METADATA_NAME, REFERENCE_METADATA, REFERENCE_METADATA_NAME, REFERENCE_METADATA_TYPE)VALUES('5bb91d6057a04b09a8abb1de443fcb88','PassengerTypeCd','FIELD','6691727519ea48dfb058bb4592e8b2c6','NonOwnedAircraft_Type','779fc29b49d84bfbbcd753550e4832ec','PassengerType','PRIMITIVE');
INSERT INTO PUBLIC.OBJECT_FIELD_METADATA (ID, NAME, METADATA_TYPE, PARENT_METADATA,PARENT_METADATA_NAME, REFERENCE_METADATA, REFERENCE_METADATA_NAME, REFERENCE_METADATA_TYPE)VALUES('789da04df16342759347689b1b220cbf','NumPassengers','FIELD','6691727519ea48dfb058bb4592e8b2c6','NonOwnedAircraft_Type','838cab4e48a54d0bb23ca5ea9db454ab','Long','PRIMITIVE');
INSERT INTO PUBLIC.OBJECT_FIELD_METADATA (ID, NAME, METADATA_TYPE, PARENT_METADATA,PARENT_METADATA_NAME, REFERENCE_METADATA, REFERENCE_METADATA_NAME, REFERENCE_METADATA_TYPE)VALUES('37dee0207af146a1833bd5b2da688e7a','NumEmployeesOwnAircraftUsed','FIELD','6691727519ea48dfb058bb4592e8b2c6','NonOwnedAircraft_Type','838cab4e48a54d0bb23ca5ea9db454ab','Long','PRIMITIVE');
INSERT INTO PUBLIC.OBJECT_FIELD_METADATA (ID, NAME, METADATA_TYPE, PARENT_METADATA,PARENT_METADATA_NAME, REFERENCE_METADATA, REFERENCE_METADATA_NAME, REFERENCE_METADATA_TYPE)VALUES('7e946e5e7cc947d2b2dfe27e6e2c1be0','NonOwnedAircraftExt','FIELD','6691727519ea48dfb058bb4592e8b2c6','NonOwnedAircraft_Type',null,null,null);
INSERT INTO PUBLIC.OBJECT_FIELD_METADATA (ID, NAME, METADATA_TYPE, PARENT_METADATA,PARENT_METADATA_NAME, REFERENCE_METADATA, REFERENCE_METADATA_NAME, REFERENCE_METADATA_TYPE)VALUES('f4449a91f0ca425a923aaf1210d134e5','AircraftOwnedServiced','MODEL_RELATION','6691727519ea48dfb058bb4592e8b2c6','NonOwnedAircraft_Type','9914ad17104b41e8a6e2910f64d4d720','AircraftOwnedServiced_Type','OBJECT');
INSERT INTO PUBLIC.OBJECT_FIELD_METADATA (ID, NAME, METADATA_TYPE, PARENT_METADATA,PARENT_METADATA_NAME, REFERENCE_METADATA, REFERENCE_METADATA_NAME, REFERENCE_METADATA_TYPE)VALUES('c4e1a2a504ec4e8d8a9bf40e48e4f8d4','NumEmployeesOwnAircraft','FIELD','6691727519ea48dfb058bb4592e8b2c6','NonOwnedAircraft_Type','838cab4e48a54d0bb23ca5ea9db454ab','Long','PRIMITIVE');
INSERT INTO PUBLIC.OBJECT_FIELD_METADATA (ID, NAME, METADATA_TYPE, PARENT_METADATA,PARENT_METADATA_NAME, REFERENCE_METADATA, REFERENCE_METADATA_NAME, REFERENCE_METADATA_TYPE)VALUES('3b448c29360943f0b9458dfb69163f8a','EmpOwnPrimaryLiabLimitAmt','MODEL_RELATION','6691727519ea48dfb058bb4592e8b2c6','NonOwnedAircraft_Type','4fa89203e94a4637baa0484d19b460c5','CURRENCY','OBJECT');
INSERT INTO PUBLIC.OBJECT_FIELD_METADATA (ID, NAME, METADATA_TYPE, PARENT_METADATA,PARENT_METADATA_NAME, REFERENCE_METADATA, REFERENCE_METADATA_NAME, REFERENCE_METADATA_TYPE)VALUES('b85bf2d5ee654f7c8350d15dffa97e2e','NumBranchs','FIELD','6691727519ea48dfb058bb4592e8b2c6','NonOwnedAircraft_Type','838cab4e48a54d0bb23ca5ea9db454ab','Long','PRIMITIVE');
INSERT INTO PUBLIC.OBJECT_FIELD_METADATA (ID, NAME, METADATA_TYPE, PARENT_METADATA,PARENT_METADATA_NAME, REFERENCE_METADATA, REFERENCE_METADATA_NAME, REFERENCE_METADATA_TYPE)VALUES('72db4833968f4f3f8586159de4f944aa','NumEmployedPilots','FIELD','6691727519ea48dfb058bb4592e8b2c6','NonOwnedAircraft_Type','838cab4e48a54d0bb23ca5ea9db454ab','Long','PRIMITIVE');
INSERT INTO PUBLIC.OBJECT_FIELD_METADATA (ID, NAME, METADATA_TYPE, PARENT_METADATA,PARENT_METADATA_NAME, REFERENCE_METADATA, REFERENCE_METADATA_NAME, REFERENCE_METADATA_TYPE)VALUES('c7f162be182f4fec9a728cdd41acdf77','NonOwnedAircraft','MODEL_RELATION','4f6fc92eb751452f85ed5c7f21fd0ae8','AircraftLineBusiness_Type','6691727519ea48dfb058bb4592e8b2c6','NonOwnedAircraft_Type','OBJECT');
INSERT INTO PUBLIC.OBJECT_FIELD_METADATA (ID, NAME, METADATA_TYPE, PARENT_METADATA,PARENT_METADATA_NAME, REFERENCE_METADATA, REFERENCE_METADATA_NAME, REFERENCE_METADATA_TYPE)VALUES('7df66526281d446fa1d9fde12d6fe6e2','HazardGradeInfo','MODEL_RELATION','4f6fc92eb751452f85ed5c7f21fd0ae8','AircraftLineBusiness_Type','27cb6123ae2a4e5da40275f0c5716a86','HazardGradeInfo_Type','OBJECT');
INSERT INTO PUBLIC.OBJECT_FIELD_METADATA (ID, NAME, METADATA_TYPE, PARENT_METADATA,PARENT_METADATA_NAME, REFERENCE_METADATA, REFERENCE_METADATA_NAME, REFERENCE_METADATA_TYPE)VALUES('f7667917c3604fbcbf57998c32ab8779','MinPremAmt','MODEL_RELATION','4f6fc92eb751452f85ed5c7f21fd0ae8','AircraftLineBusiness_Type','4fa89203e94a4637baa0484d19b460c5','CURRENCY','OBJECT');
INSERT INTO PUBLIC.OBJECT_FIELD_METADATA (ID, NAME, METADATA_TYPE, PARENT_METADATA,PARENT_METADATA_NAME, REFERENCE_METADATA, REFERENCE_METADATA_NAME, REFERENCE_METADATA_TYPE)VALUES('194c836089ed434bbf434f9025c3ab20','CurrentTermAmt','MODEL_RELATION','4f6fc92eb751452f85ed5c7f21fd0ae8','AircraftLineBusiness_Type','4fa89203e94a4637baa0484d19b460c5','CURRENCY','OBJECT');
INSERT INTO PUBLIC.OBJECT_FIELD_METADATA (ID, NAME, METADATA_TYPE, PARENT_METADATA,PARENT_METADATA_NAME, REFERENCE_METADATA, REFERENCE_METADATA_NAME, REFERENCE_METADATA_TYPE)VALUES('a3c3704cfbec4e85ade1ca12d170517d','CompanyProductCd','FIELD','4f6fc92eb751452f85ed5c7f21fd0ae8','AircraftLineBusiness_Type','6240ce877a244a73a1253961131c6cc9','IndustryCode_Type','PRIMITIVE');
INSERT INTO PUBLIC.OBJECT_FIELD_METADATA (ID, NAME, METADATA_TYPE, PARENT_METADATA,PARENT_METADATA_NAME, REFERENCE_METADATA, REFERENCE_METADATA_NAME, REFERENCE_METADATA_TYPE)VALUES('6cf4a16fb1184db78714fb859563fba6','CoverageAvailable','MODEL_RELATION','4f6fc92eb751452f85ed5c7f21fd0ae8','AircraftLineBusiness_Type','d0675b4bbe674c1fa08297c27c3cb675','Coverage_Type','OBJECT');
INSERT INTO PUBLIC.OBJECT_FIELD_METADATA (ID, NAME, METADATA_TYPE, PARENT_METADATA,PARENT_METADATA_NAME, REFERENCE_METADATA, REFERENCE_METADATA_NAME, REFERENCE_METADATA_TYPE)VALUES('b0ee988402964e2581bbdfd16b39f70a','HazardGradeCd','FIELD','4f6fc92eb751452f85ed5c7f21fd0ae8','AircraftLineBusiness_Type','6240ce877a244a73a1253961131c6cc9','IndustryCode_Type','PRIMITIVE');
INSERT INTO PUBLIC.OBJECT_FIELD_METADATA (ID, NAME, METADATA_TYPE, PARENT_METADATA,PARENT_METADATA_NAME, REFERENCE_METADATA, REFERENCE_METADATA_NAME, REFERENCE_METADATA_TYPE)VALUES('e736e1709cc54293bc727c7a742b5d0d','AircraftLineBusinessExt','FIELD','4f6fc92eb751452f85ed5c7f21fd0ae8','AircraftLineBusiness_Type',null,null,null);
INSERT INTO PUBLIC.OBJECT_FIELD_METADATA (ID, NAME, METADATA_TYPE, PARENT_METADATA,PARENT_METADATA_NAME, REFERENCE_METADATA, REFERENCE_METADATA_NAME, REFERENCE_METADATA_TYPE)VALUES('b87781e737cf44728575c5cb014854f9','QuestionAnswer','MODEL_RELATION','4f6fc92eb751452f85ed5c7f21fd0ae8','AircraftLineBusiness_Type','152fefd4f3054b68b490c1af5c9c284c','QuestionAnswer_Type','OBJECT');
INSERT INTO PUBLIC.OBJECT_FIELD_METADATA (ID, NAME, METADATA_TYPE, PARENT_METADATA,PARENT_METADATA_NAME, REFERENCE_METADATA, REFERENCE_METADATA_NAME, REFERENCE_METADATA_TYPE)VALUES('2e7009e58444448e934a22d47b743741','NAICCd','FIELD','4f6fc92eb751452f85ed5c7f21fd0ae8','AircraftLineBusiness_Type','6240ce877a244a73a1253961131c6cc9','IndustryCode_Type','PRIMITIVE');
INSERT INTO PUBLIC.OBJECT_FIELD_METADATA (ID, NAME, METADATA_TYPE, PARENT_METADATA,PARENT_METADATA_NAME, REFERENCE_METADATA, REFERENCE_METADATA_NAME, REFERENCE_METADATA_TYPE)VALUES('558f5eb8a5194be8a3985d18b8aab49f','AdditionalInterest','MODEL_RELATION','4f6fc92eb751452f85ed5c7f21fd0ae8','AircraftLineBusiness_Type','23a83d5912a54d0ca9b4669826684442','AdditionalInterest_Type','OBJECT');
INSERT INTO PUBLIC.OBJECT_FIELD_METADATA (ID, NAME, METADATA_TYPE, PARENT_METADATA,PARENT_METADATA_NAME, REFERENCE_METADATA, REFERENCE_METADATA_NAME, REFERENCE_METADATA_TYPE)VALUES('543b03c55bd84786b6292537ccb34454','AuditInfo','MODEL_RELATION','4f6fc92eb751452f85ed5c7f21fd0ae8','AircraftLineBusiness_Type','cafd893cc1ec4101a8df78b1c1a8c82e','AuditInfo_Type','OBJECT');
INSERT INTO PUBLIC.OBJECT_FIELD_METADATA (ID, NAME, METADATA_TYPE, PARENT_METADATA,PARENT_METADATA_NAME, REFERENCE_METADATA, REFERENCE_METADATA_NAME, REFERENCE_METADATA_TYPE)VALUES('30ad8d68454b44afb1782769bc497f91','MinPremInd','FIELD','4f6fc92eb751452f85ed5c7f21fd0ae8','AircraftLineBusiness_Type','4ffb0bcc3ec946d1af3ef883f4c3a4e6','Boolean','PRIMITIVE');
INSERT INTO PUBLIC.OBJECT_METADATA (ID, NAME, METADATA_TYPE, REFERENCE_METADATA, REFERENCE_METADATA_NAME) VALUES('7572a377486b40a8b8847857f7466f91','AgriculturalAviation_Type','OBJECT',null,null);
INSERT INTO PUBLIC.OBJECT_FIELD_METADATA (ID, NAME, METADATA_TYPE, PARENT_METADATA,PARENT_METADATA_NAME, REFERENCE_METADATA, REFERENCE_METADATA_NAME, REFERENCE_METADATA_TYPE)VALUES('30f19c1afc1d4a199442dcb510b93ed5','NumYrsInAerialAg','FIELD','7572a377486b40a8b8847857f7466f91','AgriculturalAviation_Type','838cab4e48a54d0bb23ca5ea9db454ab','Long','PRIMITIVE');
INSERT INTO PUBLIC.OBJECT_FIELD_METADATA (ID, NAME, METADATA_TYPE, PARENT_METADATA,PARENT_METADATA_NAME, REFERENCE_METADATA, REFERENCE_METADATA_NAME, REFERENCE_METADATA_TYPE)VALUES('6c2427f6d9eb4b5aa85749ac24e43226','SafetyProgramDt','FIELD','7572a377486b40a8b8847857f7466f91','AgriculturalAviation_Type','3b0a2ca6cf3a4fb19718e35aa60287cd','Date','PRIMITIVE');
INSERT INTO PUBLIC.OBJECT_FIELD_METADATA (ID, NAME, METADATA_TYPE, PARENT_METADATA,PARENT_METADATA_NAME, REFERENCE_METADATA, REFERENCE_METADATA_NAME, REFERENCE_METADATA_TYPE)VALUES('0ab9687702f84179957fd52a20ad4237','NumAircraft','FIELD','7572a377486b40a8b8847857f7466f91','AgriculturalAviation_Type','838cab4e48a54d0bb23ca5ea9db454ab','Long','PRIMITIVE');
INSERT INTO PUBLIC.OBJECT_FIELD_METADATA (ID, NAME, METADATA_TYPE, PARENT_METADATA,PARENT_METADATA_NAME, REFERENCE_METADATA, REFERENCE_METADATA_NAME, REFERENCE_METADATA_TYPE)VALUES('ade31df6022a4a3e8205ab246904dbc2','LossDt','FIELD','7572a377486b40a8b8847857f7466f91','AgriculturalAviation_Type','3b0a2ca6cf3a4fb19718e35aa60287cd','Date','PRIMITIVE');
INSERT INTO PUBLIC.OBJECT_FIELD_METADATA (ID, NAME, METADATA_TYPE, PARENT_METADATA,PARENT_METADATA_NAME, REFERENCE_METADATA, REFERENCE_METADATA_NAME, REFERENCE_METADATA_TYPE)VALUES('5cd92825e6fd4095b959040d3cbe5440','AgriculturalAviationExt','FIELD','7572a377486b40a8b8847857f7466f91','AgriculturalAviation_Type',null,null,null);
INSERT INTO PUBLIC.OBJECT_FIELD_METADATA (ID, NAME, METADATA_TYPE, PARENT_METADATA,PARENT_METADATA_NAME, REFERENCE_METADATA, REFERENCE_METADATA_NAME, REFERENCE_METADATA_TYPE)VALUES('3233ba5d36a24e2e906252ccc559a9fa','OtherStatesOperDesc','FIELD','7572a377486b40a8b8847857f7466f91','AgriculturalAviation_Type','2344631100044813a5126adcfb93e80d','C-255','PRIMITIVE');
INSERT INTO PUBLIC.OBJECT_FIELD_METADATA (ID, NAME, METADATA_TYPE, PARENT_METADATA,PARENT_METADATA_NAME, REFERENCE_METADATA, REFERENCE_METADATA_NAME, REFERENCE_METADATA_TYPE)VALUES('ff67bb39077f4984a8183247c948a137','HomeStateProvCd','FIELD','7572a377486b40a8b8847857f7466f91','AgriculturalAviation_Type','6240ce877a244a73a1253961131c6cc9','IndustryCode_Type','PRIMITIVE');
INSERT INTO PUBLIC.OBJECT_FIELD_METADATA (ID, NAME, METADATA_TYPE, PARENT_METADATA,PARENT_METADATA_NAME, REFERENCE_METADATA, REFERENCE_METADATA_NAME, REFERENCE_METADATA_TYPE)VALUES('4d890dbc91ac456d90ce42b855a4dc75','AdditionalUsesDesc','FIELD','7572a377486b40a8b8847857f7466f91','AgriculturalAviation_Type','2344631100044813a5126adcfb93e80d','C-255','PRIMITIVE');
INSERT INTO PUBLIC.OBJECT_FIELD_METADATA (ID, NAME, METADATA_TYPE, PARENT_METADATA,PARENT_METADATA_NAME, REFERENCE_METADATA, REFERENCE_METADATA_NAME, REFERENCE_METADATA_TYPE)VALUES('7d6825bbfd054801a82abe79517b529e','AgriculturalAviation','MODEL_RELATION','4f6fc92eb751452f85ed5c7f21fd0ae8','AircraftLineBusiness_Type','7572a377486b40a8b8847857f7466f91','AgriculturalAviation_Type','OBJECT');
INSERT INTO PUBLIC.OBJECT_FIELD_METADATA (ID, NAME, METADATA_TYPE, PARENT_METADATA,PARENT_METADATA_NAME, REFERENCE_METADATA, REFERENCE_METADATA_NAME, REFERENCE_METADATA_TYPE)VALUES('ef49e885cefc452c9ca2eb746d65b4b3','NetChangeAmt','MODEL_RELATION','4f6fc92eb751452f85ed5c7f21fd0ae8','AircraftLineBusiness_Type','4fa89203e94a4637baa0484d19b460c5','CURRENCY','OBJECT');
INSERT INTO PUBLIC.OBJECT_FIELD_METADATA (ID, NAME, METADATA_TYPE, PARENT_METADATA,PARENT_METADATA_NAME, REFERENCE_METADATA, REFERENCE_METADATA_NAME, REFERENCE_METADATA_TYPE)VALUES('d7a7d79b626c4e29a8d9e65b7c34f55d','Coverage','MODEL_RELATION','4f6fc92eb751452f85ed5c7f21fd0ae8','AircraftLineBusiness_Type','d0675b4bbe674c1fa08297c27c3cb675','Coverage_Type','OBJECT');
INSERT INTO PUBLIC.OBJECT_FIELD_METADATA (ID, NAME, METADATA_TYPE, PARENT_METADATA,PARENT_METADATA_NAME, REFERENCE_METADATA, REFERENCE_METADATA_NAME, REFERENCE_METADATA_TYPE)VALUES('6ccd19d4bcfa4045b8240cb8e9fd8748','PMACd','FIELD','4f6fc92eb751452f85ed5c7f21fd0ae8','AircraftLineBusiness_Type','6240ce877a244a73a1253961131c6cc9','IndustryCode_Type','PRIMITIVE');
INSERT INTO PUBLIC.OBJECT_FIELD_METADATA (ID, NAME, METADATA_TYPE, PARENT_METADATA,PARENT_METADATA_NAME, REFERENCE_METADATA, REFERENCE_METADATA_NAME, REFERENCE_METADATA_TYPE)VALUES('45c5ac0378034b69863ab8973035b972','LOBSubCd','FIELD','4f6fc92eb751452f85ed5c7f21fd0ae8','AircraftLineBusiness_Type','8376159ebcf44685b36391928a67e333','LineOfBusinessSubCode','PRIMITIVE');
INSERT INTO PUBLIC.OBJECT_FIELD_METADATA (ID, NAME, METADATA_TYPE, PARENT_METADATA,PARENT_METADATA_NAME, REFERENCE_METADATA, REFERENCE_METADATA_NAME, REFERENCE_METADATA_TYPE)VALUES('9dbd858742d340c2ac778395f48955b4','GroupId','FIELD','4f6fc92eb751452f85ed5c7f21fd0ae8','AircraftLineBusiness_Type','3da4bbbc6bf44d5f941e647b8e8408dc','AssignedIdentifier','PRIMITIVE');
INSERT INTO PUBLIC.OBJECT_FIELD_METADATA (ID, NAME, METADATA_TYPE, PARENT_METADATA,PARENT_METADATA_NAME, REFERENCE_METADATA, REFERENCE_METADATA_NAME, REFERENCE_METADATA_TYPE)VALUES('b36e253655a24a248f98c6cd391d1ac0','CommlCoverage','MODEL_RELATION','4f6fc92eb751452f85ed5c7f21fd0ae8','AircraftLineBusiness_Type','d0675b4bbe674c1fa08297c27c3cb675','Coverage_Type','OBJECT');
INSERT INTO PUBLIC.OBJECT_FIELD_METADATA (ID, NAME, METADATA_TYPE, PARENT_METADATA,PARENT_METADATA_NAME, REFERENCE_METADATA, REFERENCE_METADATA_NAME, REFERENCE_METADATA_TYPE)VALUES('a3a1cd8a2f8b40ccadabc74b6f6f154d','LOBCd','FIELD','4f6fc92eb751452f85ed5c7f21fd0ae8','AircraftLineBusiness_Type','3b75decf3cfc42c496d4405220659cf0','LineOfBusiness','PRIMITIVE');
INSERT INTO PUBLIC.OBJECT_FIELD_METADATA (ID, NAME, METADATA_TYPE, PARENT_METADATA,PARENT_METADATA_NAME, REFERENCE_METADATA, REFERENCE_METADATA_NAME, REFERENCE_METADATA_TYPE)VALUES('3ef6285146d9455ba30fd2de010583b0','RateEffectiveDt','FIELD','4f6fc92eb751452f85ed5c7f21fd0ae8','AircraftLineBusiness_Type','3b0a2ca6cf3a4fb19718e35aa60287cd','Date','PRIMITIVE');
INSERT INTO PUBLIC.OBJECT_FIELD_METADATA (ID, NAME, METADATA_TYPE, PARENT_METADATA,PARENT_METADATA_NAME, REFERENCE_METADATA, REFERENCE_METADATA_NAME, REFERENCE_METADATA_TYPE)VALUES('88fdfed5bead48f2b6b0401529de92ec','Airport','MODEL_RELATION','4f6fc92eb751452f85ed5c7f21fd0ae8','AircraftLineBusiness_Type','6256ba2a194d4b738f2e2a088016ef1c','Airport_Type','OBJECT');
INSERT INTO PUBLIC.OBJECT_METADATA (ID, NAME, METADATA_TYPE, REFERENCE_METADATA, REFERENCE_METADATA_NAME) VALUES('d4de3feb3a92482181535a578060fa50','TurbineAircraft_Type','OBJECT',null,null);
INSERT INTO PUBLIC.OBJECT_FIELD_METADATA (ID, NAME, METADATA_TYPE, PARENT_METADATA,PARENT_METADATA_NAME, REFERENCE_METADATA, REFERENCE_METADATA_NAME, REFERENCE_METADATA_TYPE)VALUES('96b3d9555f6242a6803cbddc06339204','TurbineAircraftExt','FIELD','d4de3feb3a92482181535a578060fa50','TurbineAircraft_Type',null,null,null);
INSERT INTO PUBLIC.OBJECT_FIELD_METADATA (ID, NAME, METADATA_TYPE, PARENT_METADATA,PARENT_METADATA_NAME, REFERENCE_METADATA, REFERENCE_METADATA_NAME, REFERENCE_METADATA_TYPE)VALUES('b38bb9657ebf4b28a49bc0f3162380d8','PassengerTypeCd','FIELD','d4de3feb3a92482181535a578060fa50','TurbineAircraft_Type','779fc29b49d84bfbbcd753550e4832ec','PassengerType','PRIMITIVE');
INSERT INTO PUBLIC.OBJECT_FIELD_METADATA (ID, NAME, METADATA_TYPE, PARENT_METADATA,PARENT_METADATA_NAME, REFERENCE_METADATA, REFERENCE_METADATA_NAME, REFERENCE_METADATA_TYPE)VALUES('c487784d79814e43bf75676b41b309bb','NumPassengers','FIELD','d4de3feb3a92482181535a578060fa50','TurbineAircraft_Type','838cab4e48a54d0bb23ca5ea9db454ab','Long','PRIMITIVE');
INSERT INTO PUBLIC.OBJECT_FIELD_METADATA (ID, NAME, METADATA_TYPE, PARENT_METADATA,PARENT_METADATA_NAME, REFERENCE_METADATA, REFERENCE_METADATA_NAME, REFERENCE_METADATA_TYPE)VALUES('2375c39e8c8344949fc0947537197d96','MaintenanceFacility','FIELD','d4de3feb3a92482181535a578060fa50','TurbineAircraft_Type','4aa23ceca9374701b7716d432173c7c2','C-50','PRIMITIVE');
INSERT INTO PUBLIC.OBJECT_FIELD_METADATA (ID, NAME, METADATA_TYPE, PARENT_METADATA,PARENT_METADATA_NAME, REFERENCE_METADATA, REFERENCE_METADATA_NAME, REFERENCE_METADATA_TYPE)VALUES('025c6a1fa197401abd7171c36bb25881','MaintenanceProgram','FIELD','d4de3feb3a92482181535a578060fa50','TurbineAircraft_Type','4aa23ceca9374701b7716d432173c7c2','C-50','PRIMITIVE');
INSERT INTO PUBLIC.OBJECT_FIELD_METADATA (ID, NAME, METADATA_TYPE, PARENT_METADATA,PARENT_METADATA_NAME, REFERENCE_METADATA, REFERENCE_METADATA_NAME, REFERENCE_METADATA_TYPE)VALUES('b3edf4c2b15f46778e166f868900786a','LoggedHours','MODEL_RELATION','d4de3feb3a92482181535a578060fa50','TurbineAircraft_Type','f7fe42530dbd4edcb3b4057ce16bc04f','LoggedHours_Type','OBJECT');
INSERT INTO PUBLIC.OBJECT_FIELD_METADATA (ID, NAME, METADATA_TYPE, PARENT_METADATA,PARENT_METADATA_NAME, REFERENCE_METADATA, REFERENCE_METADATA_NAME, REFERENCE_METADATA_TYPE)VALUES('bff96a7b2cf24635b7298f60d214ca19','TurbineAircraft','MODEL_RELATION','4f6fc92eb751452f85ed5c7f21fd0ae8','AircraftLineBusiness_Type','d4de3feb3a92482181535a578060fa50','TurbineAircraft_Type','OBJECT');
INSERT INTO PUBLIC.OBJECT_METADATA (ID, NAME, METADATA_TYPE, REFERENCE_METADATA, REFERENCE_METADATA_NAME) VALUES('2f1ff3c3f42e414889d9603aafd03e99','Aircraft_Type','OBJECT',null,null);
INSERT INTO PUBLIC.OBJECT_FIELD_METADATA (ID, NAME, METADATA_TYPE, PARENT_METADATA,PARENT_METADATA_NAME, REFERENCE_METADATA, REFERENCE_METADATA_NAME, REFERENCE_METADATA_TYPE)VALUES('16d805fc83644f4e836085de9a84540e','Form','MODEL_RELATION','2f1ff3c3f42e414889d9603aafd03e99','Aircraft_Type','a54486c19cc9402197e0027f1d2fa2a9','Form_Type','OBJECT');
INSERT INTO PUBLIC.OBJECT_FIELD_METADATA (ID, NAME, METADATA_TYPE, PARENT_METADATA,PARENT_METADATA_NAME, REFERENCE_METADATA, REFERENCE_METADATA_NAME, REFERENCE_METADATA_TYPE)VALUES('2c63c08e24514a768369e6bd3eb095f8','SeatingCapacity','FIELD','2f1ff3c3f42e414889d9603aafd03e99','Aircraft_Type','838cab4e48a54d0bb23ca5ea9db454ab','Long','PRIMITIVE');
INSERT INTO PUBLIC.PRIMITIVE_METADATA (ID, NAME, METADATA_TYPE) VALUES('4bdc0fd735094976a20de8fc754ae674','AircraftUse','PRIMITIVE');
INSERT INTO PUBLIC.OBJECT_FIELD_METADATA (ID, NAME, METADATA_TYPE, PARENT_METADATA,PARENT_METADATA_NAME, REFERENCE_METADATA, REFERENCE_METADATA_NAME, REFERENCE_METADATA_TYPE)VALUES('27ea8b78a9d94679b792b807d7b3543c','AircraftUseCd','FIELD','2f1ff3c3f42e414889d9603aafd03e99','Aircraft_Type','4bdc0fd735094976a20de8fc754ae674','AircraftUse','PRIMITIVE');
INSERT INTO PUBLIC.OBJECT_FIELD_METADATA (ID, NAME, METADATA_TYPE, PARENT_METADATA,PARENT_METADATA_NAME, REFERENCE_METADATA, REFERENCE_METADATA_NAME, REFERENCE_METADATA_TYPE)VALUES('46bc39200b31448d904ed7596422350e','LoggedHours','MODEL_RELATION','2f1ff3c3f42e414889d9603aafd03e99','Aircraft_Type','f7fe42530dbd4edcb3b4057ce16bc04f','LoggedHours_Type','OBJECT');
INSERT INTO PUBLIC.OBJECT_FIELD_METADATA (ID, NAME, METADATA_TYPE, PARENT_METADATA,PARENT_METADATA_NAME, REFERENCE_METADATA, REFERENCE_METADATA_NAME, REFERENCE_METADATA_TYPE)VALUES('0dc124a8dd334937a57a13b039033db2','NonPavedUseWhereDesc','FIELD','2f1ff3c3f42e414889d9603aafd03e99','Aircraft_Type','2344631100044813a5126adcfb93e80d','C-255','PRIMITIVE');
INSERT INTO PUBLIC.OBJECT_FIELD_METADATA (ID, NAME, METADATA_TYPE, PARENT_METADATA,PARENT_METADATA_NAME, REFERENCE_METADATA, REFERENCE_METADATA_NAME, REFERENCE_METADATA_TYPE)VALUES('64e0aeeccdc64366bfc94ac1a8d08f08','CoverageAvailable','MODEL_RELATION','2f1ff3c3f42e414889d9603aafd03e99','Aircraft_Type','d0675b4bbe674c1fa08297c27c3cb675','Coverage_Type','OBJECT');
INSERT INTO PUBLIC.OBJECT_FIELD_METADATA (ID, NAME, METADATA_TYPE, PARENT_METADATA,PARENT_METADATA_NAME, REFERENCE_METADATA, REFERENCE_METADATA_NAME, REFERENCE_METADATA_TYPE)VALUES('41d8ab62eea1403e9a93f2534bde2a3e','AircraftExt','FIELD','2f1ff3c3f42e414889d9603aafd03e99','Aircraft_Type',null,null,null);
INSERT INTO PUBLIC.OBJECT_FIELD_METADATA (ID, NAME, METADATA_TYPE, PARENT_METADATA,PARENT_METADATA_NAME, REFERENCE_METADATA, REFERENCE_METADATA_NAME, REFERENCE_METADATA_TYPE)VALUES('236fd30a1a464ec3a82296ad5e18a54d','Horsepower','MODEL_RELATION','2f1ff3c3f42e414889d9603aafd03e99','Aircraft_Type','1df1057b06734b019460d9f8fb0a43b0','MEASUREMENT','OBJECT');
INSERT INTO PUBLIC.OBJECT_FIELD_METADATA (ID, NAME, METADATA_TYPE, PARENT_METADATA,PARENT_METADATA_NAME, REFERENCE_METADATA, REFERENCE_METADATA_NAME, REFERENCE_METADATA_TYPE)VALUES('7407feb1fadc4bb59952b20653f1b84a','Manufacturer','FIELD','2f1ff3c3f42e414889d9603aafd03e99','Aircraft_Type','4aa23ceca9374701b7716d432173c7c2','C-50','PRIMITIVE');
INSERT INTO PUBLIC.OBJECT_FIELD_METADATA (ID, NAME, METADATA_TYPE, PARENT_METADATA,PARENT_METADATA_NAME, REFERENCE_METADATA, REFERENCE_METADATA_NAME, REFERENCE_METADATA_TYPE)VALUES('2d068837dc0c4105a61dd988f096758a','ItemValueAmt','MODEL_RELATION','2f1ff3c3f42e414889d9603aafd03e99','Aircraft_Type','4fa89203e94a4637baa0484d19b460c5','CURRENCY','OBJECT');
INSERT INTO PUBLIC.OBJECT_FIELD_METADATA (ID, NAME, METADATA_TYPE, PARENT_METADATA,PARENT_METADATA_NAME, REFERENCE_METADATA, REFERENCE_METADATA_NAME, REFERENCE_METADATA_TYPE)VALUES('1264d89b776147d8ae7934485571396c','QuestionAnswer','MODEL_RELATION','2f1ff3c3f42e414889d9603aafd03e99','Aircraft_Type','152fefd4f3054b68b490c1af5c9c284c','QuestionAnswer_Type','OBJECT');
INSERT INTO PUBLIC.OBJECT_FIELD_METADATA (ID, NAME, METADATA_TYPE, PARENT_METADATA,PARENT_METADATA_NAME, REFERENCE_METADATA, REFERENCE_METADATA_NAME, REFERENCE_METADATA_TYPE)VALUES('dee90a8f0107407da5ebe621eb711196','SerialIdNumber','FIELD','2f1ff3c3f42e414889d9603aafd03e99','Aircraft_Type','4aa23ceca9374701b7716d432173c7c2','C-50','PRIMITIVE');
INSERT INTO PUBLIC.OBJECT_FIELD_METADATA (ID, NAME, METADATA_TYPE, PARENT_METADATA,PARENT_METADATA_NAME, REFERENCE_METADATA, REFERENCE_METADATA_NAME, REFERENCE_METADATA_TYPE)VALUES('9fa84df66f0a47f08edcd1f9cda9cddc','AdditionalInterest','MODEL_RELATION','2f1ff3c3f42e414889d9603aafd03e99','Aircraft_Type','23a83d5912a54d0ca9b4669826684442','AdditionalInterest_Type','OBJECT');
INSERT INTO PUBLIC.OBJECT_FIELD_METADATA (ID, NAME, METADATA_TYPE, PARENT_METADATA,PARENT_METADATA_NAME, REFERENCE_METADATA, REFERENCE_METADATA_NAME, REFERENCE_METADATA_TYPE)VALUES('dc8d6401a5b04f20a9143c87d7133f96','RegistrationId','FIELD','2f1ff3c3f42e414889d9603aafd03e99','Aircraft_Type','3da4bbbc6bf44d5f941e647b8e8408dc','AssignedIdentifier','PRIMITIVE');
INSERT INTO PUBLIC.OBJECT_FIELD_METADATA (ID, NAME, METADATA_TYPE, PARENT_METADATA,PARENT_METADATA_NAME, REFERENCE_METADATA, REFERENCE_METADATA_NAME, REFERENCE_METADATA_TYPE)VALUES('8523829d8b87444bb0ae396c1ae6a58e','Coverage','MODEL_RELATION','2f1ff3c3f42e414889d9603aafd03e99','Aircraft_Type','d0675b4bbe674c1fa08297c27c3cb675','Coverage_Type','OBJECT');
INSERT INTO PUBLIC.OBJECT_FIELD_METADATA (ID, NAME, METADATA_TYPE, PARENT_METADATA,PARENT_METADATA_NAME, REFERENCE_METADATA, REFERENCE_METADATA_NAME, REFERENCE_METADATA_TYPE)VALUES('9b9b98db87694ce481fbb2aa846d0cff','InspectionDt','FIELD','2f1ff3c3f42e414889d9603aafd03e99','Aircraft_Type','3b0a2ca6cf3a4fb19718e35aa60287cd','Date','PRIMITIVE');
INSERT INTO PUBLIC.PRIMITIVE_METADATA (ID, NAME, METADATA_TYPE) VALUES('859bb1188f5f4f4385d3fd54841d55b1','AircraftType','PRIMITIVE');
INSERT INTO PUBLIC.OBJECT_FIELD_METADATA (ID, NAME, METADATA_TYPE, PARENT_METADATA,PARENT_METADATA_NAME, REFERENCE_METADATA, REFERENCE_METADATA_NAME, REFERENCE_METADATA_TYPE)VALUES('8a1c6e5caf314fada890b426d2391990','AircraftTypeCd','FIELD','2f1ff3c3f42e414889d9603aafd03e99','Aircraft_Type','859bb1188f5f4f4385d3fd54841d55b1','AircraftType','PRIMITIVE');
INSERT INTO PUBLIC.OBJECT_FIELD_METADATA (ID, NAME, METADATA_TYPE, PARENT_METADATA,PARENT_METADATA_NAME, REFERENCE_METADATA, REFERENCE_METADATA_NAME, REFERENCE_METADATA_TYPE)VALUES('1cbec06720e54cc2addd14bbbfad927a','CommlCoverage','MODEL_RELATION','2f1ff3c3f42e414889d9603aafd03e99','Aircraft_Type','d0675b4bbe674c1fa08297c27c3cb675','Coverage_Type','OBJECT');
INSERT INTO PUBLIC.OBJECT_FIELD_METADATA (ID, NAME, METADATA_TYPE, PARENT_METADATA,PARENT_METADATA_NAME, REFERENCE_METADATA, REFERENCE_METADATA_NAME, REFERENCE_METADATA_TYPE)VALUES('ebf5639136d24bc8bdc0c54edd713075','AircraftUseDesc','FIELD','2f1ff3c3f42e414889d9603aafd03e99','Aircraft_Type','2344631100044813a5126adcfb93e80d','C-255','PRIMITIVE');
INSERT INTO PUBLIC.OBJECT_FIELD_METADATA (ID, NAME, METADATA_TYPE, PARENT_METADATA,PARENT_METADATA_NAME, REFERENCE_METADATA, REFERENCE_METADATA_NAME, REFERENCE_METADATA_TYPE)VALUES('7315f8bef6c9464bae8bb20004b3d9d5','NonPavedUsePurposeDesc','FIELD','2f1ff3c3f42e414889d9603aafd03e99','Aircraft_Type','2344631100044813a5126adcfb93e80d','C-255','PRIMITIVE');
INSERT INTO PUBLIC.OBJECT_FIELD_METADATA (ID, NAME, METADATA_TYPE, PARENT_METADATA,PARENT_METADATA_NAME, REFERENCE_METADATA, REFERENCE_METADATA_NAME, REFERENCE_METADATA_TYPE)VALUES('622646c919004889bb9b62c84d9181aa','TerritoryDesc','FIELD','2f1ff3c3f42e414889d9603aafd03e99','Aircraft_Type','2344631100044813a5126adcfb93e80d','C-255','PRIMITIVE');
INSERT INTO PUBLIC.PRIMITIVE_METADATA (ID, NAME, METADATA_TYPE) VALUES('3889a252dbe94c64ba75603157631fc9','AircraftEngineType','PRIMITIVE');
INSERT INTO PUBLIC.OBJECT_FIELD_METADATA (ID, NAME, METADATA_TYPE, PARENT_METADATA,PARENT_METADATA_NAME, REFERENCE_METADATA, REFERENCE_METADATA_NAME, REFERENCE_METADATA_TYPE)VALUES('1398beec4d804344881c15b89f4c0749','AircraftEngineTypeCd','FIELD','2f1ff3c3f42e414889d9603aafd03e99','Aircraft_Type','3889a252dbe94c64ba75603157631fc9','AircraftEngineType','PRIMITIVE');
INSERT INTO PUBLIC.OBJECT_FIELD_METADATA (ID, NAME, METADATA_TYPE, PARENT_METADATA,PARENT_METADATA_NAME, REFERENCE_METADATA, REFERENCE_METADATA_NAME, REFERENCE_METADATA_TYPE)VALUES('25f119e32155467c996e2b5392ece18d','Model','FIELD','2f1ff3c3f42e414889d9603aafd03e99','Aircraft_Type','4aa23ceca9374701b7716d432173c7c2','C-50','PRIMITIVE');
INSERT INTO PUBLIC.OBJECT_FIELD_METADATA (ID, NAME, METADATA_TYPE, PARENT_METADATA,PARENT_METADATA_NAME, REFERENCE_METADATA, REFERENCE_METADATA_NAME, REFERENCE_METADATA_TYPE)VALUES('dc3084b61ee9443da6fb8d8a32df7381','ModelYear','FIELD','2f1ff3c3f42e414889d9603aafd03e99','Aircraft_Type','838cab4e48a54d0bb23ca5ea9db454ab','Long','PRIMITIVE');
INSERT INTO PUBLIC.OBJECT_FIELD_METADATA (ID, NAME, METADATA_TYPE, PARENT_METADATA,PARENT_METADATA_NAME, REFERENCE_METADATA, REFERENCE_METADATA_NAME, REFERENCE_METADATA_TYPE)VALUES('97ec6593cfbd42949ec9c845481d654f','ItemIdInfo','MODEL_RELATION','2f1ff3c3f42e414889d9603aafd03e99','Aircraft_Type','ba3be0e0317741b08f872c1fca47ad8f','ItemIdInfo_Type','OBJECT');
INSERT INTO PUBLIC.OBJECT_FIELD_METADATA (ID, NAME, METADATA_TYPE, PARENT_METADATA,PARENT_METADATA_NAME, REFERENCE_METADATA, REFERENCE_METADATA_NAME, REFERENCE_METADATA_TYPE)VALUES('97573dbbe3704f7a94a316b54915ec6f','NonPavedUseFrequencyCd','FIELD','2f1ff3c3f42e414889d9603aafd03e99','Aircraft_Type','90030f3dd02843e3b982684d2bd6039d','Frequency','PRIMITIVE');
INSERT INTO PUBLIC.OBJECT_FIELD_METADATA (ID, NAME, METADATA_TYPE, PARENT_METADATA,PARENT_METADATA_NAME, REFERENCE_METADATA, REFERENCE_METADATA_NAME, REFERENCE_METADATA_TYPE)VALUES('4332769806684b428b63f0f24450ab70','AircraftStorageCd','FIELD','2f1ff3c3f42e414889d9603aafd03e99','Aircraft_Type','94db79f47670426c8f68c2b93a173b7b','AircraftStorage','PRIMITIVE');
INSERT INTO PUBLIC.OBJECT_FIELD_METADATA (ID, NAME, METADATA_TYPE, PARENT_METADATA,PARENT_METADATA_NAME, REFERENCE_METADATA, REFERENCE_METADATA_NAME, REFERENCE_METADATA_TYPE)VALUES('0dba716ec2d5445282b235ed9ef10185','Link','MODEL_RELATION','2f1ff3c3f42e414889d9603aafd03e99','Aircraft_Type','366dc9a89db94de3b92abf43ef1bf084','Link_Type','OBJECT');
INSERT INTO PUBLIC.OBJECT_FIELD_METADATA (ID, NAME, METADATA_TYPE, PARENT_METADATA,PARENT_METADATA_NAME, REFERENCE_METADATA, REFERENCE_METADATA_NAME, REFERENCE_METADATA_TYPE)VALUES('eff28ea97b0c4cf189db36bbd372dcbc','Aircraft','MODEL_RELATION','4f6fc92eb751452f85ed5c7f21fd0ae8','AircraftLineBusiness_Type','2f1ff3c3f42e414889d9603aafd03e99','Aircraft_Type','OBJECT');
INSERT INTO PUBLIC.OBJECT_FIELD_METADATA (ID, NAME, METADATA_TYPE, PARENT_METADATA,PARENT_METADATA_NAME, REFERENCE_METADATA, REFERENCE_METADATA_NAME, REFERENCE_METADATA_TYPE)VALUES('be4928e59a594c61ac3e576b5c284376','AircraftLineBusiness','MODEL_RELATION','a8485aa8f7a7481b8828e638330f5291','Policy_Type','4f6fc92eb751452f85ed5c7f21fd0ae8','AircraftLineBusiness_Type','MODEL');
INSERT INTO PUBLIC.OBJECT_FIELD_METADATA (ID, NAME, METADATA_TYPE, PARENT_METADATA,PARENT_METADATA_NAME, REFERENCE_METADATA, REFERENCE_METADATA_NAME, REFERENCE_METADATA_TYPE)VALUES('a6bcb8511ff04c7d9b92e019bf59163c','NetChangeAmt','MODEL_RELATION','a8485aa8f7a7481b8828e638330f5291','Policy_Type','4fa89203e94a4637baa0484d19b460c5','CURRENCY','OBJECT');
INSERT INTO PUBLIC.OBJECT_METADATA (ID, NAME, METADATA_TYPE, REFERENCE_METADATA, REFERENCE_METADATA_NAME) VALUES('7883d42185344f7a8046575f5ed11344','GeneralLiabilityLineBusiness_Type','MODEL',null,null);
INSERT INTO PUBLIC.OBJECT_FIELD_METADATA (ID, NAME, METADATA_TYPE, PARENT_METADATA,PARENT_METADATA_NAME, REFERENCE_METADATA, REFERENCE_METADATA_NAME, REFERENCE_METADATA_TYPE)VALUES('f10f554df43f44d2b05f7a3058326869','WrittenAmt','MODEL_RELATION','7883d42185344f7a8046575f5ed11344','GeneralLiabilityLineBusiness_Type','4fa89203e94a4637baa0484d19b460c5','CURRENCY','OBJECT');
INSERT INTO PUBLIC.OBJECT_FIELD_METADATA (ID, NAME, METADATA_TYPE, PARENT_METADATA,PARENT_METADATA_NAME, REFERENCE_METADATA, REFERENCE_METADATA_NAME, REFERENCE_METADATA_TYPE)VALUES('4cb2de57aa044b69ad11c2a0d3fd1610','Deductible','MODEL_RELATION','7883d42185344f7a8046575f5ed11344','GeneralLiabilityLineBusiness_Type','0aa382a73e474ef78d4fdc87a17e02a1','Deductible_Type','OBJECT');
INSERT INTO PUBLIC.OBJECT_METADATA (ID, NAME, METADATA_TYPE, REFERENCE_METADATA, REFERENCE_METADATA_NAME) VALUES('3b21706db9fc408994b4a70e0caa2d5a','StateSupplementInfo_Type','OBJECT',null,null);
INSERT INTO PUBLIC.OBJECT_FIELD_METADATA (ID, NAME, METADATA_TYPE, PARENT_METADATA,PARENT_METADATA_NAME, REFERENCE_METADATA, REFERENCE_METADATA_NAME, REFERENCE_METADATA_TYPE)VALUES('4a0e04ae339b4a6db70dfb7bf2c2b543','CommlCoverage','MODEL_RELATION','3b21706db9fc408994b4a70e0caa2d5a','StateSupplementInfo_Type','d0675b4bbe674c1fa08297c27c3cb675','Coverage_Type','OBJECT');
INSERT INTO PUBLIC.OBJECT_FIELD_METADATA (ID, NAME, METADATA_TYPE, PARENT_METADATA,PARENT_METADATA_NAME, REFERENCE_METADATA, REFERENCE_METADATA_NAME, REFERENCE_METADATA_TYPE)VALUES('167209fcec584a07b9f0e16a81a960dc','CoverageAvailable','MODEL_RELATION','3b21706db9fc408994b4a70e0caa2d5a','StateSupplementInfo_Type','d0675b4bbe674c1fa08297c27c3cb675','Coverage_Type','OBJECT');
INSERT INTO PUBLIC.OBJECT_FIELD_METADATA (ID, NAME, METADATA_TYPE, PARENT_METADATA,PARENT_METADATA_NAME, REFERENCE_METADATA, REFERENCE_METADATA_NAME, REFERENCE_METADATA_TYPE)VALUES('9356017a995b453d85d84b30eb352fb6','WorkPerformedPct','FIELD','3b21706db9fc408994b4a70e0caa2d5a','StateSupplementInfo_Type','42787ecf7ebe44bdb047ebe0f2268d21','PercentLong','PRIMITIVE');
INSERT INTO PUBLIC.OBJECT_FIELD_METADATA (ID, NAME, METADATA_TYPE, PARENT_METADATA,PARENT_METADATA_NAME, REFERENCE_METADATA, REFERENCE_METADATA_NAME, REFERENCE_METADATA_TYPE)VALUES('b61858d8de5048d8983434f791d6f530','NumEmployees','FIELD','3b21706db9fc408994b4a70e0caa2d5a','StateSupplementInfo_Type','838cab4e48a54d0bb23ca5ea9db454ab','Long','PRIMITIVE');
INSERT INTO PUBLIC.OBJECT_FIELD_METADATA (ID, NAME, METADATA_TYPE, PARENT_METADATA,PARENT_METADATA_NAME, REFERENCE_METADATA, REFERENCE_METADATA_NAME, REFERENCE_METADATA_TYPE)VALUES('af1dda26b3d146a1a82c9cde5e826dff','NumLocations','FIELD','3b21706db9fc408994b4a70e0caa2d5a','StateSupplementInfo_Type','838cab4e48a54d0bb23ca5ea9db454ab','Long','PRIMITIVE');
INSERT INTO PUBLIC.OBJECT_FIELD_METADATA (ID, NAME, METADATA_TYPE, PARENT_METADATA,PARENT_METADATA_NAME, REFERENCE_METADATA, REFERENCE_METADATA_NAME, REFERENCE_METADATA_TYPE)VALUES('38ba92b8b11740a1971455c67d56d366','Coverage','MODEL_RELATION','3b21706db9fc408994b4a70e0caa2d5a','StateSupplementInfo_Type','d0675b4bbe674c1fa08297c27c3cb675','Coverage_Type','OBJECT');
INSERT INTO PUBLIC.OBJECT_FIELD_METADATA (ID, NAME, METADATA_TYPE, PARENT_METADATA,PARENT_METADATA_NAME, REFERENCE_METADATA, REFERENCE_METADATA_NAME, REFERENCE_METADATA_TYPE)VALUES('b38398f974964dd3b624289aff267928','StateProvCd','FIELD','3b21706db9fc408994b4a70e0caa2d5a','StateSupplementInfo_Type','6240ce877a244a73a1253961131c6cc9','IndustryCode_Type','PRIMITIVE');
INSERT INTO PUBLIC.OBJECT_FIELD_METADATA (ID, NAME, METADATA_TYPE, PARENT_METADATA,PARENT_METADATA_NAME, REFERENCE_METADATA, REFERENCE_METADATA_NAME, REFERENCE_METADATA_TYPE)VALUES('acdcea9407c444fe8a24dc29b4f50f67','StateSupplementInfoExt','FIELD','3b21706db9fc408994b4a70e0caa2d5a','StateSupplementInfo_Type',null,null,null);
INSERT INTO PUBLIC.OBJECT_FIELD_METADATA (ID, NAME, METADATA_TYPE, PARENT_METADATA,PARENT_METADATA_NAME, REFERENCE_METADATA, REFERENCE_METADATA_NAME, REFERENCE_METADATA_TYPE)VALUES('654b8291fab54259a29260643d75f2b9','StateSupplementInfo','MODEL_RELATION','7883d42185344f7a8046575f5ed11344','GeneralLiabilityLineBusiness_Type','3b21706db9fc408994b4a70e0caa2d5a','StateSupplementInfo_Type','OBJECT');
INSERT INTO PUBLIC.OBJECT_FIELD_METADATA (ID, NAME, METADATA_TYPE, PARENT_METADATA,PARENT_METADATA_NAME, REFERENCE_METADATA, REFERENCE_METADATA_NAME, REFERENCE_METADATA_TYPE)VALUES('9f4af95d01534afaba0d6c8706691ddb','HazardGradeInfo','MODEL_RELATION','7883d42185344f7a8046575f5ed11344','GeneralLiabilityLineBusiness_Type','27cb6123ae2a4e5da40275f0c5716a86','HazardGradeInfo_Type','OBJECT');
INSERT INTO PUBLIC.OBJECT_FIELD_METADATA (ID, NAME, METADATA_TYPE, PARENT_METADATA,PARENT_METADATA_NAME, REFERENCE_METADATA, REFERENCE_METADATA_NAME, REFERENCE_METADATA_TYPE)VALUES('74551ee3869741f7a836fb428d21460b','MinPremAmt','MODEL_RELATION','7883d42185344f7a8046575f5ed11344','GeneralLiabilityLineBusiness_Type','4fa89203e94a4637baa0484d19b460c5','CURRENCY','OBJECT');
INSERT INTO PUBLIC.OBJECT_FIELD_METADATA (ID, NAME, METADATA_TYPE, PARENT_METADATA,PARENT_METADATA_NAME, REFERENCE_METADATA, REFERENCE_METADATA_NAME, REFERENCE_METADATA_TYPE)VALUES('fcfc7c13289241818c82790fd6714c07','CurrentTermAmt','MODEL_RELATION','7883d42185344f7a8046575f5ed11344','GeneralLiabilityLineBusiness_Type','4fa89203e94a4637baa0484d19b460c5','CURRENCY','OBJECT');
INSERT INTO PUBLIC.OBJECT_FIELD_METADATA (ID, NAME, METADATA_TYPE, PARENT_METADATA,PARENT_METADATA_NAME, REFERENCE_METADATA, REFERENCE_METADATA_NAME, REFERENCE_METADATA_TYPE)VALUES('4d7b46e88f984f73872367f5370be293','CompanyProductCd','FIELD','7883d42185344f7a8046575f5ed11344','GeneralLiabilityLineBusiness_Type','6240ce877a244a73a1253961131c6cc9','IndustryCode_Type','PRIMITIVE');
INSERT INTO PUBLIC.OBJECT_FIELD_METADATA (ID, NAME, METADATA_TYPE, PARENT_METADATA,PARENT_METADATA_NAME, REFERENCE_METADATA, REFERENCE_METADATA_NAME, REFERENCE_METADATA_TYPE)VALUES('99442b9ab1ac4ff087073d30df477bb8','GeneralLiabilityLineBusinessExt','FIELD','7883d42185344f7a8046575f5ed11344','GeneralLiabilityLineBusiness_Type',null,null,null);
INSERT INTO PUBLIC.OBJECT_METADATA (ID, NAME, METADATA_TYPE, REFERENCE_METADATA, REFERENCE_METADATA_NAME) VALUES('f8c351a011474e2ba40859fa0decc627','ProductCompletedOpsInfo_Type','OBJECT',null,null);
INSERT INTO PUBLIC.OBJECT_FIELD_METADATA (ID, NAME, METADATA_TYPE, PARENT_METADATA,PARENT_METADATA_NAME, REFERENCE_METADATA, REFERENCE_METADATA_NAME, REFERENCE_METADATA_TYPE)VALUES('fd2c05d0a3e94666a7a3613eef3ec8ab','IntendedUseDesc','FIELD','f8c351a011474e2ba40859fa0decc627','ProductCompletedOpsInfo_Type','2344631100044813a5126adcfb93e80d','C-255','PRIMITIVE');
INSERT INTO PUBLIC.OBJECT_FIELD_METADATA (ID, NAME, METADATA_TYPE, PARENT_METADATA,PARENT_METADATA_NAME, REFERENCE_METADATA, REFERENCE_METADATA_NAME, REFERENCE_METADATA_TYPE)VALUES('ea3092c3859049d29e9074c3764f94be','AnnualSalesAmt','MODEL_RELATION','f8c351a011474e2ba40859fa0decc627','ProductCompletedOpsInfo_Type','4fa89203e94a4637baa0484d19b460c5','CURRENCY','OBJECT');
INSERT INTO PUBLIC.OBJECT_FIELD_METADATA (ID, NAME, METADATA_TYPE, PARENT_METADATA,PARENT_METADATA_NAME, REFERENCE_METADATA, REFERENCE_METADATA_NAME, REFERENCE_METADATA_TYPE)VALUES('e37c0c23471d410f9f404d0b79c6f00d','ProductCompletedOpsInfoExt','FIELD','f8c351a011474e2ba40859fa0decc627','ProductCompletedOpsInfo_Type',null,null,null);
INSERT INTO PUBLIC.OBJECT_FIELD_METADATA (ID, NAME, METADATA_TYPE, PARENT_METADATA,PARENT_METADATA_NAME, REFERENCE_METADATA, REFERENCE_METADATA_NAME, REFERENCE_METADATA_TYPE)VALUES('84560876f5994ef0b32f864ee1df650f','ExpectedLife','MODEL_RELATION','f8c351a011474e2ba40859fa0decc627','ProductCompletedOpsInfo_Type','1df1057b06734b019460d9f8fb0a43b0','MEASUREMENT','OBJECT');
INSERT INTO PUBLIC.OBJECT_FIELD_METADATA (ID, NAME, METADATA_TYPE, PARENT_METADATA,PARENT_METADATA_NAME, REFERENCE_METADATA, REFERENCE_METADATA_NAME, REFERENCE_METADATA_TYPE)VALUES('f2cf7d7509b74e7e87333341c10abdf1','ProductDesc','FIELD','f8c351a011474e2ba40859fa0decc627','ProductCompletedOpsInfo_Type','2344631100044813a5126adcfb93e80d','C-255','PRIMITIVE');
INSERT INTO PUBLIC.OBJECT_FIELD_METADATA (ID, NAME, METADATA_TYPE, PARENT_METADATA,PARENT_METADATA_NAME, REFERENCE_METADATA, REFERENCE_METADATA_NAME, REFERENCE_METADATA_TYPE)VALUES('7cb8631b10e74e5f995e4fa6786e9eb7','PrincipalComponentsDesc','FIELD','f8c351a011474e2ba40859fa0decc627','ProductCompletedOpsInfo_Type','2344631100044813a5126adcfb93e80d','C-255','PRIMITIVE');
INSERT INTO PUBLIC.OBJECT_FIELD_METADATA (ID, NAME, METADATA_TYPE, PARENT_METADATA,PARENT_METADATA_NAME, REFERENCE_METADATA, REFERENCE_METADATA_NAME, REFERENCE_METADATA_TYPE)VALUES('5dc69c77399748ca852a52cff4a67a62','ProductInMarket','MODEL_RELATION','f8c351a011474e2ba40859fa0decc627','ProductCompletedOpsInfo_Type','1df1057b06734b019460d9f8fb0a43b0','MEASUREMENT','OBJECT');
INSERT INTO PUBLIC.OBJECT_FIELD_METADATA (ID, NAME, METADATA_TYPE, PARENT_METADATA,PARENT_METADATA_NAME, REFERENCE_METADATA, REFERENCE_METADATA_NAME, REFERENCE_METADATA_TYPE)VALUES('ffa4f0b0af6d494b919aad8f7f8f34c2','NumUnits','FIELD','f8c351a011474e2ba40859fa0decc627','ProductCompletedOpsInfo_Type','c896845db6f640c6bf65093333a64c69','Decimal','PRIMITIVE');
INSERT INTO PUBLIC.OBJECT_FIELD_METADATA (ID, NAME, METADATA_TYPE, PARENT_METADATA,PARENT_METADATA_NAME, REFERENCE_METADATA, REFERENCE_METADATA_NAME, REFERENCE_METADATA_TYPE)VALUES('65af6d4a644d4fa5b561d9fe45c2f91b','ProductCompletedOpsInfo','MODEL_RELATION','7883d42185344f7a8046575f5ed11344','GeneralLiabilityLineBusiness_Type','f8c351a011474e2ba40859fa0decc627','ProductCompletedOpsInfo_Type','OBJECT');
INSERT INTO PUBLIC.OBJECT_FIELD_METADATA (ID, NAME, METADATA_TYPE, PARENT_METADATA,PARENT_METADATA_NAME, REFERENCE_METADATA, REFERENCE_METADATA_NAME, REFERENCE_METADATA_TYPE)VALUES('4ff476a7a7a3461aba9f5ebf327400a1','HazardGradeCd','FIELD','7883d42185344f7a8046575f5ed11344','GeneralLiabilityLineBusiness_Type','6240ce877a244a73a1253961131c6cc9','IndustryCode_Type','PRIMITIVE');
INSERT INTO PUBLIC.OBJECT_FIELD_METADATA (ID, NAME, METADATA_TYPE, PARENT_METADATA,PARENT_METADATA_NAME, REFERENCE_METADATA, REFERENCE_METADATA_NAME, REFERENCE_METADATA_TYPE)VALUES('53f9c01847d241319740fb5ae668fefe','QuestionAnswer','MODEL_RELATION','7883d42185344f7a8046575f5ed11344','GeneralLiabilityLineBusiness_Type','152fefd4f3054b68b490c1af5c9c284c','QuestionAnswer_Type','OBJECT');
INSERT INTO PUBLIC.OBJECT_FIELD_METADATA (ID, NAME, METADATA_TYPE, PARENT_METADATA,PARENT_METADATA_NAME, REFERENCE_METADATA, REFERENCE_METADATA_NAME, REFERENCE_METADATA_TYPE)VALUES('c263495cde1342b1be7deef498e9c1ee','NAICCd','FIELD','7883d42185344f7a8046575f5ed11344','GeneralLiabilityLineBusiness_Type','6240ce877a244a73a1253961131c6cc9','IndustryCode_Type','PRIMITIVE');
INSERT INTO PUBLIC.OBJECT_METADATA (ID, NAME, METADATA_TYPE, REFERENCE_METADATA, REFERENCE_METADATA_NAME) VALUES('ce2ba5c64f104295a24f7a1a1fd8c657','MedicalProfessionalInfo_Type','OBJECT',null,null);
INSERT INTO PUBLIC.OBJECT_FIELD_METADATA (ID, NAME, METADATA_TYPE, PARENT_METADATA,PARENT_METADATA_NAME, REFERENCE_METADATA, REFERENCE_METADATA_NAME, REFERENCE_METADATA_TYPE)VALUES('056ce55833574d559be688c99ec61ed4','MedicalProfessionalInfoExt','FIELD','ce2ba5c64f104295a24f7a1a1fd8c657','MedicalProfessionalInfo_Type',null,null,null);
INSERT INTO PUBLIC.OBJECT_FIELD_METADATA (ID, NAME, METADATA_TYPE, PARENT_METADATA,PARENT_METADATA_NAME, REFERENCE_METADATA, REFERENCE_METADATA_NAME, REFERENCE_METADATA_TYPE)VALUES('2a52ba11db0942069a15ce2dd0feae61','PhysicianPrimaryPractice','FIELD','ce2ba5c64f104295a24f7a1a1fd8c657','MedicalProfessionalInfo_Type','395c33ebbd5b40f0aee8a4f93dbedf31','C-Infinite','PRIMITIVE');
INSERT INTO PUBLIC.OBJECT_FIELD_METADATA (ID, NAME, METADATA_TYPE, PARENT_METADATA,PARENT_METADATA_NAME, REFERENCE_METADATA, REFERENCE_METADATA_NAME, REFERENCE_METADATA_TYPE)VALUES('5fa568d1bb8e4a6db489ae7e6f4527f1','ContinuingEducation','FIELD','ce2ba5c64f104295a24f7a1a1fd8c657','MedicalProfessionalInfo_Type','395c33ebbd5b40f0aee8a4f93dbedf31','C-Infinite','PRIMITIVE');
INSERT INTO PUBLIC.OBJECT_FIELD_METADATA (ID, NAME, METADATA_TYPE, PARENT_METADATA,PARENT_METADATA_NAME, REFERENCE_METADATA, REFERENCE_METADATA_NAME, REFERENCE_METADATA_TYPE)VALUES('2ba76911dc3c47debdd568f108f9f6db','SurgeonPrimarySpecialty','FIELD','ce2ba5c64f104295a24f7a1a1fd8c657','MedicalProfessionalInfo_Type','395c33ebbd5b40f0aee8a4f93dbedf31','C-Infinite','PRIMITIVE');
INSERT INTO PUBLIC.OBJECT_FIELD_METADATA (ID, NAME, METADATA_TYPE, PARENT_METADATA,PARENT_METADATA_NAME, REFERENCE_METADATA, REFERENCE_METADATA_NAME, REFERENCE_METADATA_TYPE)VALUES('25cb4dea91be40f5892bf91a96295f27','SurgeonSecondarySpecialty','FIELD','ce2ba5c64f104295a24f7a1a1fd8c657','MedicalProfessionalInfo_Type','395c33ebbd5b40f0aee8a4f93dbedf31','C-Infinite','PRIMITIVE');
INSERT INTO PUBLIC.OBJECT_FIELD_METADATA (ID, NAME, METADATA_TYPE, PARENT_METADATA,PARENT_METADATA_NAME, REFERENCE_METADATA, REFERENCE_METADATA_NAME, REFERENCE_METADATA_TYPE)VALUES('9299be27bc044c978221d071042372e4','CurrentPractice','FIELD','ce2ba5c64f104295a24f7a1a1fd8c657','MedicalProfessionalInfo_Type','395c33ebbd5b40f0aee8a4f93dbedf31','C-Infinite','PRIMITIVE');
INSERT INTO PUBLIC.OBJECT_FIELD_METADATA (ID, NAME, METADATA_TYPE, PARENT_METADATA,PARENT_METADATA_NAME, REFERENCE_METADATA, REFERENCE_METADATA_NAME, REFERENCE_METADATA_TYPE)VALUES('be7d478d84bc49149cf343a6758c34bb','PhysicianSecondaryPractice','FIELD','ce2ba5c64f104295a24f7a1a1fd8c657','MedicalProfessionalInfo_Type','395c33ebbd5b40f0aee8a4f93dbedf31','C-Infinite','PRIMITIVE');
INSERT INTO PUBLIC.OBJECT_FIELD_METADATA (ID, NAME, METADATA_TYPE, PARENT_METADATA,PARENT_METADATA_NAME, REFERENCE_METADATA, REFERENCE_METADATA_NAME, REFERENCE_METADATA_TYPE)VALUES('cabd0a45b52b47b087695c23a7b1fb93','MedicalProfessionalInfo','MODEL_RELATION','7883d42185344f7a8046575f5ed11344','GeneralLiabilityLineBusiness_Type','ce2ba5c64f104295a24f7a1a1fd8c657','MedicalProfessionalInfo_Type','OBJECT');
INSERT INTO PUBLIC.OBJECT_FIELD_METADATA (ID, NAME, METADATA_TYPE, PARENT_METADATA,PARENT_METADATA_NAME, REFERENCE_METADATA, REFERENCE_METADATA_NAME, REFERENCE_METADATA_TYPE)VALUES('eb65558430c5442f88732710dd50e041','AdditionalInterest','MODEL_RELATION','7883d42185344f7a8046575f5ed11344','GeneralLiabilityLineBusiness_Type','23a83d5912a54d0ca9b4669826684442','AdditionalInterest_Type','OBJECT');
INSERT INTO PUBLIC.OBJECT_FIELD_METADATA (ID, NAME, METADATA_TYPE, PARENT_METADATA,PARENT_METADATA_NAME, REFERENCE_METADATA, REFERENCE_METADATA_NAME, REFERENCE_METADATA_TYPE)VALUES('d10db2688ac54a7e82132d43771125bd','AuditInfo','MODEL_RELATION','7883d42185344f7a8046575f5ed11344','GeneralLiabilityLineBusiness_Type','cafd893cc1ec4101a8df78b1c1a8c82e','AuditInfo_Type','OBJECT');
INSERT INTO PUBLIC.OBJECT_FIELD_METADATA (ID, NAME, METADATA_TYPE, PARENT_METADATA,PARENT_METADATA_NAME, REFERENCE_METADATA, REFERENCE_METADATA_NAME, REFERENCE_METADATA_TYPE)VALUES('30757d2661644711848d694868646180','MinPremInd','FIELD','7883d42185344f7a8046575f5ed11344','GeneralLiabilityLineBusiness_Type','4ffb0bcc3ec946d1af3ef883f4c3a4e6','Boolean','PRIMITIVE');
INSERT INTO PUBLIC.OBJECT_FIELD_METADATA (ID, NAME, METADATA_TYPE, PARENT_METADATA,PARENT_METADATA_NAME, REFERENCE_METADATA, REFERENCE_METADATA_NAME, REFERENCE_METADATA_TYPE)VALUES('4e3f167484004d9ba88b242820d34931','NetChangeAmt','MODEL_RELATION','7883d42185344f7a8046575f5ed11344','GeneralLiabilityLineBusiness_Type','4fa89203e94a4637baa0484d19b460c5','CURRENCY','OBJECT');
INSERT INTO PUBLIC.OBJECT_FIELD_METADATA (ID, NAME, METADATA_TYPE, PARENT_METADATA,PARENT_METADATA_NAME, REFERENCE_METADATA, REFERENCE_METADATA_NAME, REFERENCE_METADATA_TYPE)VALUES('6881817bae954b3fb86e5cd5b96cdc9a','PMACd','FIELD','7883d42185344f7a8046575f5ed11344','GeneralLiabilityLineBusiness_Type','6240ce877a244a73a1253961131c6cc9','IndustryCode_Type','PRIMITIVE');
INSERT INTO PUBLIC.OBJECT_FIELD_METADATA (ID, NAME, METADATA_TYPE, PARENT_METADATA,PARENT_METADATA_NAME, REFERENCE_METADATA, REFERENCE_METADATA_NAME, REFERENCE_METADATA_TYPE)VALUES('402932680815444488777eec6c202a64','LOBSubCd','FIELD','7883d42185344f7a8046575f5ed11344','GeneralLiabilityLineBusiness_Type','8376159ebcf44685b36391928a67e333','LineOfBusinessSubCode','PRIMITIVE');
INSERT INTO PUBLIC.OBJECT_FIELD_METADATA (ID, NAME, METADATA_TYPE, PARENT_METADATA,PARENT_METADATA_NAME, REFERENCE_METADATA, REFERENCE_METADATA_NAME, REFERENCE_METADATA_TYPE)VALUES('3675b1cd10bd48a2bbfbf10d3ae2a39b','GroupId','FIELD','7883d42185344f7a8046575f5ed11344','GeneralLiabilityLineBusiness_Type','3da4bbbc6bf44d5f941e647b8e8408dc','AssignedIdentifier','PRIMITIVE');
INSERT INTO PUBLIC.OBJECT_FIELD_METADATA (ID, NAME, METADATA_TYPE, PARENT_METADATA,PARENT_METADATA_NAME, REFERENCE_METADATA, REFERENCE_METADATA_NAME, REFERENCE_METADATA_TYPE)VALUES('eac5753f25f0469cac5d250c61792db7','LOBCd','FIELD','7883d42185344f7a8046575f5ed11344','GeneralLiabilityLineBusiness_Type','3b75decf3cfc42c496d4405220659cf0','LineOfBusiness','PRIMITIVE');
INSERT INTO PUBLIC.OBJECT_METADATA (ID, NAME, METADATA_TYPE, REFERENCE_METADATA, REFERENCE_METADATA_NAME) VALUES('4b6a5af8063d4d9ab061d8d564262fcd','SponsorUnderwritingInfo_Type','OBJECT',null,null);
INSERT INTO PUBLIC.OBJECT_FIELD_METADATA (ID, NAME, METADATA_TYPE, PARENT_METADATA,PARENT_METADATA_NAME, REFERENCE_METADATA, REFERENCE_METADATA_NAME, REFERENCE_METADATA_TYPE)VALUES('803d14f4a3754d6c849b463f8eca35b2','SponsorUnderwritingInfoExt','FIELD','4b6a5af8063d4d9ab061d8d564262fcd','SponsorUnderwritingInfo_Type',null,null,null);
INSERT INTO PUBLIC.OBJECT_FIELD_METADATA (ID, NAME, METADATA_TYPE, PARENT_METADATA,PARENT_METADATA_NAME, REFERENCE_METADATA, REFERENCE_METADATA_NAME, REFERENCE_METADATA_TYPE)VALUES('8634b8b197134d52920039012154d53e','DomiciledStateProvCd','FIELD','4b6a5af8063d4d9ab061d8d564262fcd','SponsorUnderwritingInfo_Type','6240ce877a244a73a1253961131c6cc9','IndustryCode_Type','PRIMITIVE');
INSERT INTO PUBLIC.OBJECT_FIELD_METADATA (ID, NAME, METADATA_TYPE, PARENT_METADATA,PARENT_METADATA_NAME, REFERENCE_METADATA, REFERENCE_METADATA_NAME, REFERENCE_METADATA_TYPE)VALUES('3fe4ac388e154942a16c68991a14c8f8','SportTypeName','FIELD','4b6a5af8063d4d9ab061d8d564262fcd','SponsorUnderwritingInfo_Type','43d52c0234024809806a2becf9d18a0f','C-30','PRIMITIVE');
INSERT INTO PUBLIC.OBJECT_FIELD_METADATA (ID, NAME, METADATA_TYPE, PARENT_METADATA,PARENT_METADATA_NAME, REFERENCE_METADATA, REFERENCE_METADATA_NAME, REFERENCE_METADATA_TYPE)VALUES('edc92390fbd04770bba48a643098a0a4','ContactInd','FIELD','4b6a5af8063d4d9ab061d8d564262fcd','SponsorUnderwritingInfo_Type','4ffb0bcc3ec946d1af3ef883f4c3a4e6','Boolean','PRIMITIVE');
INSERT INTO PUBLIC.PRIMITIVE_METADATA (ID, NAME, METADATA_TYPE) VALUES('d885b8a0afee40a7bc78c79cd9cdc5a4','AgeGroup','PRIMITIVE');
INSERT INTO PUBLIC.OBJECT_FIELD_METADATA (ID, NAME, METADATA_TYPE, PARENT_METADATA,PARENT_METADATA_NAME, REFERENCE_METADATA, REFERENCE_METADATA_NAME, REFERENCE_METADATA_TYPE)VALUES('d463fbe170c9490ba7f0a89069dbfe6e','AgeGroupCd','FIELD','4b6a5af8063d4d9ab061d8d564262fcd','SponsorUnderwritingInfo_Type','d885b8a0afee40a7bc78c79cd9cdc5a4','AgeGroup','PRIMITIVE');
INSERT INTO PUBLIC.OBJECT_FIELD_METADATA (ID, NAME, METADATA_TYPE, PARENT_METADATA,PARENT_METADATA_NAME, REFERENCE_METADATA, REFERENCE_METADATA_NAME, REFERENCE_METADATA_TYPE)VALUES('6a3909b508fb4306b00f85e1dbd6e1e0','SportTeamName','FIELD','4b6a5af8063d4d9ab061d8d564262fcd','SponsorUnderwritingInfo_Type','43d52c0234024809806a2becf9d18a0f','C-30','PRIMITIVE');
INSERT INTO PUBLIC.OBJECT_FIELD_METADATA (ID, NAME, METADATA_TYPE, PARENT_METADATA,PARENT_METADATA_NAME, REFERENCE_METADATA, REFERENCE_METADATA_NAME, REFERENCE_METADATA_TYPE)VALUES('91def4724e994f2fa1fbbc810622697d','ItemIdInfo','MODEL_RELATION','4b6a5af8063d4d9ab061d8d564262fcd','SponsorUnderwritingInfo_Type','ba3be0e0317741b08f872c1fca47ad8f','ItemIdInfo_Type','OBJECT');
INSERT INTO PUBLIC.PRIMITIVE_METADATA (ID, NAME, METADATA_TYPE) VALUES('5c5d813c0fb44d039b720a3ccd7c7171','SportType','PRIMITIVE');
INSERT INTO PUBLIC.OBJECT_FIELD_METADATA (ID, NAME, METADATA_TYPE, PARENT_METADATA,PARENT_METADATA_NAME, REFERENCE_METADATA, REFERENCE_METADATA_NAME, REFERENCE_METADATA_TYPE)VALUES('39569ffc28ec4d46b93e12f39eaf85dc','SportTypeCd','FIELD','4b6a5af8063d4d9ab061d8d564262fcd','SponsorUnderwritingInfo_Type','5c5d813c0fb44d039b720a3ccd7c7171','SportType','PRIMITIVE');
INSERT INTO PUBLIC.OBJECT_FIELD_METADATA (ID, NAME, METADATA_TYPE, PARENT_METADATA,PARENT_METADATA_NAME, REFERENCE_METADATA, REFERENCE_METADATA_NAME, REFERENCE_METADATA_TYPE)VALUES('eea30748609b4b2682827378f845b2ef','ExtentDesc','FIELD','4b6a5af8063d4d9ab061d8d564262fcd','SponsorUnderwritingInfo_Type','395c33ebbd5b40f0aee8a4f93dbedf31','C-Infinite','PRIMITIVE');
INSERT INTO PUBLIC.OBJECT_FIELD_METADATA (ID, NAME, METADATA_TYPE, PARENT_METADATA,PARENT_METADATA_NAME, REFERENCE_METADATA, REFERENCE_METADATA_NAME, REFERENCE_METADATA_TYPE)VALUES('bb5bce4c06934602933c69c7a7666855','SponsorUnderwritingInfo','MODEL_RELATION','7883d42185344f7a8046575f5ed11344','GeneralLiabilityLineBusiness_Type','4b6a5af8063d4d9ab061d8d564262fcd','SponsorUnderwritingInfo_Type','OBJECT');
INSERT INTO PUBLIC.OBJECT_FIELD_METADATA (ID, NAME, METADATA_TYPE, PARENT_METADATA,PARENT_METADATA_NAME, REFERENCE_METADATA, REFERENCE_METADATA_NAME, REFERENCE_METADATA_TYPE)VALUES('5c0d062db46149ca8a1860616c8c2406','RateEffectiveDt','FIELD','7883d42185344f7a8046575f5ed11344','GeneralLiabilityLineBusiness_Type','3b0a2ca6cf3a4fb19718e35aa60287cd','Date','PRIMITIVE');
INSERT INTO PUBLIC.OBJECT_METADATA (ID, NAME, METADATA_TYPE, REFERENCE_METADATA, REFERENCE_METADATA_NAME) VALUES('b7e06e06a1af42139aabcaba0d3674ac','EquipmentInfo_Type','OBJECT',null,null);
INSERT INTO PUBLIC.OBJECT_FIELD_METADATA (ID, NAME, METADATA_TYPE, PARENT_METADATA,PARENT_METADATA_NAME, REFERENCE_METADATA, REFERENCE_METADATA_NAME, REFERENCE_METADATA_TYPE)VALUES('f5c258382aa44dfcb14b97a322e0e073','EquipmentInfoExt','FIELD','b7e06e06a1af42139aabcaba0d3674ac','EquipmentInfo_Type',null,null,null);
INSERT INTO PUBLIC.PRIMITIVE_METADATA (ID, NAME, METADATA_TYPE) VALUES('cfad59639b2c4dc99db5ab0e90788011','EquipmentSize','PRIMITIVE');
INSERT INTO PUBLIC.OBJECT_FIELD_METADATA (ID, NAME, METADATA_TYPE, PARENT_METADATA,PARENT_METADATA_NAME, REFERENCE_METADATA, REFERENCE_METADATA_NAME, REFERENCE_METADATA_TYPE)VALUES('4299e117193049f0b19863fe78a751e1','EquipmentSizeCd','FIELD','b7e06e06a1af42139aabcaba0d3674ac','EquipmentInfo_Type','cfad59639b2c4dc99db5ab0e90788011','EquipmentSize','PRIMITIVE');
INSERT INTO PUBLIC.OBJECT_FIELD_METADATA (ID, NAME, METADATA_TYPE, PARENT_METADATA,PARENT_METADATA_NAME, REFERENCE_METADATA, REFERENCE_METADATA_NAME, REFERENCE_METADATA_TYPE)VALUES('ed722c2417f1493f8c8a91ce4b5f544d','OperationsRadius','MODEL_RELATION','b7e06e06a1af42139aabcaba0d3674ac','EquipmentInfo_Type','1df1057b06734b019460d9f8fb0a43b0','MEASUREMENT','OBJECT');
INSERT INTO PUBLIC.OBJECT_METADATA (ID, NAME, METADATA_TYPE, REFERENCE_METADATA, REFERENCE_METADATA_NAME) VALUES('e0f364b6550d4a2f9a2faeccfcf2315c','StorageInfo_Type','OBJECT',null,null);
INSERT INTO PUBLIC.OBJECT_FIELD_METADATA (ID, NAME, METADATA_TYPE, PARENT_METADATA,PARENT_METADATA_NAME, REFERENCE_METADATA, REFERENCE_METADATA_NAME, REFERENCE_METADATA_TYPE)VALUES('3ebcf740dcf942f9b8a2108b789457a5','StoragePeriod','MODEL_RELATION','e0f364b6550d4a2f9a2faeccfcf2315c','StorageInfo_Type','2ba28904532b44bfb94bb9bca9b86a8a','DURATION','OBJECT');
INSERT INTO PUBLIC.OBJECT_METADATA (ID, NAME, METADATA_TYPE, REFERENCE_METADATA, REFERENCE_METADATA_NAME) VALUES('292dd983770e47149290b2eda3f26948','ValueInfo_Type','OBJECT',null,null);
INSERT INTO PUBLIC.PRIMITIVE_METADATA (ID, NAME, METADATA_TYPE) VALUES('b4b628c7333f45d28942bf94003ac780','ValueAppliesTo','PRIMITIVE');
INSERT INTO PUBLIC.OBJECT_FIELD_METADATA (ID, NAME, METADATA_TYPE, PARENT_METADATA,PARENT_METADATA_NAME, REFERENCE_METADATA, REFERENCE_METADATA_NAME, REFERENCE_METADATA_TYPE)VALUES('7b5a441f5b174126b2294d02f6231426','ValueAppliesToCd','FIELD','292dd983770e47149290b2eda3f26948','ValueInfo_Type','b4b628c7333f45d28942bf94003ac780','ValueAppliesTo','PRIMITIVE');
INSERT INTO PUBLIC.PRIMITIVE_METADATA (ID, NAME, METADATA_TYPE) VALUES('8ec4a1e70d564d888b3c85bccb219abe','ValueType','PRIMITIVE');
INSERT INTO PUBLIC.OBJECT_FIELD_METADATA (ID, NAME, METADATA_TYPE, PARENT_METADATA,PARENT_METADATA_NAME, REFERENCE_METADATA, REFERENCE_METADATA_NAME, REFERENCE_METADATA_TYPE)VALUES('ef2d64a8617e45bda354ca2a914f2184','ValueTypeCd','FIELD','292dd983770e47149290b2eda3f26948','ValueInfo_Type','8ec4a1e70d564d888b3c85bccb219abe','ValueType','PRIMITIVE');
INSERT INTO PUBLIC.OBJECT_FIELD_METADATA (ID, NAME, METADATA_TYPE, PARENT_METADATA,PARENT_METADATA_NAME, REFERENCE_METADATA, REFERENCE_METADATA_NAME, REFERENCE_METADATA_TYPE)VALUES('e06db9598eb04e16af53779e23f1e796','ItemValueAmt','MODEL_RELATION','292dd983770e47149290b2eda3f26948','ValueInfo_Type','4fa89203e94a4637baa0484d19b460c5','CURRENCY','OBJECT');
INSERT INTO PUBLIC.OBJECT_FIELD_METADATA (ID, NAME, METADATA_TYPE, PARENT_METADATA,PARENT_METADATA_NAME, REFERENCE_METADATA, REFERENCE_METADATA_NAME, REFERENCE_METADATA_TYPE)VALUES('896ddf3adb444c158cc4ada8afe23359','ValuationCd','FIELD','292dd983770e47149290b2eda3f26948','ValueInfo_Type','a21806a17c114d80a5a94e9d48045507','ValuationType','PRIMITIVE');
INSERT INTO PUBLIC.OBJECT_FIELD_METADATA (ID, NAME, METADATA_TYPE, PARENT_METADATA,PARENT_METADATA_NAME, REFERENCE_METADATA, REFERENCE_METADATA_NAME, REFERENCE_METADATA_TYPE)VALUES('27a51b33a67f4618a4260ce2a1b798ff','ValueInfoExt','FIELD','292dd983770e47149290b2eda3f26948','ValueInfo_Type',null,null,null);
INSERT INTO PUBLIC.OBJECT_FIELD_METADATA (ID, NAME, METADATA_TYPE, PARENT_METADATA,PARENT_METADATA_NAME, REFERENCE_METADATA, REFERENCE_METADATA_NAME, REFERENCE_METADATA_TYPE)VALUES('b718874873404ffa9c00e1bc44272229','ValuationDt','FIELD','292dd983770e47149290b2eda3f26948','ValueInfo_Type','3b0a2ca6cf3a4fb19718e35aa60287cd','Date','PRIMITIVE');
INSERT INTO PUBLIC.OBJECT_FIELD_METADATA (ID, NAME, METADATA_TYPE, PARENT_METADATA,PARENT_METADATA_NAME, REFERENCE_METADATA, REFERENCE_METADATA_NAME, REFERENCE_METADATA_TYPE)VALUES('b589399aad3442f198b219545ca8d7c9','ValueInfo','MODEL_RELATION','e0f364b6550d4a2f9a2faeccfcf2315c','StorageInfo_Type','292dd983770e47149290b2eda3f26948','ValueInfo_Type','OBJECT');
INSERT INTO PUBLIC.OBJECT_FIELD_METADATA (ID, NAME, METADATA_TYPE, PARENT_METADATA,PARENT_METADATA_NAME, REFERENCE_METADATA, REFERENCE_METADATA_NAME, REFERENCE_METADATA_TYPE)VALUES('b1b0b3d90dab4f2280252fed1eb38676','StorageSecurityDesc','FIELD','e0f364b6550d4a2f9a2faeccfcf2315c','StorageInfo_Type','2344631100044813a5126adcfb93e80d','C-255','PRIMITIVE');
INSERT INTO PUBLIC.OBJECT_FIELD_METADATA (ID, NAME, METADATA_TYPE, PARENT_METADATA,PARENT_METADATA_NAME, REFERENCE_METADATA, REFERENCE_METADATA_NAME, REFERENCE_METADATA_TYPE)VALUES('5ad5ec403f7e44d9bee794748092e45d','StorageInfoExt','FIELD','e0f364b6550d4a2f9a2faeccfcf2315c','StorageInfo_Type',null,null,null);
INSERT INTO PUBLIC.OBJECT_FIELD_METADATA (ID, NAME, METADATA_TYPE, PARENT_METADATA,PARENT_METADATA_NAME, REFERENCE_METADATA, REFERENCE_METADATA_NAME, REFERENCE_METADATA_TYPE)VALUES('f55da6d1f31b4674a83bf67756dd307e','StorageInfo','MODEL_RELATION','b7e06e06a1af42139aabcaba0d3674ac','EquipmentInfo_Type','e0f364b6550d4a2f9a2faeccfcf2315c','StorageInfo_Type','OBJECT');
INSERT INTO PUBLIC.OBJECT_FIELD_METADATA (ID, NAME, METADATA_TYPE, PARENT_METADATA,PARENT_METADATA_NAME, REFERENCE_METADATA, REFERENCE_METADATA_NAME, REFERENCE_METADATA_TYPE)VALUES('55ffe1ce255b41b79270e4149ac36ba6','OperationsDesc','FIELD','b7e06e06a1af42139aabcaba0d3674ac','EquipmentInfo_Type','2344631100044813a5126adcfb93e80d','C-255','PRIMITIVE');
INSERT INTO PUBLIC.OBJECT_FIELD_METADATA (ID, NAME, METADATA_TYPE, PARENT_METADATA,PARENT_METADATA_NAME, REFERENCE_METADATA, REFERENCE_METADATA_NAME, REFERENCE_METADATA_TYPE)VALUES('b7fd23750b824faf86825c38356ffb26','InstructProvidedInd','FIELD','b7e06e06a1af42139aabcaba0d3674ac','EquipmentInfo_Type','4ffb0bcc3ec946d1af3ef883f4c3a4e6','Boolean','PRIMITIVE');
INSERT INTO PUBLIC.OBJECT_FIELD_METADATA (ID, NAME, METADATA_TYPE, PARENT_METADATA,PARENT_METADATA_NAME, REFERENCE_METADATA, REFERENCE_METADATA_NAME, REFERENCE_METADATA_TYPE)VALUES('cb1e19a9042d45d8a2c84a346e4da11e','EquipmentInfo','MODEL_RELATION','7883d42185344f7a8046575f5ed11344','GeneralLiabilityLineBusiness_Type','b7e06e06a1af42139aabcaba0d3674ac','EquipmentInfo_Type','OBJECT');
INSERT INTO PUBLIC.OBJECT_METADATA (ID, NAME, METADATA_TYPE, REFERENCE_METADATA, REFERENCE_METADATA_NAME) VALUES('a160d601cc0c458e9ca31c3a4c137265','LiabilityInfo_Type','OBJECT',null,null);
INSERT INTO PUBLIC.OBJECT_FIELD_METADATA (ID, NAME, METADATA_TYPE, PARENT_METADATA,PARENT_METADATA_NAME, REFERENCE_METADATA, REFERENCE_METADATA_NAME, REFERENCE_METADATA_TYPE)VALUES('7d98ebcb819e4049b3f27308ea754a56','CommlCoverage','MODEL_RELATION','a160d601cc0c458e9ca31c3a4c137265','LiabilityInfo_Type','d0675b4bbe674c1fa08297c27c3cb675','Coverage_Type','OBJECT');
INSERT INTO PUBLIC.OBJECT_FIELD_METADATA (ID, NAME, METADATA_TYPE, PARENT_METADATA,PARENT_METADATA_NAME, REFERENCE_METADATA, REFERENCE_METADATA_NAME, REFERENCE_METADATA_TYPE)VALUES('8d37b15b98fa4d44b681328932b2ca82','CoverageAvailable','MODEL_RELATION','a160d601cc0c458e9ca31c3a4c137265','LiabilityInfo_Type','d0675b4bbe674c1fa08297c27c3cb675','Coverage_Type','OBJECT');
INSERT INTO PUBLIC.OBJECT_FIELD_METADATA (ID, NAME, METADATA_TYPE, PARENT_METADATA,PARENT_METADATA_NAME, REFERENCE_METADATA, REFERENCE_METADATA_NAME, REFERENCE_METADATA_TYPE)VALUES('6fda17ef9e6249a3a6ba7f2d08e15b3b','CreditOrSurcharge','MODEL_RELATION','a160d601cc0c458e9ca31c3a4c137265','LiabilityInfo_Type','ac7618a3e7974e27b3a4f0a5f2a22a98','PCCREDITSURCHARGE','OBJECT');
INSERT INTO PUBLIC.OBJECT_METADATA (ID, NAME, METADATA_TYPE, REFERENCE_METADATA, REFERENCE_METADATA_NAME) VALUES('378d1a24ebda48569409c7b3c8acf355','ContractorsUnderwritingQuestions_Type','OBJECT',null,null);
INSERT INTO PUBLIC.OBJECT_FIELD_METADATA (ID, NAME, METADATA_TYPE, PARENT_METADATA,PARENT_METADATA_NAME, REFERENCE_METADATA, REFERENCE_METADATA_NAME, REFERENCE_METADATA_TYPE)VALUES('ea5d5f7c99d44a7cbae8f76491e5511d','PaintingInsidePct','FIELD','378d1a24ebda48569409c7b3c8acf355','ContractorsUnderwritingQuestions_Type','42787ecf7ebe44bdb047ebe0f2268d21','PercentLong','PRIMITIVE');
INSERT INTO PUBLIC.OBJECT_FIELD_METADATA (ID, NAME, METADATA_TYPE, PARENT_METADATA,PARENT_METADATA_NAME, REFERENCE_METADATA, REFERENCE_METADATA_NAME, REFERENCE_METADATA_TYPE)VALUES('37720488df6f4d5c97bdacef28db05ad','SubContractorMinimumOccurenceLimit','MODEL_RELATION','378d1a24ebda48569409c7b3c8acf355','ContractorsUnderwritingQuestions_Type','1b867fac5d844dc4bda5ad58bc400f4a','FORMATTEDNUMBER','OBJECT');
INSERT INTO PUBLIC.OBJECT_FIELD_METADATA (ID, NAME, METADATA_TYPE, PARENT_METADATA,PARENT_METADATA_NAME, REFERENCE_METADATA, REFERENCE_METADATA_NAME, REFERENCE_METADATA_TYPE)VALUES('15e281de38ba4880bfd81e02eebf34df','EmployeeOversightRadius','MODEL_RELATION','378d1a24ebda48569409c7b3c8acf355','ContractorsUnderwritingQuestions_Type','1df1057b06734b019460d9f8fb0a43b0','MEASUREMENT','OBJECT');
INSERT INTO PUBLIC.OBJECT_FIELD_METADATA (ID, NAME, METADATA_TYPE, PARENT_METADATA,PARENT_METADATA_NAME, REFERENCE_METADATA, REFERENCE_METADATA_NAME, REFERENCE_METADATA_TYPE)VALUES('022689aab6834f4aac6b47626a1b9c4c','NewConstructionPct','FIELD','378d1a24ebda48569409c7b3c8acf355','ContractorsUnderwritingQuestions_Type','42787ecf7ebe44bdb047ebe0f2268d21','PercentLong','PRIMITIVE');
INSERT INTO PUBLIC.OBJECT_FIELD_METADATA (ID, NAME, METADATA_TYPE, PARENT_METADATA,PARENT_METADATA_NAME, REFERENCE_METADATA, REFERENCE_METADATA_NAME, REFERENCE_METADATA_TYPE)VALUES('f25714c5f9df4fa0b5273a8a903a3520','ResidentialPct','FIELD','378d1a24ebda48569409c7b3c8acf355','ContractorsUnderwritingQuestions_Type','42787ecf7ebe44bdb047ebe0f2268d21','PercentLong','PRIMITIVE');
INSERT INTO PUBLIC.OBJECT_FIELD_METADATA (ID, NAME, METADATA_TYPE, PARENT_METADATA,PARENT_METADATA_NAME, REFERENCE_METADATA, REFERENCE_METADATA_NAME, REFERENCE_METADATA_TYPE)VALUES('07f3e01b09ac422c9c47fe1839966fab','GradingPct','FIELD','378d1a24ebda48569409c7b3c8acf355','ContractorsUnderwritingQuestions_Type','42787ecf7ebe44bdb047ebe0f2268d21','PercentLong','PRIMITIVE');
INSERT INTO PUBLIC.OBJECT_FIELD_METADATA (ID, NAME, METADATA_TYPE, PARENT_METADATA,PARENT_METADATA_NAME, REFERENCE_METADATA, REFERENCE_METADATA_NAME, REFERENCE_METADATA_TYPE)VALUES('cae76122f631449298ddff38a79a6aca','RenovationPct','FIELD','378d1a24ebda48569409c7b3c8acf355','ContractorsUnderwritingQuestions_Type','42787ecf7ebe44bdb047ebe0f2268d21','PercentLong','PRIMITIVE');
INSERT INTO PUBLIC.OBJECT_FIELD_METADATA (ID, NAME, METADATA_TYPE, PARENT_METADATA,PARENT_METADATA_NAME, REFERENCE_METADATA, REFERENCE_METADATA_NAME, REFERENCE_METADATA_TYPE)VALUES('272991ec59a2447589b6e44ff736eea5','NumEmployeesPartTime','FIELD','378d1a24ebda48569409c7b3c8acf355','ContractorsUnderwritingQuestions_Type','838cab4e48a54d0bb23ca5ea9db454ab','Long','PRIMITIVE');
INSERT INTO PUBLIC.OBJECT_FIELD_METADATA (ID, NAME, METADATA_TYPE, PARENT_METADATA,PARENT_METADATA_NAME, REFERENCE_METADATA, REFERENCE_METADATA_NAME, REFERENCE_METADATA_TYPE)VALUES('b5ade39717e84b3a8939dcf815ee64e1','ExteriorSprayPct','FIELD','378d1a24ebda48569409c7b3c8acf355','ContractorsUnderwritingQuestions_Type','42787ecf7ebe44bdb047ebe0f2268d21','PercentLong','PRIMITIVE');
INSERT INTO PUBLIC.OBJECT_FIELD_METADATA (ID, NAME, METADATA_TYPE, PARENT_METADATA,PARENT_METADATA_NAME, REFERENCE_METADATA, REFERENCE_METADATA_NAME, REFERENCE_METADATA_TYPE)VALUES('9f2c60ec351f41ca957916729959aac7','OperationsDesc','FIELD','378d1a24ebda48569409c7b3c8acf355','ContractorsUnderwritingQuestions_Type','2344631100044813a5126adcfb93e80d','C-255','PRIMITIVE');
INSERT INTO PUBLIC.OBJECT_FIELD_METADATA (ID, NAME, METADATA_TYPE, PARENT_METADATA,PARENT_METADATA_NAME, REFERENCE_METADATA, REFERENCE_METADATA_NAME, REFERENCE_METADATA_TYPE)VALUES('e51fb6b7aaa640738074a340cc4d7be8','MaximumExcavationDepth','MODEL_RELATION','378d1a24ebda48569409c7b3c8acf355','ContractorsUnderwritingQuestions_Type','1df1057b06734b019460d9f8fb0a43b0','MEASUREMENT','OBJECT');
INSERT INTO PUBLIC.OBJECT_FIELD_METADATA (ID, NAME, METADATA_TYPE, PARENT_METADATA,PARENT_METADATA_NAME, REFERENCE_METADATA, REFERENCE_METADATA_NAME, REFERENCE_METADATA_TYPE)VALUES('79714370f2404e80b3465eae187ddc3d','SubContractorMinimumAggregateLimit','MODEL_RELATION','378d1a24ebda48569409c7b3c8acf355','ContractorsUnderwritingQuestions_Type','1b867fac5d844dc4bda5ad58bc400f4a','FORMATTEDNUMBER','OBJECT');
INSERT INTO PUBLIC.OBJECT_FIELD_METADATA (ID, NAME, METADATA_TYPE, PARENT_METADATA,PARENT_METADATA_NAME, REFERENCE_METADATA, REFERENCE_METADATA_NAME, REFERENCE_METADATA_TYPE)VALUES('01424a932aa244939757b1b018a1f274','QuestionAnswer','MODEL_RELATION','378d1a24ebda48569409c7b3c8acf355','ContractorsUnderwritingQuestions_Type','152fefd4f3054b68b490c1af5c9c284c','QuestionAnswer_Type','OBJECT');
INSERT INTO PUBLIC.OBJECT_FIELD_METADATA (ID, NAME, METADATA_TYPE, PARENT_METADATA,PARENT_METADATA_NAME, REFERENCE_METADATA, REFERENCE_METADATA_NAME, REFERENCE_METADATA_TYPE)VALUES('622a5778be6b460db0b55193d4afb640','ResidentialRoofingPct','FIELD','378d1a24ebda48569409c7b3c8acf355','ContractorsUnderwritingQuestions_Type','42787ecf7ebe44bdb047ebe0f2268d21','PercentLong','PRIMITIVE');
INSERT INTO PUBLIC.OBJECT_FIELD_METADATA (ID, NAME, METADATA_TYPE, PARENT_METADATA,PARENT_METADATA_NAME, REFERENCE_METADATA, REFERENCE_METADATA_NAME, REFERENCE_METADATA_TYPE)VALUES('54c64375f9d94a38a556516fc8b8506c','TreeTrimmingPct','FIELD','378d1a24ebda48569409c7b3c8acf355','ContractorsUnderwritingQuestions_Type','42787ecf7ebe44bdb047ebe0f2268d21','PercentLong','PRIMITIVE');
INSERT INTO PUBLIC.OBJECT_FIELD_METADATA (ID, NAME, METADATA_TYPE, PARENT_METADATA,PARENT_METADATA_NAME, REFERENCE_METADATA, REFERENCE_METADATA_NAME, REFERENCE_METADATA_TYPE)VALUES('e70847f859f74c08bc862a1db6a849e9','SubcontractedWorkPct','FIELD','378d1a24ebda48569409c7b3c8acf355','ContractorsUnderwritingQuestions_Type','42787ecf7ebe44bdb047ebe0f2268d21','PercentLong','PRIMITIVE');
INSERT INTO PUBLIC.PRIMITIVE_METADATA (ID, NAME, METADATA_TYPE) VALUES('a833b7adb66f4fe98de8199867d1c193','NatureOperations','PRIMITIVE');
INSERT INTO PUBLIC.OBJECT_FIELD_METADATA (ID, NAME, METADATA_TYPE, PARENT_METADATA,PARENT_METADATA_NAME, REFERENCE_METADATA, REFERENCE_METADATA_NAME, REFERENCE_METADATA_TYPE)VALUES('5022db49418e4008b53af02bf45d709d','OperationsRoleCd','FIELD','378d1a24ebda48569409c7b3c8acf355','ContractorsUnderwritingQuestions_Type','a833b7adb66f4fe98de8199867d1c193','NatureOperations','PRIMITIVE');
INSERT INTO PUBLIC.OBJECT_FIELD_METADATA (ID, NAME, METADATA_TYPE, PARENT_METADATA,PARENT_METADATA_NAME, REFERENCE_METADATA, REFERENCE_METADATA_NAME, REFERENCE_METADATA_TYPE)VALUES('f794531770ef47be83296fa8535b92e6','ScaffoldingHeight','MODEL_RELATION','378d1a24ebda48569409c7b3c8acf355','ContractorsUnderwritingQuestions_Type','1df1057b06734b019460d9f8fb0a43b0','MEASUREMENT','OBJECT');
INSERT INTO PUBLIC.OBJECT_FIELD_METADATA (ID, NAME, METADATA_TYPE, PARENT_METADATA,PARENT_METADATA_NAME, REFERENCE_METADATA, REFERENCE_METADATA_NAME, REFERENCE_METADATA_TYPE)VALUES('267486a4ddb24e08acefe690604b800c','AgreementDesc','FIELD','378d1a24ebda48569409c7b3c8acf355','ContractorsUnderwritingQuestions_Type','395c33ebbd5b40f0aee8a4f93dbedf31','C-Infinite','PRIMITIVE');
INSERT INTO PUBLIC.OBJECT_FIELD_METADATA (ID, NAME, METADATA_TYPE, PARENT_METADATA,PARENT_METADATA_NAME, REFERENCE_METADATA, REFERENCE_METADATA_NAME, REFERENCE_METADATA_TYPE)VALUES('653d15da40474dfd91edf84809f45309','PaintingOutsidePct','FIELD','378d1a24ebda48569409c7b3c8acf355','ContractorsUnderwritingQuestions_Type','42787ecf7ebe44bdb047ebe0f2268d21','PercentLong','PRIMITIVE');
INSERT INTO PUBLIC.OBJECT_FIELD_METADATA (ID, NAME, METADATA_TYPE, PARENT_METADATA,PARENT_METADATA_NAME, REFERENCE_METADATA, REFERENCE_METADATA_NAME, REFERENCE_METADATA_TYPE)VALUES('3240ffb39a01492a91c37a566daed4ba','RoofingPct','FIELD','378d1a24ebda48569409c7b3c8acf355','ContractorsUnderwritingQuestions_Type','42787ecf7ebe44bdb047ebe0f2268d21','PercentLong','PRIMITIVE');
INSERT INTO PUBLIC.OBJECT_FIELD_METADATA (ID, NAME, METADATA_TYPE, PARENT_METADATA,PARENT_METADATA_NAME, REFERENCE_METADATA, REFERENCE_METADATA_NAME, REFERENCE_METADATA_TYPE)VALUES('c18f2f48f1d34230b810cd89d48352f6','CommlRoofingPct','FIELD','378d1a24ebda48569409c7b3c8acf355','ContractorsUnderwritingQuestions_Type','42787ecf7ebe44bdb047ebe0f2268d21','PercentLong','PRIMITIVE');
INSERT INTO PUBLIC.OBJECT_FIELD_METADATA (ID, NAME, METADATA_TYPE, PARENT_METADATA,PARENT_METADATA_NAME, REFERENCE_METADATA, REFERENCE_METADATA_NAME, REFERENCE_METADATA_TYPE)VALUES('4682e9db0018446591f9eb998ab33d28','WorkContractedShortDesc','FIELD','378d1a24ebda48569409c7b3c8acf355','ContractorsUnderwritingQuestions_Type','2344631100044813a5126adcfb93e80d','C-255','PRIMITIVE');
INSERT INTO PUBLIC.OBJECT_FIELD_METADATA (ID, NAME, METADATA_TYPE, PARENT_METADATA,PARENT_METADATA_NAME, REFERENCE_METADATA, REFERENCE_METADATA_NAME, REFERENCE_METADATA_TYPE)VALUES('c952a63ac8754ef99738a68acd986987','ContractorsUnderwritingQuestionsExt','FIELD','378d1a24ebda48569409c7b3c8acf355','ContractorsUnderwritingQuestions_Type',null,null,null);
INSERT INTO PUBLIC.OBJECT_FIELD_METADATA (ID, NAME, METADATA_TYPE, PARENT_METADATA,PARENT_METADATA_NAME, REFERENCE_METADATA, REFERENCE_METADATA_NAME, REFERENCE_METADATA_TYPE)VALUES('a43152205e554519bc0e92c666c1debd','RemodelingPct','FIELD','378d1a24ebda48569409c7b3c8acf355','ContractorsUnderwritingQuestions_Type','42787ecf7ebe44bdb047ebe0f2268d21','PercentLong','PRIMITIVE');
INSERT INTO PUBLIC.OBJECT_FIELD_METADATA (ID, NAME, METADATA_TYPE, PARENT_METADATA,PARENT_METADATA_NAME, REFERENCE_METADATA, REFERENCE_METADATA_NAME, REFERENCE_METADATA_TYPE)VALUES('aaa22952b8174301952212a0bc733fe9','CommlExperience','MODEL_RELATION','378d1a24ebda48569409c7b3c8acf355','ContractorsUnderwritingQuestions_Type','1df1057b06734b019460d9f8fb0a43b0','MEASUREMENT','OBJECT');
INSERT INTO PUBLIC.OBJECT_FIELD_METADATA (ID, NAME, METADATA_TYPE, PARENT_METADATA,PARENT_METADATA_NAME, REFERENCE_METADATA, REFERENCE_METADATA_NAME, REFERENCE_METADATA_TYPE)VALUES('f24c56cd7ed44a03a6306d281c62b7c3','NumEmployeesFullTime','FIELD','378d1a24ebda48569409c7b3c8acf355','ContractorsUnderwritingQuestions_Type','838cab4e48a54d0bb23ca5ea9db454ab','Long','PRIMITIVE');
INSERT INTO PUBLIC.OBJECT_FIELD_METADATA (ID, NAME, METADATA_TYPE, PARENT_METADATA,PARENT_METADATA_NAME, REFERENCE_METADATA, REFERENCE_METADATA_NAME, REFERENCE_METADATA_TYPE)VALUES('f1e28afd78c44e66a3a927b68f3e684f','CommlPct','FIELD','378d1a24ebda48569409c7b3c8acf355','ContractorsUnderwritingQuestions_Type','42787ecf7ebe44bdb047ebe0f2268d21','PercentLong','PRIMITIVE');
INSERT INTO PUBLIC.OBJECT_FIELD_METADATA (ID, NAME, METADATA_TYPE, PARENT_METADATA,PARENT_METADATA_NAME, REFERENCE_METADATA, REFERENCE_METADATA_NAME, REFERENCE_METADATA_TYPE)VALUES('84569133dceb44d692fee6a9e9c73d1b','SnowPlowingPct','FIELD','378d1a24ebda48569409c7b3c8acf355','ContractorsUnderwritingQuestions_Type','42787ecf7ebe44bdb047ebe0f2268d21','PercentLong','PRIMITIVE');
INSERT INTO PUBLIC.PRIMITIVE_METADATA (ID, NAME, METADATA_TYPE) VALUES('18ae9462691f4b4d95ad4e750dceab06','WorkContracted','PRIMITIVE');
INSERT INTO PUBLIC.OBJECT_FIELD_METADATA (ID, NAME, METADATA_TYPE, PARENT_METADATA,PARENT_METADATA_NAME, REFERENCE_METADATA, REFERENCE_METADATA_NAME, REFERENCE_METADATA_TYPE)VALUES('54746a63475e455e977c0a1806ca8932','WorkContractedCd','FIELD','378d1a24ebda48569409c7b3c8acf355','ContractorsUnderwritingQuestions_Type','18ae9462691f4b4d95ad4e750dceab06','WorkContracted','PRIMITIVE');
INSERT INTO PUBLIC.OBJECT_FIELD_METADATA (ID, NAME, METADATA_TYPE, PARENT_METADATA,PARENT_METADATA_NAME, REFERENCE_METADATA, REFERENCE_METADATA_NAME, REFERENCE_METADATA_TYPE)VALUES('6368099417384719abd8dd6806b43c32','PaidToSubcontractorsAmt','MODEL_RELATION','378d1a24ebda48569409c7b3c8acf355','ContractorsUnderwritingQuestions_Type','4fa89203e94a4637baa0484d19b460c5','CURRENCY','OBJECT');
INSERT INTO PUBLIC.OBJECT_FIELD_METADATA (ID, NAME, METADATA_TYPE, PARENT_METADATA,PARENT_METADATA_NAME, REFERENCE_METADATA, REFERENCE_METADATA_NAME, REFERENCE_METADATA_TYPE)VALUES('894a0fc4f2cf4bf58be7bc2cac80e217','ContractorsUnderwritingQuestions','MODEL_RELATION','a160d601cc0c458e9ca31c3a4c137265','LiabilityInfo_Type','378d1a24ebda48569409c7b3c8acf355','ContractorsUnderwritingQuestions_Type','OBJECT');
INSERT INTO PUBLIC.OBJECT_METADATA (ID, NAME, METADATA_TYPE, REFERENCE_METADATA, REFERENCE_METADATA_NAME) VALUES('12ef60eb70b442668d32224f1f7ed36b','RailroadProtective_Type','OBJECT',null,null);
INSERT INTO PUBLIC.OBJECT_FIELD_METADATA (ID, NAME, METADATA_TYPE, PARENT_METADATA,PARENT_METADATA_NAME, REFERENCE_METADATA, REFERENCE_METADATA_NAME, REFERENCE_METADATA_TYPE)VALUES('14928ad8d16a4e6abe58bdb77c771171','PassengerTrainsInd','FIELD','12ef60eb70b442668d32224f1f7ed36b','RailroadProtective_Type','4ffb0bcc3ec946d1af3ef883f4c3a4e6','Boolean','PRIMITIVE');
INSERT INTO PUBLIC.OBJECT_FIELD_METADATA (ID, NAME, METADATA_TYPE, PARENT_METADATA,PARENT_METADATA_NAME, REFERENCE_METADATA, REFERENCE_METADATA_NAME, REFERENCE_METADATA_TYPE)VALUES('adce9a2a70ed4aaabf3d9ddcb414c22a','NumTrains','FIELD','12ef60eb70b442668d32224f1f7ed36b','RailroadProtective_Type','838cab4e48a54d0bb23ca5ea9db454ab','Long','PRIMITIVE');
INSERT INTO PUBLIC.OBJECT_FIELD_METADATA (ID, NAME, METADATA_TYPE, PARENT_METADATA,PARENT_METADATA_NAME, REFERENCE_METADATA, REFERENCE_METADATA_NAME, REFERENCE_METADATA_TYPE)VALUES('93465ca3c60e4dca9db9b0461a50dcbb','FreightTrainsInd','FIELD','12ef60eb70b442668d32224f1f7ed36b','RailroadProtective_Type','4ffb0bcc3ec946d1af3ef883f4c3a4e6','Boolean','PRIMITIVE');
INSERT INTO PUBLIC.OBJECT_FIELD_METADATA (ID, NAME, METADATA_TYPE, PARENT_METADATA,PARENT_METADATA_NAME, REFERENCE_METADATA, REFERENCE_METADATA_NAME, REFERENCE_METADATA_TYPE)VALUES('a6ab67c07fbd444b8059ebe2e59de8b6','ProjectDesc','FIELD','12ef60eb70b442668d32224f1f7ed36b','RailroadProtective_Type','2344631100044813a5126adcfb93e80d','C-255','PRIMITIVE');
INSERT INTO PUBLIC.OBJECT_FIELD_METADATA (ID, NAME, METADATA_TYPE, PARENT_METADATA,PARENT_METADATA_NAME, REFERENCE_METADATA, REFERENCE_METADATA_NAME, REFERENCE_METADATA_TYPE)VALUES('3a456014568543dd8dc9056346592f3a','ContractorDesc','FIELD','12ef60eb70b442668d32224f1f7ed36b','RailroadProtective_Type','2344631100044813a5126adcfb93e80d','C-255','PRIMITIVE');
INSERT INTO PUBLIC.OBJECT_FIELD_METADATA (ID, NAME, METADATA_TYPE, PARENT_METADATA,PARENT_METADATA_NAME, REFERENCE_METADATA, REFERENCE_METADATA_NAME, REFERENCE_METADATA_TYPE)VALUES('5a9573dd725b423fa4d5872628304f48','NumYrsExperience','FIELD','12ef60eb70b442668d32224f1f7ed36b','RailroadProtective_Type','838cab4e48a54d0bb23ca5ea9db454ab','Long','PRIMITIVE');
INSERT INTO PUBLIC.OBJECT_FIELD_METADATA (ID, NAME, METADATA_TYPE, PARENT_METADATA,PARENT_METADATA_NAME, REFERENCE_METADATA, REFERENCE_METADATA_NAME, REFERENCE_METADATA_TYPE)VALUES('44a9d8259c594e2ca8b1259f51c1855c','LocationDesc','FIELD','12ef60eb70b442668d32224f1f7ed36b','RailroadProtective_Type','395c33ebbd5b40f0aee8a4f93dbedf31','C-Infinite','PRIMITIVE');
INSERT INTO PUBLIC.OBJECT_FIELD_METADATA (ID, NAME, METADATA_TYPE, PARENT_METADATA,PARENT_METADATA_NAME, REFERENCE_METADATA, REFERENCE_METADATA_NAME, REFERENCE_METADATA_TYPE)VALUES('c57e8d2b9fd244c2b0693fca4c5afc8a','ProjectTracksDistance','MODEL_RELATION','12ef60eb70b442668d32224f1f7ed36b','RailroadProtective_Type','1df1057b06734b019460d9f8fb0a43b0','MEASUREMENT','OBJECT');
INSERT INTO PUBLIC.OBJECT_FIELD_METADATA (ID, NAME, METADATA_TYPE, PARENT_METADATA,PARENT_METADATA_NAME, REFERENCE_METADATA, REFERENCE_METADATA_NAME, REFERENCE_METADATA_TYPE)VALUES('4fe16850de4e4715bf4997c3f5e11d85','ProjectCostAmt','MODEL_RELATION','12ef60eb70b442668d32224f1f7ed36b','RailroadProtective_Type','4fa89203e94a4637baa0484d19b460c5','CURRENCY','OBJECT');
INSERT INTO PUBLIC.OBJECT_FIELD_METADATA (ID, NAME, METADATA_TYPE, PARENT_METADATA,PARENT_METADATA_NAME, REFERENCE_METADATA, REFERENCE_METADATA_NAME, REFERENCE_METADATA_TYPE)VALUES('dff5962c4f7f4f0ea7aa98e1f5a35d73','ProjectTypeDesc','FIELD','12ef60eb70b442668d32224f1f7ed36b','RailroadProtective_Type','2344631100044813a5126adcfb93e80d','C-255','PRIMITIVE');
INSERT INTO PUBLIC.OBJECT_FIELD_METADATA (ID, NAME, METADATA_TYPE, PARENT_METADATA,PARENT_METADATA_NAME, REFERENCE_METADATA, REFERENCE_METADATA_NAME, REFERENCE_METADATA_TYPE)VALUES('b69bcc4339e448b1b8bb1202f9298ce6','RailroadProtectiveExt','FIELD','12ef60eb70b442668d32224f1f7ed36b','RailroadProtective_Type',null,null,null);
INSERT INTO PUBLIC.OBJECT_FIELD_METADATA (ID, NAME, METADATA_TYPE, PARENT_METADATA,PARENT_METADATA_NAME, REFERENCE_METADATA, REFERENCE_METADATA_NAME, REFERENCE_METADATA_TYPE)VALUES('81daa13dfdc94b3e942c93a90a1051ee','RailroadName','FIELD','12ef60eb70b442668d32224f1f7ed36b','RailroadProtective_Type','2344631100044813a5126adcfb93e80d','C-255','PRIMITIVE');
INSERT INTO PUBLIC.OBJECT_FIELD_METADATA (ID, NAME, METADATA_TYPE, PARENT_METADATA,PARENT_METADATA_NAME, REFERENCE_METADATA, REFERENCE_METADATA_NAME, REFERENCE_METADATA_TYPE)VALUES('67f55ed035344bb1b8690ba52fbd309b','RailroadProtective','MODEL_RELATION','a160d601cc0c458e9ca31c3a4c137265','LiabilityInfo_Type','12ef60eb70b442668d32224f1f7ed36b','RailroadProtective_Type','OBJECT');
INSERT INTO PUBLIC.OBJECT_METADATA (ID, NAME, METADATA_TYPE, REFERENCE_METADATA, REFERENCE_METADATA_NAME) VALUES('b130575a2e2844a18196cd2f4713a69a','InternationalLiability_Type','OBJECT',null,null);
INSERT INTO PUBLIC.OBJECT_METADATA (ID, NAME, METADATA_TYPE, REFERENCE_METADATA, REFERENCE_METADATA_NAME) VALUES('79636e5dd5ac46a487e6c27756a88556','ForeignTrips_Type','OBJECT',null,null);
INSERT INTO PUBLIC.OBJECT_FIELD_METADATA (ID, NAME, METADATA_TYPE, PARENT_METADATA,PARENT_METADATA_NAME, REFERENCE_METADATA, REFERENCE_METADATA_NAME, REFERENCE_METADATA_TYPE)VALUES('173843bb803a47eabe05e4255d07dabc','TripPurpose','FIELD','79636e5dd5ac46a487e6c27756a88556','ForeignTrips_Type','2344631100044813a5126adcfb93e80d','C-255','PRIMITIVE');
INSERT INTO PUBLIC.OBJECT_FIELD_METADATA (ID, NAME, METADATA_TYPE, PARENT_METADATA,PARENT_METADATA_NAME, REFERENCE_METADATA, REFERENCE_METADATA_NAME, REFERENCE_METADATA_TYPE)VALUES('9bc432ac6319400fa29eb2559f5e2abb','NumTrips','FIELD','79636e5dd5ac46a487e6c27756a88556','ForeignTrips_Type','838cab4e48a54d0bb23ca5ea9db454ab','Long','PRIMITIVE');
INSERT INTO PUBLIC.OBJECT_FIELD_METADATA (ID, NAME, METADATA_TYPE, PARENT_METADATA,PARENT_METADATA_NAME, REFERENCE_METADATA, REFERENCE_METADATA_NAME, REFERENCE_METADATA_TYPE)VALUES('9faabc7a69634f179b3e2cd0db7d0198','ForeignTripsExt','FIELD','79636e5dd5ac46a487e6c27756a88556','ForeignTrips_Type',null,null,null);
INSERT INTO PUBLIC.OBJECT_FIELD_METADATA (ID, NAME, METADATA_TYPE, PARENT_METADATA,PARENT_METADATA_NAME, REFERENCE_METADATA, REFERENCE_METADATA_NAME, REFERENCE_METADATA_TYPE)VALUES('6de10ff25d23480e8697ada2a2be5801','LengthTrip','MODEL_RELATION','79636e5dd5ac46a487e6c27756a88556','ForeignTrips_Type','2ba28904532b44bfb94bb9bca9b86a8a','DURATION','OBJECT');
INSERT INTO PUBLIC.OBJECT_FIELD_METADATA (ID, NAME, METADATA_TYPE, PARENT_METADATA,PARENT_METADATA_NAME, REFERENCE_METADATA, REFERENCE_METADATA_NAME, REFERENCE_METADATA_TYPE)VALUES('7f60b2f9bce94ca68a13e6b42a38e4dc','ForeignTrips','MODEL_RELATION','b130575a2e2844a18196cd2f4713a69a','InternationalLiability_Type','79636e5dd5ac46a487e6c27756a88556','ForeignTrips_Type','OBJECT');
INSERT INTO PUBLIC.OBJECT_FIELD_METADATA (ID, NAME, METADATA_TYPE, PARENT_METADATA,PARENT_METADATA_NAME, REFERENCE_METADATA, REFERENCE_METADATA_NAME, REFERENCE_METADATA_TYPE)VALUES('c8330ee840444acaa59d90ec8ba49259','InternationalLiabilityExt','FIELD','b130575a2e2844a18196cd2f4713a69a','InternationalLiability_Type',null,null,null);
INSERT INTO PUBLIC.OBJECT_METADATA (ID, NAME, METADATA_TYPE, REFERENCE_METADATA, REFERENCE_METADATA_NAME) VALUES('291355aa3e74485880d15857ded8a54b','EmployeesAbroad_Type','OBJECT',null,null);
INSERT INTO PUBLIC.OBJECT_FIELD_METADATA (ID, NAME, METADATA_TYPE, PARENT_METADATA,PARENT_METADATA_NAME, REFERENCE_METADATA, REFERENCE_METADATA_NAME, REFERENCE_METADATA_TYPE)VALUES('1e8f2bb02fa94036b9692b3b321d0ce7','NumEmployeesUS','FIELD','291355aa3e74485880d15857ded8a54b','EmployeesAbroad_Type','838cab4e48a54d0bb23ca5ea9db454ab','Long','PRIMITIVE');
INSERT INTO PUBLIC.OBJECT_FIELD_METADATA (ID, NAME, METADATA_TYPE, PARENT_METADATA,PARENT_METADATA_NAME, REFERENCE_METADATA, REFERENCE_METADATA_NAME, REFERENCE_METADATA_TYPE)VALUES('07c7258ce0604f0bb3a0b0651ab62bfe','LocalEmployeesPayrollAmt','MODEL_RELATION','291355aa3e74485880d15857ded8a54b','EmployeesAbroad_Type','4fa89203e94a4637baa0484d19b460c5','CURRENCY','OBJECT');
INSERT INTO PUBLIC.OBJECT_FIELD_METADATA (ID, NAME, METADATA_TYPE, PARENT_METADATA,PARENT_METADATA_NAME, REFERENCE_METADATA, REFERENCE_METADATA_NAME, REFERENCE_METADATA_TYPE)VALUES('4e68815149fd475987ffa43561de96e9','ThirdCountryEmployeesPayrollAmt','MODEL_RELATION','291355aa3e74485880d15857ded8a54b','EmployeesAbroad_Type','4fa89203e94a4637baa0484d19b460c5','CURRENCY','OBJECT');
INSERT INTO PUBLIC.OBJECT_FIELD_METADATA (ID, NAME, METADATA_TYPE, PARENT_METADATA,PARENT_METADATA_NAME, REFERENCE_METADATA, REFERENCE_METADATA_NAME, REFERENCE_METADATA_TYPE)VALUES('9432791d96cb4081aaed6b6a43f2b32d','NumEmployeesLocal','FIELD','291355aa3e74485880d15857ded8a54b','EmployeesAbroad_Type','838cab4e48a54d0bb23ca5ea9db454ab','Long','PRIMITIVE');
INSERT INTO PUBLIC.OBJECT_FIELD_METADATA (ID, NAME, METADATA_TYPE, PARENT_METADATA,PARENT_METADATA_NAME, REFERENCE_METADATA, REFERENCE_METADATA_NAME, REFERENCE_METADATA_TYPE)VALUES('5581d8c9ed8d481ab83dfe77b85e865a','DutiesDesc','FIELD','291355aa3e74485880d15857ded8a54b','EmployeesAbroad_Type','2344631100044813a5126adcfb93e80d','C-255','PRIMITIVE');
INSERT INTO PUBLIC.OBJECT_FIELD_METADATA (ID, NAME, METADATA_TYPE, PARENT_METADATA,PARENT_METADATA_NAME, REFERENCE_METADATA, REFERENCE_METADATA_NAME, REFERENCE_METADATA_TYPE)VALUES('70e948a95e9348e59adce89cef601205','NumEmployeesThirdCountry','FIELD','291355aa3e74485880d15857ded8a54b','EmployeesAbroad_Type','838cab4e48a54d0bb23ca5ea9db454ab','Long','PRIMITIVE');
INSERT INTO PUBLIC.OBJECT_FIELD_METADATA (ID, NAME, METADATA_TYPE, PARENT_METADATA,PARENT_METADATA_NAME, REFERENCE_METADATA, REFERENCE_METADATA_NAME, REFERENCE_METADATA_TYPE)VALUES('0d271b5fc23d40998799e72f2f744032','EmployeesAbroadExt','FIELD','291355aa3e74485880d15857ded8a54b','EmployeesAbroad_Type',null,null,null);
INSERT INTO PUBLIC.OBJECT_FIELD_METADATA (ID, NAME, METADATA_TYPE, PARENT_METADATA,PARENT_METADATA_NAME, REFERENCE_METADATA, REFERENCE_METADATA_NAME, REFERENCE_METADATA_TYPE)VALUES('7cb668abd553410a8ec74fce198e3a0a','USEmployeesPayrollAmt','MODEL_RELATION','291355aa3e74485880d15857ded8a54b','EmployeesAbroad_Type','4fa89203e94a4637baa0484d19b460c5','CURRENCY','OBJECT');
INSERT INTO PUBLIC.OBJECT_FIELD_METADATA (ID, NAME, METADATA_TYPE, PARENT_METADATA,PARENT_METADATA_NAME, REFERENCE_METADATA, REFERENCE_METADATA_NAME, REFERENCE_METADATA_TYPE)VALUES('94725538e43442379d81cef5ce0f02e0','EmployeesAbroad','MODEL_RELATION','b130575a2e2844a18196cd2f4713a69a','InternationalLiability_Type','291355aa3e74485880d15857ded8a54b','EmployeesAbroad_Type','OBJECT');
INSERT INTO PUBLIC.OBJECT_FIELD_METADATA (ID, NAME, METADATA_TYPE, PARENT_METADATA,PARENT_METADATA_NAME, REFERENCE_METADATA, REFERENCE_METADATA_NAME, REFERENCE_METADATA_TYPE)VALUES('4df5b08083714d35b282529ec8007965','Addr','MODEL_RELATION','b130575a2e2844a18196cd2f4713a69a','InternationalLiability_Type','759d14d8f09b4177b35c09e2f3403b97','Addr_Type','OBJECT');
INSERT INTO PUBLIC.OBJECT_FIELD_METADATA (ID, NAME, METADATA_TYPE, PARENT_METADATA,PARENT_METADATA_NAME, REFERENCE_METADATA, REFERENCE_METADATA_NAME, REFERENCE_METADATA_TYPE)VALUES('6987ec75d321476b9e5047cbc627f625','InternationalLiability','MODEL_RELATION','a160d601cc0c458e9ca31c3a4c137265','LiabilityInfo_Type','b130575a2e2844a18196cd2f4713a69a','InternationalLiability_Type','OBJECT');
INSERT INTO PUBLIC.OBJECT_FIELD_METADATA (ID, NAME, METADATA_TYPE, PARENT_METADATA,PARENT_METADATA_NAME, REFERENCE_METADATA, REFERENCE_METADATA_NAME, REFERENCE_METADATA_TYPE)VALUES('4ed7808e22a5412bbd32d9574a225614','Form','MODEL_RELATION','a160d601cc0c458e9ca31c3a4c137265','LiabilityInfo_Type','a54486c19cc9402197e0027f1d2fa2a9','Form_Type','OBJECT');
INSERT INTO PUBLIC.OBJECT_FIELD_METADATA (ID, NAME, METADATA_TYPE, PARENT_METADATA,PARENT_METADATA_NAME, REFERENCE_METADATA, REFERENCE_METADATA_NAME, REFERENCE_METADATA_TYPE)VALUES('9ae25a7019614072a018d61f7a7c213b','LiabilityInfoExt','FIELD','a160d601cc0c458e9ca31c3a4c137265','LiabilityInfo_Type',null,null,null);
INSERT INTO PUBLIC.OBJECT_FIELD_METADATA (ID, NAME, METADATA_TYPE, PARENT_METADATA,PARENT_METADATA_NAME, REFERENCE_METADATA, REFERENCE_METADATA_NAME, REFERENCE_METADATA_TYPE)VALUES('f266e63038b74e0c9a20f0fad00a2366','Coverage','MODEL_RELATION','a160d601cc0c458e9ca31c3a4c137265','LiabilityInfo_Type','d0675b4bbe674c1fa08297c27c3cb675','Coverage_Type','OBJECT');
INSERT INTO PUBLIC.OBJECT_METADATA (ID, NAME, METADATA_TYPE, REFERENCE_METADATA, REFERENCE_METADATA_NAME) VALUES('aeb59aa83286431bb13265173919f7c6','GeneralLiabilityClassification_Type','OBJECT',null,null);
INSERT INTO PUBLIC.OBJECT_FIELD_METADATA (ID, NAME, METADATA_TYPE, PARENT_METADATA,PARENT_METADATA_NAME, REFERENCE_METADATA, REFERENCE_METADATA_NAME, REFERENCE_METADATA_TYPE)VALUES('cc157c1e1f214c02b8f969e7926ba94d','ClassCd','FIELD','aeb59aa83286431bb13265173919f7c6','GeneralLiabilityClassification_Type','6240ce877a244a73a1253961131c6cc9','IndustryCode_Type','PRIMITIVE');
INSERT INTO PUBLIC.OBJECT_FIELD_METADATA (ID, NAME, METADATA_TYPE, PARENT_METADATA,PARENT_METADATA_NAME, REFERENCE_METADATA, REFERENCE_METADATA_NAME, REFERENCE_METADATA_TYPE)VALUES('08bb92c7258e4de6a5b013baeda45cec','Deductible','MODEL_RELATION','aeb59aa83286431bb13265173919f7c6','GeneralLiabilityClassification_Type','0aa382a73e474ef78d4fdc87a17e02a1','Deductible_Type','OBJECT');
INSERT INTO PUBLIC.OBJECT_FIELD_METADATA (ID, NAME, METADATA_TYPE, PARENT_METADATA,PARENT_METADATA_NAME, REFERENCE_METADATA, REFERENCE_METADATA_NAME, REFERENCE_METADATA_TYPE)VALUES('7e952031cfea4fcab96a255321cf4178','PremiumBasisCd','FIELD','aeb59aa83286431bb13265173919f7c6','GeneralLiabilityClassification_Type','5dfb62cbf01e431c9467afdd15995ec9','PremiumBase','PRIMITIVE');
INSERT INTO PUBLIC.OBJECT_FIELD_METADATA (ID, NAME, METADATA_TYPE, PARENT_METADATA,PARENT_METADATA_NAME, REFERENCE_METADATA, REFERENCE_METADATA_NAME, REFERENCE_METADATA_TYPE)VALUES('5fca884121d6409583a482101132f76c','ClassCdDesc','FIELD','aeb59aa83286431bb13265173919f7c6','GeneralLiabilityClassification_Type','2344631100044813a5126adcfb93e80d','C-255','PRIMITIVE');
INSERT INTO PUBLIC.OBJECT_FIELD_METADATA (ID, NAME, METADATA_TYPE, PARENT_METADATA,PARENT_METADATA_NAME, REFERENCE_METADATA, REFERENCE_METADATA_NAME, REFERENCE_METADATA_TYPE)VALUES('a934724cfe1348648d889913e651c98e','HazardGradeInfo','MODEL_RELATION','aeb59aa83286431bb13265173919f7c6','GeneralLiabilityClassification_Type','27cb6123ae2a4e5da40275f0c5716a86','HazardGradeInfo_Type','OBJECT');
INSERT INTO PUBLIC.OBJECT_FIELD_METADATA (ID, NAME, METADATA_TYPE, PARENT_METADATA,PARENT_METADATA_NAME, REFERENCE_METADATA, REFERENCE_METADATA_NAME, REFERENCE_METADATA_TYPE)VALUES('bdec537fa9c9437a9de5aeb9148a6d4f','ExposureInfo','MODEL_RELATION','aeb59aa83286431bb13265173919f7c6','GeneralLiabilityClassification_Type','d2af9d5366414e609acfaad3e91bda61','ExposureInfo_Type','OBJECT');
INSERT INTO PUBLIC.OBJECT_FIELD_METADATA (ID, NAME, METADATA_TYPE, PARENT_METADATA,PARENT_METADATA_NAME, REFERENCE_METADATA, REFERENCE_METADATA_NAME, REFERENCE_METADATA_TYPE)VALUES('80e084b7264c4653bbe9b74c87bfec87','MinPremAmt','MODEL_RELATION','aeb59aa83286431bb13265173919f7c6','GeneralLiabilityClassification_Type','4fa89203e94a4637baa0484d19b460c5','CURRENCY','OBJECT');
INSERT INTO PUBLIC.OBJECT_FIELD_METADATA (ID, NAME, METADATA_TYPE, PARENT_METADATA,PARENT_METADATA_NAME, REFERENCE_METADATA, REFERENCE_METADATA_NAME, REFERENCE_METADATA_TYPE)VALUES('55166fef1c994b9ab665d40bc3528006','PremiumAmt','MODEL_RELATION','aeb59aa83286431bb13265173919f7c6','GeneralLiabilityClassification_Type','4fa89203e94a4637baa0484d19b460c5','CURRENCY','OBJECT');
INSERT INTO PUBLIC.OBJECT_FIELD_METADATA (ID, NAME, METADATA_TYPE, PARENT_METADATA,PARENT_METADATA_NAME, REFERENCE_METADATA, REFERENCE_METADATA_NAME, REFERENCE_METADATA_TYPE)VALUES('8d4c17fb135449db9d80c381431aab42','StateProvCd','FIELD','aeb59aa83286431bb13265173919f7c6','GeneralLiabilityClassification_Type','6240ce877a244a73a1253961131c6cc9','IndustryCode_Type','PRIMITIVE');
INSERT INTO PUBLIC.OBJECT_FIELD_METADATA (ID, NAME, METADATA_TYPE, PARENT_METADATA,PARENT_METADATA_NAME, REFERENCE_METADATA, REFERENCE_METADATA_NAME, REFERENCE_METADATA_TYPE)VALUES('5f50bad1a1d7474fa7272bdb6c4b5c94','TerritoryCd','FIELD','aeb59aa83286431bb13265173919f7c6','GeneralLiabilityClassification_Type','6240ce877a244a73a1253961131c6cc9','IndustryCode_Type','PRIMITIVE');
INSERT INTO PUBLIC.OBJECT_FIELD_METADATA (ID, NAME, METADATA_TYPE, PARENT_METADATA,PARENT_METADATA_NAME, REFERENCE_METADATA, REFERENCE_METADATA_NAME, REFERENCE_METADATA_TYPE)VALUES('a3b9582c4fa3407e82bac7b4bab52a87','AlternateWordingDesc','FIELD','aeb59aa83286431bb13265173919f7c6','GeneralLiabilityClassification_Type','2344631100044813a5126adcfb93e80d','C-255','PRIMITIVE');
INSERT INTO PUBLIC.OBJECT_FIELD_METADATA (ID, NAME, METADATA_TYPE, PARENT_METADATA,PARENT_METADATA_NAME, REFERENCE_METADATA, REFERENCE_METADATA_NAME, REFERENCE_METADATA_TYPE)VALUES('156fabbd85d145028170f679b52b7b0e','CoverageAvailable','MODEL_RELATION','aeb59aa83286431bb13265173919f7c6','GeneralLiabilityClassification_Type','d0675b4bbe674c1fa08297c27c3cb675','Coverage_Type','OBJECT');
INSERT INTO PUBLIC.OBJECT_FIELD_METADATA (ID, NAME, METADATA_TYPE, PARENT_METADATA,PARENT_METADATA_NAME, REFERENCE_METADATA, REFERENCE_METADATA_NAME, REFERENCE_METADATA_TYPE)VALUES('a60501e3072e43c9b9f76360fd5338a2','RiskAppetiteCd','FIELD','aeb59aa83286431bb13265173919f7c6','GeneralLiabilityClassification_Type','a22b325a85c64b719216b5eefdefdff5','AppetiteType','PRIMITIVE');
INSERT INTO PUBLIC.OBJECT_FIELD_METADATA (ID, NAME, METADATA_TYPE, PARENT_METADATA,PARENT_METADATA_NAME, REFERENCE_METADATA, REFERENCE_METADATA_NAME, REFERENCE_METADATA_TYPE)VALUES('8374585ed2734c52944cf3b8d3f30790','GeneralLiabilityClassificationExt','FIELD','aeb59aa83286431bb13265173919f7c6','GeneralLiabilityClassification_Type',null,null,null);
INSERT INTO PUBLIC.OBJECT_FIELD_METADATA (ID, NAME, METADATA_TYPE, PARENT_METADATA,PARENT_METADATA_NAME, REFERENCE_METADATA, REFERENCE_METADATA_NAME, REFERENCE_METADATA_TYPE)VALUES('5e757839e90e4b8f97e07ef1b424f209','SublineCd','FIELD','aeb59aa83286431bb13265173919f7c6','GeneralLiabilityClassification_Type','6240ce877a244a73a1253961131c6cc9','IndustryCode_Type','PRIMITIVE');
INSERT INTO PUBLIC.OBJECT_FIELD_METADATA (ID, NAME, METADATA_TYPE, PARENT_METADATA,PARENT_METADATA_NAME, REFERENCE_METADATA, REFERENCE_METADATA_NAME, REFERENCE_METADATA_TYPE)VALUES('0942e9e200bb4996a6be7244394c4208','IfAnyRatingBasisInd','FIELD','aeb59aa83286431bb13265173919f7c6','GeneralLiabilityClassification_Type','4ffb0bcc3ec946d1af3ef883f4c3a4e6','Boolean','PRIMITIVE');
INSERT INTO PUBLIC.OBJECT_FIELD_METADATA (ID, NAME, METADATA_TYPE, PARENT_METADATA,PARENT_METADATA_NAME, REFERENCE_METADATA, REFERENCE_METADATA_NAME, REFERENCE_METADATA_TYPE)VALUES('a55cb28686c84e22881c3f74130cf83c','QuestionAnswer','MODEL_RELATION','aeb59aa83286431bb13265173919f7c6','GeneralLiabilityClassification_Type','152fefd4f3054b68b490c1af5c9c284c','QuestionAnswer_Type','OBJECT');
INSERT INTO PUBLIC.OBJECT_FIELD_METADATA (ID, NAME, METADATA_TYPE, PARENT_METADATA,PARENT_METADATA_NAME, REFERENCE_METADATA, REFERENCE_METADATA_NAME, REFERENCE_METADATA_TYPE)VALUES('8438634028ce4eefacb83d0f38f72623','SuffixCd','FIELD','aeb59aa83286431bb13265173919f7c6','GeneralLiabilityClassification_Type','6240ce877a244a73a1253961131c6cc9','IndustryCode_Type','PRIMITIVE');
INSERT INTO PUBLIC.OBJECT_FIELD_METADATA (ID, NAME, METADATA_TYPE, PARENT_METADATA,PARENT_METADATA_NAME, REFERENCE_METADATA, REFERENCE_METADATA_NAME, REFERENCE_METADATA_TYPE)VALUES('915d5b8f49fd4b37b19e8935c5b576e9','InterestIdNumber','FIELD','aeb59aa83286431bb13265173919f7c6','GeneralLiabilityClassification_Type','838cab4e48a54d0bb23ca5ea9db454ab','Long','PRIMITIVE');
INSERT INTO PUBLIC.OBJECT_FIELD_METADATA (ID, NAME, METADATA_TYPE, PARENT_METADATA,PARENT_METADATA_NAME, REFERENCE_METADATA, REFERENCE_METADATA_NAME, REFERENCE_METADATA_TYPE)VALUES('3ba651d4e5534088bb27460d525d39e1','Coverage','MODEL_RELATION','aeb59aa83286431bb13265173919f7c6','GeneralLiabilityClassification_Type','d0675b4bbe674c1fa08297c27c3cb675','Coverage_Type','OBJECT');
INSERT INTO PUBLIC.OBJECT_FIELD_METADATA (ID, NAME, METADATA_TYPE, PARENT_METADATA,PARENT_METADATA_NAME, REFERENCE_METADATA, REFERENCE_METADATA_NAME, REFERENCE_METADATA_TYPE)VALUES('2c102ce1063f46f7b41a1f8428ffd0d7','Exposure','FIELD','aeb59aa83286431bb13265173919f7c6','GeneralLiabilityClassification_Type','c896845db6f640c6bf65093333a64c69','Decimal','PRIMITIVE');
INSERT INTO PUBLIC.OBJECT_FIELD_METADATA (ID, NAME, METADATA_TYPE, PARENT_METADATA,PARENT_METADATA_NAME, REFERENCE_METADATA, REFERENCE_METADATA_NAME, REFERENCE_METADATA_TYPE)VALUES('278c0eacdb1e455e82b77d05b0f86e88','CommlCoverage','MODEL_RELATION','aeb59aa83286431bb13265173919f7c6','GeneralLiabilityClassification_Type','d0675b4bbe674c1fa08297c27c3cb675','Coverage_Type','OBJECT');
INSERT INTO PUBLIC.OBJECT_FIELD_METADATA (ID, NAME, METADATA_TYPE, PARENT_METADATA,PARENT_METADATA_NAME, REFERENCE_METADATA, REFERENCE_METADATA_NAME, REFERENCE_METADATA_TYPE)VALUES('153ef931c4a441a1aaea95780a51e522','PremiumBasisDesc','FIELD','aeb59aa83286431bb13265173919f7c6','GeneralLiabilityClassification_Type','2344631100044813a5126adcfb93e80d','C-255','PRIMITIVE');
INSERT INTO PUBLIC.OBJECT_FIELD_METADATA (ID, NAME, METADATA_TYPE, PARENT_METADATA,PARENT_METADATA_NAME, REFERENCE_METADATA, REFERENCE_METADATA_NAME, REFERENCE_METADATA_TYPE)VALUES('0fd465d38ef346229dff95fb36cc39b7','ItemIdInfo','MODEL_RELATION','aeb59aa83286431bb13265173919f7c6','GeneralLiabilityClassification_Type','ba3be0e0317741b08f872c1fca47ad8f','ItemIdInfo_Type','OBJECT');
INSERT INTO PUBLIC.OBJECT_FIELD_METADATA (ID, NAME, METADATA_TYPE, PARENT_METADATA,PARENT_METADATA_NAME, REFERENCE_METADATA, REFERENCE_METADATA_NAME, REFERENCE_METADATA_TYPE)VALUES('b5f0ebf0be584d65a2ead19dab617aa0','AlternateWordingCd','FIELD','aeb59aa83286431bb13265173919f7c6','GeneralLiabilityClassification_Type','6240ce877a244a73a1253961131c6cc9','IndustryCode_Type','PRIMITIVE');
INSERT INTO PUBLIC.OBJECT_FIELD_METADATA (ID, NAME, METADATA_TYPE, PARENT_METADATA,PARENT_METADATA_NAME, REFERENCE_METADATA, REFERENCE_METADATA_NAME, REFERENCE_METADATA_TYPE)VALUES('87032ee622d2498ab4a514fc3c352264','Link','MODEL_RELATION','aeb59aa83286431bb13265173919f7c6','GeneralLiabilityClassification_Type','366dc9a89db94de3b92abf43ef1bf084','Link_Type','OBJECT');
INSERT INTO PUBLIC.OBJECT_FIELD_METADATA (ID, NAME, METADATA_TYPE, PARENT_METADATA,PARENT_METADATA_NAME, REFERENCE_METADATA, REFERENCE_METADATA_NAME, REFERENCE_METADATA_TYPE)VALUES('a3363102ff814997b32ff6be7638ed1d','GeneralLiabilityClassification','MODEL_RELATION','a160d601cc0c458e9ca31c3a4c137265','LiabilityInfo_Type','aeb59aa83286431bb13265173919f7c6','GeneralLiabilityClassification_Type','OBJECT');
INSERT INTO PUBLIC.OBJECT_METADATA (ID, NAME, METADATA_TYPE, REFERENCE_METADATA, REFERENCE_METADATA_NAME) VALUES('ab9d0a5196334a0481a07e6d547b986f','CoveredAutoSymbol_Type','OBJECT',null,null);
INSERT INTO PUBLIC.OBJECT_FIELD_METADATA (ID, NAME, METADATA_TYPE, PARENT_METADATA,PARENT_METADATA_NAME, REFERENCE_METADATA, REFERENCE_METADATA_NAME, REFERENCE_METADATA_TYPE)VALUES('45ddb09924714eac92dad19018c43884','CombinedPhysicalDamageSymbolCd','FIELD','ab9d0a5196334a0481a07e6d547b986f','CoveredAutoSymbol_Type','6240ce877a244a73a1253961131c6cc9','IndustryCode_Type','PRIMITIVE');
INSERT INTO PUBLIC.OBJECT_FIELD_METADATA (ID, NAME, METADATA_TYPE, PARENT_METADATA,PARENT_METADATA_NAME, REFERENCE_METADATA, REFERENCE_METADATA_NAME, REFERENCE_METADATA_TYPE)VALUES('f542d268ff014a1eba9704e043f4e890','GarageKeepersComprehensiveSymbolCd','FIELD','ab9d0a5196334a0481a07e6d547b986f','CoveredAutoSymbol_Type','6240ce877a244a73a1253961131c6cc9','IndustryCode_Type','PRIMITIVE');
INSERT INTO PUBLIC.OBJECT_FIELD_METADATA (ID, NAME, METADATA_TYPE, PARENT_METADATA,PARENT_METADATA_NAME, REFERENCE_METADATA, REFERENCE_METADATA_NAME, REFERENCE_METADATA_TYPE)VALUES('12abba59289e427fba166e4f455e9281','WorkLossCoordinationSymbolCd','FIELD','ab9d0a5196334a0481a07e6d547b986f','CoveredAutoSymbol_Type','6240ce877a244a73a1253961131c6cc9','IndustryCode_Type','PRIMITIVE');
INSERT INTO PUBLIC.OBJECT_FIELD_METADATA (ID, NAME, METADATA_TYPE, PARENT_METADATA,PARENT_METADATA_NAME, REFERENCE_METADATA, REFERENCE_METADATA_NAME, REFERENCE_METADATA_TYPE)VALUES('d6c679d25dff429fb5f734793aa23a28','PropertyProtectionCoverageSymbolCd','FIELD','ab9d0a5196334a0481a07e6d547b986f','CoveredAutoSymbol_Type','6240ce877a244a73a1253961131c6cc9','IndustryCode_Type','PRIMITIVE');
INSERT INTO PUBLIC.OBJECT_FIELD_METADATA (ID, NAME, METADATA_TYPE, PARENT_METADATA,PARENT_METADATA_NAME, REFERENCE_METADATA, REFERENCE_METADATA_NAME, REFERENCE_METADATA_TYPE)VALUES('28f1a54f1b09483888609bdb510b6437','UninsuredMotoristPropertyDamageSymbolCd','FIELD','ab9d0a5196334a0481a07e6d547b986f','CoveredAutoSymbol_Type','6240ce877a244a73a1253961131c6cc9','IndustryCode_Type','PRIMITIVE');
INSERT INTO PUBLIC.OBJECT_FIELD_METADATA (ID, NAME, METADATA_TYPE, PARENT_METADATA,PARENT_METADATA_NAME, REFERENCE_METADATA, REFERENCE_METADATA_NAME, REFERENCE_METADATA_TYPE)VALUES('0aa5c66e9eeb43819758c4d977941e9d','MedicalExpenseEliminationSymbolCd','FIELD','ab9d0a5196334a0481a07e6d547b986f','CoveredAutoSymbol_Type','6240ce877a244a73a1253961131c6cc9','IndustryCode_Type','PRIMITIVE');
INSERT INTO PUBLIC.OBJECT_FIELD_METADATA (ID, NAME, METADATA_TYPE, PARENT_METADATA,PARENT_METADATA_NAME, REFERENCE_METADATA, REFERENCE_METADATA_NAME, REFERENCE_METADATA_TYPE)VALUES('83ddaed8756347e0a689ca754b204f6a','TortOptionSymbolCd','FIELD','ab9d0a5196334a0481a07e6d547b986f','CoveredAutoSymbol_Type','6240ce877a244a73a1253961131c6cc9','IndustryCode_Type','PRIMITIVE');
INSERT INTO PUBLIC.OBJECT_FIELD_METADATA (ID, NAME, METADATA_TYPE, PARENT_METADATA,PARENT_METADATA_NAME, REFERENCE_METADATA, REFERENCE_METADATA_NAME, REFERENCE_METADATA_TYPE)VALUES('d05b5090e1f94838b166b4efbf19d063','LimitedPropertyDamageLiabilitySymbolCd','FIELD','ab9d0a5196334a0481a07e6d547b986f','CoveredAutoSymbol_Type','6240ce877a244a73a1253961131c6cc9','IndustryCode_Type','PRIMITIVE');
INSERT INTO PUBLIC.OBJECT_FIELD_METADATA (ID, NAME, METADATA_TYPE, PARENT_METADATA,PARENT_METADATA_NAME, REFERENCE_METADATA, REFERENCE_METADATA_NAME, REFERENCE_METADATA_TYPE)VALUES('dd426f0131b442a2bfe1ce365b4bdac3','EffectiveDt','FIELD','ab9d0a5196334a0481a07e6d547b986f','CoveredAutoSymbol_Type','3a7f6e6e4d124518a7407e7883f9d5ec','FormalDate','PRIMITIVE');
INSERT INTO PUBLIC.OBJECT_FIELD_METADATA (ID, NAME, METADATA_TYPE, PARENT_METADATA,PARENT_METADATA_NAME, REFERENCE_METADATA, REFERENCE_METADATA_NAME, REFERENCE_METADATA_TYPE)VALUES('53695d6efc9a42bfad7b9b44ea6ea912','UnderinsuredMotoristSymbolCd','FIELD','ab9d0a5196334a0481a07e6d547b986f','CoveredAutoSymbol_Type','6240ce877a244a73a1253961131c6cc9','IndustryCode_Type','PRIMITIVE');
INSERT INTO PUBLIC.OBJECT_FIELD_METADATA (ID, NAME, METADATA_TYPE, PARENT_METADATA,PARENT_METADATA_NAME, REFERENCE_METADATA, REFERENCE_METADATA_NAME, REFERENCE_METADATA_TYPE)VALUES('4427ab5453c049bf8f015f86b629abec','CollisionSymbolCd','FIELD','ab9d0a5196334a0481a07e6d547b986f','CoveredAutoSymbol_Type','6240ce877a244a73a1253961131c6cc9','IndustryCode_Type','PRIMITIVE');
INSERT INTO PUBLIC.OBJECT_FIELD_METADATA (ID, NAME, METADATA_TYPE, PARENT_METADATA,PARENT_METADATA_NAME, REFERENCE_METADATA, REFERENCE_METADATA_NAME, REFERENCE_METADATA_TYPE)VALUES('da3b6ea59d7f487d84e389ba4e6d4306','EPIPSymbolCd','FIELD','ab9d0a5196334a0481a07e6d547b986f','CoveredAutoSymbol_Type','6240ce877a244a73a1253961131c6cc9','IndustryCode_Type','PRIMITIVE');
INSERT INTO PUBLIC.OBJECT_FIELD_METADATA (ID, NAME, METADATA_TYPE, PARENT_METADATA,PARENT_METADATA_NAME, REFERENCE_METADATA, REFERENCE_METADATA_NAME, REFERENCE_METADATA_TYPE)VALUES('a6119fbc314544ca8d8c9a5de0424add','TowingAndLaborSymbolCd','FIELD','ab9d0a5196334a0481a07e6d547b986f','CoveredAutoSymbol_Type','6240ce877a244a73a1253961131c6cc9','IndustryCode_Type','PRIMITIVE');
INSERT INTO PUBLIC.OBJECT_FIELD_METADATA (ID, NAME, METADATA_TYPE, PARENT_METADATA,PARENT_METADATA_NAME, REFERENCE_METADATA, REFERENCE_METADATA_NAME, REFERENCE_METADATA_TYPE)VALUES('f114f6eafe644104aa664d810addc4a4','GarageKeepersCollisionSymbolCd','FIELD','ab9d0a5196334a0481a07e6d547b986f','CoveredAutoSymbol_Type','6240ce877a244a73a1253961131c6cc9','IndustryCode_Type','PRIMITIVE');
INSERT INTO PUBLIC.OBJECT_FIELD_METADATA (ID, NAME, METADATA_TYPE, PARENT_METADATA,PARENT_METADATA_NAME, REFERENCE_METADATA, REFERENCE_METADATA_NAME, REFERENCE_METADATA_TYPE)VALUES('4a507fa214fa47aab7aa974a590f2e94','PIPNoFaultSymbolCd','FIELD','ab9d0a5196334a0481a07e6d547b986f','CoveredAutoSymbol_Type','6240ce877a244a73a1253961131c6cc9','IndustryCode_Type','PRIMITIVE');
INSERT INTO PUBLIC.OBJECT_FIELD_METADATA (ID, NAME, METADATA_TYPE, PARENT_METADATA,PARENT_METADATA_NAME, REFERENCE_METADATA, REFERENCE_METADATA_NAME, REFERENCE_METADATA_TYPE)VALUES('77fcd96541f3478a995e552fe17454f0','SupplementalAutoCoveragesSymbolCd','FIELD','ab9d0a5196334a0481a07e6d547b986f','CoveredAutoSymbol_Type','6240ce877a244a73a1253961131c6cc9','IndustryCode_Type','PRIMITIVE');
INSERT INTO PUBLIC.OBJECT_FIELD_METADATA (ID, NAME, METADATA_TYPE, PARENT_METADATA,PARENT_METADATA_NAME, REFERENCE_METADATA, REFERENCE_METADATA_NAME, REFERENCE_METADATA_TYPE)VALUES('df1dde5fcc094fff98a5fa7664a2d6f8','IncomeLossSymbolCd','FIELD','ab9d0a5196334a0481a07e6d547b986f','CoveredAutoSymbol_Type','6240ce877a244a73a1253961131c6cc9','IndustryCode_Type','PRIMITIVE');
INSERT INTO PUBLIC.OBJECT_FIELD_METADATA (ID, NAME, METADATA_TYPE, PARENT_METADATA,PARENT_METADATA_NAME, REFERENCE_METADATA, REFERENCE_METADATA_NAME, REFERENCE_METADATA_TYPE)VALUES('bad6bd9cac4145ff8be31573309cf354','SpecifiedPerilsSymbolCd','FIELD','ab9d0a5196334a0481a07e6d547b986f','CoveredAutoSymbol_Type','6240ce877a244a73a1253961131c6cc9','IndustryCode_Type','PRIMITIVE');
INSERT INTO PUBLIC.OBJECT_FIELD_METADATA (ID, NAME, METADATA_TYPE, PARENT_METADATA,PARENT_METADATA_NAME, REFERENCE_METADATA, REFERENCE_METADATA_NAME, REFERENCE_METADATA_TYPE)VALUES('dc70b54650d94cd6ba0b6ecccf7fdba2','OptionalBodilyInjuryToOthersSymbolCd','FIELD','ab9d0a5196334a0481a07e6d547b986f','CoveredAutoSymbol_Type','6240ce877a244a73a1253961131c6cc9','IndustryCode_Type','PRIMITIVE');
INSERT INTO PUBLIC.OBJECT_FIELD_METADATA (ID, NAME, METADATA_TYPE, PARENT_METADATA,PARENT_METADATA_NAME, REFERENCE_METADATA, REFERENCE_METADATA_NAME, REFERENCE_METADATA_TYPE)VALUES('ce0c607f89a34a919fc84eef5ba14c22','CombinedUninsuredUnderinsuredMotoristSymbolCd','FIELD','ab9d0a5196334a0481a07e6d547b986f','CoveredAutoSymbol_Type','6240ce877a244a73a1253961131c6cc9','IndustryCode_Type','PRIMITIVE');
INSERT INTO PUBLIC.OBJECT_FIELD_METADATA (ID, NAME, METADATA_TYPE, PARENT_METADATA,PARENT_METADATA_NAME, REFERENCE_METADATA, REFERENCE_METADATA_NAME, REFERENCE_METADATA_TYPE)VALUES('d17ea19b957c4cc491a74ef11ec621d4','APIPSymbolCd','FIELD','ab9d0a5196334a0481a07e6d547b986f','CoveredAutoSymbol_Type','6240ce877a244a73a1253961131c6cc9','IndustryCode_Type','PRIMITIVE');
INSERT INTO PUBLIC.OBJECT_FIELD_METADATA (ID, NAME, METADATA_TYPE, PARENT_METADATA,PARENT_METADATA_NAME, REFERENCE_METADATA, REFERENCE_METADATA_NAME, REFERENCE_METADATA_TYPE)VALUES('d9c4196275b64a5698448f0417205e64','ExtraordinaryMedicalBenefitsSymbolCd','FIELD','ab9d0a5196334a0481a07e6d547b986f','CoveredAutoSymbol_Type','6240ce877a244a73a1253961131c6cc9','IndustryCode_Type','PRIMITIVE');
INSERT INTO PUBLIC.OBJECT_FIELD_METADATA (ID, NAME, METADATA_TYPE, PARENT_METADATA,PARENT_METADATA_NAME, REFERENCE_METADATA, REFERENCE_METADATA_NAME, REFERENCE_METADATA_TYPE)VALUES('ee451453bc6749268737f9b6abf8d9cd','MotorcyclePIPSymbolCd','FIELD','ab9d0a5196334a0481a07e6d547b986f','CoveredAutoSymbol_Type','6240ce877a244a73a1253961131c6cc9','IndustryCode_Type','PRIMITIVE');
INSERT INTO PUBLIC.OBJECT_FIELD_METADATA (ID, NAME, METADATA_TYPE, PARENT_METADATA,PARENT_METADATA_NAME, REFERENCE_METADATA, REFERENCE_METADATA_NAME, REFERENCE_METADATA_TYPE)VALUES('4ecd964445f34d9fb5f844ca2edd070f','TrailerInterchangeComprehensiveSymbolCd','FIELD','ab9d0a5196334a0481a07e6d547b986f','CoveredAutoSymbol_Type','6240ce877a244a73a1253961131c6cc9','IndustryCode_Type','PRIMITIVE');
INSERT INTO PUBLIC.OBJECT_FIELD_METADATA (ID, NAME, METADATA_TYPE, PARENT_METADATA,PARENT_METADATA_NAME, REFERENCE_METADATA, REFERENCE_METADATA_NAME, REFERENCE_METADATA_TYPE)VALUES('cd2b9f015baf4a9a8385ae75ed407b87','OBELSymbolCd','FIELD','ab9d0a5196334a0481a07e6d547b986f','CoveredAutoSymbol_Type','6240ce877a244a73a1253961131c6cc9','IndustryCode_Type','PRIMITIVE');
INSERT INTO PUBLIC.OBJECT_FIELD_METADATA (ID, NAME, METADATA_TYPE, PARENT_METADATA,PARENT_METADATA_NAME, REFERENCE_METADATA, REFERENCE_METADATA_NAME, REFERENCE_METADATA_TYPE)VALUES('7b19f2e3843e45cbab6262f29317398e','TrailerInterchangeCollisionSymbolCd','FIELD','ab9d0a5196334a0481a07e6d547b986f','CoveredAutoSymbol_Type','6240ce877a244a73a1253961131c6cc9','IndustryCode_Type','PRIMITIVE');
INSERT INTO PUBLIC.OBJECT_FIELD_METADATA (ID, NAME, METADATA_TYPE, PARENT_METADATA,PARENT_METADATA_NAME, REFERENCE_METADATA, REFERENCE_METADATA_NAME, REFERENCE_METADATA_TYPE)VALUES('04e00726b3c144c3ac9fa82b0fee71df','CoveredAutoSymbolExt','FIELD','ab9d0a5196334a0481a07e6d547b986f','CoveredAutoSymbol_Type',null,null,null);
INSERT INTO PUBLIC.OBJECT_FIELD_METADATA (ID, NAME, METADATA_TYPE, PARENT_METADATA,PARENT_METADATA_NAME, REFERENCE_METADATA, REFERENCE_METADATA_NAME, REFERENCE_METADATA_TYPE)VALUES('9e292b31f11043388b34d17b9eaa491b','DamageToSomeoneElsesPropertySymbolCd','FIELD','ab9d0a5196334a0481a07e6d547b986f','CoveredAutoSymbol_Type','6240ce877a244a73a1253961131c6cc9','IndustryCode_Type','PRIMITIVE');
INSERT INTO PUBLIC.OBJECT_FIELD_METADATA (ID, NAME, METADATA_TYPE, PARENT_METADATA,PARENT_METADATA_NAME, REFERENCE_METADATA, REFERENCE_METADATA_NAME, REFERENCE_METADATA_TYPE)VALUES('b1c1122290654d6cbb24d0a7c63e6a54','FirstPartyBenefitsSymbolCd','FIELD','ab9d0a5196334a0481a07e6d547b986f','CoveredAutoSymbol_Type','6240ce877a244a73a1253961131c6cc9','IndustryCode_Type','PRIMITIVE');
INSERT INTO PUBLIC.OBJECT_FIELD_METADATA (ID, NAME, METADATA_TYPE, PARENT_METADATA,PARENT_METADATA_NAME, REFERENCE_METADATA, REFERENCE_METADATA_NAME, REFERENCE_METADATA_TYPE)VALUES('a3a91837f03b4d20b51ec4fb03c32293','NamedIndividualBroadenedPIPSymbolCd','FIELD','ab9d0a5196334a0481a07e6d547b986f','CoveredAutoSymbol_Type','6240ce877a244a73a1253961131c6cc9','IndustryCode_Type','PRIMITIVE');
INSERT INTO PUBLIC.OBJECT_FIELD_METADATA (ID, NAME, METADATA_TYPE, PARENT_METADATA,PARENT_METADATA_NAME, REFERENCE_METADATA, REFERENCE_METADATA_NAME, REFERENCE_METADATA_TYPE)VALUES('9ff7496b454b442c9e21ba47fbd5f993','CombinationFirstPartyBenefitsSymbolCd','FIELD','ab9d0a5196334a0481a07e6d547b986f','CoveredAutoSymbol_Type','6240ce877a244a73a1253961131c6cc9','IndustryCode_Type','PRIMITIVE');
INSERT INTO PUBLIC.OBJECT_FIELD_METADATA (ID, NAME, METADATA_TYPE, PARENT_METADATA,PARENT_METADATA_NAME, REFERENCE_METADATA, REFERENCE_METADATA_NAME, REFERENCE_METADATA_TYPE)VALUES('d4da94df45f64890bb3c341cf8965908','BasicReparationsBenefitsSymbolCd','FIELD','ab9d0a5196334a0481a07e6d547b986f','CoveredAutoSymbol_Type','6240ce877a244a73a1253961131c6cc9','IndustryCode_Type','PRIMITIVE');
INSERT INTO PUBLIC.OBJECT_FIELD_METADATA (ID, NAME, METADATA_TYPE, PARENT_METADATA,PARENT_METADATA_NAME, REFERENCE_METADATA, REFERENCE_METADATA_NAME, REFERENCE_METADATA_TYPE)VALUES('96be47575a9d48f8bfd3ff3a8ce59130','GarageKeepersSpecifiedPerilsSymbolCd','FIELD','ab9d0a5196334a0481a07e6d547b986f','CoveredAutoSymbol_Type','6240ce877a244a73a1253961131c6cc9','IndustryCode_Type','PRIMITIVE');
INSERT INTO PUBLIC.OBJECT_FIELD_METADATA (ID, NAME, METADATA_TYPE, PARENT_METADATA,PARENT_METADATA_NAME, REFERENCE_METADATA, REFERENCE_METADATA_NAME, REFERENCE_METADATA_TYPE)VALUES('e274cbe78562436db158f912ae7177a5','LiabilitySymbolCd','FIELD','ab9d0a5196334a0481a07e6d547b986f','CoveredAutoSymbol_Type','6240ce877a244a73a1253961131c6cc9','IndustryCode_Type','PRIMITIVE');
INSERT INTO PUBLIC.OBJECT_FIELD_METADATA (ID, NAME, METADATA_TYPE, PARENT_METADATA,PARENT_METADATA_NAME, REFERENCE_METADATA, REFERENCE_METADATA_NAME, REFERENCE_METADATA_TYPE)VALUES('525178c7247a4cc3ab54a9b4bedffd33','AutoMedicalPaymentsSymbolCd','FIELD','ab9d0a5196334a0481a07e6d547b986f','CoveredAutoSymbol_Type','6240ce877a244a73a1253961131c6cc9','IndustryCode_Type','PRIMITIVE');
INSERT INTO PUBLIC.OBJECT_FIELD_METADATA (ID, NAME, METADATA_TYPE, PARENT_METADATA,PARENT_METADATA_NAME, REFERENCE_METADATA, REFERENCE_METADATA_NAME, REFERENCE_METADATA_TYPE)VALUES('d28fa03b22184da08988f3a381e93426','AutoLoanSymbolCd','FIELD','ab9d0a5196334a0481a07e6d547b986f','CoveredAutoSymbol_Type','6240ce877a244a73a1253961131c6cc9','IndustryCode_Type','PRIMITIVE');
INSERT INTO PUBLIC.OBJECT_FIELD_METADATA (ID, NAME, METADATA_TYPE, PARENT_METADATA,PARENT_METADATA_NAME, REFERENCE_METADATA, REFERENCE_METADATA_NAME, REFERENCE_METADATA_TYPE)VALUES('69f9c45e685b4dd0b9284e8d309c1738','ComprehensiveSymbolCd','FIELD','ab9d0a5196334a0481a07e6d547b986f','CoveredAutoSymbol_Type','6240ce877a244a73a1253961131c6cc9','IndustryCode_Type','PRIMITIVE');
INSERT INTO PUBLIC.OBJECT_FIELD_METADATA (ID, NAME, METADATA_TYPE, PARENT_METADATA,PARENT_METADATA_NAME, REFERENCE_METADATA, REFERENCE_METADATA_NAME, REFERENCE_METADATA_TYPE)VALUES('78acdc8b40664526abe81663f42f9dfc','AddedReparationsBenefitsSymbolCd','FIELD','ab9d0a5196334a0481a07e6d547b986f','CoveredAutoSymbol_Type','6240ce877a244a73a1253961131c6cc9','IndustryCode_Type','PRIMITIVE');
INSERT INTO PUBLIC.OBJECT_FIELD_METADATA (ID, NAME, METADATA_TYPE, PARENT_METADATA,PARENT_METADATA_NAME, REFERENCE_METADATA, REFERENCE_METADATA_NAME, REFERENCE_METADATA_TYPE)VALUES('300e9fa168d949999d9db5d3dff6c2b4','TrailerInterchangeSpecifiedPerilsSymbolCd','FIELD','ab9d0a5196334a0481a07e6d547b986f','CoveredAutoSymbol_Type','6240ce877a244a73a1253961131c6cc9','IndustryCode_Type','PRIMITIVE');
INSERT INTO PUBLIC.OBJECT_FIELD_METADATA (ID, NAME, METADATA_TYPE, PARENT_METADATA,PARENT_METADATA_NAME, REFERENCE_METADATA, REFERENCE_METADATA_NAME, REFERENCE_METADATA_TYPE)VALUES('7cf4b333f1904bcca67cdca9c6e6f616','UninsuredMotoristSymbolCd','FIELD','ab9d0a5196334a0481a07e6d547b986f','CoveredAutoSymbol_Type','6240ce877a244a73a1253961131c6cc9','IndustryCode_Type','PRIMITIVE');
INSERT INTO PUBLIC.OBJECT_FIELD_METADATA (ID, NAME, METADATA_TYPE, PARENT_METADATA,PARENT_METADATA_NAME, REFERENCE_METADATA, REFERENCE_METADATA_NAME, REFERENCE_METADATA_TYPE)VALUES('643e053e5e3f4326834a7d6e707a9cfb','CoveredAutoSymbol','MODEL_RELATION','a160d601cc0c458e9ca31c3a4c137265','LiabilityInfo_Type','ab9d0a5196334a0481a07e6d547b986f','CoveredAutoSymbol_Type','OBJECT');
INSERT INTO PUBLIC.OBJECT_FIELD_METADATA (ID, NAME, METADATA_TYPE, PARENT_METADATA,PARENT_METADATA_NAME, REFERENCE_METADATA, REFERENCE_METADATA_NAME, REFERENCE_METADATA_TYPE)VALUES('a4a63093882743428a616a37682883a1','LiabilityInfo','MODEL_RELATION','7883d42185344f7a8046575f5ed11344','GeneralLiabilityLineBusiness_Type','a160d601cc0c458e9ca31c3a4c137265','LiabilityInfo_Type','OBJECT');
INSERT INTO PUBLIC.OBJECT_FIELD_METADATA (ID, NAME, METADATA_TYPE, PARENT_METADATA,PARENT_METADATA_NAME, REFERENCE_METADATA, REFERENCE_METADATA_NAME, REFERENCE_METADATA_TYPE)VALUES('e7798c4ae297495db383207cc7c8c44c','GeneralLiabilityLineBusiness','MODEL_RELATION','a8485aa8f7a7481b8828e638330f5291','Policy_Type','7883d42185344f7a8046575f5ed11344','GeneralLiabilityLineBusiness_Type','MODEL');
INSERT INTO PUBLIC.OBJECT_FIELD_METADATA (ID, NAME, METADATA_TYPE, PARENT_METADATA,PARENT_METADATA_NAME, REFERENCE_METADATA, REFERENCE_METADATA_NAME, REFERENCE_METADATA_TYPE)VALUES('1ac01e5d6767491594dc019d297a8221','SignatureInfo','MODEL_RELATION','a8485aa8f7a7481b8828e638330f5291','Policy_Type','8ce3bed9016541eebf6e6f4e96cb74fe','SignatureInfo_Type','OBJECT');
INSERT INTO PUBLIC.OBJECT_METADATA (ID, NAME, METADATA_TYPE, REFERENCE_METADATA, REFERENCE_METADATA_NAME) VALUES('a0da276a27f64da8a24671017064cd86','DriverVeh_Type','OBJECT',null,null);
INSERT INTO PUBLIC.PRIMITIVE_METADATA (ID, NAME, METADATA_TYPE) VALUES('5cbb7416518c4a28b7666619b6ea6f27','DriverUse','PRIMITIVE');
INSERT INTO PUBLIC.OBJECT_FIELD_METADATA (ID, NAME, METADATA_TYPE, PARENT_METADATA,PARENT_METADATA_NAME, REFERENCE_METADATA, REFERENCE_METADATA_NAME, REFERENCE_METADATA_TYPE)VALUES('a5044da72915439599f9799ce586c0c9','DriverUseCd','FIELD','a0da276a27f64da8a24671017064cd86','DriverVeh_Type','5cbb7416518c4a28b7666619b6ea6f27','DriverUse','PRIMITIVE');
INSERT INTO PUBLIC.OBJECT_FIELD_METADATA (ID, NAME, METADATA_TYPE, PARENT_METADATA,PARENT_METADATA_NAME, REFERENCE_METADATA, REFERENCE_METADATA_NAME, REFERENCE_METADATA_TYPE)VALUES('b4d35576916e479aacef4a38d161471a','UsePct','FIELD','a0da276a27f64da8a24671017064cd86','DriverVeh_Type','42787ecf7ebe44bdb047ebe0f2268d21','PercentLong','PRIMITIVE');
INSERT INTO PUBLIC.OBJECT_FIELD_METADATA (ID, NAME, METADATA_TYPE, PARENT_METADATA,PARENT_METADATA_NAME, REFERENCE_METADATA, REFERENCE_METADATA_NAME, REFERENCE_METADATA_TYPE)VALUES('09064c0db34449fbb5f5e3eb045bb396','OwnedVehInd','FIELD','a0da276a27f64da8a24671017064cd86','DriverVeh_Type','4ffb0bcc3ec946d1af3ef883f4c3a4e6','Boolean','PRIMITIVE');
INSERT INTO PUBLIC.OBJECT_FIELD_METADATA (ID, NAME, METADATA_TYPE, PARENT_METADATA,PARENT_METADATA_NAME, REFERENCE_METADATA, REFERENCE_METADATA_NAME, REFERENCE_METADATA_TYPE)VALUES('bdd786b5bb8945e4ab7ece81473bae15','DriverVehExt','FIELD','a0da276a27f64da8a24671017064cd86','DriverVeh_Type',null,null,null);
INSERT INTO PUBLIC.OBJECT_FIELD_METADATA (ID, NAME, METADATA_TYPE, PARENT_METADATA,PARENT_METADATA_NAME, REFERENCE_METADATA, REFERENCE_METADATA_NAME, REFERENCE_METADATA_TYPE)VALUES('029f5989b2664e9d8998ed9e5a0b71cd','DriverVeh','MODEL_RELATION','a8485aa8f7a7481b8828e638330f5291','Policy_Type','a0da276a27f64da8a24671017064cd86','DriverVeh_Type','OBJECT');
INSERT INTO PUBLIC.OBJECT_METADATA (ID, NAME, METADATA_TYPE, REFERENCE_METADATA, REFERENCE_METADATA_NAME) VALUES('efc5cd516703459db1f8783567baa07e','ReinstateInfo_Type','OBJECT',null,null);
INSERT INTO PUBLIC.OBJECT_FIELD_METADATA (ID, NAME, METADATA_TYPE, PARENT_METADATA,PARENT_METADATA_NAME, REFERENCE_METADATA, REFERENCE_METADATA_NAME, REFERENCE_METADATA_TYPE)VALUES('3b3c00ea54f84cb0bff3586dd53cc5cf','RequestorCd','FIELD','efc5cd516703459db1f8783567baa07e','ReinstateInfo_Type','38be2890d1624f188db4f23865b7d0a5','RequestorType','PRIMITIVE');
INSERT INTO PUBLIC.OBJECT_FIELD_METADATA (ID, NAME, METADATA_TYPE, PARENT_METADATA,PARENT_METADATA_NAME, REFERENCE_METADATA, REFERENCE_METADATA_NAME, REFERENCE_METADATA_TYPE)VALUES('e8fd57e27cf746aaa2b7cd8b4a60c20e','CorrespondingCancelEffectiveDt','FIELD','efc5cd516703459db1f8783567baa07e','ReinstateInfo_Type','d79ef4f06488440f9121bb3dba0ce108','DateTime','PRIMITIVE');
INSERT INTO PUBLIC.PRIMITIVE_METADATA (ID, NAME, METADATA_TYPE) VALUES('088dd2c3b7734d168c2017f9b2dd79c7','ReinstatementReason','PRIMITIVE');
INSERT INTO PUBLIC.OBJECT_FIELD_METADATA (ID, NAME, METADATA_TYPE, PARENT_METADATA,PARENT_METADATA_NAME, REFERENCE_METADATA, REFERENCE_METADATA_NAME, REFERENCE_METADATA_TYPE)VALUES('5f6a6eb6daa4463eb8b9b910f9b3784c','ReinstatementReasonCd','FIELD','efc5cd516703459db1f8783567baa07e','ReinstateInfo_Type','088dd2c3b7734d168c2017f9b2dd79c7','ReinstatementReason','PRIMITIVE');
INSERT INTO PUBLIC.PRIMITIVE_METADATA (ID, NAME, METADATA_TYPE) VALUES('b44754109539440cb55dbcf6fcbbe743','ReinstatementType','PRIMITIVE');
INSERT INTO PUBLIC.OBJECT_FIELD_METADATA (ID, NAME, METADATA_TYPE, PARENT_METADATA,PARENT_METADATA_NAME, REFERENCE_METADATA, REFERENCE_METADATA_NAME, REFERENCE_METADATA_TYPE)VALUES('247835ba074440e08b1c95cc8a18bdfc','ReinstatementTypeCd','FIELD','efc5cd516703459db1f8783567baa07e','ReinstateInfo_Type','b44754109539440cb55dbcf6fcbbe743','ReinstatementType','PRIMITIVE');
INSERT INTO PUBLIC.OBJECT_FIELD_METADATA (ID, NAME, METADATA_TYPE, PARENT_METADATA,PARENT_METADATA_NAME, REFERENCE_METADATA, REFERENCE_METADATA_NAME, REFERENCE_METADATA_TYPE)VALUES('e4cba9e129b044cabd535c1ca6b74dbb','MiscParty','MODEL_RELATION','efc5cd516703459db1f8783567baa07e','ReinstateInfo_Type','0a76585a8ae342d897387f29800d50c8','MiscParty_Type','OBJECT');
INSERT INTO PUBLIC.OBJECT_FIELD_METADATA (ID, NAME, METADATA_TYPE, PARENT_METADATA,PARENT_METADATA_NAME, REFERENCE_METADATA, REFERENCE_METADATA_NAME, REFERENCE_METADATA_TYPE)VALUES('4cd407a9d24143a78977a1fa53f4494b','ReinstateInfoExt','FIELD','efc5cd516703459db1f8783567baa07e','ReinstateInfo_Type',null,null,null);
INSERT INTO PUBLIC.OBJECT_FIELD_METADATA (ID, NAME, METADATA_TYPE, PARENT_METADATA,PARENT_METADATA_NAME, REFERENCE_METADATA, REFERENCE_METADATA_NAME, REFERENCE_METADATA_TYPE)VALUES('8b508e80ad0d410488d20422419cdf8d','ReinstateInfo','MODEL_RELATION','a8485aa8f7a7481b8828e638330f5291','Policy_Type','efc5cd516703459db1f8783567baa07e','ReinstateInfo_Type','OBJECT');
INSERT INTO PUBLIC.OBJECT_FIELD_METADATA (ID, NAME, METADATA_TYPE, PARENT_METADATA,PARENT_METADATA_NAME, REFERENCE_METADATA, REFERENCE_METADATA_NAME, REFERENCE_METADATA_TYPE)VALUES('87dc845a019249b89b71fc3dd5cd94ea','EndorsementNumber','FIELD','a8485aa8f7a7481b8828e638330f5291','Policy_Type','3da4bbbc6bf44d5f941e647b8e8408dc','AssignedIdentifier','PRIMITIVE');
INSERT INTO PUBLIC.OBJECT_FIELD_METADATA (ID, NAME, METADATA_TYPE, PARENT_METADATA,PARENT_METADATA_NAME, REFERENCE_METADATA, REFERENCE_METADATA_NAME, REFERENCE_METADATA_TYPE)VALUES('852dd13469f84d02806925e23a498897','Link','MODEL_RELATION','a8485aa8f7a7481b8828e638330f5291','Policy_Type','366dc9a89db94de3b92abf43ef1bf084','Link_Type','OBJECT');
INSERT INTO PUBLIC.OBJECT_FIELD_METADATA (ID, NAME, METADATA_TYPE, PARENT_METADATA,PARENT_METADATA_NAME, REFERENCE_METADATA, REFERENCE_METADATA_NAME, REFERENCE_METADATA_TYPE)VALUES('cac06b6a6f1b4149a68b9150eb726546','WrapUpInd','FIELD','a8485aa8f7a7481b8828e638330f5291','Policy_Type','4ffb0bcc3ec946d1af3ef883f4c3a4e6','Boolean','PRIMITIVE');
INSERT INTO PUBLIC.PRIMITIVE_METADATA (ID, NAME, METADATA_TYPE) VALUES('76e07ae19c7745429a74f23dd18592fb','EndorsementReasonType','PRIMITIVE');
INSERT INTO PUBLIC.OBJECT_FIELD_METADATA (ID, NAME, METADATA_TYPE, PARENT_METADATA,PARENT_METADATA_NAME, REFERENCE_METADATA, REFERENCE_METADATA_NAME, REFERENCE_METADATA_TYPE)VALUES('b3bda2e244284922b1c4b5fee9a8e0cd','EndorsementReasonCd','FIELD','a8485aa8f7a7481b8828e638330f5291','Policy_Type','76e07ae19c7745429a74f23dd18592fb','EndorsementReasonType','PRIMITIVE');
INSERT INTO PUBLIC.OBJECT_FIELD_METADATA (ID, NAME, METADATA_TYPE, PARENT_METADATA,PARENT_METADATA_NAME, REFERENCE_METADATA, REFERENCE_METADATA_NAME, REFERENCE_METADATA_TYPE)VALUES('2a997cead70d43dc8e82324edb68b5af','TierCd','FIELD','a8485aa8f7a7481b8828e638330f5291','Policy_Type','6240ce877a244a73a1253961131c6cc9','IndustryCode_Type','PRIMITIVE');
INSERT INTO PUBLIC.OBJECT_METADATA (ID, NAME, METADATA_TYPE, REFERENCE_METADATA, REFERENCE_METADATA_NAME) VALUES('16b63826be0c4b90b744e139e06cc4a7','EmployeeClassInfo_Type','OBJECT',null,null);
INSERT INTO PUBLIC.OBJECT_FIELD_METADATA (ID, NAME, METADATA_TYPE, PARENT_METADATA,PARENT_METADATA_NAME, REFERENCE_METADATA, REFERENCE_METADATA_NAME, REFERENCE_METADATA_TYPE)VALUES('4d140e34ca2042648c49354df05a42a6','NumEmployeesHandleMoneySecurities','FIELD','16b63826be0c4b90b744e139e06cc4a7','EmployeeClassInfo_Type','838cab4e48a54d0bb23ca5ea9db454ab','Long','PRIMITIVE');
INSERT INTO PUBLIC.OBJECT_METADATA (ID, NAME, METADATA_TYPE, REFERENCE_METADATA, REFERENCE_METADATA_NAME) VALUES('ceba99ecd1b14c5894bca706971048f8','OccupationClassInfo_Type','OBJECT',null,null);
INSERT INTO PUBLIC.OBJECT_FIELD_METADATA (ID, NAME, METADATA_TYPE, PARENT_METADATA,PARENT_METADATA_NAME, REFERENCE_METADATA, REFERENCE_METADATA_NAME, REFERENCE_METADATA_TYPE)VALUES('0b947c1f2ecd47e7813b2c32e5f1f6ef','CommlCoverage','MODEL_RELATION','ceba99ecd1b14c5894bca706971048f8','OccupationClassInfo_Type','d0675b4bbe674c1fa08297c27c3cb675','Coverage_Type','OBJECT');
INSERT INTO PUBLIC.OBJECT_FIELD_METADATA (ID, NAME, METADATA_TYPE, PARENT_METADATA,PARENT_METADATA_NAME, REFERENCE_METADATA, REFERENCE_METADATA_NAME, REFERENCE_METADATA_TYPE)VALUES('d3532aa733884a68b743e189fec3ce5d','CoverageAvailable','MODEL_RELATION','ceba99ecd1b14c5894bca706971048f8','OccupationClassInfo_Type','d0675b4bbe674c1fa08297c27c3cb675','Coverage_Type','OBJECT');
INSERT INTO PUBLIC.OBJECT_FIELD_METADATA (ID, NAME, METADATA_TYPE, PARENT_METADATA,PARENT_METADATA_NAME, REFERENCE_METADATA, REFERENCE_METADATA_NAME, REFERENCE_METADATA_TYPE)VALUES('4bb0e3e819934916995a41a0750c553e','BlanketInd','FIELD','ceba99ecd1b14c5894bca706971048f8','OccupationClassInfo_Type','4ffb0bcc3ec946d1af3ef883f4c3a4e6','Boolean','PRIMITIVE');
INSERT INTO PUBLIC.OBJECT_FIELD_METADATA (ID, NAME, METADATA_TYPE, PARENT_METADATA,PARENT_METADATA_NAME, REFERENCE_METADATA, REFERENCE_METADATA_NAME, REFERENCE_METADATA_TYPE)VALUES('1020f13bcdab4b0699587f6852945774','NumEmployees','FIELD','ceba99ecd1b14c5894bca706971048f8','OccupationClassInfo_Type','838cab4e48a54d0bb23ca5ea9db454ab','Long','PRIMITIVE');
INSERT INTO PUBLIC.OBJECT_FIELD_METADATA (ID, NAME, METADATA_TYPE, PARENT_METADATA,PARENT_METADATA_NAME, REFERENCE_METADATA, REFERENCE_METADATA_NAME, REFERENCE_METADATA_TYPE)VALUES('41a3290761054b3d89b6462f5c7dd493','Coverage','MODEL_RELATION','ceba99ecd1b14c5894bca706971048f8','OccupationClassInfo_Type','d0675b4bbe674c1fa08297c27c3cb675','Coverage_Type','OBJECT');
INSERT INTO PUBLIC.OBJECT_FIELD_METADATA (ID, NAME, METADATA_TYPE, PARENT_METADATA,PARENT_METADATA_NAME, REFERENCE_METADATA, REFERENCE_METADATA_NAME, REFERENCE_METADATA_TYPE)VALUES('a342737470a340d7aafc3701663818c2','OccupationClassCd','FIELD','ceba99ecd1b14c5894bca706971048f8','OccupationClassInfo_Type','2b40d9677f3b4d94ab7c4600885c2ad4','OccupationClass','PRIMITIVE');
INSERT INTO PUBLIC.OBJECT_FIELD_METADATA (ID, NAME, METADATA_TYPE, PARENT_METADATA,PARENT_METADATA_NAME, REFERENCE_METADATA, REFERENCE_METADATA_NAME, REFERENCE_METADATA_TYPE)VALUES('59e8ba6e4e004bfb8e30f1336d41ab1f','OccupationClassInfoExt','FIELD','ceba99ecd1b14c5894bca706971048f8','OccupationClassInfo_Type',null,null,null);
INSERT INTO PUBLIC.OBJECT_FIELD_METADATA (ID, NAME, METADATA_TYPE, PARENT_METADATA,PARENT_METADATA_NAME, REFERENCE_METADATA, REFERENCE_METADATA_NAME, REFERENCE_METADATA_TYPE)VALUES('28aa6098074442b6ad7ac001127f7e96','OccupationClassInfo','MODEL_RELATION','16b63826be0c4b90b744e139e06cc4a7','EmployeeClassInfo_Type','ceba99ecd1b14c5894bca706971048f8','OccupationClassInfo_Type','OBJECT');
INSERT INTO PUBLIC.OBJECT_FIELD_METADATA (ID, NAME, METADATA_TYPE, PARENT_METADATA,PARENT_METADATA_NAME, REFERENCE_METADATA, REFERENCE_METADATA_NAME, REFERENCE_METADATA_TYPE)VALUES('464991fa2c3b41a790e64c22715e0adb','EmployeeClassInfoExt','FIELD','16b63826be0c4b90b744e139e06cc4a7','EmployeeClassInfo_Type',null,null,null);
INSERT INTO PUBLIC.OBJECT_FIELD_METADATA (ID, NAME, METADATA_TYPE, PARENT_METADATA,PARENT_METADATA_NAME, REFERENCE_METADATA, REFERENCE_METADATA_NAME, REFERENCE_METADATA_TYPE)VALUES('e7a5b56082374318adb9c714e1c6202c','NumEmployees','FIELD','16b63826be0c4b90b744e139e06cc4a7','EmployeeClassInfo_Type','838cab4e48a54d0bb23ca5ea9db454ab','Long','PRIMITIVE');
INSERT INTO PUBLIC.OBJECT_FIELD_METADATA (ID, NAME, METADATA_TYPE, PARENT_METADATA,PARENT_METADATA_NAME, REFERENCE_METADATA, REFERENCE_METADATA_NAME, REFERENCE_METADATA_TYPE)VALUES('efa586961974473489efe519a0bf5bd8','NumLeasedEmployees','FIELD','16b63826be0c4b90b744e139e06cc4a7','EmployeeClassInfo_Type','838cab4e48a54d0bb23ca5ea9db454ab','Long','PRIMITIVE');
INSERT INTO PUBLIC.OBJECT_FIELD_METADATA (ID, NAME, METADATA_TYPE, PARENT_METADATA,PARENT_METADATA_NAME, REFERENCE_METADATA, REFERENCE_METADATA_NAME, REFERENCE_METADATA_TYPE)VALUES('5405cf34733849438666bbc91ba84873','NumOfficers','FIELD','16b63826be0c4b90b744e139e06cc4a7','EmployeeClassInfo_Type','838cab4e48a54d0bb23ca5ea9db454ab','Long','PRIMITIVE');
INSERT INTO PUBLIC.OBJECT_FIELD_METADATA (ID, NAME, METADATA_TYPE, PARENT_METADATA,PARENT_METADATA_NAME, REFERENCE_METADATA, REFERENCE_METADATA_NAME, REFERENCE_METADATA_TYPE)VALUES('80f0d5dba73e41a09c57fa046700d5e7','EmployeeClassInfo','MODEL_RELATION','a8485aa8f7a7481b8828e638330f5291','Policy_Type','16b63826be0c4b90b744e139e06cc4a7','EmployeeClassInfo_Type','OBJECT');
INSERT INTO PUBLIC.OBJECT_METADATA (ID, NAME, METADATA_TYPE, REFERENCE_METADATA, REFERENCE_METADATA_NAME) VALUES('97281d81774d4aa6aa7860c50df7d0a9','Binder_Type','OBJECT',null,null);
INSERT INTO PUBLIC.OBJECT_FIELD_METADATA (ID, NAME, METADATA_TYPE, PARENT_METADATA,PARENT_METADATA_NAME, REFERENCE_METADATA, REFERENCE_METADATA_NAME, REFERENCE_METADATA_TYPE)VALUES('177e4e225b144e17b99f657608df5867','AgencyBinderNumber','FIELD','97281d81774d4aa6aa7860c50df7d0a9','Binder_Type','3869bfeb4b5f47c0b4e159b3cfde6d71','C-25','PRIMITIVE');
INSERT INTO PUBLIC.OBJECT_FIELD_METADATA (ID, NAME, METADATA_TYPE, PARENT_METADATA,PARENT_METADATA_NAME, REFERENCE_METADATA, REFERENCE_METADATA_NAME, REFERENCE_METADATA_TYPE)VALUES('0fc7fe898a2e4d4faa579c9fb3bd56a3','FormNumber','FIELD','97281d81774d4aa6aa7860c50df7d0a9','Binder_Type','dca96396670d4a49979b33da4c247da3','C-20','PRIMITIVE');
INSERT INTO PUBLIC.OBJECT_FIELD_METADATA (ID, NAME, METADATA_TYPE, PARENT_METADATA,PARENT_METADATA_NAME, REFERENCE_METADATA, REFERENCE_METADATA_NAME, REFERENCE_METADATA_TYPE)VALUES('0d17ac1b83ca4134aa7d032b9783a009','NewBinderInd','FIELD','97281d81774d4aa6aa7860c50df7d0a9','Binder_Type','4ffb0bcc3ec946d1af3ef883f4c3a4e6','Boolean','PRIMITIVE');
INSERT INTO PUBLIC.OBJECT_FIELD_METADATA (ID, NAME, METADATA_TYPE, PARENT_METADATA,PARENT_METADATA_NAME, REFERENCE_METADATA, REFERENCE_METADATA_NAME, REFERENCE_METADATA_TYPE)VALUES('ea50661e86264adca7fd5595465935db','BinderExt','FIELD','97281d81774d4aa6aa7860c50df7d0a9','Binder_Type',null,null,null);
INSERT INTO PUBLIC.OBJECT_FIELD_METADATA (ID, NAME, METADATA_TYPE, PARENT_METADATA,PARENT_METADATA_NAME, REFERENCE_METADATA, REFERENCE_METADATA_NAME, REFERENCE_METADATA_TYPE)VALUES('4b69305dd5104b08895db4ca16255df9','NonStandardConditionsInd','FIELD','97281d81774d4aa6aa7860c50df7d0a9','Binder_Type','4ffb0bcc3ec946d1af3ef883f4c3a4e6','Boolean','PRIMITIVE');
INSERT INTO PUBLIC.PRIMITIVE_METADATA (ID, NAME, METADATA_TYPE) VALUES('761c3947726a4d43a8a074cca4a7863e','BinderPurpose','PRIMITIVE');
INSERT INTO PUBLIC.OBJECT_FIELD_METADATA (ID, NAME, METADATA_TYPE, PARENT_METADATA,PARENT_METADATA_NAME, REFERENCE_METADATA, REFERENCE_METADATA_NAME, REFERENCE_METADATA_TYPE)VALUES('c16be27f61f9486e99ab105c0f1faa1a','BinderPurposeCd','FIELD','97281d81774d4aa6aa7860c50df7d0a9','Binder_Type','761c3947726a4d43a8a074cca4a7863e','BinderPurpose','PRIMITIVE');
INSERT INTO PUBLIC.OBJECT_FIELD_METADATA (ID, NAME, METADATA_TYPE, PARENT_METADATA,PARENT_METADATA_NAME, REFERENCE_METADATA, REFERENCE_METADATA_NAME, REFERENCE_METADATA_TYPE)VALUES('a795b383e11c499a804bd9ce1cf9000b','ItemIdInfo','MODEL_RELATION','97281d81774d4aa6aa7860c50df7d0a9','Binder_Type','ba3be0e0317741b08f872c1fca47ad8f','ItemIdInfo_Type','OBJECT');
INSERT INTO PUBLIC.OBJECT_FIELD_METADATA (ID, NAME, METADATA_TYPE, PARENT_METADATA,PARENT_METADATA_NAME, REFERENCE_METADATA, REFERENCE_METADATA_NAME, REFERENCE_METADATA_TYPE)VALUES('3c3200af71104561a9e9e5aa576f5f12','ContractTerm','MODEL_RELATION','97281d81774d4aa6aa7860c50df7d0a9','Binder_Type','2ba28904532b44bfb94bb9bca9b86a8a','DURATION','OBJECT');
INSERT INTO PUBLIC.OBJECT_FIELD_METADATA (ID, NAME, METADATA_TYPE, PARENT_METADATA,PARENT_METADATA_NAME, REFERENCE_METADATA, REFERENCE_METADATA_NAME, REFERENCE_METADATA_TYPE)VALUES('458289cf7b084b01b0818a6d1203e72b','Link','MODEL_RELATION','97281d81774d4aa6aa7860c50df7d0a9','Binder_Type','366dc9a89db94de3b92abf43ef1bf084','Link_Type','OBJECT');
INSERT INTO PUBLIC.OBJECT_FIELD_METADATA (ID, NAME, METADATA_TYPE, PARENT_METADATA,PARENT_METADATA_NAME, REFERENCE_METADATA, REFERENCE_METADATA_NAME, REFERENCE_METADATA_TYPE)VALUES('c00fbde949bd4f15b573232fa552c550','Binder','MODEL_RELATION','a8485aa8f7a7481b8828e638330f5291','Policy_Type','97281d81774d4aa6aa7860c50df7d0a9','Binder_Type','OBJECT');
INSERT INTO PUBLIC.OBJECT_FIELD_METADATA (ID, NAME, METADATA_TYPE, PARENT_METADATA,PARENT_METADATA_NAME, REFERENCE_METADATA, REFERENCE_METADATA_NAME, REFERENCE_METADATA_TYPE)VALUES('118af133565842858b5de1add5a8e050','TermProcessDt','FIELD','a8485aa8f7a7481b8828e638330f5291','Policy_Type','3b0a2ca6cf3a4fb19718e35aa60287cd','Date','PRIMITIVE');
INSERT INTO PUBLIC.OBJECT_FIELD_METADATA (ID, NAME, METADATA_TYPE, PARENT_METADATA,PARENT_METADATA_NAME, REFERENCE_METADATA, REFERENCE_METADATA_NAME, REFERENCE_METADATA_TYPE)VALUES('c8c6a0b364634dcbbb7db21c00e1d7cf','HazardGradeCd','FIELD','a8485aa8f7a7481b8828e638330f5291','Policy_Type','6240ce877a244a73a1253961131c6cc9','IndustryCode_Type','PRIMITIVE');
INSERT INTO PUBLIC.OBJECT_METADATA (ID, NAME, METADATA_TYPE, REFERENCE_METADATA, REFERENCE_METADATA_NAME) VALUES('b8728702c3284dcf98d1bb9f43a317a8','WorkCompLineBusiness_Type','MODEL',null,null);
INSERT INTO PUBLIC.OBJECT_FIELD_METADATA (ID, NAME, METADATA_TYPE, PARENT_METADATA,PARENT_METADATA_NAME, REFERENCE_METADATA, REFERENCE_METADATA_NAME, REFERENCE_METADATA_TYPE)VALUES('0b5cd33d21ba4f15b12fd18b20cb8bbe','WrittenAmt','MODEL_RELATION','b8728702c3284dcf98d1bb9f43a317a8','WorkCompLineBusiness_Type','4fa89203e94a4637baa0484d19b460c5','CURRENCY','OBJECT');
INSERT INTO PUBLIC.OBJECT_FIELD_METADATA (ID, NAME, METADATA_TYPE, PARENT_METADATA,PARENT_METADATA_NAME, REFERENCE_METADATA, REFERENCE_METADATA_NAME, REFERENCE_METADATA_TYPE)VALUES('18afe73ab9784d689c603e4b41b6a7d4','OtherCoveredStateProvCd','FIELD','b8728702c3284dcf98d1bb9f43a317a8','WorkCompLineBusiness_Type','6240ce877a244a73a1253961131c6cc9','IndustryCode_Type','PRIMITIVE');
INSERT INTO PUBLIC.OBJECT_METADATA (ID, NAME, METADATA_TYPE, REFERENCE_METADATA, REFERENCE_METADATA_NAME) VALUES('bc5e3c57cd0b48f38090c73ceac96471','WorkCompIndividuals_Type','OBJECT',null,null);
INSERT INTO PUBLIC.OBJECT_METADATA (ID, NAME, METADATA_TYPE, REFERENCE_METADATA, REFERENCE_METADATA_NAME) VALUES('caac683ba4b84c96b540e8867914b31d','WorkCompAuditExposure_Type','OBJECT',null,null);
INSERT INTO PUBLIC.OBJECT_FIELD_METADATA (ID, NAME, METADATA_TYPE, PARENT_METADATA,PARENT_METADATA_NAME, REFERENCE_METADATA, REFERENCE_METADATA_NAME, REFERENCE_METADATA_TYPE)VALUES('716d99b8670f43a8ac07ceb631db9f60','WorkCompAuditExposureExt','FIELD','caac683ba4b84c96b540e8867914b31d','WorkCompAuditExposure_Type',null,null,null);
INSERT INTO PUBLIC.OBJECT_METADATA (ID, NAME, METADATA_TYPE, REFERENCE_METADATA, REFERENCE_METADATA_NAME) VALUES('1391ffc099d24eb7818150379beb13ea','WorkCompAuditExposureInfo_Type','OBJECT',null,null);
INSERT INTO PUBLIC.OBJECT_FIELD_METADATA (ID, NAME, METADATA_TYPE, PARENT_METADATA,PARENT_METADATA_NAME, REFERENCE_METADATA, REFERENCE_METADATA_NAME, REFERENCE_METADATA_TYPE)VALUES('c8155571a5cd440380fe4a0b27ea6123','CommlCoverage','MODEL_RELATION','1391ffc099d24eb7818150379beb13ea','WorkCompAuditExposureInfo_Type','d0675b4bbe674c1fa08297c27c3cb675','Coverage_Type','OBJECT');
INSERT INTO PUBLIC.OBJECT_FIELD_METADATA (ID, NAME, METADATA_TYPE, PARENT_METADATA,PARENT_METADATA_NAME, REFERENCE_METADATA, REFERENCE_METADATA_NAME, REFERENCE_METADATA_TYPE)VALUES('4c47535c2751444cbfa35d769abe01f9','CoverageAvailable','MODEL_RELATION','1391ffc099d24eb7818150379beb13ea','WorkCompAuditExposureInfo_Type','d0675b4bbe674c1fa08297c27c3cb675','Coverage_Type','OBJECT');
INSERT INTO PUBLIC.OBJECT_FIELD_METADATA (ID, NAME, METADATA_TYPE, PARENT_METADATA,PARENT_METADATA_NAME, REFERENCE_METADATA, REFERENCE_METADATA_NAME, REFERENCE_METADATA_TYPE)VALUES('69d36060568545a59c42ed5c4b20f184','WorkCompAuditExposureInfoExt','FIELD','1391ffc099d24eb7818150379beb13ea','WorkCompAuditExposureInfo_Type',null,null,null);
INSERT INTO PUBLIC.OBJECT_FIELD_METADATA (ID, NAME, METADATA_TYPE, PARENT_METADATA,PARENT_METADATA_NAME, REFERENCE_METADATA, REFERENCE_METADATA_NAME, REFERENCE_METADATA_TYPE)VALUES('c6162c727b634d4ca0985a47a76cc19f','PremiumBasisCd','FIELD','1391ffc099d24eb7818150379beb13ea','WorkCompAuditExposureInfo_Type','5dfb62cbf01e431c9467afdd15995ec9','PremiumBase','PRIMITIVE');
INSERT INTO PUBLIC.OBJECT_FIELD_METADATA (ID, NAME, METADATA_TYPE, PARENT_METADATA,PARENT_METADATA_NAME, REFERENCE_METADATA, REFERENCE_METADATA_NAME, REFERENCE_METADATA_TYPE)VALUES('ebb0d883172040d88aa018f81284f7c0','AuditPeriod','MODEL_RELATION','1391ffc099d24eb7818150379beb13ea','WorkCompAuditExposureInfo_Type','2ba28904532b44bfb94bb9bca9b86a8a','DURATION','OBJECT');
INSERT INTO PUBLIC.OBJECT_FIELD_METADATA (ID, NAME, METADATA_TYPE, PARENT_METADATA,PARENT_METADATA_NAME, REFERENCE_METADATA, REFERENCE_METADATA_NAME, REFERENCE_METADATA_TYPE)VALUES('e8b84ea7894f4b7faf88f78332f5a2e9','ExposureInfo','MODEL_RELATION','1391ffc099d24eb7818150379beb13ea','WorkCompAuditExposureInfo_Type','d2af9d5366414e609acfaad3e91bda61','ExposureInfo_Type','OBJECT');
INSERT INTO PUBLIC.OBJECT_FIELD_METADATA (ID, NAME, METADATA_TYPE, PARENT_METADATA,PARENT_METADATA_NAME, REFERENCE_METADATA, REFERENCE_METADATA_NAME, REFERENCE_METADATA_TYPE)VALUES('998c2108cf2b49f5bc94b53368444606','RatingClassificationDescCd','FIELD','1391ffc099d24eb7818150379beb13ea','WorkCompAuditExposureInfo_Type','6240ce877a244a73a1253961131c6cc9','IndustryCode_Type','PRIMITIVE');
INSERT INTO PUBLIC.OBJECT_FIELD_METADATA (ID, NAME, METADATA_TYPE, PARENT_METADATA,PARENT_METADATA_NAME, REFERENCE_METADATA, REFERENCE_METADATA_NAME, REFERENCE_METADATA_TYPE)VALUES('d92fc2c52dd64d5ca66a6446d3e91f02','Coverage','MODEL_RELATION','1391ffc099d24eb7818150379beb13ea','WorkCompAuditExposureInfo_Type','d0675b4bbe674c1fa08297c27c3cb675','Coverage_Type','OBJECT');
INSERT INTO PUBLIC.OBJECT_FIELD_METADATA (ID, NAME, METADATA_TYPE, PARENT_METADATA,PARENT_METADATA_NAME, REFERENCE_METADATA, REFERENCE_METADATA_NAME, REFERENCE_METADATA_TYPE)VALUES('a3d44b01065c47a08da5cf483a8f0efa','Exposure','FIELD','1391ffc099d24eb7818150379beb13ea','WorkCompAuditExposureInfo_Type','c896845db6f640c6bf65093333a64c69','Decimal','PRIMITIVE');
INSERT INTO PUBLIC.OBJECT_FIELD_METADATA (ID, NAME, METADATA_TYPE, PARENT_METADATA,PARENT_METADATA_NAME, REFERENCE_METADATA, REFERENCE_METADATA_NAME, REFERENCE_METADATA_TYPE)VALUES('95b7c732f20747ae94e3582ef5500845','RatingClassificationCd','FIELD','1391ffc099d24eb7818150379beb13ea','WorkCompAuditExposureInfo_Type','6240ce877a244a73a1253961131c6cc9','IndustryCode_Type','PRIMITIVE');
INSERT INTO PUBLIC.OBJECT_FIELD_METADATA (ID, NAME, METADATA_TYPE, PARENT_METADATA,PARENT_METADATA_NAME, REFERENCE_METADATA, REFERENCE_METADATA_NAME, REFERENCE_METADATA_TYPE)VALUES('95245969d86c4f83a0a1ca42b355f0a7','WorkCompAuditExposureInfo','MODEL_RELATION','caac683ba4b84c96b540e8867914b31d','WorkCompAuditExposure_Type','1391ffc099d24eb7818150379beb13ea','WorkCompAuditExposureInfo_Type','OBJECT');
INSERT INTO PUBLIC.OBJECT_FIELD_METADATA (ID, NAME, METADATA_TYPE, PARENT_METADATA,PARENT_METADATA_NAME, REFERENCE_METADATA, REFERENCE_METADATA_NAME, REFERENCE_METADATA_TYPE)VALUES('768ebb178a2541388e7ff1a20f1c8d1b','StateProvCd','FIELD','caac683ba4b84c96b540e8867914b31d','WorkCompAuditExposure_Type','6240ce877a244a73a1253961131c6cc9','IndustryCode_Type','PRIMITIVE');
INSERT INTO PUBLIC.OBJECT_FIELD_METADATA (ID, NAME, METADATA_TYPE, PARENT_METADATA,PARENT_METADATA_NAME, REFERENCE_METADATA, REFERENCE_METADATA_NAME, REFERENCE_METADATA_TYPE)VALUES('02c387600b004b478d99a374d9a2ab19','WorkCompAuditExposure','MODEL_RELATION','bc5e3c57cd0b48f38090c73ceac96471','WorkCompIndividuals_Type','caac683ba4b84c96b540e8867914b31d','WorkCompAuditExposure_Type','OBJECT');
INSERT INTO PUBLIC.OBJECT_FIELD_METADATA (ID, NAME, METADATA_TYPE, PARENT_METADATA,PARENT_METADATA_NAME, REFERENCE_METADATA, REFERENCE_METADATA_NAME, REFERENCE_METADATA_TYPE)VALUES('6c944f21d3614d649cd022c3f9c34a0c','WorkCompIndividualsExt','FIELD','bc5e3c57cd0b48f38090c73ceac96471','WorkCompIndividuals_Type',null,null,null);
INSERT INTO PUBLIC.OBJECT_FIELD_METADATA (ID, NAME, METADATA_TYPE, PARENT_METADATA,PARENT_METADATA_NAME, REFERENCE_METADATA, REFERENCE_METADATA_NAME, REFERENCE_METADATA_TYPE)VALUES('22710a51097f418890b5f349d603bee7','OwnershipPct','FIELD','bc5e3c57cd0b48f38090c73ceac96471','WorkCompIndividuals_Type','d68704d271534c0a935a3012147640c4','PercentDecimal','PRIMITIVE');
INSERT INTO PUBLIC.OBJECT_FIELD_METADATA (ID, NAME, METADATA_TYPE, PARENT_METADATA,PARENT_METADATA_NAME, REFERENCE_METADATA, REFERENCE_METADATA_NAME, REFERENCE_METADATA_TYPE)VALUES('3203800da62f4f908e4fadc7509d4946','DutiesDesc','FIELD','bc5e3c57cd0b48f38090c73ceac96471','WorkCompIndividuals_Type','2344631100044813a5126adcfb93e80d','C-255','PRIMITIVE');
INSERT INTO PUBLIC.OBJECT_FIELD_METADATA (ID, NAME, METADATA_TYPE, PARENT_METADATA,PARENT_METADATA_NAME, REFERENCE_METADATA, REFERENCE_METADATA_NAME, REFERENCE_METADATA_TYPE)VALUES('c81f6a3f873247ca83f04059923c75dd','Communications','MODEL_RELATION','bc5e3c57cd0b48f38090c73ceac96471','WorkCompIndividuals_Type','f385568ab6b54cc38c190ef5eeffe324','Communications_Type','OBJECT');
INSERT INTO PUBLIC.OBJECT_FIELD_METADATA (ID, NAME, METADATA_TYPE, PARENT_METADATA,PARENT_METADATA_NAME, REFERENCE_METADATA, REFERENCE_METADATA_NAME, REFERENCE_METADATA_TYPE)VALUES('7066a6d95d4d4d5c85e22c5c59a9b8ea','NumEmployeesWorkFromHome','FIELD','bc5e3c57cd0b48f38090c73ceac96471','WorkCompIndividuals_Type','838cab4e48a54d0bb23ca5ea9db454ab','Long','PRIMITIVE');
INSERT INTO PUBLIC.OBJECT_FIELD_METADATA (ID, NAME, METADATA_TYPE, PARENT_METADATA,PARENT_METADATA_NAME, REFERENCE_METADATA, REFERENCE_METADATA_NAME, REFERENCE_METADATA_TYPE)VALUES('d9b0e5f1102640f79266583edc48055e','BirthDt','FIELD','bc5e3c57cd0b48f38090c73ceac96471','WorkCompIndividuals_Type','3b0a2ca6cf3a4fb19718e35aa60287cd','Date','PRIMITIVE');
INSERT INTO PUBLIC.OBJECT_FIELD_METADATA (ID, NAME, METADATA_TYPE, PARENT_METADATA,PARENT_METADATA_NAME, REFERENCE_METADATA, REFERENCE_METADATA_NAME, REFERENCE_METADATA_TYPE)VALUES('5a8bdd6b545d434cb80b8220f22567af','StateProvCd','FIELD','bc5e3c57cd0b48f38090c73ceac96471','WorkCompIndividuals_Type','6240ce877a244a73a1253961131c6cc9','IndustryCode_Type','PRIMITIVE');
INSERT INTO PUBLIC.OBJECT_FIELD_METADATA (ID, NAME, METADATA_TYPE, PARENT_METADATA,PARENT_METADATA_NAME, REFERENCE_METADATA, REFERENCE_METADATA_NAME, REFERENCE_METADATA_TYPE)VALUES('18edd8a15fd248ff874f0a124c5f2c88','TenurePeriod','MODEL_RELATION','bc5e3c57cd0b48f38090c73ceac96471','WorkCompIndividuals_Type','2ba28904532b44bfb94bb9bca9b86a8a','DURATION','OBJECT');
INSERT INTO PUBLIC.PRIMITIVE_METADATA (ID, NAME, METADATA_TYPE) VALUES('08457496c4fa4b5097e5e5c1ff028480','IncludedExcludedIndicator','PRIMITIVE');
INSERT INTO PUBLIC.OBJECT_FIELD_METADATA (ID, NAME, METADATA_TYPE, PARENT_METADATA,PARENT_METADATA_NAME, REFERENCE_METADATA, REFERENCE_METADATA_NAME, REFERENCE_METADATA_TYPE)VALUES('82cba17b6ad14478a74ff911843d194b','IncludedExcludedCd','FIELD','bc5e3c57cd0b48f38090c73ceac96471','WorkCompIndividuals_Type','08457496c4fa4b5097e5e5c1ff028480','IncludedExcludedIndicator','PRIMITIVE');
INSERT INTO PUBLIC.OBJECT_FIELD_METADATA (ID, NAME, METADATA_TYPE, PARENT_METADATA,PARENT_METADATA_NAME, REFERENCE_METADATA, REFERENCE_METADATA_NAME, REFERENCE_METADATA_TYPE)VALUES('e48dffbafaec493c9ff9994862e120cb','NameInfo','MODEL_RELATION','bc5e3c57cd0b48f38090c73ceac96471','WorkCompIndividuals_Type','02f87e48703e4070b19e633337850703','NameInfo_Type','OBJECT');
INSERT INTO PUBLIC.OBJECT_FIELD_METADATA (ID, NAME, METADATA_TYPE, PARENT_METADATA,PARENT_METADATA_NAME, REFERENCE_METADATA, REFERENCE_METADATA_NAME, REFERENCE_METADATA_TYPE)VALUES('ff23c48e51ff4a92a22f557c73ef026c','InclIndividualsEstAnnualRemunerationAmt','MODEL_RELATION','bc5e3c57cd0b48f38090c73ceac96471','WorkCompIndividuals_Type','4fa89203e94a4637baa0484d19b460c5','CURRENCY','OBJECT');
INSERT INTO PUBLIC.OBJECT_FIELD_METADATA (ID, NAME, METADATA_TYPE, PARENT_METADATA,PARENT_METADATA_NAME, REFERENCE_METADATA, REFERENCE_METADATA_NAME, REFERENCE_METADATA_TYPE)VALUES('047b8c0a46684b8bbfe53d01e98fed94','ItemIdInfo','MODEL_RELATION','bc5e3c57cd0b48f38090c73ceac96471','WorkCompIndividuals_Type','ba3be0e0317741b08f872c1fca47ad8f','ItemIdInfo_Type','OBJECT');
INSERT INTO PUBLIC.OBJECT_FIELD_METADATA (ID, NAME, METADATA_TYPE, PARENT_METADATA,PARENT_METADATA_NAME, REFERENCE_METADATA, REFERENCE_METADATA_NAME, REFERENCE_METADATA_TYPE)VALUES('6da00cbedd74449bab19a3fb2ec06e02','OfficerElectedDt','FIELD','bc5e3c57cd0b48f38090c73ceac96471','WorkCompIndividuals_Type','3b0a2ca6cf3a4fb19718e35aa60287cd','Date','PRIMITIVE');
INSERT INTO PUBLIC.OBJECT_FIELD_METADATA (ID, NAME, METADATA_TYPE, PARENT_METADATA,PARENT_METADATA_NAME, REFERENCE_METADATA, REFERENCE_METADATA_NAME, REFERENCE_METADATA_TYPE)VALUES('005a016a739c4c688d19ca507ae3b9fc','Link','MODEL_RELATION','bc5e3c57cd0b48f38090c73ceac96471','WorkCompIndividuals_Type','366dc9a89db94de3b92abf43ef1bf084','Link_Type','OBJECT');
INSERT INTO PUBLIC.OBJECT_FIELD_METADATA (ID, NAME, METADATA_TYPE, PARENT_METADATA,PARENT_METADATA_NAME, REFERENCE_METADATA, REFERENCE_METADATA_NAME, REFERENCE_METADATA_TYPE)VALUES('6b911c6b7ba74d5ab4c7b65eca186e67','RatingClassificationCd','FIELD','bc5e3c57cd0b48f38090c73ceac96471','WorkCompIndividuals_Type','6240ce877a244a73a1253961131c6cc9','IndustryCode_Type','PRIMITIVE');
INSERT INTO PUBLIC.OBJECT_FIELD_METADATA (ID, NAME, METADATA_TYPE, PARENT_METADATA,PARENT_METADATA_NAME, REFERENCE_METADATA, REFERENCE_METADATA_NAME, REFERENCE_METADATA_TYPE)VALUES('6d77c139dd3e44a9a17068369af389be','WorkCompIndividuals','MODEL_RELATION','b8728702c3284dcf98d1bb9f43a317a8','WorkCompLineBusiness_Type','bc5e3c57cd0b48f38090c73ceac96471','WorkCompIndividuals_Type','OBJECT');
INSERT INTO PUBLIC.OBJECT_FIELD_METADATA (ID, NAME, METADATA_TYPE, PARENT_METADATA,PARENT_METADATA_NAME, REFERENCE_METADATA, REFERENCE_METADATA_NAME, REFERENCE_METADATA_TYPE)VALUES('2aa24e1add9e41ef81e728d95891a100','HazardGradeInfo','MODEL_RELATION','b8728702c3284dcf98d1bb9f43a317a8','WorkCompLineBusiness_Type','27cb6123ae2a4e5da40275f0c5716a86','HazardGradeInfo_Type','OBJECT');
INSERT INTO PUBLIC.OBJECT_FIELD_METADATA (ID, NAME, METADATA_TYPE, PARENT_METADATA,PARENT_METADATA_NAME, REFERENCE_METADATA, REFERENCE_METADATA_NAME, REFERENCE_METADATA_TYPE)VALUES('6bd26696d6bb432f9c97aea1911eacb5','MinPremAmt','MODEL_RELATION','b8728702c3284dcf98d1bb9f43a317a8','WorkCompLineBusiness_Type','4fa89203e94a4637baa0484d19b460c5','CURRENCY','OBJECT');
INSERT INTO PUBLIC.OBJECT_FIELD_METADATA (ID, NAME, METADATA_TYPE, PARENT_METADATA,PARENT_METADATA_NAME, REFERENCE_METADATA, REFERENCE_METADATA_NAME, REFERENCE_METADATA_TYPE)VALUES('3a0a7713534549c1bc5c64a746793768','CurrentTermAmt','MODEL_RELATION','b8728702c3284dcf98d1bb9f43a317a8','WorkCompLineBusiness_Type','4fa89203e94a4637baa0484d19b460c5','CURRENCY','OBJECT');
INSERT INTO PUBLIC.OBJECT_FIELD_METADATA (ID, NAME, METADATA_TYPE, PARENT_METADATA,PARENT_METADATA_NAME, REFERENCE_METADATA, REFERENCE_METADATA_NAME, REFERENCE_METADATA_TYPE)VALUES('6121dacc33154475b09088eef9dc814f','CompanyProductCd','FIELD','b8728702c3284dcf98d1bb9f43a317a8','WorkCompLineBusiness_Type','6240ce877a244a73a1253961131c6cc9','IndustryCode_Type','PRIMITIVE');
INSERT INTO PUBLIC.OBJECT_FIELD_METADATA (ID, NAME, METADATA_TYPE, PARENT_METADATA,PARENT_METADATA_NAME, REFERENCE_METADATA, REFERENCE_METADATA_NAME, REFERENCE_METADATA_TYPE)VALUES('124f6e228e6f4e9d87b2ead7473b16b5','CoverageAvailable','MODEL_RELATION','b8728702c3284dcf98d1bb9f43a317a8','WorkCompLineBusiness_Type','d0675b4bbe674c1fa08297c27c3cb675','Coverage_Type','OBJECT');
INSERT INTO PUBLIC.OBJECT_FIELD_METADATA (ID, NAME, METADATA_TYPE, PARENT_METADATA,PARENT_METADATA_NAME, REFERENCE_METADATA, REFERENCE_METADATA_NAME, REFERENCE_METADATA_TYPE)VALUES('290105e86e65440f8421f0bd9f97c614','HazardGradeCd','FIELD','b8728702c3284dcf98d1bb9f43a317a8','WorkCompLineBusiness_Type','6240ce877a244a73a1253961131c6cc9','IndustryCode_Type','PRIMITIVE');
INSERT INTO PUBLIC.OBJECT_FIELD_METADATA (ID, NAME, METADATA_TYPE, PARENT_METADATA,PARENT_METADATA_NAME, REFERENCE_METADATA, REFERENCE_METADATA_NAME, REFERENCE_METADATA_TYPE)VALUES('ec13a660bfd441768c36c7043965060b','EstimatedAnnualRevenuesAmt','MODEL_RELATION','b8728702c3284dcf98d1bb9f43a317a8','WorkCompLineBusiness_Type','4fa89203e94a4637baa0484d19b460c5','CURRENCY','OBJECT');
INSERT INTO PUBLIC.OBJECT_FIELD_METADATA (ID, NAME, METADATA_TYPE, PARENT_METADATA,PARENT_METADATA_NAME, REFERENCE_METADATA, REFERENCE_METADATA_NAME, REFERENCE_METADATA_TYPE)VALUES('6657b5dab231484b9735879c57f64d93','AnniversaryRatingDt','FIELD','b8728702c3284dcf98d1bb9f43a317a8','WorkCompLineBusiness_Type','3b0a2ca6cf3a4fb19718e35aa60287cd','Date','PRIMITIVE');
INSERT INTO PUBLIC.OBJECT_FIELD_METADATA (ID, NAME, METADATA_TYPE, PARENT_METADATA,PARENT_METADATA_NAME, REFERENCE_METADATA, REFERENCE_METADATA_NAME, REFERENCE_METADATA_TYPE)VALUES('f0ee58d95fb64055a52b8085c14e6464','ParticipatingPlanInd','FIELD','b8728702c3284dcf98d1bb9f43a317a8','WorkCompLineBusiness_Type','4ffb0bcc3ec946d1af3ef883f4c3a4e6','Boolean','PRIMITIVE');
INSERT INTO PUBLIC.OBJECT_FIELD_METADATA (ID, NAME, METADATA_TYPE, PARENT_METADATA,PARENT_METADATA_NAME, REFERENCE_METADATA, REFERENCE_METADATA_NAME, REFERENCE_METADATA_TYPE)VALUES('70f8e01d4bc346bfbfeaefbeb4e788d2','LegalEntityCd','FIELD','b8728702c3284dcf98d1bb9f43a317a8','WorkCompLineBusiness_Type','25eebd863f184232be4964a29df98a0b','LegalEntity','PRIMITIVE');
INSERT INTO PUBLIC.OBJECT_FIELD_METADATA (ID, NAME, METADATA_TYPE, PARENT_METADATA,PARENT_METADATA_NAME, REFERENCE_METADATA, REFERENCE_METADATA_NAME, REFERENCE_METADATA_TYPE)VALUES('1a6db858933d4e0d9c5e6da7b62828b8','QuestionAnswer','MODEL_RELATION','b8728702c3284dcf98d1bb9f43a317a8','WorkCompLineBusiness_Type','152fefd4f3054b68b490c1af5c9c284c','QuestionAnswer_Type','OBJECT');
INSERT INTO PUBLIC.OBJECT_FIELD_METADATA (ID, NAME, METADATA_TYPE, PARENT_METADATA,PARENT_METADATA_NAME, REFERENCE_METADATA, REFERENCE_METADATA_NAME, REFERENCE_METADATA_TYPE)VALUES('582844ed72184480b61c9f9a29ab5446','NAICCd','FIELD','b8728702c3284dcf98d1bb9f43a317a8','WorkCompLineBusiness_Type','6240ce877a244a73a1253961131c6cc9','IndustryCode_Type','PRIMITIVE');
INSERT INTO PUBLIC.OBJECT_METADATA (ID, NAME, METADATA_TYPE, REFERENCE_METADATA, REFERENCE_METADATA_NAME) VALUES('0b13c17b7dc845d58c128b12e7b058a8','WorkCompLossOrPriorPolicy_Type','OBJECT',null,null);
INSERT INTO PUBLIC.OBJECT_FIELD_METADATA (ID, NAME, METADATA_TYPE, PARENT_METADATA,PARENT_METADATA_NAME, REFERENCE_METADATA, REFERENCE_METADATA_NAME, REFERENCE_METADATA_TYPE)VALUES('f366d0a12551478e98e40734551bdab2','NumClaims','FIELD','0b13c17b7dc845d58c128b12e7b058a8','WorkCompLossOrPriorPolicy_Type','838cab4e48a54d0bb23ca5ea9db454ab','Long','PRIMITIVE');
INSERT INTO PUBLIC.OBJECT_FIELD_METADATA (ID, NAME, METADATA_TYPE, PARENT_METADATA,PARENT_METADATA_NAME, REFERENCE_METADATA, REFERENCE_METADATA_NAME, REFERENCE_METADATA_TYPE)VALUES('f93d85d1da1d4ed384907d61570868a2','TotalIndemnityPaidAmt','MODEL_RELATION','0b13c17b7dc845d58c128b12e7b058a8','WorkCompLossOrPriorPolicy_Type','4fa89203e94a4637baa0484d19b460c5','CURRENCY','OBJECT');
INSERT INTO PUBLIC.OBJECT_FIELD_METADATA (ID, NAME, METADATA_TYPE, PARENT_METADATA,PARENT_METADATA_NAME, REFERENCE_METADATA, REFERENCE_METADATA_NAME, REFERENCE_METADATA_TYPE)VALUES('1ee6e5f0569a43cc97d9261feda6b6e7','ExpirationDt','FIELD','0b13c17b7dc845d58c128b12e7b058a8','WorkCompLossOrPriorPolicy_Type','3a7f6e6e4d124518a7407e7883f9d5ec','FormalDate','PRIMITIVE');
INSERT INTO PUBLIC.OBJECT_FIELD_METADATA (ID, NAME, METADATA_TYPE, PARENT_METADATA,PARENT_METADATA_NAME, REFERENCE_METADATA, REFERENCE_METADATA_NAME, REFERENCE_METADATA_TYPE)VALUES('b4b90c309a8545d0b12fcae376668e99','PaidTotalAmt','MODEL_RELATION','0b13c17b7dc845d58c128b12e7b058a8','WorkCompLossOrPriorPolicy_Type','4fa89203e94a4637baa0484d19b460c5','CURRENCY','OBJECT');
INSERT INTO PUBLIC.OBJECT_FIELD_METADATA (ID, NAME, METADATA_TYPE, PARENT_METADATA,PARENT_METADATA_NAME, REFERENCE_METADATA, REFERENCE_METADATA_NAME, REFERENCE_METADATA_TYPE)VALUES('809f8a9cb5aa445990a08325294c427b','EffectiveDt','FIELD','0b13c17b7dc845d58c128b12e7b058a8','WorkCompLossOrPriorPolicy_Type','3a7f6e6e4d124518a7407e7883f9d5ec','FormalDate','PRIMITIVE');
INSERT INTO PUBLIC.OBJECT_FIELD_METADATA (ID, NAME, METADATA_TYPE, PARENT_METADATA,PARENT_METADATA_NAME, REFERENCE_METADATA, REFERENCE_METADATA_NAME, REFERENCE_METADATA_TYPE)VALUES('85a22c5c53e646d0b1fc9530c9328c3e','ValuationDt','FIELD','0b13c17b7dc845d58c128b12e7b058a8','WorkCompLossOrPriorPolicy_Type','3b0a2ca6cf3a4fb19718e35aa60287cd','Date','PRIMITIVE');
INSERT INTO PUBLIC.OBJECT_FIELD_METADATA (ID, NAME, METADATA_TYPE, PARENT_METADATA,PARENT_METADATA_NAME, REFERENCE_METADATA, REFERENCE_METADATA_NAME, REFERENCE_METADATA_TYPE)VALUES('c3562b1ada3a4efaa3d1bda9e9bf7948','StateProvCd','FIELD','0b13c17b7dc845d58c128b12e7b058a8','WorkCompLossOrPriorPolicy_Type','6240ce877a244a73a1253961131c6cc9','IndustryCode_Type','PRIMITIVE');
INSERT INTO PUBLIC.OBJECT_FIELD_METADATA (ID, NAME, METADATA_TYPE, PARENT_METADATA,PARENT_METADATA_NAME, REFERENCE_METADATA, REFERENCE_METADATA_NAME, REFERENCE_METADATA_TYPE)VALUES('2f74185c2be24a7f9993ea772ae103a5','CreditOrSurcharge','MODEL_RELATION','0b13c17b7dc845d58c128b12e7b058a8','WorkCompLossOrPriorPolicy_Type','ac7618a3e7974e27b3a4f0a5f2a22a98','PCCREDITSURCHARGE','OBJECT');
INSERT INTO PUBLIC.OBJECT_FIELD_METADATA (ID, NAME, METADATA_TYPE, PARENT_METADATA,PARENT_METADATA_NAME, REFERENCE_METADATA, REFERENCE_METADATA_NAME, REFERENCE_METADATA_TYPE)VALUES('56cd889101714115b8fc7a4c6d0fe2be','TotalPayrollAmt','MODEL_RELATION','0b13c17b7dc845d58c128b12e7b058a8','WorkCompLossOrPriorPolicy_Type','4fa89203e94a4637baa0484d19b460c5','CURRENCY','OBJECT');
INSERT INTO PUBLIC.PRIMITIVE_METADATA (ID, NAME, METADATA_TYPE) VALUES('19e10edc5d634f2da08b49083809914d','PremiumType','PRIMITIVE');
INSERT INTO PUBLIC.OBJECT_FIELD_METADATA (ID, NAME, METADATA_TYPE, PARENT_METADATA,PARENT_METADATA_NAME, REFERENCE_METADATA, REFERENCE_METADATA_NAME, REFERENCE_METADATA_TYPE)VALUES('d1e3bd8b679044a18b171343112403f9','PremiumTypeCd','FIELD','0b13c17b7dc845d58c128b12e7b058a8','WorkCompLossOrPriorPolicy_Type','19e10edc5d634f2da08b49083809914d','PremiumType','PRIMITIVE');
INSERT INTO PUBLIC.OBJECT_FIELD_METADATA (ID, NAME, METADATA_TYPE, PARENT_METADATA,PARENT_METADATA_NAME, REFERENCE_METADATA, REFERENCE_METADATA_NAME, REFERENCE_METADATA_TYPE)VALUES('6f03f1c5019845f5b3326cdc489fd1fc','CompanyDeviationFactor','FIELD','0b13c17b7dc845d58c128b12e7b058a8','WorkCompLossOrPriorPolicy_Type','c896845db6f640c6bf65093333a64c69','Decimal','PRIMITIVE');
INSERT INTO PUBLIC.OBJECT_FIELD_METADATA (ID, NAME, METADATA_TYPE, PARENT_METADATA,PARENT_METADATA_NAME, REFERENCE_METADATA, REFERENCE_METADATA_NAME, REFERENCE_METADATA_TYPE)VALUES('481352447f9444fbae39f1e955e1b604','TotalMedicalPaidAmt','MODEL_RELATION','0b13c17b7dc845d58c128b12e7b058a8','WorkCompLossOrPriorPolicy_Type','4fa89203e94a4637baa0484d19b460c5','CURRENCY','OBJECT');
INSERT INTO PUBLIC.OBJECT_FIELD_METADATA (ID, NAME, METADATA_TYPE, PARENT_METADATA,PARENT_METADATA_NAME, REFERENCE_METADATA, REFERENCE_METADATA_NAME, REFERENCE_METADATA_TYPE)VALUES('22339356822e445f994517d60835dd48','MultiStateInd','FIELD','0b13c17b7dc845d58c128b12e7b058a8','WorkCompLossOrPriorPolicy_Type','4ffb0bcc3ec946d1af3ef883f4c3a4e6','Boolean','PRIMITIVE');
INSERT INTO PUBLIC.OBJECT_FIELD_METADATA (ID, NAME, METADATA_TYPE, PARENT_METADATA,PARENT_METADATA_NAME, REFERENCE_METADATA, REFERENCE_METADATA_NAME, REFERENCE_METADATA_TYPE)VALUES('da55bb3665fb480f8bddd13cbd84b517','NAICCd','FIELD','0b13c17b7dc845d58c128b12e7b058a8','WorkCompLossOrPriorPolicy_Type','6240ce877a244a73a1253961131c6cc9','IndustryCode_Type','PRIMITIVE');
INSERT INTO PUBLIC.OBJECT_FIELD_METADATA (ID, NAME, METADATA_TYPE, PARENT_METADATA,PARENT_METADATA_NAME, REFERENCE_METADATA, REFERENCE_METADATA_NAME, REFERENCE_METADATA_TYPE)VALUES('9185afec0440431fae0ee44977ae4935','WorkCompLossOrPriorPolicyExt','FIELD','0b13c17b7dc845d58c128b12e7b058a8','WorkCompLossOrPriorPolicy_Type',null,null,null);
INSERT INTO PUBLIC.OBJECT_FIELD_METADATA (ID, NAME, METADATA_TYPE, PARENT_METADATA,PARENT_METADATA_NAME, REFERENCE_METADATA, REFERENCE_METADATA_NAME, REFERENCE_METADATA_TYPE)VALUES('cafa0eee0f1d4f40950dcb365c242af5','PolicyNumber','FIELD','0b13c17b7dc845d58c128b12e7b058a8','WorkCompLossOrPriorPolicy_Type','3869bfeb4b5f47c0b4e159b3cfde6d71','C-25','PRIMITIVE');
INSERT INTO PUBLIC.OBJECT_FIELD_METADATA (ID, NAME, METADATA_TYPE, PARENT_METADATA,PARENT_METADATA_NAME, REFERENCE_METADATA, REFERENCE_METADATA_NAME, REFERENCE_METADATA_TYPE)VALUES('70be11e58f274ca2bc7298058f741ef4','NumClaimsPaid','FIELD','0b13c17b7dc845d58c128b12e7b058a8','WorkCompLossOrPriorPolicy_Type','838cab4e48a54d0bb23ca5ea9db454ab','Long','PRIMITIVE');
INSERT INTO PUBLIC.OBJECT_FIELD_METADATA (ID, NAME, METADATA_TYPE, PARENT_METADATA,PARENT_METADATA_NAME, REFERENCE_METADATA, REFERENCE_METADATA_NAME, REFERENCE_METADATA_TYPE)VALUES('d237ef78b41849f088d8bbc701c8bb10','TotalIncurredAmt','MODEL_RELATION','0b13c17b7dc845d58c128b12e7b058a8','WorkCompLossOrPriorPolicy_Type','4fa89203e94a4637baa0484d19b460c5','CURRENCY','OBJECT');
INSERT INTO PUBLIC.OBJECT_FIELD_METADATA (ID, NAME, METADATA_TYPE, PARENT_METADATA,PARENT_METADATA_NAME, REFERENCE_METADATA, REFERENCE_METADATA_NAME, REFERENCE_METADATA_TYPE)VALUES('699ef4c2a07e44668a0b46d48f53e33e','NumMedicalClaimsPaid','FIELD','0b13c17b7dc845d58c128b12e7b058a8','WorkCompLossOrPriorPolicy_Type','838cab4e48a54d0bb23ca5ea9db454ab','Long','PRIMITIVE');
INSERT INTO PUBLIC.OBJECT_FIELD_METADATA (ID, NAME, METADATA_TYPE, PARENT_METADATA,PARENT_METADATA_NAME, REFERENCE_METADATA, REFERENCE_METADATA_NAME, REFERENCE_METADATA_TYPE)VALUES('4a3ec0f7c6f946a2992a30686c36247a','GoverningClassCd','FIELD','0b13c17b7dc845d58c128b12e7b058a8','WorkCompLossOrPriorPolicy_Type','6240ce877a244a73a1253961131c6cc9','IndustryCode_Type','PRIMITIVE');
INSERT INTO PUBLIC.OBJECT_FIELD_METADATA (ID, NAME, METADATA_TYPE, PARENT_METADATA,PARENT_METADATA_NAME, REFERENCE_METADATA, REFERENCE_METADATA_NAME, REFERENCE_METADATA_TYPE)VALUES('b44b075351de4feca62092828f1e2a02','AnnualAmt','MODEL_RELATION','0b13c17b7dc845d58c128b12e7b058a8','WorkCompLossOrPriorPolicy_Type','4fa89203e94a4637baa0484d19b460c5','CURRENCY','OBJECT');
INSERT INTO PUBLIC.OBJECT_FIELD_METADATA (ID, NAME, METADATA_TYPE, PARENT_METADATA,PARENT_METADATA_NAME, REFERENCE_METADATA, REFERENCE_METADATA_NAME, REFERENCE_METADATA_TYPE)VALUES('6900135a4eae499892f515b99ec64c46','ClaimHistoryReportStatusCd','FIELD','0b13c17b7dc845d58c128b12e7b058a8','WorkCompLossOrPriorPolicy_Type','48e0474aa7824f32bb69d365def6ec5d','ClaimHistoryReportStatus','PRIMITIVE');
INSERT INTO PUBLIC.OBJECT_FIELD_METADATA (ID, NAME, METADATA_TYPE, PARENT_METADATA,PARENT_METADATA_NAME, REFERENCE_METADATA, REFERENCE_METADATA_NAME, REFERENCE_METADATA_TYPE)VALUES('abfb814a6db6405881515baddf17ea0e','ItemIdInfo','MODEL_RELATION','0b13c17b7dc845d58c128b12e7b058a8','WorkCompLossOrPriorPolicy_Type','ba3be0e0317741b08f872c1fca47ad8f','ItemIdInfo_Type','OBJECT');
INSERT INTO PUBLIC.OBJECT_FIELD_METADATA (ID, NAME, METADATA_TYPE, PARENT_METADATA,PARENT_METADATA_NAME, REFERENCE_METADATA, REFERENCE_METADATA_NAME, REFERENCE_METADATA_TYPE)VALUES('2584e30850e14dd38c69d31dd8cd1d0e','InsurerName','FIELD','0b13c17b7dc845d58c128b12e7b058a8','WorkCompLossOrPriorPolicy_Type','2344631100044813a5126adcfb93e80d','C-255','PRIMITIVE');
INSERT INTO PUBLIC.OBJECT_FIELD_METADATA (ID, NAME, METADATA_TYPE, PARENT_METADATA,PARENT_METADATA_NAME, REFERENCE_METADATA, REFERENCE_METADATA_NAME, REFERENCE_METADATA_TYPE)VALUES('60333c391eed43e98ba12f3d204166bc','ScheduledRateFactor','FIELD','0b13c17b7dc845d58c128b12e7b058a8','WorkCompLossOrPriorPolicy_Type','c896845db6f640c6bf65093333a64c69','Decimal','PRIMITIVE');
INSERT INTO PUBLIC.OBJECT_FIELD_METADATA (ID, NAME, METADATA_TYPE, PARENT_METADATA,PARENT_METADATA_NAME, REFERENCE_METADATA, REFERENCE_METADATA_NAME, REFERENCE_METADATA_TYPE)VALUES('72bb177762a24dfbb53ba1e9c8ce0436','ReserveTotalAmt','MODEL_RELATION','0b13c17b7dc845d58c128b12e7b058a8','WorkCompLossOrPriorPolicy_Type','4fa89203e94a4637baa0484d19b460c5','CURRENCY','OBJECT');
INSERT INTO PUBLIC.OBJECT_FIELD_METADATA (ID, NAME, METADATA_TYPE, PARENT_METADATA,PARENT_METADATA_NAME, REFERENCE_METADATA, REFERENCE_METADATA_NAME, REFERENCE_METADATA_TYPE)VALUES('bd6a33f2fe75469a98683c76ddd906b0','Link','MODEL_RELATION','0b13c17b7dc845d58c128b12e7b058a8','WorkCompLossOrPriorPolicy_Type','366dc9a89db94de3b92abf43ef1bf084','Link_Type','OBJECT');
INSERT INTO PUBLIC.OBJECT_FIELD_METADATA (ID, NAME, METADATA_TYPE, PARENT_METADATA,PARENT_METADATA_NAME, REFERENCE_METADATA, REFERENCE_METADATA_NAME, REFERENCE_METADATA_TYPE)VALUES('3447f11a73a0405aa08f696acb8d709e','WorkCompLossOrPriorPolicy','MODEL_RELATION','b8728702c3284dcf98d1bb9f43a317a8','WorkCompLineBusiness_Type','0b13c17b7dc845d58c128b12e7b058a8','WorkCompLossOrPriorPolicy_Type','OBJECT');
INSERT INTO PUBLIC.OBJECT_METADATA (ID, NAME, METADATA_TYPE, REFERENCE_METADATA, REFERENCE_METADATA_NAME) VALUES('5908659c8ea74ee7a2f9e7eb41c63f12','LaborContractor_Type','OBJECT',null,null);
INSERT INTO PUBLIC.OBJECT_FIELD_METADATA (ID, NAME, METADATA_TYPE, PARENT_METADATA,PARENT_METADATA_NAME, REFERENCE_METADATA, REFERENCE_METADATA_NAME, REFERENCE_METADATA_TYPE)VALUES('62cd8fc718d94fd98731f627a2d6f7df','OtherOrPriorPolicy','MODEL_RELATION','5908659c8ea74ee7a2f9e7eb41c63f12','LaborContractor_Type','1412eb5b8fd04500a7cedfa63ff25261','OtherOrPriorPolicy_Type','OBJECT');
INSERT INTO PUBLIC.OBJECT_FIELD_METADATA (ID, NAME, METADATA_TYPE, PARENT_METADATA,PARENT_METADATA_NAME, REFERENCE_METADATA, REFERENCE_METADATA_NAME, REFERENCE_METADATA_TYPE)VALUES('5b42ca4739b448299b3acd7addc85db8','LaborContractorExt','FIELD','5908659c8ea74ee7a2f9e7eb41c63f12','LaborContractor_Type',null,null,null);
INSERT INTO PUBLIC.OBJECT_FIELD_METADATA (ID, NAME, METADATA_TYPE, PARENT_METADATA,PARENT_METADATA_NAME, REFERENCE_METADATA, REFERENCE_METADATA_NAME, REFERENCE_METADATA_TYPE)VALUES('dd07d176613c491282857557373d9d99','WorkCompIndividuals','MODEL_RELATION','5908659c8ea74ee7a2f9e7eb41c63f12','LaborContractor_Type','bc5e3c57cd0b48f38090c73ceac96471','WorkCompIndividuals_Type','OBJECT');
INSERT INTO PUBLIC.OBJECT_FIELD_METADATA (ID, NAME, METADATA_TYPE, PARENT_METADATA,PARENT_METADATA_NAME, REFERENCE_METADATA, REFERENCE_METADATA_NAME, REFERENCE_METADATA_TYPE)VALUES('82c5fe1d1cfa496b8233ce05488e6666','MiscParty','MODEL_RELATION','5908659c8ea74ee7a2f9e7eb41c63f12','LaborContractor_Type','0a76585a8ae342d897387f29800d50c8','MiscParty_Type','OBJECT');
INSERT INTO PUBLIC.OBJECT_FIELD_METADATA (ID, NAME, METADATA_TYPE, PARENT_METADATA,PARENT_METADATA_NAME, REFERENCE_METADATA, REFERENCE_METADATA_NAME, REFERENCE_METADATA_TYPE)VALUES('7d60e56e70de4efbb0e36ad34777bd7f','QuestionAnswer','MODEL_RELATION','5908659c8ea74ee7a2f9e7eb41c63f12','LaborContractor_Type','152fefd4f3054b68b490c1af5c9c284c','QuestionAnswer_Type','OBJECT');
INSERT INTO PUBLIC.OBJECT_FIELD_METADATA (ID, NAME, METADATA_TYPE, PARENT_METADATA,PARENT_METADATA_NAME, REFERENCE_METADATA, REFERENCE_METADATA_NAME, REFERENCE_METADATA_TYPE)VALUES('43e749badc094422a1ae94b3b7ddf9d7','LaborContractor','MODEL_RELATION','b8728702c3284dcf98d1bb9f43a317a8','WorkCompLineBusiness_Type','5908659c8ea74ee7a2f9e7eb41c63f12','LaborContractor_Type','OBJECT');
INSERT INTO PUBLIC.OBJECT_FIELD_METADATA (ID, NAME, METADATA_TYPE, PARENT_METADATA,PARENT_METADATA_NAME, REFERENCE_METADATA, REFERENCE_METADATA_NAME, REFERENCE_METADATA_TYPE)VALUES('b9af811d62754b3a9bc6fd2c2195920d','AdditionalInterest','MODEL_RELATION','b8728702c3284dcf98d1bb9f43a317a8','WorkCompLineBusiness_Type','23a83d5912a54d0ca9b4669826684442','AdditionalInterest_Type','OBJECT');
INSERT INTO PUBLIC.OBJECT_FIELD_METADATA (ID, NAME, METADATA_TYPE, PARENT_METADATA,PARENT_METADATA_NAME, REFERENCE_METADATA, REFERENCE_METADATA_NAME, REFERENCE_METADATA_TYPE)VALUES('402bf665d83d41d493cbb10ed8366fa3','AuditInfo','MODEL_RELATION','b8728702c3284dcf98d1bb9f43a317a8','WorkCompLineBusiness_Type','cafd893cc1ec4101a8df78b1c1a8c82e','AuditInfo_Type','OBJECT');
INSERT INTO PUBLIC.OBJECT_FIELD_METADATA (ID, NAME, METADATA_TYPE, PARENT_METADATA,PARENT_METADATA_NAME, REFERENCE_METADATA, REFERENCE_METADATA_NAME, REFERENCE_METADATA_TYPE)VALUES('49231baad5494198ae4bb57bf3b24955','SubcontractedWorkPct','FIELD','b8728702c3284dcf98d1bb9f43a317a8','WorkCompLineBusiness_Type','42787ecf7ebe44bdb047ebe0f2268d21','PercentLong','PRIMITIVE');
INSERT INTO PUBLIC.OBJECT_FIELD_METADATA (ID, NAME, METADATA_TYPE, PARENT_METADATA,PARENT_METADATA_NAME, REFERENCE_METADATA, REFERENCE_METADATA_NAME, REFERENCE_METADATA_TYPE)VALUES('e89540d0d5be441eb290a21cee77d426','MinPremInd','FIELD','b8728702c3284dcf98d1bb9f43a317a8','WorkCompLineBusiness_Type','4ffb0bcc3ec946d1af3ef883f4c3a4e6','Boolean','PRIMITIVE');
INSERT INTO PUBLIC.OBJECT_FIELD_METADATA (ID, NAME, METADATA_TYPE, PARENT_METADATA,PARENT_METADATA_NAME, REFERENCE_METADATA, REFERENCE_METADATA_NAME, REFERENCE_METADATA_TYPE)VALUES('051a76c02326433aba3538f8d46ab45a','WorkCompLineBusinessExt','FIELD','b8728702c3284dcf98d1bb9f43a317a8','WorkCompLineBusiness_Type',null,null,null);
INSERT INTO PUBLIC.OBJECT_FIELD_METADATA (ID, NAME, METADATA_TYPE, PARENT_METADATA,PARENT_METADATA_NAME, REFERENCE_METADATA, REFERENCE_METADATA_NAME, REFERENCE_METADATA_TYPE)VALUES('bcc1b7fd97d84b4fa6206f199fcbbf37','NetChangeAmt','MODEL_RELATION','b8728702c3284dcf98d1bb9f43a317a8','WorkCompLineBusiness_Type','4fa89203e94a4637baa0484d19b460c5','CURRENCY','OBJECT');
INSERT INTO PUBLIC.OBJECT_METADATA (ID, NAME, METADATA_TYPE, REFERENCE_METADATA, REFERENCE_METADATA_NAME) VALUES('789cc1945148432bb9d4727d132194ed','WorkCompAssignedRisk_Type','OBJECT',null,null);
INSERT INTO PUBLIC.PRIMITIVE_METADATA (ID, NAME, METADATA_TYPE) VALUES('da48b04d241d42cbacc3be807686e5a7','IncludedParties','PRIMITIVE');
INSERT INTO PUBLIC.OBJECT_FIELD_METADATA (ID, NAME, METADATA_TYPE, PARENT_METADATA,PARENT_METADATA_NAME, REFERENCE_METADATA, REFERENCE_METADATA_NAME, REFERENCE_METADATA_TYPE)VALUES('45c8d6e106754d1babd49ce5b05cecfc','AdditionalIncludedPartiesCd','FIELD','789cc1945148432bb9d4727d132194ed','WorkCompAssignedRisk_Type','da48b04d241d42cbacc3be807686e5a7','IncludedParties','PRIMITIVE');
INSERT INTO PUBLIC.OBJECT_FIELD_METADATA (ID, NAME, METADATA_TYPE, PARENT_METADATA,PARENT_METADATA_NAME, REFERENCE_METADATA, REFERENCE_METADATA_NAME, REFERENCE_METADATA_TYPE)VALUES('6a6500b234954fbb8d84d58c1c919653','NumInsurersDeclined','FIELD','789cc1945148432bb9d4727d132194ed','WorkCompAssignedRisk_Type','838cab4e48a54d0bb23ca5ea9db454ab','Long','PRIMITIVE');
INSERT INTO PUBLIC.OBJECT_FIELD_METADATA (ID, NAME, METADATA_TYPE, PARENT_METADATA,PARENT_METADATA_NAME, REFERENCE_METADATA, REFERENCE_METADATA_NAME, REFERENCE_METADATA_TYPE)VALUES('b8fdfd635bdd40538cf13937fb196d8e','HighestPayrollDevelopingStateProvCd','FIELD','789cc1945148432bb9d4727d132194ed','WorkCompAssignedRisk_Type','6240ce877a244a73a1253961131c6cc9','IndustryCode_Type','PRIMITIVE');
INSERT INTO PUBLIC.OBJECT_FIELD_METADATA (ID, NAME, METADATA_TYPE, PARENT_METADATA,PARENT_METADATA_NAME, REFERENCE_METADATA, REFERENCE_METADATA_NAME, REFERENCE_METADATA_TYPE)VALUES('17107edbd67846c2b567a5aff4c45e72','WorkCompAssignedRiskExt','FIELD','789cc1945148432bb9d4727d132194ed','WorkCompAssignedRisk_Type',null,null,null);
INSERT INTO PUBLIC.OBJECT_FIELD_METADATA (ID, NAME, METADATA_TYPE, PARENT_METADATA,PARENT_METADATA_NAME, REFERENCE_METADATA, REFERENCE_METADATA_NAME, REFERENCE_METADATA_TYPE)VALUES('558d701cbab64aa6a353504b27292f6e','RiskIncludesNonNCCIStatesInd','FIELD','789cc1945148432bb9d4727d132194ed','WorkCompAssignedRisk_Type','4ffb0bcc3ec946d1af3ef883f4c3a4e6','Boolean','PRIMITIVE');
INSERT INTO PUBLIC.OBJECT_FIELD_METADATA (ID, NAME, METADATA_TYPE, PARENT_METADATA,PARENT_METADATA_NAME, REFERENCE_METADATA, REFERENCE_METADATA_NAME, REFERENCE_METADATA_TYPE)VALUES('e47e3eb0e5ea4ccd81e13661fafd7e7d','HauledRadius','MODEL_RELATION','789cc1945148432bb9d4727d132194ed','WorkCompAssignedRisk_Type','1df1057b06734b019460d9f8fb0a43b0','MEASUREMENT','OBJECT');
INSERT INTO PUBLIC.OBJECT_FIELD_METADATA (ID, NAME, METADATA_TYPE, PARENT_METADATA,PARENT_METADATA_NAME, REFERENCE_METADATA, REFERENCE_METADATA_NAME, REFERENCE_METADATA_TYPE)VALUES('3fc80222c6184492bf380beb752fdb5e','ApplicantsStatementDesc','FIELD','789cc1945148432bb9d4727d132194ed','WorkCompAssignedRisk_Type','395c33ebbd5b40f0aee8a4f93dbedf31','C-Infinite','PRIMITIVE');
INSERT INTO PUBLIC.OBJECT_METADATA (ID, NAME, METADATA_TYPE, REFERENCE_METADATA, REFERENCE_METADATA_NAME) VALUES('f27f538ef1c1444e94b5edd26f41d704','BaseTerminal_Type','OBJECT',null,null);
INSERT INTO PUBLIC.OBJECT_FIELD_METADATA (ID, NAME, METADATA_TYPE, PARENT_METADATA,PARENT_METADATA_NAME, REFERENCE_METADATA, REFERENCE_METADATA_NAME, REFERENCE_METADATA_TYPE)VALUES('c34f2e53bbdc45b9a9a703300b9cdb34','BaseTerminalExt','FIELD','f27f538ef1c1444e94b5edd26f41d704','BaseTerminal_Type',null,null,null);
INSERT INTO PUBLIC.OBJECT_FIELD_METADATA (ID, NAME, METADATA_TYPE, PARENT_METADATA,PARENT_METADATA_NAME, REFERENCE_METADATA, REFERENCE_METADATA_NAME, REFERENCE_METADATA_TYPE)VALUES('5b02b65ce198433f88d52f1503a19c96','ItemIdInfo','MODEL_RELATION','f27f538ef1c1444e94b5edd26f41d704','BaseTerminal_Type','ba3be0e0317741b08f872c1fca47ad8f','ItemIdInfo_Type','OBJECT');
INSERT INTO PUBLIC.OBJECT_FIELD_METADATA (ID, NAME, METADATA_TYPE, PARENT_METADATA,PARENT_METADATA_NAME, REFERENCE_METADATA, REFERENCE_METADATA_NAME, REFERENCE_METADATA_TYPE)VALUES('527b58cec76b43f392ffcf2c187c786b','Link','MODEL_RELATION','f27f538ef1c1444e94b5edd26f41d704','BaseTerminal_Type','366dc9a89db94de3b92abf43ef1bf084','Link_Type','OBJECT');
INSERT INTO PUBLIC.OBJECT_FIELD_METADATA (ID, NAME, METADATA_TYPE, PARENT_METADATA,PARENT_METADATA_NAME, REFERENCE_METADATA, REFERENCE_METADATA_NAME, REFERENCE_METADATA_TYPE)VALUES('66c1a5aac69740b6aacc5163250674f5','Addr','MODEL_RELATION','f27f538ef1c1444e94b5edd26f41d704','BaseTerminal_Type','759d14d8f09b4177b35c09e2f3403b97','Addr_Type','OBJECT');
INSERT INTO PUBLIC.OBJECT_FIELD_METADATA (ID, NAME, METADATA_TYPE, PARENT_METADATA,PARENT_METADATA_NAME, REFERENCE_METADATA, REFERENCE_METADATA_NAME, REFERENCE_METADATA_TYPE)VALUES('9b13daf054a04da28eb0c6e248ca87b9','BaseTerminal','MODEL_RELATION','789cc1945148432bb9d4727d132194ed','WorkCompAssignedRisk_Type','f27f538ef1c1444e94b5edd26f41d704','BaseTerminal_Type','OBJECT');
INSERT INTO PUBLIC.OBJECT_FIELD_METADATA (ID, NAME, METADATA_TYPE, PARENT_METADATA,PARENT_METADATA_NAME, REFERENCE_METADATA, REFERENCE_METADATA_NAME, REFERENCE_METADATA_TYPE)VALUES('695f88b4bc4f482196e72494b62e111e','PropertyHauledDesc','FIELD','789cc1945148432bb9d4727d132194ed','WorkCompAssignedRisk_Type','2344631100044813a5126adcfb93e80d','C-255','PRIMITIVE');
INSERT INTO PUBLIC.PRIMITIVE_METADATA (ID, NAME, METADATA_TYPE) VALUES('ecb33e4106684ee9a14503ac8f953a3e','PreviousWCCoverageSource','PRIMITIVE');
INSERT INTO PUBLIC.OBJECT_FIELD_METADATA (ID, NAME, METADATA_TYPE, PARENT_METADATA,PARENT_METADATA_NAME, REFERENCE_METADATA, REFERENCE_METADATA_NAME, REFERENCE_METADATA_TYPE)VALUES('ad72400944ac4a68b239a30fe865c93a','PreviousCoverageCd','FIELD','789cc1945148432bb9d4727d132194ed','WorkCompAssignedRisk_Type','ecb33e4106684ee9a14503ac8f953a3e','PreviousWCCoverageSource','PRIMITIVE');
INSERT INTO PUBLIC.OBJECT_METADATA (ID, NAME, METADATA_TYPE, REFERENCE_METADATA, REFERENCE_METADATA_NAME) VALUES('9ac181396c3c48238a84b881423fc7d8','BaseTerminalDriver_Type','OBJECT',null,null);
INSERT INTO PUBLIC.OBJECT_FIELD_METADATA (ID, NAME, METADATA_TYPE, PARENT_METADATA,PARENT_METADATA_NAME, REFERENCE_METADATA, REFERENCE_METADATA_NAME, REFERENCE_METADATA_TYPE)VALUES('11ccdfea831f47a69b34c3e9a19692a8','CommlDriver','MODEL_RELATION','9ac181396c3c48238a84b881423fc7d8','BaseTerminalDriver_Type','a642f88f7cbb45dcb8077b7cc5d6dc67','Driver_Type','OBJECT');
INSERT INTO PUBLIC.OBJECT_FIELD_METADATA (ID, NAME, METADATA_TYPE, PARENT_METADATA,PARENT_METADATA_NAME, REFERENCE_METADATA, REFERENCE_METADATA_NAME, REFERENCE_METADATA_TYPE)VALUES('4db12d98715547a999f7d3ca321a96d5','ResidenceStateProvCd','FIELD','9ac181396c3c48238a84b881423fc7d8','BaseTerminalDriver_Type','6240ce877a244a73a1253961131c6cc9','IndustryCode_Type','PRIMITIVE');
INSERT INTO PUBLIC.OBJECT_FIELD_METADATA (ID, NAME, METADATA_TYPE, PARENT_METADATA,PARENT_METADATA_NAME, REFERENCE_METADATA, REFERENCE_METADATA_NAME, REFERENCE_METADATA_TYPE)VALUES('1a78787bd05c47ea87771f9654493a10','MajorityDrivingStateProvCd','FIELD','9ac181396c3c48238a84b881423fc7d8','BaseTerminalDriver_Type','6240ce877a244a73a1253961131c6cc9','IndustryCode_Type','PRIMITIVE');
INSERT INTO PUBLIC.OBJECT_FIELD_METADATA (ID, NAME, METADATA_TYPE, PARENT_METADATA,PARENT_METADATA_NAME, REFERENCE_METADATA, REFERENCE_METADATA_NAME, REFERENCE_METADATA_TYPE)VALUES('01f0e779f4d4488fa0332b45935cef7d','BaseTerminalDriverExt','FIELD','9ac181396c3c48238a84b881423fc7d8','BaseTerminalDriver_Type',null,null,null);
INSERT INTO PUBLIC.OBJECT_FIELD_METADATA (ID, NAME, METADATA_TYPE, PARENT_METADATA,PARENT_METADATA_NAME, REFERENCE_METADATA, REFERENCE_METADATA_NAME, REFERENCE_METADATA_TYPE)VALUES('dd7978c829e548599e39859cbbd51edd','Driver','MODEL_RELATION','9ac181396c3c48238a84b881423fc7d8','BaseTerminalDriver_Type','a642f88f7cbb45dcb8077b7cc5d6dc67','Driver_Type','OBJECT');
INSERT INTO PUBLIC.OBJECT_FIELD_METADATA (ID, NAME, METADATA_TYPE, PARENT_METADATA,PARENT_METADATA_NAME, REFERENCE_METADATA, REFERENCE_METADATA_NAME, REFERENCE_METADATA_TYPE)VALUES('848300ae73574b8c9804e4f8c0330ba8','TerminalNumber','FIELD','9ac181396c3c48238a84b881423fc7d8','BaseTerminalDriver_Type','3da4bbbc6bf44d5f941e647b8e8408dc','AssignedIdentifier','PRIMITIVE');
INSERT INTO PUBLIC.OBJECT_FIELD_METADATA (ID, NAME, METADATA_TYPE, PARENT_METADATA,PARENT_METADATA_NAME, REFERENCE_METADATA, REFERENCE_METADATA_NAME, REFERENCE_METADATA_TYPE)VALUES('57e13fbde3b64893af3e4a4893a0e566','BaseTerminalDriver','MODEL_RELATION','789cc1945148432bb9d4727d132194ed','WorkCompAssignedRisk_Type','9ac181396c3c48238a84b881423fc7d8','BaseTerminalDriver_Type','OBJECT');
INSERT INTO PUBLIC.OBJECT_METADATA (ID, NAME, METADATA_TYPE, REFERENCE_METADATA, REFERENCE_METADATA_NAME) VALUES('92dcea80960b4acdae4e819a0f3cb98c','RefusalInfo_Type','OBJECT',null,null);
INSERT INTO PUBLIC.OBJECT_FIELD_METADATA (ID, NAME, METADATA_TYPE, PARENT_METADATA,PARENT_METADATA_NAME, REFERENCE_METADATA, REFERENCE_METADATA_NAME, REFERENCE_METADATA_TYPE)VALUES('30e3bf996d394347893a4ee9922bcdaf','RefusalInfoExt','FIELD','92dcea80960b4acdae4e819a0f3cb98c','RefusalInfo_Type',null,null,null);
INSERT INTO PUBLIC.OBJECT_FIELD_METADATA (ID, NAME, METADATA_TYPE, PARENT_METADATA,PARENT_METADATA_NAME, REFERENCE_METADATA, REFERENCE_METADATA_NAME, REFERENCE_METADATA_TYPE)VALUES('635ebfefd7da47daa8cbb07af6bcd870','MiscParty','MODEL_RELATION','92dcea80960b4acdae4e819a0f3cb98c','RefusalInfo_Type','0a76585a8ae342d897387f29800d50c8','MiscParty_Type','OBJECT');
INSERT INTO PUBLIC.OBJECT_FIELD_METADATA (ID, NAME, METADATA_TYPE, PARENT_METADATA,PARENT_METADATA_NAME, REFERENCE_METADATA, REFERENCE_METADATA_NAME, REFERENCE_METADATA_TYPE)VALUES('1bf4d739ba8442909646963a6176fcd9','RefusalDt','FIELD','92dcea80960b4acdae4e819a0f3cb98c','RefusalInfo_Type','3b0a2ca6cf3a4fb19718e35aa60287cd','Date','PRIMITIVE');
INSERT INTO PUBLIC.OBJECT_FIELD_METADATA (ID, NAME, METADATA_TYPE, PARENT_METADATA,PARENT_METADATA_NAME, REFERENCE_METADATA, REFERENCE_METADATA_NAME, REFERENCE_METADATA_TYPE)VALUES('ee93a9b70a5947bf8456257d55e9f6af','RefusalInfo','MODEL_RELATION','789cc1945148432bb9d4727d132194ed','WorkCompAssignedRisk_Type','92dcea80960b4acdae4e819a0f3cb98c','RefusalInfo_Type','OBJECT');
INSERT INTO PUBLIC.OBJECT_FIELD_METADATA (ID, NAME, METADATA_TYPE, PARENT_METADATA,PARENT_METADATA_NAME, REFERENCE_METADATA, REFERENCE_METADATA_NAME, REFERENCE_METADATA_TYPE)VALUES('0c724da1ae574c8c851a5a6c4489ee9d','RemunerationDesc','FIELD','789cc1945148432bb9d4727d132194ed','WorkCompAssignedRisk_Type','395c33ebbd5b40f0aee8a4f93dbedf31','C-Infinite','PRIMITIVE');
INSERT INTO PUBLIC.OBJECT_FIELD_METADATA (ID, NAME, METADATA_TYPE, PARENT_METADATA,PARENT_METADATA_NAME, REFERENCE_METADATA, REFERENCE_METADATA_NAME, REFERENCE_METADATA_TYPE)VALUES('4ba6774f1d804961a261635e30d71caf','WorkCompAssignedRisk','MODEL_RELATION','b8728702c3284dcf98d1bb9f43a317a8','WorkCompLineBusiness_Type','789cc1945148432bb9d4727d132194ed','WorkCompAssignedRisk_Type','OBJECT');
INSERT INTO PUBLIC.OBJECT_FIELD_METADATA (ID, NAME, METADATA_TYPE, PARENT_METADATA,PARENT_METADATA_NAME, REFERENCE_METADATA, REFERENCE_METADATA_NAME, REFERENCE_METADATA_TYPE)VALUES('17d48a1f3d1c49f4ba60e613d478e707','Coverage','MODEL_RELATION','b8728702c3284dcf98d1bb9f43a317a8','WorkCompLineBusiness_Type','d0675b4bbe674c1fa08297c27c3cb675','Coverage_Type','OBJECT');
INSERT INTO PUBLIC.OBJECT_FIELD_METADATA (ID, NAME, METADATA_TYPE, PARENT_METADATA,PARENT_METADATA_NAME, REFERENCE_METADATA, REFERENCE_METADATA_NAME, REFERENCE_METADATA_TYPE)VALUES('d945d9d5de1140ecbed1b181cd937e40','PMACd','FIELD','b8728702c3284dcf98d1bb9f43a317a8','WorkCompLineBusiness_Type','6240ce877a244a73a1253961131c6cc9','IndustryCode_Type','PRIMITIVE');
INSERT INTO PUBLIC.OBJECT_FIELD_METADATA (ID, NAME, METADATA_TYPE, PARENT_METADATA,PARENT_METADATA_NAME, REFERENCE_METADATA, REFERENCE_METADATA_NAME, REFERENCE_METADATA_TYPE)VALUES('f3886dfbf9c94b988e3ecb08d3e2a73f','LOBSubCd','FIELD','b8728702c3284dcf98d1bb9f43a317a8','WorkCompLineBusiness_Type','8376159ebcf44685b36391928a67e333','LineOfBusinessSubCode','PRIMITIVE');
INSERT INTO PUBLIC.OBJECT_FIELD_METADATA (ID, NAME, METADATA_TYPE, PARENT_METADATA,PARENT_METADATA_NAME, REFERENCE_METADATA, REFERENCE_METADATA_NAME, REFERENCE_METADATA_TYPE)VALUES('009ede6474564c14aa8e809afcac31a6','GroupId','FIELD','b8728702c3284dcf98d1bb9f43a317a8','WorkCompLineBusiness_Type','3da4bbbc6bf44d5f941e647b8e8408dc','AssignedIdentifier','PRIMITIVE');
INSERT INTO PUBLIC.OBJECT_FIELD_METADATA (ID, NAME, METADATA_TYPE, PARENT_METADATA,PARENT_METADATA_NAME, REFERENCE_METADATA, REFERENCE_METADATA_NAME, REFERENCE_METADATA_TYPE)VALUES('d9f4d6b86e354261ae1f41ccbff4fc2c','CommlCoverage','MODEL_RELATION','b8728702c3284dcf98d1bb9f43a317a8','WorkCompLineBusiness_Type','d0675b4bbe674c1fa08297c27c3cb675','Coverage_Type','OBJECT');
INSERT INTO PUBLIC.OBJECT_FIELD_METADATA (ID, NAME, METADATA_TYPE, PARENT_METADATA,PARENT_METADATA_NAME, REFERENCE_METADATA, REFERENCE_METADATA_NAME, REFERENCE_METADATA_TYPE)VALUES('ac1fd28045c947beb1790ab5c15e8322','LOBCd','FIELD','b8728702c3284dcf98d1bb9f43a317a8','WorkCompLineBusiness_Type','3b75decf3cfc42c496d4405220659cf0','LineOfBusiness','PRIMITIVE');
INSERT INTO PUBLIC.OBJECT_FIELD_METADATA (ID, NAME, METADATA_TYPE, PARENT_METADATA,PARENT_METADATA_NAME, REFERENCE_METADATA, REFERENCE_METADATA_NAME, REFERENCE_METADATA_TYPE)VALUES('6ef5b445a57347cfb8ae26e24ae1b9d7','SponsorUnderwritingInfo','MODEL_RELATION','b8728702c3284dcf98d1bb9f43a317a8','WorkCompLineBusiness_Type','4b6a5af8063d4d9ab061d8d564262fcd','SponsorUnderwritingInfo_Type','OBJECT');
INSERT INTO PUBLIC.OBJECT_FIELD_METADATA (ID, NAME, METADATA_TYPE, PARENT_METADATA,PARENT_METADATA_NAME, REFERENCE_METADATA, REFERENCE_METADATA_NAME, REFERENCE_METADATA_TYPE)VALUES('7dc335d8fad84772912aed9a3604b983','RateEffectiveDt','FIELD','b8728702c3284dcf98d1bb9f43a317a8','WorkCompLineBusiness_Type','3b0a2ca6cf3a4fb19718e35aa60287cd','Date','PRIMITIVE');
INSERT INTO PUBLIC.OBJECT_METADATA (ID, NAME, METADATA_TYPE, REFERENCE_METADATA, REFERENCE_METADATA_NAME) VALUES('6c52da83aa5445c2bd907aad396d6a2f','WorkCompRateState_Type','OBJECT',null,null);
INSERT INTO PUBLIC.OBJECT_FIELD_METADATA (ID, NAME, METADATA_TYPE, PARENT_METADATA,PARENT_METADATA_NAME, REFERENCE_METADATA, REFERENCE_METADATA_NAME, REFERENCE_METADATA_TYPE)VALUES('1223d121934f4aa48a2b7ae08a31f5b1','RiskId','FIELD','6c52da83aa5445c2bd907aad396d6a2f','WorkCompRateState_Type','3da4bbbc6bf44d5f941e647b8e8408dc','AssignedIdentifier','PRIMITIVE');
INSERT INTO PUBLIC.OBJECT_METADATA (ID, NAME, METADATA_TYPE, REFERENCE_METADATA, REFERENCE_METADATA_NAME) VALUES('4853d03162724e7abdbbe8c8193d771d','WorkCompLocInfo_Type','OBJECT',null,null);
INSERT INTO PUBLIC.OBJECT_FIELD_METADATA (ID, NAME, METADATA_TYPE, PARENT_METADATA,PARENT_METADATA_NAME, REFERENCE_METADATA, REFERENCE_METADATA_NAME, REFERENCE_METADATA_TYPE)VALUES('d893d241e3654bd7bbc5fe262caa8333','NAICSCd','FIELD','4853d03162724e7abdbbe8c8193d771d','WorkCompLocInfo_Type','6240ce877a244a73a1253961131c6cc9','IndustryCode_Type','PRIMITIVE');
INSERT INTO PUBLIC.OBJECT_FIELD_METADATA (ID, NAME, METADATA_TYPE, PARENT_METADATA,PARENT_METADATA_NAME, REFERENCE_METADATA, REFERENCE_METADATA_NAME, REFERENCE_METADATA_TYPE)VALUES('052abc6dffa54108bc7136757ded8c24','NumShiftEmployees','FIELD','4853d03162724e7abdbbe8c8193d771d','WorkCompLocInfo_Type','838cab4e48a54d0bb23ca5ea9db454ab','Long','PRIMITIVE');
INSERT INTO PUBLIC.OBJECT_FIELD_METADATA (ID, NAME, METADATA_TYPE, PARENT_METADATA,PARENT_METADATA_NAME, REFERENCE_METADATA, REFERENCE_METADATA_NAME, REFERENCE_METADATA_TYPE)VALUES('5b40476afae04ce591b31446e23726de','NumEmployees','FIELD','4853d03162724e7abdbbe8c8193d771d','WorkCompLocInfo_Type','838cab4e48a54d0bb23ca5ea9db454ab','Long','PRIMITIVE');
INSERT INTO PUBLIC.OBJECT_METADATA (ID, NAME, METADATA_TYPE, REFERENCE_METADATA, REFERENCE_METADATA_NAME) VALUES('d11a4697de1f4aaa93873df4be425820','WorkCompRateClass_Type','OBJECT',null,null);
INSERT INTO PUBLIC.OBJECT_FIELD_METADATA (ID, NAME, METADATA_TYPE, PARENT_METADATA,PARENT_METADATA_NAME, REFERENCE_METADATA, REFERENCE_METADATA_NAME, REFERENCE_METADATA_TYPE)VALUES('8af784918e7c46a5b4a466fdb771a60c','WrittenAmt','MODEL_RELATION','d11a4697de1f4aaa93873df4be425820','WorkCompRateClass_Type','4fa89203e94a4637baa0484d19b460c5','CURRENCY','OBJECT');
INSERT INTO PUBLIC.OBJECT_FIELD_METADATA (ID, NAME, METADATA_TYPE, PARENT_METADATA,PARENT_METADATA_NAME, REFERENCE_METADATA, REFERENCE_METADATA_NAME, REFERENCE_METADATA_TYPE)VALUES('72889195409b48bf9bd8b68d222f3917','PremiumBasisCd','FIELD','d11a4697de1f4aaa93873df4be425820','WorkCompRateClass_Type','5dfb62cbf01e431c9467afdd15995ec9','PremiumBase','PRIMITIVE');
INSERT INTO PUBLIC.OBJECT_FIELD_METADATA (ID, NAME, METADATA_TYPE, PARENT_METADATA,PARENT_METADATA_NAME, REFERENCE_METADATA, REFERENCE_METADATA_NAME, REFERENCE_METADATA_TYPE)VALUES('d3d2805d8f524b658a71cf38d4d85a96','Rate','FIELD','d11a4697de1f4aaa93873df4be425820','WorkCompRateClass_Type','c896845db6f640c6bf65093333a64c69','Decimal','PRIMITIVE');
INSERT INTO PUBLIC.OBJECT_FIELD_METADATA (ID, NAME, METADATA_TYPE, PARENT_METADATA,PARENT_METADATA_NAME, REFERENCE_METADATA, REFERENCE_METADATA_NAME, REFERENCE_METADATA_TYPE)VALUES('68474459b437403480dc03eee2e3a9d4','NumEmployees','FIELD','d11a4697de1f4aaa93873df4be425820','WorkCompRateClass_Type','838cab4e48a54d0bb23ca5ea9db454ab','Long','PRIMITIVE');
INSERT INTO PUBLIC.OBJECT_FIELD_METADATA (ID, NAME, METADATA_TYPE, PARENT_METADATA,PARENT_METADATA_NAME, REFERENCE_METADATA, REFERENCE_METADATA_NAME, REFERENCE_METADATA_TYPE)VALUES('309f7f23325d46b0ab238209e3d38ca0','ExposureInfo','MODEL_RELATION','d11a4697de1f4aaa93873df4be425820','WorkCompRateClass_Type','d2af9d5366414e609acfaad3e91bda61','ExposureInfo_Type','OBJECT');
INSERT INTO PUBLIC.OBJECT_FIELD_METADATA (ID, NAME, METADATA_TYPE, PARENT_METADATA,PARENT_METADATA_NAME, REFERENCE_METADATA, REFERENCE_METADATA_NAME, REFERENCE_METADATA_TYPE)VALUES('6f2ec8b49fd24404b88c043fcc8c97ba','RatingClassificationDesc','FIELD','d11a4697de1f4aaa93873df4be425820','WorkCompRateClass_Type','2344631100044813a5126adcfb93e80d','C-255','PRIMITIVE');
INSERT INTO PUBLIC.OBJECT_FIELD_METADATA (ID, NAME, METADATA_TYPE, PARENT_METADATA,PARENT_METADATA_NAME, REFERENCE_METADATA, REFERENCE_METADATA_NAME, REFERENCE_METADATA_TYPE)VALUES('77f8a8c7cf004e6b9bedf3273d178414','RatingClassificationDescCd','FIELD','d11a4697de1f4aaa93873df4be425820','WorkCompRateClass_Type','6240ce877a244a73a1253961131c6cc9','IndustryCode_Type','PRIMITIVE');
INSERT INTO PUBLIC.OBJECT_FIELD_METADATA (ID, NAME, METADATA_TYPE, PARENT_METADATA,PARENT_METADATA_NAME, REFERENCE_METADATA, REFERENCE_METADATA_NAME, REFERENCE_METADATA_TYPE)VALUES('87ecb720c782432581762725a3213cf2','ActualRemunerationAmt','MODEL_RELATION','d11a4697de1f4aaa93873df4be425820','WorkCompRateClass_Type','4fa89203e94a4637baa0484d19b460c5','CURRENCY','OBJECT');
INSERT INTO PUBLIC.OBJECT_FIELD_METADATA (ID, NAME, METADATA_TYPE, PARENT_METADATA,PARENT_METADATA_NAME, REFERENCE_METADATA, REFERENCE_METADATA_NAME, REFERENCE_METADATA_TYPE)VALUES('d589160044a94a0ab21fb16d32cb5822','Exposure','FIELD','d11a4697de1f4aaa93873df4be425820','WorkCompRateClass_Type','c896845db6f640c6bf65093333a64c69','Decimal','PRIMITIVE');
INSERT INTO PUBLIC.OBJECT_FIELD_METADATA (ID, NAME, METADATA_TYPE, PARENT_METADATA,PARENT_METADATA_NAME, REFERENCE_METADATA, REFERENCE_METADATA_NAME, REFERENCE_METADATA_TYPE)VALUES('1405e2ed28664c27bf099593f05ee722','Coverage','MODEL_RELATION','d11a4697de1f4aaa93873df4be425820','WorkCompRateClass_Type','d0675b4bbe674c1fa08297c27c3cb675','Coverage_Type','OBJECT');
INSERT INTO PUBLIC.OBJECT_FIELD_METADATA (ID, NAME, METADATA_TYPE, PARENT_METADATA,PARENT_METADATA_NAME, REFERENCE_METADATA, REFERENCE_METADATA_NAME, REFERENCE_METADATA_TYPE)VALUES('c914e75030754491a098035744aad58b','CurrentTermAmt','MODEL_RELATION','d11a4697de1f4aaa93873df4be425820','WorkCompRateClass_Type','4fa89203e94a4637baa0484d19b460c5','CURRENCY','OBJECT');
INSERT INTO PUBLIC.OBJECT_FIELD_METADATA (ID, NAME, METADATA_TYPE, PARENT_METADATA,PARENT_METADATA_NAME, REFERENCE_METADATA, REFERENCE_METADATA_NAME, REFERENCE_METADATA_TYPE)VALUES('528110511592401cbe5d7d256ae1510d','CommlCoverage','MODEL_RELATION','d11a4697de1f4aaa93873df4be425820','WorkCompRateClass_Type','d0675b4bbe674c1fa08297c27c3cb675','Coverage_Type','OBJECT');
INSERT INTO PUBLIC.OBJECT_FIELD_METADATA (ID, NAME, METADATA_TYPE, PARENT_METADATA,PARENT_METADATA_NAME, REFERENCE_METADATA, REFERENCE_METADATA_NAME, REFERENCE_METADATA_TYPE)VALUES('d2ca11ba49544d2b92589b862dbce633','CoverageAvailable','MODEL_RELATION','d11a4697de1f4aaa93873df4be425820','WorkCompRateClass_Type','d0675b4bbe674c1fa08297c27c3cb675','Coverage_Type','OBJECT');
INSERT INTO PUBLIC.OBJECT_FIELD_METADATA (ID, NAME, METADATA_TYPE, PARENT_METADATA,PARENT_METADATA_NAME, REFERENCE_METADATA, REFERENCE_METADATA_NAME, REFERENCE_METADATA_TYPE)VALUES('c725c9a54adb408bacedcd5e1c0134d5','CreditOrSurcharge','MODEL_RELATION','d11a4697de1f4aaa93873df4be425820','WorkCompRateClass_Type','ac7618a3e7974e27b3a4f0a5f2a22a98','PCCREDITSURCHARGE','OBJECT');
INSERT INTO PUBLIC.OBJECT_FIELD_METADATA (ID, NAME, METADATA_TYPE, PARENT_METADATA,PARENT_METADATA_NAME, REFERENCE_METADATA, REFERENCE_METADATA_NAME, REFERENCE_METADATA_TYPE)VALUES('0405b7d0476b4320b8f186dda9ba2a19','NumEmployeesFullTime','FIELD','d11a4697de1f4aaa93873df4be425820','WorkCompRateClass_Type','838cab4e48a54d0bb23ca5ea9db454ab','Long','PRIMITIVE');
INSERT INTO PUBLIC.OBJECT_FIELD_METADATA (ID, NAME, METADATA_TYPE, PARENT_METADATA,PARENT_METADATA_NAME, REFERENCE_METADATA, REFERENCE_METADATA_NAME, REFERENCE_METADATA_TYPE)VALUES('08c38df5d04d4724922a66649b6e135a','ExposurePeriod','MODEL_RELATION','d11a4697de1f4aaa93873df4be425820','WorkCompRateClass_Type','2ba28904532b44bfb94bb9bca9b86a8a','DURATION','OBJECT');
INSERT INTO PUBLIC.OBJECT_FIELD_METADATA (ID, NAME, METADATA_TYPE, PARENT_METADATA,PARENT_METADATA_NAME, REFERENCE_METADATA, REFERENCE_METADATA_NAME, REFERENCE_METADATA_TYPE)VALUES('e3054c8603ff4946bfa44334a818f00d','WorkCompRateClassExt','FIELD','d11a4697de1f4aaa93873df4be425820','WorkCompRateClass_Type',null,null,null);
INSERT INTO PUBLIC.OBJECT_FIELD_METADATA (ID, NAME, METADATA_TYPE, PARENT_METADATA,PARENT_METADATA_NAME, REFERENCE_METADATA, REFERENCE_METADATA_NAME, REFERENCE_METADATA_TYPE)VALUES('9289640233654e8e847ce72dd03df68c','NumEmployeesPartTime','FIELD','d11a4697de1f4aaa93873df4be425820','WorkCompRateClass_Type','838cab4e48a54d0bb23ca5ea9db454ab','Long','PRIMITIVE');
INSERT INTO PUBLIC.OBJECT_FIELD_METADATA (ID, NAME, METADATA_TYPE, PARENT_METADATA,PARENT_METADATA_NAME, REFERENCE_METADATA, REFERENCE_METADATA_NAME, REFERENCE_METADATA_TYPE)VALUES('db846d4cf63d4093a0e7847d29969d28','ItemIdInfo','MODEL_RELATION','d11a4697de1f4aaa93873df4be425820','WorkCompRateClass_Type','ba3be0e0317741b08f872c1fca47ad8f','ItemIdInfo_Type','OBJECT');
INSERT INTO PUBLIC.OBJECT_FIELD_METADATA (ID, NAME, METADATA_TYPE, PARENT_METADATA,PARENT_METADATA_NAME, REFERENCE_METADATA, REFERENCE_METADATA_NAME, REFERENCE_METADATA_TYPE)VALUES('bd5fa61ed3fe4953bc64c69b8b1b2a03','IfAnyRatingBasisInd','FIELD','d11a4697de1f4aaa93873df4be425820','WorkCompRateClass_Type','4ffb0bcc3ec946d1af3ef883f4c3a4e6','Boolean','PRIMITIVE');
INSERT INTO PUBLIC.OBJECT_FIELD_METADATA (ID, NAME, METADATA_TYPE, PARENT_METADATA,PARENT_METADATA_NAME, REFERENCE_METADATA, REFERENCE_METADATA_NAME, REFERENCE_METADATA_TYPE)VALUES('5ea019fc09454c81b0a98c3216f0ef2f','Link','MODEL_RELATION','d11a4697de1f4aaa93873df4be425820','WorkCompRateClass_Type','366dc9a89db94de3b92abf43ef1bf084','Link_Type','OBJECT');
INSERT INTO PUBLIC.OBJECT_FIELD_METADATA (ID, NAME, METADATA_TYPE, PARENT_METADATA,PARENT_METADATA_NAME, REFERENCE_METADATA, REFERENCE_METADATA_NAME, REFERENCE_METADATA_TYPE)VALUES('451f6983520d4f5d9eef2ddda5d5a961','RatingClassificationCd','FIELD','d11a4697de1f4aaa93873df4be425820','WorkCompRateClass_Type','6240ce877a244a73a1253961131c6cc9','IndustryCode_Type','PRIMITIVE');
INSERT INTO PUBLIC.OBJECT_FIELD_METADATA (ID, NAME, METADATA_TYPE, PARENT_METADATA,PARENT_METADATA_NAME, REFERENCE_METADATA, REFERENCE_METADATA_NAME, REFERENCE_METADATA_TYPE)VALUES('1f667a9c56cc4679847a32f16a9a3cd9','ProjectedInd','FIELD','d11a4697de1f4aaa93873df4be425820','WorkCompRateClass_Type','4ffb0bcc3ec946d1af3ef883f4c3a4e6','Boolean','PRIMITIVE');
INSERT INTO PUBLIC.OBJECT_FIELD_METADATA (ID, NAME, METADATA_TYPE, PARENT_METADATA,PARENT_METADATA_NAME, REFERENCE_METADATA, REFERENCE_METADATA_NAME, REFERENCE_METADATA_TYPE)VALUES('3f2008a4203e4dc4b4d0f37bb2dd433a','WorkCompRateClass','MODEL_RELATION','4853d03162724e7abdbbe8c8193d771d','WorkCompLocInfo_Type','d11a4697de1f4aaa93873df4be425820','WorkCompRateClass_Type','OBJECT');
INSERT INTO PUBLIC.OBJECT_FIELD_METADATA (ID, NAME, METADATA_TYPE, PARENT_METADATA,PARENT_METADATA_NAME, REFERENCE_METADATA, REFERENCE_METADATA_NAME, REFERENCE_METADATA_TYPE)VALUES('ddcf66c9fb244c94ac38e70b4c467eb4','HighestFloorNumberOccupied','FIELD','4853d03162724e7abdbbe8c8193d771d','WorkCompLocInfo_Type','838cab4e48a54d0bb23ca5ea9db454ab','Long','PRIMITIVE');
INSERT INTO PUBLIC.OBJECT_FIELD_METADATA (ID, NAME, METADATA_TYPE, PARENT_METADATA,PARENT_METADATA_NAME, REFERENCE_METADATA, REFERENCE_METADATA_NAME, REFERENCE_METADATA_TYPE)VALUES('044147b920f74f07b16d47aacdc9a58c','NumAddEmployeesFullTime','FIELD','4853d03162724e7abdbbe8c8193d771d','WorkCompLocInfo_Type','838cab4e48a54d0bb23ca5ea9db454ab','Long','PRIMITIVE');
INSERT INTO PUBLIC.OBJECT_FIELD_METADATA (ID, NAME, METADATA_TYPE, PARENT_METADATA,PARENT_METADATA_NAME, REFERENCE_METADATA, REFERENCE_METADATA_NAME, REFERENCE_METADATA_TYPE)VALUES('74a37fdbd9a7489b92702cd6c81dc6a6','SICCd','FIELD','4853d03162724e7abdbbe8c8193d771d','WorkCompLocInfo_Type','6240ce877a244a73a1253961131c6cc9','IndustryCode_Type','PRIMITIVE');
INSERT INTO PUBLIC.OBJECT_FIELD_METADATA (ID, NAME, METADATA_TYPE, PARENT_METADATA,PARENT_METADATA_NAME, REFERENCE_METADATA, REFERENCE_METADATA_NAME, REFERENCE_METADATA_TYPE)VALUES('0321ae23ba4e4e468588ed5e5b5a02ac','NumAddEmployeesPartTime','FIELD','4853d03162724e7abdbbe8c8193d771d','WorkCompLocInfo_Type','838cab4e48a54d0bb23ca5ea9db454ab','Long','PRIMITIVE');
INSERT INTO PUBLIC.OBJECT_FIELD_METADATA (ID, NAME, METADATA_TYPE, PARENT_METADATA,PARENT_METADATA_NAME, REFERENCE_METADATA, REFERENCE_METADATA_NAME, REFERENCE_METADATA_TYPE)VALUES('67a191e86be24392a7da9cb21d28cf57','WorkCompLocInfoExt','FIELD','4853d03162724e7abdbbe8c8193d771d','WorkCompLocInfo_Type',null,null,null);
INSERT INTO PUBLIC.OBJECT_FIELD_METADATA (ID, NAME, METADATA_TYPE, PARENT_METADATA,PARENT_METADATA_NAME, REFERENCE_METADATA, REFERENCE_METADATA_NAME, REFERENCE_METADATA_TYPE)VALUES('db2b09ba944348ef9c9882c45b899771','WorkCompLocInfo','MODEL_RELATION','6c52da83aa5445c2bd907aad396d6a2f','WorkCompRateState_Type','4853d03162724e7abdbbe8c8193d771d','WorkCompLocInfo_Type','OBJECT');
INSERT INTO PUBLIC.OBJECT_METADATA (ID, NAME, METADATA_TYPE, REFERENCE_METADATA, REFERENCE_METADATA_NAME) VALUES('bad0cc9b9e4a4abe99be870d6f66223e','WorkCompStatisticalLossInfo_Type','OBJECT',null,null);
INSERT INTO PUBLIC.OBJECT_FIELD_METADATA (ID, NAME, METADATA_TYPE, PARENT_METADATA,PARENT_METADATA_NAME, REFERENCE_METADATA, REFERENCE_METADATA_NAME, REFERENCE_METADATA_TYPE)VALUES('51121eb1a6b04bd18178e07acaece71d','NumClaims','FIELD','bad0cc9b9e4a4abe99be870d6f66223e','WorkCompStatisticalLossInfo_Type','838cab4e48a54d0bb23ca5ea9db454ab','Long','PRIMITIVE');
INSERT INTO PUBLIC.OBJECT_FIELD_METADATA (ID, NAME, METADATA_TYPE, PARENT_METADATA,PARENT_METADATA_NAME, REFERENCE_METADATA, REFERENCE_METADATA_NAME, REFERENCE_METADATA_TYPE)VALUES('fa482d574daf41a596bc0fcd41c2ff81','ClaimStatusDt','FIELD','bad0cc9b9e4a4abe99be870d6f66223e','WorkCompStatisticalLossInfo_Type','3b0a2ca6cf3a4fb19718e35aa60287cd','Date','PRIMITIVE');
INSERT INTO PUBLIC.OBJECT_FIELD_METADATA (ID, NAME, METADATA_TYPE, PARENT_METADATA,PARENT_METADATA_NAME, REFERENCE_METADATA, REFERENCE_METADATA_NAME, REFERENCE_METADATA_TYPE)VALUES('e38828f1de5c4799b79f4361446387fa','ActualWeeklyAmt','MODEL_RELATION','bad0cc9b9e4a4abe99be870d6f66223e','WorkCompStatisticalLossInfo_Type','4fa89203e94a4637baa0484d19b460c5','CURRENCY','OBJECT');
INSERT INTO PUBLIC.OBJECT_FIELD_METADATA (ID, NAME, METADATA_TYPE, PARENT_METADATA,PARENT_METADATA_NAME, REFERENCE_METADATA, REFERENCE_METADATA_NAME, REFERENCE_METADATA_TYPE)VALUES('76ae5c21efb34c879815c02d930a886a','WorkCompStatisticalLossInfoExt','FIELD','bad0cc9b9e4a4abe99be870d6f66223e','WorkCompStatisticalLossInfo_Type',null,null,null);
INSERT INTO PUBLIC.OBJECT_METADATA (ID, NAME, METADATA_TYPE, REFERENCE_METADATA, REFERENCE_METADATA_NAME) VALUES('b36238bc6f864bcea257fc1bad0b4a6f','ICRInfo_Type','OBJECT',null,null);
INSERT INTO PUBLIC.OBJECT_METADATA (ID, NAME, METADATA_TYPE, REFERENCE_METADATA, REFERENCE_METADATA_NAME) VALUES('b152afd0b4a04db1a547a05fa82cb99e','ScheduledIndemnityInfo_Type','OBJECT',null,null);
INSERT INTO PUBLIC.OBJECT_FIELD_METADATA (ID, NAME, METADATA_TYPE, PARENT_METADATA,PARENT_METADATA_NAME, REFERENCE_METADATA, REFERENCE_METADATA_NAME, REFERENCE_METADATA_TYPE)VALUES('0abbd786b31448ef935563d309f5b563','BodyPartCd','FIELD','b152afd0b4a04db1a547a05fa82cb99e','ScheduledIndemnityInfo_Type','6240ce877a244a73a1253961131c6cc9','IndustryCode_Type','PRIMITIVE');
INSERT INTO PUBLIC.OBJECT_FIELD_METADATA (ID, NAME, METADATA_TYPE, PARENT_METADATA,PARENT_METADATA_NAME, REFERENCE_METADATA, REFERENCE_METADATA_NAME, REFERENCE_METADATA_TYPE)VALUES('a9b257e04ae8421e9f360540e7d3ec85','IndemnityIncurredLossAmt','MODEL_RELATION','b152afd0b4a04db1a547a05fa82cb99e','ScheduledIndemnityInfo_Type','4fa89203e94a4637baa0484d19b460c5','CURRENCY','OBJECT');
INSERT INTO PUBLIC.OBJECT_FIELD_METADATA (ID, NAME, METADATA_TYPE, PARENT_METADATA,PARENT_METADATA_NAME, REFERENCE_METADATA, REFERENCE_METADATA_NAME, REFERENCE_METADATA_TYPE)VALUES('af36a54deccd407d9bb02e9c33db3251','NumWeeks','FIELD','b152afd0b4a04db1a547a05fa82cb99e','ScheduledIndemnityInfo_Type','838cab4e48a54d0bb23ca5ea9db454ab','Long','PRIMITIVE');
INSERT INTO PUBLIC.OBJECT_FIELD_METADATA (ID, NAME, METADATA_TYPE, PARENT_METADATA,PARENT_METADATA_NAME, REFERENCE_METADATA, REFERENCE_METADATA_NAME, REFERENCE_METADATA_TYPE)VALUES('38cbcde9804c42ff9ac4b24a32e192ec','WeeklyIndemnityAmt','MODEL_RELATION','b152afd0b4a04db1a547a05fa82cb99e','ScheduledIndemnityInfo_Type','4fa89203e94a4637baa0484d19b460c5','CURRENCY','OBJECT');
INSERT INTO PUBLIC.OBJECT_FIELD_METADATA (ID, NAME, METADATA_TYPE, PARENT_METADATA,PARENT_METADATA_NAME, REFERENCE_METADATA, REFERENCE_METADATA_NAME, REFERENCE_METADATA_TYPE)VALUES('91349ac18ce44e15b351e9945e209da5','LengthTimeIndemnityPay','MODEL_RELATION','b152afd0b4a04db1a547a05fa82cb99e','ScheduledIndemnityInfo_Type','1df1057b06734b019460d9f8fb0a43b0','MEASUREMENT','OBJECT');
INSERT INTO PUBLIC.OBJECT_FIELD_METADATA (ID, NAME, METADATA_TYPE, PARENT_METADATA,PARENT_METADATA_NAME, REFERENCE_METADATA, REFERENCE_METADATA_NAME, REFERENCE_METADATA_TYPE)VALUES('5301c6b13d2c48aa9f9928403f6db5d6','ImpairmentPct','FIELD','b152afd0b4a04db1a547a05fa82cb99e','ScheduledIndemnityInfo_Type','42787ecf7ebe44bdb047ebe0f2268d21','PercentLong','PRIMITIVE');
INSERT INTO PUBLIC.OBJECT_FIELD_METADATA (ID, NAME, METADATA_TYPE, PARENT_METADATA,PARENT_METADATA_NAME, REFERENCE_METADATA, REFERENCE_METADATA_NAME, REFERENCE_METADATA_TYPE)VALUES('506c71d647eb424c9c27a4c58301e470','AsOfDt','FIELD','b152afd0b4a04db1a547a05fa82cb99e','ScheduledIndemnityInfo_Type','3b0a2ca6cf3a4fb19718e35aa60287cd','Date','PRIMITIVE');
INSERT INTO PUBLIC.OBJECT_FIELD_METADATA (ID, NAME, METADATA_TYPE, PARENT_METADATA,PARENT_METADATA_NAME, REFERENCE_METADATA, REFERENCE_METADATA_NAME, REFERENCE_METADATA_TYPE)VALUES('aed62ef39f124dc7974c2e6f8e0d1800','ScheduledIndemnityInfoExt','FIELD','b152afd0b4a04db1a547a05fa82cb99e','ScheduledIndemnityInfo_Type',null,null,null);
INSERT INTO PUBLIC.OBJECT_FIELD_METADATA (ID, NAME, METADATA_TYPE, PARENT_METADATA,PARENT_METADATA_NAME, REFERENCE_METADATA, REFERENCE_METADATA_NAME, REFERENCE_METADATA_TYPE)VALUES('c1d409adbbf746adbe72b9cfda4f20ef','ScheduledIndemnityInfo','MODEL_RELATION','b36238bc6f864bcea257fc1bad0b4a6f','ICRInfo_Type','b152afd0b4a04db1a547a05fa82cb99e','ScheduledIndemnityInfo_Type','OBJECT');
INSERT INTO PUBLIC.OBJECT_FIELD_METADATA (ID, NAME, METADATA_TYPE, PARENT_METADATA,PARENT_METADATA_NAME, REFERENCE_METADATA, REFERENCE_METADATA_NAME, REFERENCE_METADATA_TYPE)VALUES('11dc03c7175a48a1882e2a69af1275c6','SocialSecurityOffsetAmt','MODEL_RELATION','b36238bc6f864bcea257fc1bad0b4a6f','ICRInfo_Type','4fa89203e94a4637baa0484d19b460c5','CURRENCY','OBJECT');
INSERT INTO PUBLIC.OBJECT_FIELD_METADATA (ID, NAME, METADATA_TYPE, PARENT_METADATA,PARENT_METADATA_NAME, REFERENCE_METADATA, REFERENCE_METADATA_NAME, REFERENCE_METADATA_TYPE)VALUES('22b6d29f09a740e79cac5c7cf91c4bfb','PersonInfo','MODEL_RELATION','b36238bc6f864bcea257fc1bad0b4a6f','ICRInfo_Type','15e297229a9b45379b6259fa7d56404a','PersonInfo_Type','OBJECT');
INSERT INTO PUBLIC.OBJECT_METADATA (ID, NAME, METADATA_TYPE, REFERENCE_METADATA, REFERENCE_METADATA_NAME) VALUES('824141bbd8be4fa3ad9947d8e19da967','EventInfo_Type','OBJECT',null,null);
INSERT INTO PUBLIC.OBJECT_FIELD_METADATA (ID, NAME, METADATA_TYPE, PARENT_METADATA,PARENT_METADATA_NAME, REFERENCE_METADATA, REFERENCE_METADATA_NAME, REFERENCE_METADATA_TYPE)VALUES('fd45fac1724b4d619588947700aeed5f','EventDt','FIELD','824141bbd8be4fa3ad9947d8e19da967','EventInfo_Type','3b0a2ca6cf3a4fb19718e35aa60287cd','Date','PRIMITIVE');
INSERT INTO PUBLIC.PRIMITIVE_METADATA (ID, NAME, METADATA_TYPE) VALUES('3dfaa1ffe819410f89f3c69680bccc70','Event','PRIMITIVE');
INSERT INTO PUBLIC.OBJECT_FIELD_METADATA (ID, NAME, METADATA_TYPE, PARENT_METADATA,PARENT_METADATA_NAME, REFERENCE_METADATA, REFERENCE_METADATA_NAME, REFERENCE_METADATA_TYPE)VALUES('444c3607b7ea4790aacc4fb24a35edef','EventCd','FIELD','824141bbd8be4fa3ad9947d8e19da967','EventInfo_Type','3dfaa1ffe819410f89f3c69680bccc70','Event','PRIMITIVE');
INSERT INTO PUBLIC.OBJECT_FIELD_METADATA (ID, NAME, METADATA_TYPE, PARENT_METADATA,PARENT_METADATA_NAME, REFERENCE_METADATA, REFERENCE_METADATA_NAME, REFERENCE_METADATA_TYPE)VALUES('8cf6bf9edf8d4a89b058e429c19c51a0','EventInfoExt','FIELD','824141bbd8be4fa3ad9947d8e19da967','EventInfo_Type',null,null,null);
INSERT INTO PUBLIC.OBJECT_FIELD_METADATA (ID, NAME, METADATA_TYPE, PARENT_METADATA,PARENT_METADATA_NAME, REFERENCE_METADATA, REFERENCE_METADATA_NAME, REFERENCE_METADATA_TYPE)VALUES('94785ddbed0f401bb3dedbab99711566','EventInfo','MODEL_RELATION','b36238bc6f864bcea257fc1bad0b4a6f','ICRInfo_Type','824141bbd8be4fa3ad9947d8e19da967','EventInfo_Type','OBJECT');
INSERT INTO PUBLIC.OBJECT_FIELD_METADATA (ID, NAME, METADATA_TYPE, PARENT_METADATA,PARENT_METADATA_NAME, REFERENCE_METADATA, REFERENCE_METADATA_NAME, REFERENCE_METADATA_TYPE)VALUES('9d87a9d7b2f44364aa240e01bf525edf','ReserveTypeCd','FIELD','b36238bc6f864bcea257fc1bad0b4a6f','ICRInfo_Type','6240ce877a244a73a1253961131c6cc9','IndustryCode_Type','PRIMITIVE');
INSERT INTO PUBLIC.OBJECT_FIELD_METADATA (ID, NAME, METADATA_TYPE, PARENT_METADATA,PARENT_METADATA_NAME, REFERENCE_METADATA, REFERENCE_METADATA_NAME, REFERENCE_METADATA_TYPE)VALUES('a4d9e4589dd048c189f16adde7a13d65','LumpSumRemarriageAmt','MODEL_RELATION','b36238bc6f864bcea257fc1bad0b4a6f','ICRInfo_Type','4fa89203e94a4637baa0484d19b460c5','CURRENCY','OBJECT');
INSERT INTO PUBLIC.OBJECT_METADATA (ID, NAME, METADATA_TYPE, REFERENCE_METADATA, REFERENCE_METADATA_NAME) VALUES('06d1c221ce514ff9830812471a8bf19d','NonScheduledIndemnityInfo_Type','OBJECT',null,null);
INSERT INTO PUBLIC.OBJECT_FIELD_METADATA (ID, NAME, METADATA_TYPE, PARENT_METADATA,PARENT_METADATA_NAME, REFERENCE_METADATA, REFERENCE_METADATA_NAME, REFERENCE_METADATA_TYPE)VALUES('0d37b02c586c40f081f945cea56d451e','NonScheduledIndemnityInfoExt','FIELD','06d1c221ce514ff9830812471a8bf19d','NonScheduledIndemnityInfo_Type',null,null,null);
INSERT INTO PUBLIC.OBJECT_METADATA (ID, NAME, METADATA_TYPE, REFERENCE_METADATA, REFERENCE_METADATA_NAME) VALUES('0f8cbf6a80f946de97184b853b47cb85','ClaimsFinancialSummary_Type','OBJECT',null,null);
INSERT INTO PUBLIC.PRIMITIVE_METADATA (ID, NAME, METADATA_TYPE) VALUES('4638e08cee7e477d92f1cb8f025da4a3','LossSummaryType','PRIMITIVE');
INSERT INTO PUBLIC.OBJECT_FIELD_METADATA (ID, NAME, METADATA_TYPE, PARENT_METADATA,PARENT_METADATA_NAME, REFERENCE_METADATA, REFERENCE_METADATA_NAME, REFERENCE_METADATA_TYPE)VALUES('694597bc24094d229551623b5eb1c983','LossSummaryCd','FIELD','0f8cbf6a80f946de97184b853b47cb85','ClaimsFinancialSummary_Type','4638e08cee7e477d92f1cb8f025da4a3','LossSummaryType','PRIMITIVE');
INSERT INTO PUBLIC.OBJECT_METADATA (ID, NAME, METADATA_TYPE, REFERENCE_METADATA, REFERENCE_METADATA_NAME) VALUES('2b17153d7d234377990f567efe0a4c91','FinancialAmount_Type','OBJECT',null,null);
INSERT INTO PUBLIC.OBJECT_FIELD_METADATA (ID, NAME, METADATA_TYPE, PARENT_METADATA,PARENT_METADATA_NAME, REFERENCE_METADATA, REFERENCE_METADATA_NAME, REFERENCE_METADATA_TYPE)VALUES('97538071ad8e45b6a22188d5bcb009c2','FinAmt','MODEL_RELATION','2b17153d7d234377990f567efe0a4c91','FinancialAmount_Type','4fa89203e94a4637baa0484d19b460c5','CURRENCY','OBJECT');
INSERT INTO PUBLIC.PRIMITIVE_METADATA (ID, NAME, METADATA_TYPE) VALUES('d10cdb5fcdf9496f95e686d84c6cf098','AmountType','PRIMITIVE');
INSERT INTO PUBLIC.OBJECT_FIELD_METADATA (ID, NAME, METADATA_TYPE, PARENT_METADATA,PARENT_METADATA_NAME, REFERENCE_METADATA, REFERENCE_METADATA_NAME, REFERENCE_METADATA_TYPE)VALUES('569149eea6a645b2a3f3295a0fc0d2d1','AmtTypeCd','FIELD','2b17153d7d234377990f567efe0a4c91','FinancialAmount_Type','d10cdb5fcdf9496f95e686d84c6cf098','AmountType','PRIMITIVE');
INSERT INTO PUBLIC.OBJECT_FIELD_METADATA (ID, NAME, METADATA_TYPE, PARENT_METADATA,PARENT_METADATA_NAME, REFERENCE_METADATA, REFERENCE_METADATA_NAME, REFERENCE_METADATA_TYPE)VALUES('bf721a3cdced44cf9fc425b9c5f0d4d4','FinancialAmountExt','FIELD','2b17153d7d234377990f567efe0a4c91','FinancialAmount_Type',null,null,null);
INSERT INTO PUBLIC.OBJECT_FIELD_METADATA (ID, NAME, METADATA_TYPE, PARENT_METADATA,PARENT_METADATA_NAME, REFERENCE_METADATA, REFERENCE_METADATA_NAME, REFERENCE_METADATA_TYPE)VALUES('cacf746161c244ada6439755954f89c5','FinancialAmount','MODEL_RELATION','0f8cbf6a80f946de97184b853b47cb85','ClaimsFinancialSummary_Type','2b17153d7d234377990f567efe0a4c91','FinancialAmount_Type','OBJECT');
INSERT INTO PUBLIC.OBJECT_FIELD_METADATA (ID, NAME, METADATA_TYPE, PARENT_METADATA,PARENT_METADATA_NAME, REFERENCE_METADATA, REFERENCE_METADATA_NAME, REFERENCE_METADATA_TYPE)VALUES('09b90b1faa0144398bfeaf25e71b6054','ClaimsFinancialSummaryExt','FIELD','0f8cbf6a80f946de97184b853b47cb85','ClaimsFinancialSummary_Type',null,null,null);
INSERT INTO PUBLIC.OBJECT_FIELD_METADATA (ID, NAME, METADATA_TYPE, PARENT_METADATA,PARENT_METADATA_NAME, REFERENCE_METADATA, REFERENCE_METADATA_NAME, REFERENCE_METADATA_TYPE)VALUES('9421f2db6d2b4ac8b4113d5e880c9d1b','ClaimsFinancialSummary','MODEL_RELATION','06d1c221ce514ff9830812471a8bf19d','NonScheduledIndemnityInfo_Type','0f8cbf6a80f946de97184b853b47cb85','ClaimsFinancialSummary_Type','OBJECT');
INSERT INTO PUBLIC.OBJECT_FIELD_METADATA (ID, NAME, METADATA_TYPE, PARENT_METADATA,PARENT_METADATA_NAME, REFERENCE_METADATA, REFERENCE_METADATA_NAME, REFERENCE_METADATA_TYPE)VALUES('c0083fe0fad84e0d9b918b3ee0e8d0ef','ImpairmentPct','FIELD','06d1c221ce514ff9830812471a8bf19d','NonScheduledIndemnityInfo_Type','42787ecf7ebe44bdb047ebe0f2268d21','PercentLong','PRIMITIVE');
INSERT INTO PUBLIC.OBJECT_FIELD_METADATA (ID, NAME, METADATA_TYPE, PARENT_METADATA,PARENT_METADATA_NAME, REFERENCE_METADATA, REFERENCE_METADATA_NAME, REFERENCE_METADATA_TYPE)VALUES('8a49e9e5e4cf4013be97bd6ae290329b','NonScheduledIndemnityInfo','MODEL_RELATION','b36238bc6f864bcea257fc1bad0b4a6f','ICRInfo_Type','06d1c221ce514ff9830812471a8bf19d','NonScheduledIndemnityInfo_Type','OBJECT');
INSERT INTO PUBLIC.OBJECT_FIELD_METADATA (ID, NAME, METADATA_TYPE, PARENT_METADATA,PARENT_METADATA_NAME, REFERENCE_METADATA, REFERENCE_METADATA_NAME, REFERENCE_METADATA_TYPE)VALUES('318998c0e90849609304fb6727d7ba0b','FutureIndemnityPaymentAmt','MODEL_RELATION','b36238bc6f864bcea257fc1bad0b4a6f','ICRInfo_Type','4fa89203e94a4637baa0484d19b460c5','CURRENCY','OBJECT');
INSERT INTO PUBLIC.OBJECT_FIELD_METADATA (ID, NAME, METADATA_TYPE, PARENT_METADATA,PARENT_METADATA_NAME, REFERENCE_METADATA, REFERENCE_METADATA_NAME, REFERENCE_METADATA_TYPE)VALUES('785bd3bb9c6d44b89c8489a0ffa94a76','SocialSecurityOffsetInd','FIELD','b36238bc6f864bcea257fc1bad0b4a6f','ICRInfo_Type','4ffb0bcc3ec946d1af3ef883f4c3a4e6','Boolean','PRIMITIVE');
INSERT INTO PUBLIC.OBJECT_FIELD_METADATA (ID, NAME, METADATA_TYPE, PARENT_METADATA,PARENT_METADATA_NAME, REFERENCE_METADATA, REFERENCE_METADATA_NAME, REFERENCE_METADATA_TYPE)VALUES('a89d11542a274b9eabb270923ae35e26','NumWeeks','FIELD','b36238bc6f864bcea257fc1bad0b4a6f','ICRInfo_Type','838cab4e48a54d0bb23ca5ea9db454ab','Long','PRIMITIVE');
INSERT INTO PUBLIC.OBJECT_FIELD_METADATA (ID, NAME, METADATA_TYPE, PARENT_METADATA,PARENT_METADATA_NAME, REFERENCE_METADATA, REFERENCE_METADATA_NAME, REFERENCE_METADATA_TYPE)VALUES('72f4df4d62ea438e94466cd0679adc15','PensionIndemnityAmt','MODEL_RELATION','b36238bc6f864bcea257fc1bad0b4a6f','ICRInfo_Type','4fa89203e94a4637baa0484d19b460c5','CURRENCY','OBJECT');
INSERT INTO PUBLIC.OBJECT_FIELD_METADATA (ID, NAME, METADATA_TYPE, PARENT_METADATA,PARENT_METADATA_NAME, REFERENCE_METADATA, REFERENCE_METADATA_NAME, REFERENCE_METADATA_TYPE)VALUES('d5dab7e9e3914c169fef9e47e0b1eb1f','FuneralAllowanceAmt','MODEL_RELATION','b36238bc6f864bcea257fc1bad0b4a6f','ICRInfo_Type','4fa89203e94a4637baa0484d19b460c5','CURRENCY','OBJECT');
INSERT INTO PUBLIC.OBJECT_FIELD_METADATA (ID, NAME, METADATA_TYPE, PARENT_METADATA,PARENT_METADATA_NAME, REFERENCE_METADATA, REFERENCE_METADATA_NAME, REFERENCE_METADATA_TYPE)VALUES('67f0864a896440b9bdeb840628926c61','ClaimsFinancialSummary','MODEL_RELATION','b36238bc6f864bcea257fc1bad0b4a6f','ICRInfo_Type','0f8cbf6a80f946de97184b853b47cb85','ClaimsFinancialSummary_Type','OBJECT');
INSERT INTO PUBLIC.OBJECT_FIELD_METADATA (ID, NAME, METADATA_TYPE, PARENT_METADATA,PARENT_METADATA_NAME, REFERENCE_METADATA, REFERENCE_METADATA_NAME, REFERENCE_METADATA_TYPE)VALUES('cfeb682244934386b516b1b9b9b8d1e3','LastExposedYr','FIELD','b36238bc6f864bcea257fc1bad0b4a6f','ICRInfo_Type','7c9113946db7435cb0053de34c768997','Year','PRIMITIVE');
INSERT INTO PUBLIC.OBJECT_FIELD_METADATA (ID, NAME, METADATA_TYPE, PARENT_METADATA,PARENT_METADATA_NAME, REFERENCE_METADATA, REFERENCE_METADATA_NAME, REFERENCE_METADATA_TYPE)VALUES('d79c49453eb6416ab7a0b5d6f1d54e73','ICRInfoExt','FIELD','b36238bc6f864bcea257fc1bad0b4a6f','ICRInfo_Type',null,null,null);
INSERT INTO PUBLIC.OBJECT_METADATA (ID, NAME, METADATA_TYPE, REFERENCE_METADATA, REFERENCE_METADATA_NAME) VALUES('ea67f58a9bc5439d9aadc7ea65f1276b','Beneficiaries_Type','OBJECT',null,null);
INSERT INTO PUBLIC.OBJECT_FIELD_METADATA (ID, NAME, METADATA_TYPE, PARENT_METADATA,PARENT_METADATA_NAME, REFERENCE_METADATA, REFERENCE_METADATA_NAME, REFERENCE_METADATA_TYPE)VALUES('b7fdf3ebeb7c4d87a06e85fd6387d98e','PrincipalsRelationshipToDeceasedWardDesc','FIELD','ea67f58a9bc5439d9aadc7ea65f1276b','Beneficiaries_Type','2344631100044813a5126adcfb93e80d','C-255','PRIMITIVE');
INSERT INTO PUBLIC.OBJECT_FIELD_METADATA (ID, NAME, METADATA_TYPE, PARENT_METADATA,PARENT_METADATA_NAME, REFERENCE_METADATA, REFERENCE_METADATA_NAME, REFERENCE_METADATA_TYPE)VALUES('91cc22f8d9d8400094a479ffb8484289','MiscParty','MODEL_RELATION','ea67f58a9bc5439d9aadc7ea65f1276b','Beneficiaries_Type','0a76585a8ae342d897387f29800d50c8','MiscParty_Type','OBJECT');
INSERT INTO PUBLIC.OBJECT_FIELD_METADATA (ID, NAME, METADATA_TYPE, PARENT_METADATA,PARENT_METADATA_NAME, REFERENCE_METADATA, REFERENCE_METADATA_NAME, REFERENCE_METADATA_TYPE)VALUES('f540527818ea40108dd9b3d443c9dcef','BirthDt','FIELD','ea67f58a9bc5439d9aadc7ea65f1276b','Beneficiaries_Type','3b0a2ca6cf3a4fb19718e35aa60287cd','Date','PRIMITIVE');
INSERT INTO PUBLIC.OBJECT_FIELD_METADATA (ID, NAME, METADATA_TYPE, PARENT_METADATA,PARENT_METADATA_NAME, REFERENCE_METADATA, REFERENCE_METADATA_NAME, REFERENCE_METADATA_TYPE)VALUES('2724a7167d5a45e38e7688a67938fd63','DependencyCd','FIELD','ea67f58a9bc5439d9aadc7ea65f1276b','Beneficiaries_Type','6240ce877a244a73a1253961131c6cc9','IndustryCode_Type','PRIMITIVE');
INSERT INTO PUBLIC.OBJECT_FIELD_METADATA (ID, NAME, METADATA_TYPE, PARENT_METADATA,PARENT_METADATA_NAME, REFERENCE_METADATA, REFERENCE_METADATA_NAME, REFERENCE_METADATA_TYPE)VALUES('75aa4b5129274d69b465d69ade09b543','InterestPct','FIELD','ea67f58a9bc5439d9aadc7ea65f1276b','Beneficiaries_Type','42787ecf7ebe44bdb047ebe0f2268d21','PercentLong','PRIMITIVE');
INSERT INTO PUBLIC.PRIMITIVE_METADATA (ID, NAME, METADATA_TYPE) VALUES('066c53e801e448b59ad6e37d3feda7ad','DriverRelatesTo','PRIMITIVE');
INSERT INTO PUBLIC.OBJECT_FIELD_METADATA (ID, NAME, METADATA_TYPE, PARENT_METADATA,PARENT_METADATA_NAME, REFERENCE_METADATA, REFERENCE_METADATA_NAME, REFERENCE_METADATA_TYPE)VALUES('3a5a0faedfc24ddcaae31399fd6dfff6','RelationshipCd','FIELD','ea67f58a9bc5439d9aadc7ea65f1276b','Beneficiaries_Type','066c53e801e448b59ad6e37d3feda7ad','DriverRelatesTo','PRIMITIVE');
INSERT INTO PUBLIC.OBJECT_FIELD_METADATA (ID, NAME, METADATA_TYPE, PARENT_METADATA,PARENT_METADATA_NAME, REFERENCE_METADATA, REFERENCE_METADATA_NAME, REFERENCE_METADATA_TYPE)VALUES('29de46485cb2404d8802be590c6e21c8','BeneficiariesExt','FIELD','ea67f58a9bc5439d9aadc7ea65f1276b','Beneficiaries_Type',null,null,null);
INSERT INTO PUBLIC.OBJECT_FIELD_METADATA (ID, NAME, METADATA_TYPE, PARENT_METADATA,PARENT_METADATA_NAME, REFERENCE_METADATA, REFERENCE_METADATA_NAME, REFERENCE_METADATA_TYPE)VALUES('a74b8f5e60744436b760741087b8851e','Beneficiaries','MODEL_RELATION','b36238bc6f864bcea257fc1bad0b4a6f','ICRInfo_Type','ea67f58a9bc5439d9aadc7ea65f1276b','Beneficiaries_Type','OBJECT');
INSERT INTO PUBLIC.OBJECT_FIELD_METADATA (ID, NAME, METADATA_TYPE, PARENT_METADATA,PARENT_METADATA_NAME, REFERENCE_METADATA, REFERENCE_METADATA_NAME, REFERENCE_METADATA_TYPE)VALUES('0a79768634b14fa0ad60e9d35eff0088','AnnuityPurchaseAmt','MODEL_RELATION','b36238bc6f864bcea257fc1bad0b4a6f','ICRInfo_Type','4fa89203e94a4637baa0484d19b460c5','CURRENCY','OBJECT');
INSERT INTO PUBLIC.OBJECT_FIELD_METADATA (ID, NAME, METADATA_TYPE, PARENT_METADATA,PARENT_METADATA_NAME, REFERENCE_METADATA, REFERENCE_METADATA_NAME, REFERENCE_METADATA_TYPE)VALUES('47234ee2375e419daa00199d01e442b1','ICRInfo','MODEL_RELATION','bad0cc9b9e4a4abe99be870d6f66223e','WorkCompStatisticalLossInfo_Type','b36238bc6f864bcea257fc1bad0b4a6f','ICRInfo_Type','OBJECT');
INSERT INTO PUBLIC.OBJECT_FIELD_METADATA (ID, NAME, METADATA_TYPE, PARENT_METADATA,PARENT_METADATA_NAME, REFERENCE_METADATA, REFERENCE_METADATA_NAME, REFERENCE_METADATA_TYPE)VALUES('6abcf60543514246bee0d0e09a8c8776','FraudulentClaimCd','FIELD','bad0cc9b9e4a4abe99be870d6f66223e','WorkCompStatisticalLossInfo_Type','6240ce877a244a73a1253961131c6cc9','IndustryCode_Type','PRIMITIVE');
INSERT INTO PUBLIC.OBJECT_FIELD_METADATA (ID, NAME, METADATA_TYPE, PARENT_METADATA,PARENT_METADATA_NAME, REFERENCE_METADATA, REFERENCE_METADATA_NAME, REFERENCE_METADATA_TYPE)VALUES('7e0f4eeef5c84a7bb7d7e0e15d082958','JurisdictionCd','FIELD','bad0cc9b9e4a4abe99be870d6f66223e','WorkCompStatisticalLossInfo_Type','6240ce877a244a73a1253961131c6cc9','IndustryCode_Type','PRIMITIVE');
INSERT INTO PUBLIC.OBJECT_FIELD_METADATA (ID, NAME, METADATA_TYPE, PARENT_METADATA,PARENT_METADATA_NAME, REFERENCE_METADATA, REFERENCE_METADATA_NAME, REFERENCE_METADATA_TYPE)VALUES('5e75184f193749b5a92dbec955bf6b2d','LossDt','FIELD','bad0cc9b9e4a4abe99be870d6f66223e','WorkCompStatisticalLossInfo_Type','3b0a2ca6cf3a4fb19718e35aa60287cd','Date','PRIMITIVE');
INSERT INTO PUBLIC.OBJECT_FIELD_METADATA (ID, NAME, METADATA_TYPE, PARENT_METADATA,PARENT_METADATA_NAME, REFERENCE_METADATA, REFERENCE_METADATA_NAME, REFERENCE_METADATA_TYPE)VALUES('f479f4d678d144c28d10b95eda5f54e5','ManagedCareCd','FIELD','bad0cc9b9e4a4abe99be870d6f66223e','WorkCompStatisticalLossInfo_Type','6240ce877a244a73a1253961131c6cc9','IndustryCode_Type','PRIMITIVE');
INSERT INTO PUBLIC.OBJECT_METADATA (ID, NAME, METADATA_TYPE, REFERENCE_METADATA, REFERENCE_METADATA_NAME) VALUES('e4bffadd77844770a1fd696537492f28','ClaimsInjury_Type','OBJECT',null,null);
INSERT INTO PUBLIC.OBJECT_FIELD_METADATA (ID, NAME, METADATA_TYPE, PARENT_METADATA,PARENT_METADATA_NAME, REFERENCE_METADATA, REFERENCE_METADATA_NAME, REFERENCE_METADATA_TYPE)VALUES('be739b82ba7d43798f95f8ae880d8539','LossCauseDesc','FIELD','e4bffadd77844770a1fd696537492f28','ClaimsInjury_Type','395c33ebbd5b40f0aee8a4f93dbedf31','C-Infinite','PRIMITIVE');
INSERT INTO PUBLIC.OBJECT_FIELD_METADATA (ID, NAME, METADATA_TYPE, PARENT_METADATA,PARENT_METADATA_NAME, REFERENCE_METADATA, REFERENCE_METADATA_NAME, REFERENCE_METADATA_TYPE)VALUES('06a7862737b94af7b22e4431686860a9','BodyPartDesc','FIELD','e4bffadd77844770a1fd696537492f28','ClaimsInjury_Type','395c33ebbd5b40f0aee8a4f93dbedf31','C-Infinite','PRIMITIVE');
INSERT INTO PUBLIC.OBJECT_FIELD_METADATA (ID, NAME, METADATA_TYPE, PARENT_METADATA,PARENT_METADATA_NAME, REFERENCE_METADATA, REFERENCE_METADATA_NAME, REFERENCE_METADATA_TYPE)VALUES('408ea534c21346dfb7f1683ca63cd2b3','InjuryNatureCd','FIELD','e4bffadd77844770a1fd696537492f28','ClaimsInjury_Type','6240ce877a244a73a1253961131c6cc9','IndustryCode_Type','PRIMITIVE');
INSERT INTO PUBLIC.OBJECT_FIELD_METADATA (ID, NAME, METADATA_TYPE, PARENT_METADATA,PARENT_METADATA_NAME, REFERENCE_METADATA, REFERENCE_METADATA_NAME, REFERENCE_METADATA_TYPE)VALUES('b17ce9d78faa47049fef939eb5e9ad48','BodyPartCd','FIELD','e4bffadd77844770a1fd696537492f28','ClaimsInjury_Type','6240ce877a244a73a1253961131c6cc9','IndustryCode_Type','PRIMITIVE');
INSERT INTO PUBLIC.OBJECT_FIELD_METADATA (ID, NAME, METADATA_TYPE, PARENT_METADATA,PARENT_METADATA_NAME, REFERENCE_METADATA, REFERENCE_METADATA_NAME, REFERENCE_METADATA_TYPE)VALUES('7159e7a706a94122b0f9eb0f274f3817','InjurySeverityCd','FIELD','e4bffadd77844770a1fd696537492f28','ClaimsInjury_Type','6240ce877a244a73a1253961131c6cc9','IndustryCode_Type','PRIMITIVE');
INSERT INTO PUBLIC.OBJECT_FIELD_METADATA (ID, NAME, METADATA_TYPE, PARENT_METADATA,PARENT_METADATA_NAME, REFERENCE_METADATA, REFERENCE_METADATA_NAME, REFERENCE_METADATA_TYPE)VALUES('a84ea2c5f3514262a795c7b12119bd3e','LossCauseCd','FIELD','e4bffadd77844770a1fd696537492f28','ClaimsInjury_Type','6240ce877a244a73a1253961131c6cc9','IndustryCode_Type','PRIMITIVE');
INSERT INTO PUBLIC.OBJECT_FIELD_METADATA (ID, NAME, METADATA_TYPE, PARENT_METADATA,PARENT_METADATA_NAME, REFERENCE_METADATA, REFERENCE_METADATA_NAME, REFERENCE_METADATA_TYPE)VALUES('341f1d4d35e54eaf98eb5286a22bc142','ImpairmentPct','FIELD','e4bffadd77844770a1fd696537492f28','ClaimsInjury_Type','42787ecf7ebe44bdb047ebe0f2268d21','PercentLong','PRIMITIVE');
INSERT INTO PUBLIC.OBJECT_FIELD_METADATA (ID, NAME, METADATA_TYPE, PARENT_METADATA,PARENT_METADATA_NAME, REFERENCE_METADATA, REFERENCE_METADATA_NAME, REFERENCE_METADATA_TYPE)VALUES('d2eec3815594425cbeedc8f9d1102fb8','InjuryNatureDesc','FIELD','e4bffadd77844770a1fd696537492f28','ClaimsInjury_Type','395c33ebbd5b40f0aee8a4f93dbedf31','C-Infinite','PRIMITIVE');
INSERT INTO PUBLIC.OBJECT_FIELD_METADATA (ID, NAME, METADATA_TYPE, PARENT_METADATA,PARENT_METADATA_NAME, REFERENCE_METADATA, REFERENCE_METADATA_NAME, REFERENCE_METADATA_TYPE)VALUES('fa7089b530624d048c1f06812b02ac98','ClaimsInjuryExt','FIELD','e4bffadd77844770a1fd696537492f28','ClaimsInjury_Type',null,null,null);
INSERT INTO PUBLIC.OBJECT_FIELD_METADATA (ID, NAME, METADATA_TYPE, PARENT_METADATA,PARENT_METADATA_NAME, REFERENCE_METADATA, REFERENCE_METADATA_NAME, REFERENCE_METADATA_TYPE)VALUES('2f52adfc369e4ef2ac7bd0d171fda2c1','ClaimsInjury','MODEL_RELATION','bad0cc9b9e4a4abe99be870d6f66223e','WorkCompStatisticalLossInfo_Type','e4bffadd77844770a1fd696537492f28','ClaimsInjury_Type','OBJECT');
INSERT INTO PUBLIC.OBJECT_FIELD_METADATA (ID, NAME, METADATA_TYPE, PARENT_METADATA,PARENT_METADATA_NAME, REFERENCE_METADATA, REFERENCE_METADATA_NAME, REFERENCE_METADATA_TYPE)VALUES('aee20bde32094c91902b75f8ebe1d3ba','LumpSumInd','FIELD','bad0cc9b9e4a4abe99be870d6f66223e','WorkCompStatisticalLossInfo_Type','4ffb0bcc3ec946d1af3ef883f4c3a4e6','Boolean','PRIMITIVE');
INSERT INTO PUBLIC.PRIMITIVE_METADATA (ID, NAME, METADATA_TYPE) VALUES('8ee2b50183124e32803984686d23e29e','ClaimStatus','PRIMITIVE');
INSERT INTO PUBLIC.OBJECT_FIELD_METADATA (ID, NAME, METADATA_TYPE, PARENT_METADATA,PARENT_METADATA_NAME, REFERENCE_METADATA, REFERENCE_METADATA_NAME, REFERENCE_METADATA_TYPE)VALUES('9ea2212540e64c3a876ec26ac1c7f0b1','ClaimStatusCd','FIELD','bad0cc9b9e4a4abe99be870d6f66223e','WorkCompStatisticalLossInfo_Type','8ee2b50183124e32803984686d23e29e','ClaimStatus','PRIMITIVE');
INSERT INTO PUBLIC.OBJECT_METADATA (ID, NAME, METADATA_TYPE, REFERENCE_METADATA, REFERENCE_METADATA_NAME) VALUES('1cc151a7537643febb476fd6cb15d0d6','ClaimsParty_Type','OBJECT',null,null);
INSERT INTO PUBLIC.OBJECT_METADATA (ID, NAME, METADATA_TYPE, REFERENCE_METADATA, REFERENCE_METADATA_NAME) VALUES('0e5d6328161344968af727c62849e2a8','ClaimsDriverInfo_Type','OBJECT',null,null);
INSERT INTO PUBLIC.OBJECT_FIELD_METADATA (ID, NAME, METADATA_TYPE, PARENT_METADATA,PARENT_METADATA_NAME, REFERENCE_METADATA, REFERENCE_METADATA_NAME, REFERENCE_METADATA_TYPE)VALUES('fd2ae1bcb1334ace97d6b538732f39a7','ClaimsDriverInfoExt','FIELD','0e5d6328161344968af727c62849e2a8','ClaimsDriverInfo_Type',null,null,null);
INSERT INTO PUBLIC.OBJECT_FIELD_METADATA (ID, NAME, METADATA_TYPE, PARENT_METADATA,PARENT_METADATA_NAME, REFERENCE_METADATA, REFERENCE_METADATA_NAME, REFERENCE_METADATA_TYPE)VALUES('7c633c15dbd54656b44318026f359e40','PermissionInd','FIELD','0e5d6328161344968af727c62849e2a8','ClaimsDriverInfo_Type','4ffb0bcc3ec946d1af3ef883f4c3a4e6','Boolean','PRIMITIVE');
INSERT INTO PUBLIC.OBJECT_FIELD_METADATA (ID, NAME, METADATA_TYPE, PARENT_METADATA,PARENT_METADATA_NAME, REFERENCE_METADATA, REFERENCE_METADATA_NAME, REFERENCE_METADATA_TYPE)VALUES('ce0a373d49504c35be9c60a6c32f5dda','OperatorAtFaultInd','FIELD','0e5d6328161344968af727c62849e2a8','ClaimsDriverInfo_Type','4ffb0bcc3ec946d1af3ef883f4c3a4e6','Boolean','PRIMITIVE');
INSERT INTO PUBLIC.OBJECT_FIELD_METADATA (ID, NAME, METADATA_TYPE, PARENT_METADATA,PARENT_METADATA_NAME, REFERENCE_METADATA, REFERENCE_METADATA_NAME, REFERENCE_METADATA_TYPE)VALUES('594d2b5b43284570a0c0da5b4a9e4fd6','AtFaultPct','FIELD','0e5d6328161344968af727c62849e2a8','ClaimsDriverInfo_Type','42787ecf7ebe44bdb047ebe0f2268d21','PercentLong','PRIMITIVE');
INSERT INTO PUBLIC.OBJECT_FIELD_METADATA (ID, NAME, METADATA_TYPE, PARENT_METADATA,PARENT_METADATA_NAME, REFERENCE_METADATA, REFERENCE_METADATA_NAME, REFERENCE_METADATA_TYPE)VALUES('7ecfe451dacf4744bb03161b8ab345d4','License','MODEL_RELATION','0e5d6328161344968af727c62849e2a8','ClaimsDriverInfo_Type','26830fc57f3f47558bfb7444c2e52e23','License_Type','OBJECT');
INSERT INTO PUBLIC.OBJECT_FIELD_METADATA (ID, NAME, METADATA_TYPE, PARENT_METADATA,PARENT_METADATA_NAME, REFERENCE_METADATA, REFERENCE_METADATA_NAME, REFERENCE_METADATA_TYPE)VALUES('70602f5734d04044a8dafdd6646aa0f8','PurposeUse','FIELD','0e5d6328161344968af727c62849e2a8','ClaimsDriverInfo_Type','4aa23ceca9374701b7716d432173c7c2','C-50','PRIMITIVE');
INSERT INTO PUBLIC.OBJECT_FIELD_METADATA (ID, NAME, METADATA_TYPE, PARENT_METADATA,PARENT_METADATA_NAME, REFERENCE_METADATA, REFERENCE_METADATA_NAME, REFERENCE_METADATA_TYPE)VALUES('925c003c34b946dea2a1daf694ea3bfb','ClaimsDriverInfo','MODEL_RELATION','1cc151a7537643febb476fd6cb15d0d6','ClaimsParty_Type','0e5d6328161344968af727c62849e2a8','ClaimsDriverInfo_Type','OBJECT');
INSERT INTO PUBLIC.OBJECT_METADATA (ID, NAME, METADATA_TYPE, REFERENCE_METADATA, REFERENCE_METADATA_NAME) VALUES('aa3b8026cbf4412c92385b05ae65869c','ClaimsInjuredInfo_Type','OBJECT',null,null);
INSERT INTO PUBLIC.OBJECT_FIELD_METADATA (ID, NAME, METADATA_TYPE, PARENT_METADATA,PARENT_METADATA_NAME, REFERENCE_METADATA, REFERENCE_METADATA_NAME, REFERENCE_METADATA_TYPE)VALUES('1cc9656097964e479cc1d9ff1f4ad4da','EquipmentUsedDesc','FIELD','aa3b8026cbf4412c92385b05ae65869c','ClaimsInjuredInfo_Type','395c33ebbd5b40f0aee8a4f93dbedf31','C-Infinite','PRIMITIVE');
INSERT INTO PUBLIC.OBJECT_FIELD_METADATA (ID, NAME, METADATA_TYPE, PARENT_METADATA,PARENT_METADATA_NAME, REFERENCE_METADATA, REFERENCE_METADATA_NAME, REFERENCE_METADATA_TYPE)VALUES('97b24869d9354e19887636b4401894c8','LostTimeInd','FIELD','aa3b8026cbf4412c92385b05ae65869c','ClaimsInjuredInfo_Type','4ffb0bcc3ec946d1af3ef883f4c3a4e6','Boolean','PRIMITIVE');
INSERT INTO PUBLIC.OBJECT_FIELD_METADATA (ID, NAME, METADATA_TYPE, PARENT_METADATA,PARENT_METADATA_NAME, REFERENCE_METADATA, REFERENCE_METADATA_NAME, REFERENCE_METADATA_TYPE)VALUES('6bb85f54077f4517995c1d9d1ad474f8','EventInfo','MODEL_RELATION','aa3b8026cbf4412c92385b05ae65869c','ClaimsInjuredInfo_Type','824141bbd8be4fa3ad9947d8e19da967','EventInfo_Type','OBJECT');
INSERT INTO PUBLIC.OBJECT_FIELD_METADATA (ID, NAME, METADATA_TYPE, PARENT_METADATA,PARENT_METADATA_NAME, REFERENCE_METADATA, REFERENCE_METADATA_NAME, REFERENCE_METADATA_TYPE)VALUES('92036f50725542738823937698910e47','ActivitiesDesc','FIELD','aa3b8026cbf4412c92385b05ae65869c','ClaimsInjuredInfo_Type','395c33ebbd5b40f0aee8a4f93dbedf31','C-Infinite','PRIMITIVE');
INSERT INTO PUBLIC.OBJECT_FIELD_METADATA (ID, NAME, METADATA_TYPE, PARENT_METADATA,PARENT_METADATA_NAME, REFERENCE_METADATA, REFERENCE_METADATA_NAME, REFERENCE_METADATA_TYPE)VALUES('47f55d18f36a41cb98248fd3f3fb5589','WorkProcessDesc','FIELD','aa3b8026cbf4412c92385b05ae65869c','ClaimsInjuredInfo_Type','395c33ebbd5b40f0aee8a4f93dbedf31','C-Infinite','PRIMITIVE');
INSERT INTO PUBLIC.OBJECT_METADATA (ID, NAME, METADATA_TYPE, REFERENCE_METADATA, REFERENCE_METADATA_NAME) VALUES('b73e1b9663cf436a821499dd66b82ba7','MedicareInfo_Type','OBJECT',null,null);
INSERT INTO PUBLIC.OBJECT_FIELD_METADATA (ID, NAME, METADATA_TYPE, PARENT_METADATA,PARENT_METADATA_NAME, REFERENCE_METADATA, REFERENCE_METADATA_NAME, REFERENCE_METADATA_TYPE)VALUES('9898558e9de14e2b87141becd9cc11dc','MedicareStatusCheckInd','FIELD','b73e1b9663cf436a821499dd66b82ba7','MedicareInfo_Type','4ffb0bcc3ec946d1af3ef883f4c3a4e6','Boolean','PRIMITIVE');
INSERT INTO PUBLIC.PRIMITIVE_METADATA (ID, NAME, METADATA_TYPE) VALUES('5987ffd562494e10a6be6f1e671341e6','MedicareAuthority','PRIMITIVE');
INSERT INTO PUBLIC.OBJECT_FIELD_METADATA (ID, NAME, METADATA_TYPE, PARENT_METADATA,PARENT_METADATA_NAME, REFERENCE_METADATA, REFERENCE_METADATA_NAME, REFERENCE_METADATA_TYPE)VALUES('273705a631444b23bdfc186b4f47f008','MedicareAuthorityCheckCd','FIELD','b73e1b9663cf436a821499dd66b82ba7','MedicareInfo_Type','5987ffd562494e10a6be6f1e671341e6','MedicareAuthority','PRIMITIVE');
INSERT INTO PUBLIC.OBJECT_FIELD_METADATA (ID, NAME, METADATA_TYPE, PARENT_METADATA,PARENT_METADATA_NAME, REFERENCE_METADATA, REFERENCE_METADATA_NAME, REFERENCE_METADATA_TYPE)VALUES('62d3fa232a0b45d090e2ce8dd1b62bfe','TotalIncurredAmt','MODEL_RELATION','b73e1b9663cf436a821499dd66b82ba7','MedicareInfo_Type','4fa89203e94a4637baa0484d19b460c5','CURRENCY','OBJECT');
INSERT INTO PUBLIC.OBJECT_FIELD_METADATA (ID, NAME, METADATA_TYPE, PARENT_METADATA,PARENT_METADATA_NAME, REFERENCE_METADATA, REFERENCE_METADATA_NAME, REFERENCE_METADATA_TYPE)VALUES('0fca61f989bc4ca481dcf67872b4d3f0','MSPInd','FIELD','b73e1b9663cf436a821499dd66b82ba7','MedicareInfo_Type','4ffb0bcc3ec946d1af3ef883f4c3a4e6','Boolean','PRIMITIVE');
INSERT INTO PUBLIC.OBJECT_FIELD_METADATA (ID, NAME, METADATA_TYPE, PARENT_METADATA,PARENT_METADATA_NAME, REFERENCE_METADATA, REFERENCE_METADATA_NAME, REFERENCE_METADATA_TYPE)VALUES('68a773e9e8394a8d81507bc343b59868','MedicareInfoExt','FIELD','b73e1b9663cf436a821499dd66b82ba7','MedicareInfo_Type',null,null,null);
INSERT INTO PUBLIC.OBJECT_FIELD_METADATA (ID, NAME, METADATA_TYPE, PARENT_METADATA,PARENT_METADATA_NAME, REFERENCE_METADATA, REFERENCE_METADATA_NAME, REFERENCE_METADATA_TYPE)VALUES('f5277e4d5019426a91c484c6541760a1','BIInd','FIELD','b73e1b9663cf436a821499dd66b82ba7','MedicareInfo_Type','4ffb0bcc3ec946d1af3ef883f4c3a4e6','Boolean','PRIMITIVE');
INSERT INTO PUBLIC.PRIMITIVE_METADATA (ID, NAME, METADATA_TYPE) VALUES('501e3a412a7342ab8813734bccad458a','MedicareStatusOutcome','PRIMITIVE');
INSERT INTO PUBLIC.OBJECT_FIELD_METADATA (ID, NAME, METADATA_TYPE, PARENT_METADATA,PARENT_METADATA_NAME, REFERENCE_METADATA, REFERENCE_METADATA_NAME, REFERENCE_METADATA_TYPE)VALUES('514538a2495b4f92a20782397830afac','MedicareStatusOutcomeCd','FIELD','b73e1b9663cf436a821499dd66b82ba7','MedicareInfo_Type','501e3a412a7342ab8813734bccad458a','MedicareStatusOutcome','PRIMITIVE');
INSERT INTO PUBLIC.OBJECT_FIELD_METADATA (ID, NAME, METADATA_TYPE, PARENT_METADATA,PARENT_METADATA_NAME, REFERENCE_METADATA, REFERENCE_METADATA_NAME, REFERENCE_METADATA_TYPE)VALUES('92214b5c47104ea0883d34bc60e89c0d','MedicareInfo','MODEL_RELATION','aa3b8026cbf4412c92385b05ae65869c','ClaimsInjuredInfo_Type','b73e1b9663cf436a821499dd66b82ba7','MedicareInfo_Type','OBJECT');
INSERT INTO PUBLIC.OBJECT_FIELD_METADATA (ID, NAME, METADATA_TYPE, PARENT_METADATA,PARENT_METADATA_NAME, REFERENCE_METADATA, REFERENCE_METADATA_NAME, REFERENCE_METADATA_TYPE)VALUES('23d830029782422890441f2b270883da','EventsDesc','FIELD','aa3b8026cbf4412c92385b05ae65869c','ClaimsInjuredInfo_Type','395c33ebbd5b40f0aee8a4f93dbedf31','C-Infinite','PRIMITIVE');
INSERT INTO PUBLIC.OBJECT_FIELD_METADATA (ID, NAME, METADATA_TYPE, PARENT_METADATA,PARENT_METADATA_NAME, REFERENCE_METADATA, REFERENCE_METADATA_NAME, REFERENCE_METADATA_TYPE)VALUES('7516b2f9fe1a403d938e8937d3eb47e5','FatalityInd','FIELD','aa3b8026cbf4412c92385b05ae65869c','ClaimsInjuredInfo_Type','4ffb0bcc3ec946d1af3ef883f4c3a4e6','Boolean','PRIMITIVE');
INSERT INTO PUBLIC.OBJECT_FIELD_METADATA (ID, NAME, METADATA_TYPE, PARENT_METADATA,PARENT_METADATA_NAME, REFERENCE_METADATA, REFERENCE_METADATA_NAME, REFERENCE_METADATA_TYPE)VALUES('af0e7ca813e844ab975d2e17fa6c3e65','TimeLostPeriod','MODEL_RELATION','aa3b8026cbf4412c92385b05ae65869c','ClaimsInjuredInfo_Type','2ba28904532b44bfb94bb9bca9b86a8a','DURATION','OBJECT');
INSERT INTO PUBLIC.OBJECT_FIELD_METADATA (ID, NAME, METADATA_TYPE, PARENT_METADATA,PARENT_METADATA_NAME, REFERENCE_METADATA, REFERENCE_METADATA_NAME, REFERENCE_METADATA_TYPE)VALUES('e30c7e3f29fb4cfeb05053ca7a532f48','RestrictedWorkPeriod','MODEL_RELATION','aa3b8026cbf4412c92385b05ae65869c','ClaimsInjuredInfo_Type','2ba28904532b44bfb94bb9bca9b86a8a','DURATION','OBJECT');
INSERT INTO PUBLIC.OBJECT_FIELD_METADATA (ID, NAME, METADATA_TYPE, PARENT_METADATA,PARENT_METADATA_NAME, REFERENCE_METADATA, REFERENCE_METADATA_NAME, REFERENCE_METADATA_TYPE)VALUES('0fcb1e56f59f4278820fb2119fcbca1d','ClaimsInjury','MODEL_RELATION','aa3b8026cbf4412c92385b05ae65869c','ClaimsInjuredInfo_Type','e4bffadd77844770a1fd696537492f28','ClaimsInjury_Type','OBJECT');
INSERT INTO PUBLIC.OBJECT_METADATA (ID, NAME, METADATA_TYPE, REFERENCE_METADATA, REFERENCE_METADATA_NAME) VALUES('632bcca0fb0d41cb83ec507488e533dc','MedicalTreatment_Type','OBJECT',null,null);
INSERT INTO PUBLIC.OBJECT_FIELD_METADATA (ID, NAME, METADATA_TYPE, PARENT_METADATA,PARENT_METADATA_NAME, REFERENCE_METADATA, REFERENCE_METADATA_NAME, REFERENCE_METADATA_TYPE)VALUES('976940aabeb340a0b5812a5b3add1342','TreatmentDesc','FIELD','632bcca0fb0d41cb83ec507488e533dc','MedicalTreatment_Type','2344631100044813a5126adcfb93e80d','C-255','PRIMITIVE');
INSERT INTO PUBLIC.OBJECT_FIELD_METADATA (ID, NAME, METADATA_TYPE, PARENT_METADATA,PARENT_METADATA_NAME, REFERENCE_METADATA, REFERENCE_METADATA_NAME, REFERENCE_METADATA_TYPE)VALUES('07272932d9a1428e9b01ef5b6b35df0e','TreatmentFrequencyCd','FIELD','632bcca0fb0d41cb83ec507488e533dc','MedicalTreatment_Type','90030f3dd02843e3b982684d2bd6039d','Frequency','PRIMITIVE');
INSERT INTO PUBLIC.OBJECT_FIELD_METADATA (ID, NAME, METADATA_TYPE, PARENT_METADATA,PARENT_METADATA_NAME, REFERENCE_METADATA, REFERENCE_METADATA_NAME, REFERENCE_METADATA_TYPE)VALUES('d43a97145a3448da925c5a1816e63485','TreatmentDosage','MODEL_RELATION','632bcca0fb0d41cb83ec507488e533dc','MedicalTreatment_Type','1df1057b06734b019460d9f8fb0a43b0','MEASUREMENT','OBJECT');
INSERT INTO PUBLIC.OBJECT_FIELD_METADATA (ID, NAME, METADATA_TYPE, PARENT_METADATA,PARENT_METADATA_NAME, REFERENCE_METADATA, REFERENCE_METADATA_NAME, REFERENCE_METADATA_TYPE)VALUES('f776c913b79b4ff6af989c88cbc89859','MedicalTreatmentExt','FIELD','632bcca0fb0d41cb83ec507488e533dc','MedicalTreatment_Type',null,null,null);
INSERT INTO PUBLIC.OBJECT_FIELD_METADATA (ID, NAME, METADATA_TYPE, PARENT_METADATA,PARENT_METADATA_NAME, REFERENCE_METADATA, REFERENCE_METADATA_NAME, REFERENCE_METADATA_TYPE)VALUES('baddd48ea6e7476ca0b6e873d601c7ae','MiscParty','MODEL_RELATION','632bcca0fb0d41cb83ec507488e533dc','MedicalTreatment_Type','0a76585a8ae342d897387f29800d50c8','MiscParty_Type','OBJECT');
INSERT INTO PUBLIC.OBJECT_FIELD_METADATA (ID, NAME, METADATA_TYPE, PARENT_METADATA,PARENT_METADATA_NAME, REFERENCE_METADATA, REFERENCE_METADATA_NAME, REFERENCE_METADATA_TYPE)VALUES('8eee563f295747cd871a2a1f4c19b530','LengthTimeUnderPhysiciansCare','MODEL_RELATION','632bcca0fb0d41cb83ec507488e533dc','MedicalTreatment_Type','1df1057b06734b019460d9f8fb0a43b0','MEASUREMENT','OBJECT');
INSERT INTO PUBLIC.OBJECT_FIELD_METADATA (ID, NAME, METADATA_TYPE, PARENT_METADATA,PARENT_METADATA_NAME, REFERENCE_METADATA, REFERENCE_METADATA_NAME, REFERENCE_METADATA_TYPE)VALUES('d18e300bf344485f8c641a8d46311a29','LastTreatmentDt','FIELD','632bcca0fb0d41cb83ec507488e533dc','MedicalTreatment_Type','3b0a2ca6cf3a4fb19718e35aa60287cd','Date','PRIMITIVE');
INSERT INTO PUBLIC.PRIMITIVE_METADATA (ID, NAME, METADATA_TYPE) VALUES('575773483c604a4b8d922a80cb49947b','Treatment','PRIMITIVE');
INSERT INTO PUBLIC.OBJECT_FIELD_METADATA (ID, NAME, METADATA_TYPE, PARENT_METADATA,PARENT_METADATA_NAME, REFERENCE_METADATA, REFERENCE_METADATA_NAME, REFERENCE_METADATA_TYPE)VALUES('edef02a95b314852b79f3228aa2387ba','TreatmentCd','FIELD','632bcca0fb0d41cb83ec507488e533dc','MedicalTreatment_Type','575773483c604a4b8d922a80cb49947b','Treatment','PRIMITIVE');
INSERT INTO PUBLIC.PRIMITIVE_METADATA (ID, NAME, METADATA_TYPE) VALUES('a8f317d482904c71b31ae168bd444db6','TreatmentAdministrationMethod','PRIMITIVE');
INSERT INTO PUBLIC.OBJECT_FIELD_METADATA (ID, NAME, METADATA_TYPE, PARENT_METADATA,PARENT_METADATA_NAME, REFERENCE_METADATA, REFERENCE_METADATA_NAME, REFERENCE_METADATA_TYPE)VALUES('b4b4184316d14cf6afa17009d76d86f2','TreatmentAdministrationMethodCd','FIELD','632bcca0fb0d41cb83ec507488e533dc','MedicalTreatment_Type','a8f317d482904c71b31ae168bd444db6','TreatmentAdministrationMethod','PRIMITIVE');
INSERT INTO PUBLIC.OBJECT_FIELD_METADATA (ID, NAME, METADATA_TYPE, PARENT_METADATA,PARENT_METADATA_NAME, REFERENCE_METADATA, REFERENCE_METADATA_NAME, REFERENCE_METADATA_TYPE)VALUES('206f158738ef4fef92f1dadfd3c881f4','MedicalTreatment','MODEL_RELATION','aa3b8026cbf4412c92385b05ae65869c','ClaimsInjuredInfo_Type','632bcca0fb0d41cb83ec507488e533dc','MedicalTreatment_Type','OBJECT');
INSERT INTO PUBLIC.OBJECT_FIELD_METADATA (ID, NAME, METADATA_TYPE, PARENT_METADATA,PARENT_METADATA_NAME, REFERENCE_METADATA, REFERENCE_METADATA_NAME, REFERENCE_METADATA_TYPE)VALUES('e5403edda1324178ab12f44915e123fe','ICDDiagnosticCd','FIELD','aa3b8026cbf4412c92385b05ae65869c','ClaimsInjuredInfo_Type','6240ce877a244a73a1253961131c6cc9','IndustryCode_Type','PRIMITIVE');
INSERT INTO PUBLIC.OBJECT_FIELD_METADATA (ID, NAME, METADATA_TYPE, PARENT_METADATA,PARENT_METADATA_NAME, REFERENCE_METADATA, REFERENCE_METADATA_NAME, REFERENCE_METADATA_TYPE)VALUES('5f56b47b90cb444f9676c4c687a1dd1f','ClaimsInjuredInfoExt','FIELD','aa3b8026cbf4412c92385b05ae65869c','ClaimsInjuredInfo_Type',null,null,null);
INSERT INTO PUBLIC.PRIMITIVE_METADATA (ID, NAME, METADATA_TYPE) VALUES('350b686e02e641b9a281c808b1c9fce3','InitialTreatment','PRIMITIVE');
INSERT INTO PUBLIC.OBJECT_FIELD_METADATA (ID, NAME, METADATA_TYPE, PARENT_METADATA,PARENT_METADATA_NAME, REFERENCE_METADATA, REFERENCE_METADATA_NAME, REFERENCE_METADATA_TYPE)VALUES('8c8c1779f8934282971e77034b679c32','InitialTreatmentCd','FIELD','aa3b8026cbf4412c92385b05ae65869c','ClaimsInjuredInfo_Type','350b686e02e641b9a281c808b1c9fce3','InitialTreatment','PRIMITIVE');
INSERT INTO PUBLIC.OBJECT_FIELD_METADATA (ID, NAME, METADATA_TYPE, PARENT_METADATA,PARENT_METADATA_NAME, REFERENCE_METADATA, REFERENCE_METADATA_NAME, REFERENCE_METADATA_TYPE)VALUES('b19ade61d73a4aaa9a13857f658a3eb2','WhereTakenDesc','FIELD','aa3b8026cbf4412c92385b05ae65869c','ClaimsInjuredInfo_Type','2344631100044813a5126adcfb93e80d','C-255','PRIMITIVE');
INSERT INTO PUBLIC.OBJECT_FIELD_METADATA (ID, NAME, METADATA_TYPE, PARENT_METADATA,PARENT_METADATA_NAME, REFERENCE_METADATA, REFERENCE_METADATA_NAME, REFERENCE_METADATA_TYPE)VALUES('3df1d851acc846718fd65d66c4c23ff1','SurgeryInd','FIELD','aa3b8026cbf4412c92385b05ae65869c','ClaimsInjuredInfo_Type','4ffb0bcc3ec946d1af3ef883f4c3a4e6','Boolean','PRIMITIVE');
INSERT INTO PUBLIC.OBJECT_FIELD_METADATA (ID, NAME, METADATA_TYPE, PARENT_METADATA,PARENT_METADATA_NAME, REFERENCE_METADATA, REFERENCE_METADATA_NAME, REFERENCE_METADATA_TYPE)VALUES('03e30bbb2b1c4e86b4070f92b90d1e8b','PreExistingDisabilityCd','FIELD','aa3b8026cbf4412c92385b05ae65869c','ClaimsInjuredInfo_Type','dc55357aa2d44ea196c5c73124877b1d','Response','PRIMITIVE');
INSERT INTO PUBLIC.OBJECT_FIELD_METADATA (ID, NAME, METADATA_TYPE, PARENT_METADATA,PARENT_METADATA_NAME, REFERENCE_METADATA, REFERENCE_METADATA_NAME, REFERENCE_METADATA_TYPE)VALUES('4bb5522a01de4f958d3af65703a628a8','Age','FIELD','aa3b8026cbf4412c92385b05ae65869c','ClaimsInjuredInfo_Type','c896845db6f640c6bf65093333a64c69','Decimal','PRIMITIVE');
INSERT INTO PUBLIC.OBJECT_FIELD_METADATA (ID, NAME, METADATA_TYPE, PARENT_METADATA,PARENT_METADATA_NAME, REFERENCE_METADATA, REFERENCE_METADATA_NAME, REFERENCE_METADATA_TYPE)VALUES('de4cb212fadb4045bd175224e73c2530','ClaimsInjuredInfo','MODEL_RELATION','1cc151a7537643febb476fd6cb15d0d6','ClaimsParty_Type','aa3b8026cbf4412c92385b05ae65869c','ClaimsInjuredInfo_Type','OBJECT');
INSERT INTO PUBLIC.OBJECT_METADATA (ID, NAME, METADATA_TYPE, REFERENCE_METADATA, REFERENCE_METADATA_NAME) VALUES('1b811a73de9a461b95b33e0671e7407f','WitnessInfo_Type','OBJECT',null,null);
INSERT INTO PUBLIC.OBJECT_FIELD_METADATA (ID, NAME, METADATA_TYPE, PARENT_METADATA,PARENT_METADATA_NAME, REFERENCE_METADATA, REFERENCE_METADATA_NAME, REFERENCE_METADATA_TYPE)VALUES('b7abcae82d904ebe9ead98e4ab21374b','LossDt','FIELD','1b811a73de9a461b95b33e0671e7407f','WitnessInfo_Type','3b0a2ca6cf3a4fb19718e35aa60287cd','Date','PRIMITIVE');
INSERT INTO PUBLIC.OBJECT_FIELD_METADATA (ID, NAME, METADATA_TYPE, PARENT_METADATA,PARENT_METADATA_NAME, REFERENCE_METADATA, REFERENCE_METADATA_NAME, REFERENCE_METADATA_TYPE)VALUES('aad64519695c46299434a933ce016303','DestinationDesc','FIELD','1b811a73de9a461b95b33e0671e7407f','WitnessInfo_Type','395c33ebbd5b40f0aee8a4f93dbedf31','C-Infinite','PRIMITIVE');
INSERT INTO PUBLIC.OBJECT_FIELD_METADATA (ID, NAME, METADATA_TYPE, PARENT_METADATA,PARENT_METADATA_NAME, REFERENCE_METADATA, REFERENCE_METADATA_NAME, REFERENCE_METADATA_TYPE)VALUES('fad27c494115462e80a8904aa275eab3','LossTime','FIELD','1b811a73de9a461b95b33e0671e7407f','WitnessInfo_Type','51d491822772403b96d2277d75c8912f','Time','PRIMITIVE');
INSERT INTO PUBLIC.OBJECT_FIELD_METADATA (ID, NAME, METADATA_TYPE, PARENT_METADATA,PARENT_METADATA_NAME, REFERENCE_METADATA, REFERENCE_METADATA_NAME, REFERENCE_METADATA_TYPE)VALUES('63bb8620e9e941cd953f8be8c609fb12','InjuriesInd','FIELD','1b811a73de9a461b95b33e0671e7407f','WitnessInfo_Type','4ffb0bcc3ec946d1af3ef883f4c3a4e6','Boolean','PRIMITIVE');
INSERT INTO PUBLIC.OBJECT_FIELD_METADATA (ID, NAME, METADATA_TYPE, PARENT_METADATA,PARENT_METADATA_NAME, REFERENCE_METADATA, REFERENCE_METADATA_NAME, REFERENCE_METADATA_TYPE)VALUES('0fb17dc94a164aba94d6ec8c096384d0','WitnessInfoExt','FIELD','1b811a73de9a461b95b33e0671e7407f','WitnessInfo_Type',null,null,null);
INSERT INTO PUBLIC.OBJECT_FIELD_METADATA (ID, NAME, METADATA_TYPE, PARENT_METADATA,PARENT_METADATA_NAME, REFERENCE_METADATA, REFERENCE_METADATA_NAME, REFERENCE_METADATA_TYPE)VALUES('3118a622d0c54958b8fd85da757ef4fc','WitnessIncidentInd','FIELD','1b811a73de9a461b95b33e0671e7407f','WitnessInfo_Type','4ffb0bcc3ec946d1af3ef883f4c3a4e6','Boolean','PRIMITIVE');
INSERT INTO PUBLIC.OBJECT_FIELD_METADATA (ID, NAME, METADATA_TYPE, PARENT_METADATA,PARENT_METADATA_NAME, REFERENCE_METADATA, REFERENCE_METADATA_NAME, REFERENCE_METADATA_TYPE)VALUES('917a76612bde4e6182c5dcf2fb016f77','IncidentDesc','FIELD','1b811a73de9a461b95b33e0671e7407f','WitnessInfo_Type','395c33ebbd5b40f0aee8a4f93dbedf31','C-Infinite','PRIMITIVE');
INSERT INTO PUBLIC.OBJECT_FIELD_METADATA (ID, NAME, METADATA_TYPE, PARENT_METADATA,PARENT_METADATA_NAME, REFERENCE_METADATA, REFERENCE_METADATA_NAME, REFERENCE_METADATA_TYPE)VALUES('614bddd2fe54404480fcad26ea40e3ae','OriginDesc','FIELD','1b811a73de9a461b95b33e0671e7407f','WitnessInfo_Type','395c33ebbd5b40f0aee8a4f93dbedf31','C-Infinite','PRIMITIVE');
INSERT INTO PUBLIC.OBJECT_FIELD_METADATA (ID, NAME, METADATA_TYPE, PARENT_METADATA,PARENT_METADATA_NAME, REFERENCE_METADATA, REFERENCE_METADATA_NAME, REFERENCE_METADATA_TYPE)VALUES('4bc0a04f0c774b0c9c38ec6943096fea','WitnessInfo','MODEL_RELATION','1cc151a7537643febb476fd6cb15d0d6','ClaimsParty_Type','1b811a73de9a461b95b33e0671e7407f','WitnessInfo_Type','OBJECT');
INSERT INTO PUBLIC.OBJECT_FIELD_METADATA (ID, NAME, METADATA_TYPE, PARENT_METADATA,PARENT_METADATA_NAME, REFERENCE_METADATA, REFERENCE_METADATA_NAME, REFERENCE_METADATA_TYPE)VALUES('43592f5f1fb74537a2942ee88443cd1a','ClaimsPartyExt','FIELD','1cc151a7537643febb476fd6cb15d0d6','ClaimsParty_Type',null,null,null);
INSERT INTO PUBLIC.OBJECT_FIELD_METADATA (ID, NAME, METADATA_TYPE, PARENT_METADATA,PARENT_METADATA_NAME, REFERENCE_METADATA, REFERENCE_METADATA_NAME, REFERENCE_METADATA_TYPE)VALUES('51556f290b4e42869df958f11a52e8ee','PersonInfo','MODEL_RELATION','1cc151a7537643febb476fd6cb15d0d6','ClaimsParty_Type','15e297229a9b45379b6259fa7d56404a','PersonInfo_Type','OBJECT');
INSERT INTO PUBLIC.OBJECT_METADATA (ID, NAME, METADATA_TYPE, REFERENCE_METADATA, REFERENCE_METADATA_NAME) VALUES('1ae603d7bd5f44708a01f15a4437089a','PartyInvestigationInfo_Type','OBJECT',null,null);
INSERT INTO PUBLIC.OBJECT_FIELD_METADATA (ID, NAME, METADATA_TYPE, PARENT_METADATA,PARENT_METADATA_NAME, REFERENCE_METADATA, REFERENCE_METADATA_NAME, REFERENCE_METADATA_TYPE)VALUES('16191f75028748ee867b6468a7fb8cef','SSNValidationCd','FIELD','1ae603d7bd5f44708a01f15a4437089a','PartyInvestigationInfo_Type','6240ce877a244a73a1253961131c6cc9','IndustryCode_Type','PRIMITIVE');
INSERT INTO PUBLIC.OBJECT_FIELD_METADATA (ID, NAME, METADATA_TYPE, PARENT_METADATA,PARENT_METADATA_NAME, REFERENCE_METADATA, REFERENCE_METADATA_NAME, REFERENCE_METADATA_TYPE)VALUES('3e9156596f7942a88d1c577802e9d803','PartyInvestigationInfoExt','FIELD','1ae603d7bd5f44708a01f15a4437089a','PartyInvestigationInfo_Type',null,null,null);
INSERT INTO PUBLIC.OBJECT_FIELD_METADATA (ID, NAME, METADATA_TYPE, PARENT_METADATA,PARENT_METADATA_NAME, REFERENCE_METADATA, REFERENCE_METADATA_NAME, REFERENCE_METADATA_TYPE)VALUES('11e647edd2ab494096c1d2b1245d36b3','SuppressMatchInd','FIELD','1ae603d7bd5f44708a01f15a4437089a','PartyInvestigationInfo_Type','4ffb0bcc3ec946d1af3ef883f4c3a4e6','Boolean','PRIMITIVE');
INSERT INTO PUBLIC.OBJECT_FIELD_METADATA (ID, NAME, METADATA_TYPE, PARENT_METADATA,PARENT_METADATA_NAME, REFERENCE_METADATA, REFERENCE_METADATA_NAME, REFERENCE_METADATA_TYPE)VALUES('6017fd1cea324f00af399efa6eb12c27','SocialSecurityIssuancePeriod','MODEL_RELATION','1ae603d7bd5f44708a01f15a4437089a','PartyInvestigationInfo_Type','2ba28904532b44bfb94bb9bca9b86a8a','DURATION','OBJECT');
INSERT INTO PUBLIC.OBJECT_FIELD_METADATA (ID, NAME, METADATA_TYPE, PARENT_METADATA,PARENT_METADATA_NAME, REFERENCE_METADATA, REFERENCE_METADATA_NAME, REFERENCE_METADATA_TYPE)VALUES('f1729dfba8394dbca565f11a221c041b','TINValidationCd','FIELD','1ae603d7bd5f44708a01f15a4437089a','PartyInvestigationInfo_Type','6240ce877a244a73a1253961131c6cc9','IndustryCode_Type','PRIMITIVE');
INSERT INTO PUBLIC.OBJECT_FIELD_METADATA (ID, NAME, METADATA_TYPE, PARENT_METADATA,PARENT_METADATA_NAME, REFERENCE_METADATA, REFERENCE_METADATA_NAME, REFERENCE_METADATA_TYPE)VALUES('dff9a950620c412381b481ce6e5ef415','DisputeStatementDesc','FIELD','1ae603d7bd5f44708a01f15a4437089a','PartyInvestigationInfo_Type','395c33ebbd5b40f0aee8a4f93dbedf31','C-Infinite','PRIMITIVE');
INSERT INTO PUBLIC.OBJECT_METADATA (ID, NAME, METADATA_TYPE, REFERENCE_METADATA, REFERENCE_METADATA_NAME) VALUES('1ce88439e79f45539622729a115c2fc9','ProfessionalSanctionInfo_Type','OBJECT',null,null);
INSERT INTO PUBLIC.OBJECT_FIELD_METADATA (ID, NAME, METADATA_TYPE, PARENT_METADATA,PARENT_METADATA_NAME, REFERENCE_METADATA, REFERENCE_METADATA_NAME, REFERENCE_METADATA_TYPE)VALUES('a5fb81e8ce734aa1a549434d4e142e89','ProfessionalSanctionInfoExt','FIELD','1ce88439e79f45539622729a115c2fc9','ProfessionalSanctionInfo_Type',null,null,null);
INSERT INTO PUBLIC.OBJECT_FIELD_METADATA (ID, NAME, METADATA_TYPE, PARENT_METADATA,PARENT_METADATA_NAME, REFERENCE_METADATA, REFERENCE_METADATA_NAME, REFERENCE_METADATA_TYPE)VALUES('f9ea875cb442437ba3e10c3927d048b0','SanctionDt','FIELD','1ce88439e79f45539622729a115c2fc9','ProfessionalSanctionInfo_Type','3b0a2ca6cf3a4fb19718e35aa60287cd','Date','PRIMITIVE');
INSERT INTO PUBLIC.OBJECT_FIELD_METADATA (ID, NAME, METADATA_TYPE, PARENT_METADATA,PARENT_METADATA_NAME, REFERENCE_METADATA, REFERENCE_METADATA_NAME, REFERENCE_METADATA_TYPE)VALUES('96f2ba9b61514e5c97cfe05f5639ca5b','SpecialtyDesc','FIELD','1ce88439e79f45539622729a115c2fc9','ProfessionalSanctionInfo_Type','2344631100044813a5126adcfb93e80d','C-255','PRIMITIVE');
INSERT INTO PUBLIC.OBJECT_FIELD_METADATA (ID, NAME, METADATA_TYPE, PARENT_METADATA,PARENT_METADATA_NAME, REFERENCE_METADATA, REFERENCE_METADATA_NAME, REFERENCE_METADATA_TYPE)VALUES('488b4d86a1f546c1b91af6fe497f3193','ProfessionalSanctionCd','FIELD','1ce88439e79f45539622729a115c2fc9','ProfessionalSanctionInfo_Type','6240ce877a244a73a1253961131c6cc9','IndustryCode_Type','PRIMITIVE');
INSERT INTO PUBLIC.OBJECT_FIELD_METADATA (ID, NAME, METADATA_TYPE, PARENT_METADATA,PARENT_METADATA_NAME, REFERENCE_METADATA, REFERENCE_METADATA_NAME, REFERENCE_METADATA_TYPE)VALUES('3ffaefad33b04e3b9ec71a9b3c1aa62c','SanctioningOrganization','FIELD','1ce88439e79f45539622729a115c2fc9','ProfessionalSanctionInfo_Type','556d0fd305d84c408c3f510bdb79e07f','C-60','PRIMITIVE');
INSERT INTO PUBLIC.OBJECT_FIELD_METADATA (ID, NAME, METADATA_TYPE, PARENT_METADATA,PARENT_METADATA_NAME, REFERENCE_METADATA, REFERENCE_METADATA_NAME, REFERENCE_METADATA_TYPE)VALUES('f2bb321a0a854b58a30a8e2e90b8ce4d','ProfessionalSanctionInfo','MODEL_RELATION','1ae603d7bd5f44708a01f15a4437089a','PartyInvestigationInfo_Type','1ce88439e79f45539622729a115c2fc9','ProfessionalSanctionInfo_Type','OBJECT');
INSERT INTO PUBLIC.OBJECT_FIELD_METADATA (ID, NAME, METADATA_TYPE, PARENT_METADATA,PARENT_METADATA_NAME, REFERENCE_METADATA, REFERENCE_METADATA_NAME, REFERENCE_METADATA_TYPE)VALUES('a5c97708e6e0470787010e01d9df21f6','PartyInvestigationInfo','MODEL_RELATION','1cc151a7537643febb476fd6cb15d0d6','ClaimsParty_Type','1ae603d7bd5f44708a01f15a4437089a','PartyInvestigationInfo_Type','OBJECT');
INSERT INTO PUBLIC.OBJECT_FIELD_METADATA (ID, NAME, METADATA_TYPE, PARENT_METADATA,PARENT_METADATA_NAME, REFERENCE_METADATA, REFERENCE_METADATA_NAME, REFERENCE_METADATA_TYPE)VALUES('e65d6e367534446ea2c1422bc3452cda','GeneralPartyInfo','MODEL_RELATION','1cc151a7537643febb476fd6cb15d0d6','ClaimsParty_Type','d95b1cb018eb42c690b817b73cf4d5fa','GeneralPartyInfo_Type','OBJECT');
INSERT INTO PUBLIC.OBJECT_METADATA (ID, NAME, METADATA_TYPE, REFERENCE_METADATA, REFERENCE_METADATA_NAME) VALUES('3d0b87c240bc4817bfa79c95b6c2d3fb','ClaimsPartyInfo_Type','OBJECT',null,null);
INSERT INTO PUBLIC.OBJECT_FIELD_METADATA (ID, NAME, METADATA_TYPE, PARENT_METADATA,PARENT_METADATA_NAME, REFERENCE_METADATA, REFERENCE_METADATA_NAME, REFERENCE_METADATA_TYPE)VALUES('3dab34a764794375b861ea6559c28ed0','InvolvementDesc','FIELD','3d0b87c240bc4817bfa79c95b6c2d3fb','ClaimsPartyInfo_Type','395c33ebbd5b40f0aee8a4f93dbedf31','C-Infinite','PRIMITIVE');
INSERT INTO PUBLIC.OBJECT_FIELD_METADATA (ID, NAME, METADATA_TYPE, PARENT_METADATA,PARENT_METADATA_NAME, REFERENCE_METADATA, REFERENCE_METADATA_NAME, REFERENCE_METADATA_TYPE)VALUES('ce600a397ddb45f48c6e2220b243a8bf','AuthorizedRepInd','FIELD','3d0b87c240bc4817bfa79c95b6c2d3fb','ClaimsPartyInfo_Type','4ffb0bcc3ec946d1af3ef883f4c3a4e6','Boolean','PRIMITIVE');
INSERT INTO PUBLIC.OBJECT_FIELD_METADATA (ID, NAME, METADATA_TYPE, PARENT_METADATA,PARENT_METADATA_NAME, REFERENCE_METADATA, REFERENCE_METADATA_NAME, REFERENCE_METADATA_TYPE)VALUES('6a448820256d41a790c86c93a0d2f821','ClosedDt','FIELD','3d0b87c240bc4817bfa79c95b6c2d3fb','ClaimsPartyInfo_Type','3b0a2ca6cf3a4fb19718e35aa60287cd','Date','PRIMITIVE');
INSERT INTO PUBLIC.OBJECT_FIELD_METADATA (ID, NAME, METADATA_TYPE, PARENT_METADATA,PARENT_METADATA_NAME, REFERENCE_METADATA, REFERENCE_METADATA_NAME, REFERENCE_METADATA_TYPE)VALUES('743640f8711f4d3188da9e58b630c94e','GrossTPARecoveriesOutstandingAmt','MODEL_RELATION','3d0b87c240bc4817bfa79c95b6c2d3fb','ClaimsPartyInfo_Type','4fa89203e94a4637baa0484d19b460c5','CURRENCY','OBJECT');
INSERT INTO PUBLIC.OBJECT_FIELD_METADATA (ID, NAME, METADATA_TYPE, PARENT_METADATA,PARENT_METADATA_NAME, REFERENCE_METADATA, REFERENCE_METADATA_NAME, REFERENCE_METADATA_TYPE)VALUES('c1ff6d456c574e66ba7bc21370f21867','ClaimsPartyInfoExt','FIELD','3d0b87c240bc4817bfa79c95b6c2d3fb','ClaimsPartyInfo_Type',null,null,null);
INSERT INTO PUBLIC.PRIMITIVE_METADATA (ID, NAME, METADATA_TYPE) VALUES('1a8ef10e625f478f87faa7389ed8295b','ClaimsPartyRole','PRIMITIVE');
INSERT INTO PUBLIC.OBJECT_FIELD_METADATA (ID, NAME, METADATA_TYPE, PARENT_METADATA,PARENT_METADATA_NAME, REFERENCE_METADATA, REFERENCE_METADATA_NAME, REFERENCE_METADATA_TYPE)VALUES('351a5b3621b149b3a766dffcc84fe1e3','ClaimsPartyRoleCd','FIELD','3d0b87c240bc4817bfa79c95b6c2d3fb','ClaimsPartyInfo_Type','1a8ef10e625f478f87faa7389ed8295b','ClaimsPartyRole','PRIMITIVE');
INSERT INTO PUBLIC.OBJECT_FIELD_METADATA (ID, NAME, METADATA_TYPE, PARENT_METADATA,PARENT_METADATA_NAME, REFERENCE_METADATA, REFERENCE_METADATA_NAME, REFERENCE_METADATA_TYPE)VALUES('56ad21d38633401ab09358eaa7aa79ea','SuitFiledInd','FIELD','3d0b87c240bc4817bfa79c95b6c2d3fb','ClaimsPartyInfo_Type','4ffb0bcc3ec946d1af3ef883f4c3a4e6','Boolean','PRIMITIVE');
INSERT INTO PUBLIC.PRIMITIVE_METADATA (ID, NAME, METADATA_TYPE) VALUES('4b203be831b04c3fbb48543441ba8186','ClaimsPartyLocation','PRIMITIVE');
INSERT INTO PUBLIC.OBJECT_FIELD_METADATA (ID, NAME, METADATA_TYPE, PARENT_METADATA,PARENT_METADATA_NAME, REFERENCE_METADATA, REFERENCE_METADATA_NAME, REFERENCE_METADATA_TYPE)VALUES('1ecc332327d04cd5aaa600e1bdc5b6dd','ClaimsPartyLocCd','FIELD','3d0b87c240bc4817bfa79c95b6c2d3fb','ClaimsPartyInfo_Type','4b203be831b04c3fbb48543441ba8186','ClaimsPartyLocation','PRIMITIVE');
INSERT INTO PUBLIC.OBJECT_FIELD_METADATA (ID, NAME, METADATA_TYPE, PARENT_METADATA,PARENT_METADATA_NAME, REFERENCE_METADATA, REFERENCE_METADATA_NAME, REFERENCE_METADATA_TYPE)VALUES('7e0a795036b345a89c76317e5a7ef771','ClaimsPartyLocDesc','FIELD','3d0b87c240bc4817bfa79c95b6c2d3fb','ClaimsPartyInfo_Type','2344631100044813a5126adcfb93e80d','C-255','PRIMITIVE');
INSERT INTO PUBLIC.OBJECT_FIELD_METADATA (ID, NAME, METADATA_TYPE, PARENT_METADATA,PARENT_METADATA_NAME, REFERENCE_METADATA, REFERENCE_METADATA_NAME, REFERENCE_METADATA_TYPE)VALUES('52d0154adf0b443581113d1980c23094','OtherOrPriorPolicy','MODEL_RELATION','3d0b87c240bc4817bfa79c95b6c2d3fb','ClaimsPartyInfo_Type','1412eb5b8fd04500a7cedfa63ff25261','OtherOrPriorPolicy_Type','OBJECT');
INSERT INTO PUBLIC.OBJECT_FIELD_METADATA (ID, NAME, METADATA_TYPE, PARENT_METADATA,PARENT_METADATA_NAME, REFERENCE_METADATA, REFERENCE_METADATA_NAME, REFERENCE_METADATA_TYPE)VALUES('2d005be752674dc0810b188ae0849f6c','GrossTPARecoveriesReceivedAmt','MODEL_RELATION','3d0b87c240bc4817bfa79c95b6c2d3fb','ClaimsPartyInfo_Type','4fa89203e94a4637baa0484d19b460c5','CURRENCY','OBJECT');
INSERT INTO PUBLIC.OBJECT_FIELD_METADATA (ID, NAME, METADATA_TYPE, PARENT_METADATA,PARENT_METADATA_NAME, REFERENCE_METADATA, REFERENCE_METADATA_NAME, REFERENCE_METADATA_TYPE)VALUES('1045c154bf1046508129d561f2f52443','PartyTitle','FIELD','3d0b87c240bc4817bfa79c95b6c2d3fb','ClaimsPartyInfo_Type','43d52c0234024809806a2becf9d18a0f','C-30','PRIMITIVE');
INSERT INTO PUBLIC.OBJECT_FIELD_METADATA (ID, NAME, METADATA_TYPE, PARENT_METADATA,PARENT_METADATA_NAME, REFERENCE_METADATA, REFERENCE_METADATA_NAME, REFERENCE_METADATA_TYPE)VALUES('762425741ff54ed988080e8207464437','RelationshipToInsuredCd','FIELD','3d0b87c240bc4817bfa79c95b6c2d3fb','ClaimsPartyInfo_Type','066c53e801e448b59ad6e37d3feda7ad','DriverRelatesTo','PRIMITIVE');
INSERT INTO PUBLIC.OBJECT_FIELD_METADATA (ID, NAME, METADATA_TYPE, PARENT_METADATA,PARENT_METADATA_NAME, REFERENCE_METADATA, REFERENCE_METADATA_NAME, REFERENCE_METADATA_TYPE)VALUES('acde99bea6614cfaa388ec5a577a4d2d','AccountNumberId','FIELD','3d0b87c240bc4817bfa79c95b6c2d3fb','ClaimsPartyInfo_Type','3da4bbbc6bf44d5f941e647b8e8408dc','AssignedIdentifier','PRIMITIVE');
INSERT INTO PUBLIC.OBJECT_FIELD_METADATA (ID, NAME, METADATA_TYPE, PARENT_METADATA,PARENT_METADATA_NAME, REFERENCE_METADATA, REFERENCE_METADATA_NAME, REFERENCE_METADATA_TYPE)VALUES('526c67f8b7054a738d8558ee21192e9d','ClaimsPartyInfo','MODEL_RELATION','1cc151a7537643febb476fd6cb15d0d6','ClaimsParty_Type','3d0b87c240bc4817bfa79c95b6c2d3fb','ClaimsPartyInfo_Type','OBJECT');
INSERT INTO PUBLIC.OBJECT_FIELD_METADATA (ID, NAME, METADATA_TYPE, PARENT_METADATA,PARENT_METADATA_NAME, REFERENCE_METADATA, REFERENCE_METADATA_NAME, REFERENCE_METADATA_TYPE)VALUES('544bff8ed7fe4edfb7851c4569be908c','ItemIdInfo','MODEL_RELATION','1cc151a7537643febb476fd6cb15d0d6','ClaimsParty_Type','ba3be0e0317741b08f872c1fca47ad8f','ItemIdInfo_Type','OBJECT');
INSERT INTO PUBLIC.OBJECT_FIELD_METADATA (ID, NAME, METADATA_TYPE, PARENT_METADATA,PARENT_METADATA_NAME, REFERENCE_METADATA, REFERENCE_METADATA_NAME, REFERENCE_METADATA_TYPE)VALUES('3d9df3ef34cc4822a6a332f21d76c68e','Link','MODEL_RELATION','1cc151a7537643febb476fd6cb15d0d6','ClaimsParty_Type','366dc9a89db94de3b92abf43ef1bf084','Link_Type','OBJECT');
INSERT INTO PUBLIC.OBJECT_FIELD_METADATA (ID, NAME, METADATA_TYPE, PARENT_METADATA,PARENT_METADATA_NAME, REFERENCE_METADATA, REFERENCE_METADATA_NAME, REFERENCE_METADATA_TYPE)VALUES('ff56fb8fed39466c9571e758eb16e2ec','ClaimsParty','MODEL_RELATION','bad0cc9b9e4a4abe99be870d6f66223e','WorkCompStatisticalLossInfo_Type','1cc151a7537643febb476fd6cb15d0d6','ClaimsParty_Type','OBJECT');
INSERT INTO PUBLIC.OBJECT_FIELD_METADATA (ID, NAME, METADATA_TYPE, PARENT_METADATA,PARENT_METADATA_NAME, REFERENCE_METADATA, REFERENCE_METADATA_NAME, REFERENCE_METADATA_TYPE)VALUES('287859a1a22442cbb576e9dc6a3df897','SequenceNumber','FIELD','bad0cc9b9e4a4abe99be870d6f66223e','WorkCompStatisticalLossInfo_Type','838cab4e48a54d0bb23ca5ea9db454ab','Long','PRIMITIVE');
INSERT INTO PUBLIC.OBJECT_FIELD_METADATA (ID, NAME, METADATA_TYPE, PARENT_METADATA,PARENT_METADATA_NAME, REFERENCE_METADATA, REFERENCE_METADATA_NAME, REFERENCE_METADATA_TYPE)VALUES('7030e7b7b2e94a68a1dcc825031fc8ab','ClaimsFinancialSummary','MODEL_RELATION','bad0cc9b9e4a4abe99be870d6f66223e','WorkCompStatisticalLossInfo_Type','0f8cbf6a80f946de97184b853b47cb85','ClaimsFinancialSummary_Type','OBJECT');
INSERT INTO PUBLIC.OBJECT_METADATA (ID, NAME, METADATA_TYPE, REFERENCE_METADATA, REFERENCE_METADATA_NAME) VALUES('30c677c19fb344d4a3c4a338c0933543','LossCondition_Type','OBJECT',null,null);
INSERT INTO PUBLIC.OBJECT_FIELD_METADATA (ID, NAME, METADATA_TYPE, PARENT_METADATA,PARENT_METADATA_NAME, REFERENCE_METADATA, REFERENCE_METADATA_NAME, REFERENCE_METADATA_TYPE)VALUES('ab9df8a858da49aa85b65917c747a19e','LossActCd','FIELD','30c677c19fb344d4a3c4a338c0933543','LossCondition_Type','6240ce877a244a73a1253961131c6cc9','IndustryCode_Type','PRIMITIVE');
INSERT INTO PUBLIC.OBJECT_FIELD_METADATA (ID, NAME, METADATA_TYPE, PARENT_METADATA,PARENT_METADATA_NAME, REFERENCE_METADATA, REFERENCE_METADATA_NAME, REFERENCE_METADATA_TYPE)VALUES('21bc875607824ce9b2b0b31fd01e05fc','LossConditionRecoveryTypeCd','FIELD','30c677c19fb344d4a3c4a338c0933543','LossCondition_Type','6240ce877a244a73a1253961131c6cc9','IndustryCode_Type','PRIMITIVE');
INSERT INTO PUBLIC.OBJECT_FIELD_METADATA (ID, NAME, METADATA_TYPE, PARENT_METADATA,PARENT_METADATA_NAME, REFERENCE_METADATA, REFERENCE_METADATA_NAME, REFERENCE_METADATA_TYPE)VALUES('6b864322a04248e5b1af12bdba31eab8','LossConditionExt','FIELD','30c677c19fb344d4a3c4a338c0933543','LossCondition_Type',null,null,null);
INSERT INTO PUBLIC.OBJECT_FIELD_METADATA (ID, NAME, METADATA_TYPE, PARENT_METADATA,PARENT_METADATA_NAME, REFERENCE_METADATA, REFERENCE_METADATA_NAME, REFERENCE_METADATA_TYPE)VALUES('17afd923cea34e049d58d627c7c7f069','LossConditionSettlementTypeCd','FIELD','30c677c19fb344d4a3c4a338c0933543','LossCondition_Type','6240ce877a244a73a1253961131c6cc9','IndustryCode_Type','PRIMITIVE');
INSERT INTO PUBLIC.OBJECT_FIELD_METADATA (ID, NAME, METADATA_TYPE, PARENT_METADATA,PARENT_METADATA_NAME, REFERENCE_METADATA, REFERENCE_METADATA_NAME, REFERENCE_METADATA_TYPE)VALUES('06b89ce059534aa5a9560f823487f187','LossConditionCoverageCd','FIELD','30c677c19fb344d4a3c4a338c0933543','LossCondition_Type','6240ce877a244a73a1253961131c6cc9','IndustryCode_Type','PRIMITIVE');
INSERT INTO PUBLIC.OBJECT_FIELD_METADATA (ID, NAME, METADATA_TYPE, PARENT_METADATA,PARENT_METADATA_NAME, REFERENCE_METADATA, REFERENCE_METADATA_NAME, REFERENCE_METADATA_TYPE)VALUES('8d786aa6fe8645538e845ca4f73960ca','LossConditionTypeCd','FIELD','30c677c19fb344d4a3c4a338c0933543','LossCondition_Type','6240ce877a244a73a1253961131c6cc9','IndustryCode_Type','PRIMITIVE');
INSERT INTO PUBLIC.OBJECT_FIELD_METADATA (ID, NAME, METADATA_TYPE, PARENT_METADATA,PARENT_METADATA_NAME, REFERENCE_METADATA, REFERENCE_METADATA_NAME, REFERENCE_METADATA_TYPE)VALUES('0b4b7eb6239147638484fab56d6b186b','LossCondition','MODEL_RELATION','bad0cc9b9e4a4abe99be870d6f66223e','WorkCompStatisticalLossInfo_Type','30c677c19fb344d4a3c4a338c0933543','LossCondition_Type','OBJECT');
INSERT INTO PUBLIC.OBJECT_FIELD_METADATA (ID, NAME, METADATA_TYPE, PARENT_METADATA,PARENT_METADATA_NAME, REFERENCE_METADATA, REFERENCE_METADATA_NAME, REFERENCE_METADATA_TYPE)VALUES('7cf6a27b0196403bab633a8d3e4629cd','ItemIdInfo','MODEL_RELATION','bad0cc9b9e4a4abe99be870d6f66223e','WorkCompStatisticalLossInfo_Type','ba3be0e0317741b08f872c1fca47ad8f','ItemIdInfo_Type','OBJECT');
INSERT INTO PUBLIC.OBJECT_FIELD_METADATA (ID, NAME, METADATA_TYPE, PARENT_METADATA,PARENT_METADATA_NAME, REFERENCE_METADATA, REFERENCE_METADATA_NAME, REFERENCE_METADATA_TYPE)VALUES('b8abe8cdd809443d8709c1a4ae1085c5','VocationalRehabInd','FIELD','bad0cc9b9e4a4abe99be870d6f66223e','WorkCompStatisticalLossInfo_Type','4ffb0bcc3ec946d1af3ef883f4c3a4e6','Boolean','PRIMITIVE');
INSERT INTO PUBLIC.OBJECT_FIELD_METADATA (ID, NAME, METADATA_TYPE, PARENT_METADATA,PARENT_METADATA_NAME, REFERENCE_METADATA, REFERENCE_METADATA_NAME, REFERENCE_METADATA_TYPE)VALUES('69cbaf0a016b4e40a7531a195a7087e8','RatingClassificationCd','FIELD','bad0cc9b9e4a4abe99be870d6f66223e','WorkCompStatisticalLossInfo_Type','6240ce877a244a73a1253961131c6cc9','IndustryCode_Type','PRIMITIVE');
INSERT INTO PUBLIC.OBJECT_FIELD_METADATA (ID, NAME, METADATA_TYPE, PARENT_METADATA,PARENT_METADATA_NAME, REFERENCE_METADATA, REFERENCE_METADATA_NAME, REFERENCE_METADATA_TYPE)VALUES('f77528fee305454b97a4358456f26a71','WorkCompStatisticalLossInfo','MODEL_RELATION','6c52da83aa5445c2bd907aad396d6a2f','WorkCompRateState_Type','bad0cc9b9e4a4abe99be870d6f66223e','WorkCompStatisticalLossInfo_Type','OBJECT');
INSERT INTO PUBLIC.OBJECT_FIELD_METADATA (ID, NAME, METADATA_TYPE, PARENT_METADATA,PARENT_METADATA_NAME, REFERENCE_METADATA, REFERENCE_METADATA_NAME, REFERENCE_METADATA_TYPE)VALUES('83e713a1d78c4f8d8da9f3163b27f549','SafetyGroupInd','FIELD','6c52da83aa5445c2bd907aad396d6a2f','WorkCompRateState_Type','4ffb0bcc3ec946d1af3ef883f4c3a4e6','Boolean','PRIMITIVE');
INSERT INTO PUBLIC.OBJECT_FIELD_METADATA (ID, NAME, METADATA_TYPE, PARENT_METADATA,PARENT_METADATA_NAME, REFERENCE_METADATA, REFERENCE_METADATA_NAME, REFERENCE_METADATA_TYPE)VALUES('81b0029e2e6441fa987175b71e9d1f2f','MinPremAmt','MODEL_RELATION','6c52da83aa5445c2bd907aad396d6a2f','WorkCompRateState_Type','4fa89203e94a4637baa0484d19b460c5','CURRENCY','OBJECT');
INSERT INTO PUBLIC.OBJECT_FIELD_METADATA (ID, NAME, METADATA_TYPE, PARENT_METADATA,PARENT_METADATA_NAME, REFERENCE_METADATA, REFERENCE_METADATA_NAME, REFERENCE_METADATA_TYPE)VALUES('b8f069c0fcab47518ee380d1682dd8c6','EffectiveDt','FIELD','6c52da83aa5445c2bd907aad396d6a2f','WorkCompRateState_Type','3a7f6e6e4d124518a7407e7883f9d5ec','FormalDate','PRIMITIVE');
INSERT INTO PUBLIC.OBJECT_FIELD_METADATA (ID, NAME, METADATA_TYPE, PARENT_METADATA,PARENT_METADATA_NAME, REFERENCE_METADATA, REFERENCE_METADATA_NAME, REFERENCE_METADATA_TYPE)VALUES('5144875af2244763b8bb0e6363b9d17a','StateProvCd','FIELD','6c52da83aa5445c2bd907aad396d6a2f','WorkCompRateState_Type','6240ce877a244a73a1253961131c6cc9','IndustryCode_Type','PRIMITIVE');
INSERT INTO PUBLIC.OBJECT_FIELD_METADATA (ID, NAME, METADATA_TYPE, PARENT_METADATA,PARENT_METADATA_NAME, REFERENCE_METADATA, REFERENCE_METADATA_NAME, REFERENCE_METADATA_TYPE)VALUES('1f45eb6c0e35417cb1e9b1fff1edd6bc','CoverageAvailable','MODEL_RELATION','6c52da83aa5445c2bd907aad396d6a2f','WorkCompRateState_Type','d0675b4bbe674c1fa08297c27c3cb675','Coverage_Type','OBJECT');
INSERT INTO PUBLIC.OBJECT_FIELD_METADATA (ID, NAME, METADATA_TYPE, PARENT_METADATA,PARENT_METADATA_NAME, REFERENCE_METADATA, REFERENCE_METADATA_NAME, REFERENCE_METADATA_TYPE)VALUES('6d9640b922504be1a5dc08cd28a38d16','CreditOrSurcharge','MODEL_RELATION','6c52da83aa5445c2bd907aad396d6a2f','WorkCompRateState_Type','ac7618a3e7974e27b3a4f0a5f2a22a98','PCCREDITSURCHARGE','OBJECT');
INSERT INTO PUBLIC.OBJECT_FIELD_METADATA (ID, NAME, METADATA_TYPE, PARENT_METADATA,PARENT_METADATA_NAME, REFERENCE_METADATA, REFERENCE_METADATA_NAME, REFERENCE_METADATA_TYPE)VALUES('bde73df0fa4743dda1a8e9d82c95c7cb','TotalPayrollAmt','MODEL_RELATION','6c52da83aa5445c2bd907aad396d6a2f','WorkCompRateState_Type','4fa89203e94a4637baa0484d19b460c5','CURRENCY','OBJECT');
INSERT INTO PUBLIC.OBJECT_FIELD_METADATA (ID, NAME, METADATA_TYPE, PARENT_METADATA,PARENT_METADATA_NAME, REFERENCE_METADATA, REFERENCE_METADATA_NAME, REFERENCE_METADATA_TYPE)VALUES('3b1fbb9e151f4fe3aa5fb9440297fec7','RequiredDepositAmt','MODEL_RELATION','6c52da83aa5445c2bd907aad396d6a2f','WorkCompRateState_Type','4fa89203e94a4637baa0484d19b460c5','CURRENCY','OBJECT');
INSERT INTO PUBLIC.OBJECT_FIELD_METADATA (ID, NAME, METADATA_TYPE, PARENT_METADATA,PARENT_METADATA_NAME, REFERENCE_METADATA, REFERENCE_METADATA_NAME, REFERENCE_METADATA_TYPE)VALUES('968a4bef1c1d46eea20838e0b0c700b4','AnniversaryRatingDt','FIELD','6c52da83aa5445c2bd907aad396d6a2f','WorkCompRateState_Type','3b0a2ca6cf3a4fb19718e35aa60287cd','Date','PRIMITIVE');
INSERT INTO PUBLIC.OBJECT_FIELD_METADATA (ID, NAME, METADATA_TYPE, PARENT_METADATA,PARENT_METADATA_NAME, REFERENCE_METADATA, REFERENCE_METADATA_NAME, REFERENCE_METADATA_TYPE)VALUES('0c87ee1f7d7744a89cc41551099ff213','MiscParty','MODEL_RELATION','6c52da83aa5445c2bd907aad396d6a2f','WorkCompRateState_Type','0a76585a8ae342d897387f29800d50c8','MiscParty_Type','OBJECT');
INSERT INTO PUBLIC.OBJECT_FIELD_METADATA (ID, NAME, METADATA_TYPE, PARENT_METADATA,PARENT_METADATA_NAME, REFERENCE_METADATA, REFERENCE_METADATA_NAME, REFERENCE_METADATA_TYPE)VALUES('27c99faa3f0144f592a7ab3d4c9d0524','ParticipatingPlanInd','FIELD','6c52da83aa5445c2bd907aad396d6a2f','WorkCompRateState_Type','4ffb0bcc3ec946d1af3ef883f4c3a4e6','Boolean','PRIMITIVE');
INSERT INTO PUBLIC.OBJECT_FIELD_METADATA (ID, NAME, METADATA_TYPE, PARENT_METADATA,PARENT_METADATA_NAME, REFERENCE_METADATA, REFERENCE_METADATA_NAME, REFERENCE_METADATA_TYPE)VALUES('ff1edbbf3c8b468285b95dff773f3be4','DownPaymentPct','FIELD','6c52da83aa5445c2bd907aad396d6a2f','WorkCompRateState_Type','d68704d271534c0a935a3012147640c4','PercentDecimal','PRIMITIVE');
INSERT INTO PUBLIC.OBJECT_FIELD_METADATA (ID, NAME, METADATA_TYPE, PARENT_METADATA,PARENT_METADATA_NAME, REFERENCE_METADATA, REFERENCE_METADATA_NAME, REFERENCE_METADATA_TYPE)VALUES('3523c7e0b7854a12b9451adafaf0e0a1','NAICCd','FIELD','6c52da83aa5445c2bd907aad396d6a2f','WorkCompRateState_Type','6240ce877a244a73a1253961131c6cc9','IndustryCode_Type','PRIMITIVE');
INSERT INTO PUBLIC.OBJECT_FIELD_METADATA (ID, NAME, METADATA_TYPE, PARENT_METADATA,PARENT_METADATA_NAME, REFERENCE_METADATA, REFERENCE_METADATA_NAME, REFERENCE_METADATA_TYPE)VALUES('032f0d2a8eb84a9b8260ff330c9bd88b','TotalEstimatedAnnualPremiumAmt','MODEL_RELATION','6c52da83aa5445c2bd907aad396d6a2f','WorkCompRateState_Type','4fa89203e94a4637baa0484d19b460c5','CURRENCY','OBJECT');
INSERT INTO PUBLIC.OBJECT_METADATA (ID, NAME, METADATA_TYPE, REFERENCE_METADATA, REFERENCE_METADATA_NAME) VALUES('d863a7a6003b434797b45036d99b5353','WorkCompStateStatSummary_Type','OBJECT',null,null);
INSERT INTO PUBLIC.OBJECT_FIELD_METADATA (ID, NAME, METADATA_TYPE, PARENT_METADATA,PARENT_METADATA_NAME, REFERENCE_METADATA, REFERENCE_METADATA_NAME, REFERENCE_METADATA_TYPE)VALUES('777ea2e23a134aee93cd304c70378f1b','TotalPayrollAmt','MODEL_RELATION','d863a7a6003b434797b45036d99b5353','WorkCompStateStatSummary_Type','4fa89203e94a4637baa0484d19b460c5','CURRENCY','OBJECT');
INSERT INTO PUBLIC.OBJECT_FIELD_METADATA (ID, NAME, METADATA_TYPE, PARENT_METADATA,PARENT_METADATA_NAME, REFERENCE_METADATA, REFERENCE_METADATA_NAME, REFERENCE_METADATA_TYPE)VALUES('6485d36fef9340f7a343ef0682665d60','NumClaims','FIELD','d863a7a6003b434797b45036d99b5353','WorkCompStateStatSummary_Type','838cab4e48a54d0bb23ca5ea9db454ab','Long','PRIMITIVE');
INSERT INTO PUBLIC.OBJECT_FIELD_METADATA (ID, NAME, METADATA_TYPE, PARENT_METADATA,PARENT_METADATA_NAME, REFERENCE_METADATA, REFERENCE_METADATA_NAME, REFERENCE_METADATA_TYPE)VALUES('38c61bd922ea46b58896dc0a46ca9885','StandardPremiumAmt','MODEL_RELATION','d863a7a6003b434797b45036d99b5353','WorkCompStateStatSummary_Type','4fa89203e94a4637baa0484d19b460c5','CURRENCY','OBJECT');
INSERT INTO PUBLIC.OBJECT_FIELD_METADATA (ID, NAME, METADATA_TYPE, PARENT_METADATA,PARENT_METADATA_NAME, REFERENCE_METADATA, REFERENCE_METADATA_NAME, REFERENCE_METADATA_TYPE)VALUES('ab3f18c451254c44bcde43120985d513','ClaimsFinancialSummary','MODEL_RELATION','d863a7a6003b434797b45036d99b5353','WorkCompStateStatSummary_Type','0f8cbf6a80f946de97184b853b47cb85','ClaimsFinancialSummary_Type','OBJECT');
INSERT INTO PUBLIC.OBJECT_FIELD_METADATA (ID, NAME, METADATA_TYPE, PARENT_METADATA,PARENT_METADATA_NAME, REFERENCE_METADATA, REFERENCE_METADATA_NAME, REFERENCE_METADATA_TYPE)VALUES('3d6bb51f0d964eabbd5200ebc7e2030c','SubjectPremiumAmt','MODEL_RELATION','d863a7a6003b434797b45036d99b5353','WorkCompStateStatSummary_Type','4fa89203e94a4637baa0484d19b460c5','CURRENCY','OBJECT');
INSERT INTO PUBLIC.OBJECT_FIELD_METADATA (ID, NAME, METADATA_TYPE, PARENT_METADATA,PARENT_METADATA_NAME, REFERENCE_METADATA, REFERENCE_METADATA_NAME, REFERENCE_METADATA_TYPE)VALUES('2f4ab477bebd4482a8a2532f5db1c612','WorkCompStateStatSummaryExt','FIELD','d863a7a6003b434797b45036d99b5353','WorkCompStateStatSummary_Type',null,null,null);
INSERT INTO PUBLIC.OBJECT_FIELD_METADATA (ID, NAME, METADATA_TYPE, PARENT_METADATA,PARENT_METADATA_NAME, REFERENCE_METADATA, REFERENCE_METADATA_NAME, REFERENCE_METADATA_TYPE)VALUES('ddd9b35b80d2447db085e36fd80ce96c','WorkCompStateStatSummary','MODEL_RELATION','6c52da83aa5445c2bd907aad396d6a2f','WorkCompRateState_Type','d863a7a6003b434797b45036d99b5353','WorkCompStateStatSummary_Type','OBJECT');
INSERT INTO PUBLIC.OBJECT_FIELD_METADATA (ID, NAME, METADATA_TYPE, PARENT_METADATA,PARENT_METADATA_NAME, REFERENCE_METADATA, REFERENCE_METADATA_NAME, REFERENCE_METADATA_TYPE)VALUES('e9fc0e26ad1843a0a6451d97430964a1','Coverage','MODEL_RELATION','6c52da83aa5445c2bd907aad396d6a2f','WorkCompRateState_Type','d0675b4bbe674c1fa08297c27c3cb675','Coverage_Type','OBJECT');
INSERT INTO PUBLIC.OBJECT_FIELD_METADATA (ID, NAME, METADATA_TYPE, PARENT_METADATA,PARENT_METADATA_NAME, REFERENCE_METADATA, REFERENCE_METADATA_NAME, REFERENCE_METADATA_TYPE)VALUES('f7aa24c2f29b4300a5e60e017b9db0dd','LengthTimeRetroRatingPlan','MODEL_RELATION','6c52da83aa5445c2bd907aad396d6a2f','WorkCompRateState_Type','1df1057b06734b019460d9f8fb0a43b0','MEASUREMENT','OBJECT');
INSERT INTO PUBLIC.OBJECT_FIELD_METADATA (ID, NAME, METADATA_TYPE, PARENT_METADATA,PARENT_METADATA_NAME, REFERENCE_METADATA, REFERENCE_METADATA_NAME, REFERENCE_METADATA_TYPE)VALUES('2571c6365d1543fe95e34a8f85e28e74','CommlCoverage','MODEL_RELATION','6c52da83aa5445c2bd907aad396d6a2f','WorkCompRateState_Type','d0675b4bbe674c1fa08297c27c3cb675','Coverage_Type','OBJECT');
INSERT INTO PUBLIC.OBJECT_FIELD_METADATA (ID, NAME, METADATA_TYPE, PARENT_METADATA,PARENT_METADATA_NAME, REFERENCE_METADATA, REFERENCE_METADATA_NAME, REFERENCE_METADATA_TYPE)VALUES('df4ba0be082441eab454b50fad8678cb','GoverningClassCd','FIELD','6c52da83aa5445c2bd907aad396d6a2f','WorkCompRateState_Type','6240ce877a244a73a1253961131c6cc9','IndustryCode_Type','PRIMITIVE');
INSERT INTO PUBLIC.OBJECT_METADATA (ID, NAME, METADATA_TYPE, REFERENCE_METADATA, REFERENCE_METADATA_NAME) VALUES('86906e20880b4b9ca9efdcdc79421107','StatReportInfo_Type','OBJECT',null,null);
INSERT INTO PUBLIC.OBJECT_FIELD_METADATA (ID, NAME, METADATA_TYPE, PARENT_METADATA,PARENT_METADATA_NAME, REFERENCE_METADATA, REFERENCE_METADATA_NAME, REFERENCE_METADATA_TYPE)VALUES('ff17447916b445cd94a402d140cde026','ReportLevelCd','FIELD','86906e20880b4b9ca9efdcdc79421107','StatReportInfo_Type','6240ce877a244a73a1253961131c6cc9','IndustryCode_Type','PRIMITIVE');
INSERT INTO PUBLIC.OBJECT_FIELD_METADATA (ID, NAME, METADATA_TYPE, PARENT_METADATA,PARENT_METADATA_NAME, REFERENCE_METADATA, REFERENCE_METADATA_NAME, REFERENCE_METADATA_TYPE)VALUES('b2971e24440f4e26a27c3bdcac3d3c45','EditBypassCd','FIELD','86906e20880b4b9ca9efdcdc79421107','StatReportInfo_Type','6240ce877a244a73a1253961131c6cc9','IndustryCode_Type','PRIMITIVE');
INSERT INTO PUBLIC.OBJECT_FIELD_METADATA (ID, NAME, METADATA_TYPE, PARENT_METADATA,PARENT_METADATA_NAME, REFERENCE_METADATA, REFERENCE_METADATA_NAME, REFERENCE_METADATA_TYPE)VALUES('17b5701bc5ac450c90bec48f478e213d','SequenceNumber','FIELD','86906e20880b4b9ca9efdcdc79421107','StatReportInfo_Type','838cab4e48a54d0bb23ca5ea9db454ab','Long','PRIMITIVE');
INSERT INTO PUBLIC.OBJECT_FIELD_METADATA (ID, NAME, METADATA_TYPE, PARENT_METADATA,PARENT_METADATA_NAME, REFERENCE_METADATA, REFERENCE_METADATA_NAME, REFERENCE_METADATA_TYPE)VALUES('3bd3b0b7e697439c859013efa2f8d4c9','CorrectionTypeCd','FIELD','86906e20880b4b9ca9efdcdc79421107','StatReportInfo_Type','6240ce877a244a73a1253961131c6cc9','IndustryCode_Type','PRIMITIVE');
INSERT INTO PUBLIC.OBJECT_FIELD_METADATA (ID, NAME, METADATA_TYPE, PARENT_METADATA,PARENT_METADATA_NAME, REFERENCE_METADATA, REFERENCE_METADATA_NAME, REFERENCE_METADATA_TYPE)VALUES('2e23c598677241bda46b98f094c9d235','OriginalAdministrationNumberId','FIELD','86906e20880b4b9ca9efdcdc79421107','StatReportInfo_Type','3da4bbbc6bf44d5f941e647b8e8408dc','AssignedIdentifier','PRIMITIVE');
INSERT INTO PUBLIC.OBJECT_FIELD_METADATA (ID, NAME, METADATA_TYPE, PARENT_METADATA,PARENT_METADATA_NAME, REFERENCE_METADATA, REFERENCE_METADATA_NAME, REFERENCE_METADATA_TYPE)VALUES('df2f8696accb469787715e918fe51673','StatReportInfoExt','FIELD','86906e20880b4b9ca9efdcdc79421107','StatReportInfo_Type',null,null,null);
INSERT INTO PUBLIC.OBJECT_FIELD_METADATA (ID, NAME, METADATA_TYPE, PARENT_METADATA,PARENT_METADATA_NAME, REFERENCE_METADATA, REFERENCE_METADATA_NAME, REFERENCE_METADATA_TYPE)VALUES('76fed7b3ea5d4de2844d1b08b752091a','StatReportInfo','MODEL_RELATION','6c52da83aa5445c2bd907aad396d6a2f','WorkCompRateState_Type','86906e20880b4b9ca9efdcdc79421107','StatReportInfo_Type','OBJECT');
INSERT INTO PUBLIC.OBJECT_FIELD_METADATA (ID, NAME, METADATA_TYPE, PARENT_METADATA,PARENT_METADATA_NAME, REFERENCE_METADATA, REFERENCE_METADATA_NAME, REFERENCE_METADATA_TYPE)VALUES('645da9ebaf6a40e397d916311cfeeed1','ParticipatingPlanDescCd','FIELD','6c52da83aa5445c2bd907aad396d6a2f','WorkCompRateState_Type','6240ce877a244a73a1253961131c6cc9','IndustryCode_Type','PRIMITIVE');
INSERT INTO PUBLIC.OBJECT_FIELD_METADATA (ID, NAME, METADATA_TYPE, PARENT_METADATA,PARENT_METADATA_NAME, REFERENCE_METADATA, REFERENCE_METADATA_NAME, REFERENCE_METADATA_TYPE)VALUES('b965b89dc5a3417783b74528e136857e','DepositAmt','MODEL_RELATION','6c52da83aa5445c2bd907aad396d6a2f','WorkCompRateState_Type','4fa89203e94a4637baa0484d19b460c5','CURRENCY','OBJECT');
INSERT INTO PUBLIC.OBJECT_FIELD_METADATA (ID, NAME, METADATA_TYPE, PARENT_METADATA,PARENT_METADATA_NAME, REFERENCE_METADATA, REFERENCE_METADATA_NAME, REFERENCE_METADATA_TYPE)VALUES('fe708b511ed74a88974a002fd5cb37b6','RetrospectiveRatingPlanCd','FIELD','6c52da83aa5445c2bd907aad396d6a2f','WorkCompRateState_Type','6240ce877a244a73a1253961131c6cc9','IndustryCode_Type','PRIMITIVE');
INSERT INTO PUBLIC.OBJECT_FIELD_METADATA (ID, NAME, METADATA_TYPE, PARENT_METADATA,PARENT_METADATA_NAME, REFERENCE_METADATA, REFERENCE_METADATA_NAME, REFERENCE_METADATA_TYPE)VALUES('121713046c7a4de2b1d4a39078e84151','WorkCompRateStateExt','FIELD','6c52da83aa5445c2bd907aad396d6a2f','WorkCompRateState_Type',null,null,null);
INSERT INTO PUBLIC.OBJECT_FIELD_METADATA (ID, NAME, METADATA_TYPE, PARENT_METADATA,PARENT_METADATA_NAME, REFERENCE_METADATA, REFERENCE_METADATA_NAME, REFERENCE_METADATA_TYPE)VALUES('6cf4501995fd46e6b6fe5ce7880cff05','ItemIdInfo','MODEL_RELATION','6c52da83aa5445c2bd907aad396d6a2f','WorkCompRateState_Type','ba3be0e0317741b08f872c1fca47ad8f','ItemIdInfo_Type','OBJECT');
INSERT INTO PUBLIC.OBJECT_FIELD_METADATA (ID, NAME, METADATA_TYPE, PARENT_METADATA,PARENT_METADATA_NAME, REFERENCE_METADATA, REFERENCE_METADATA_NAME, REFERENCE_METADATA_TYPE)VALUES('5e776a2f24ca438c81cc975c8c1524dd','Link','MODEL_RELATION','6c52da83aa5445c2bd907aad396d6a2f','WorkCompRateState_Type','366dc9a89db94de3b92abf43ef1bf084','Link_Type','OBJECT');
INSERT INTO PUBLIC.OBJECT_FIELD_METADATA (ID, NAME, METADATA_TYPE, PARENT_METADATA,PARENT_METADATA_NAME, REFERENCE_METADATA, REFERENCE_METADATA_NAME, REFERENCE_METADATA_TYPE)VALUES('2b6b19ea34694711a503ddcfe91e4f27','WorkCompRateState','MODEL_RELATION','b8728702c3284dcf98d1bb9f43a317a8','WorkCompLineBusiness_Type','6c52da83aa5445c2bd907aad396d6a2f','WorkCompRateState_Type','OBJECT');
INSERT INTO PUBLIC.OBJECT_FIELD_METADATA (ID, NAME, METADATA_TYPE, PARENT_METADATA,PARENT_METADATA_NAME, REFERENCE_METADATA, REFERENCE_METADATA_NAME, REFERENCE_METADATA_TYPE)VALUES('56cd9ccd0c9f439d9f38108a6a0b05f3','ParticipatingPlanDescCd','FIELD','b8728702c3284dcf98d1bb9f43a317a8','WorkCompLineBusiness_Type','6240ce877a244a73a1253961131c6cc9','IndustryCode_Type','PRIMITIVE');
INSERT INTO PUBLIC.OBJECT_FIELD_METADATA (ID, NAME, METADATA_TYPE, PARENT_METADATA,PARENT_METADATA_NAME, REFERENCE_METADATA, REFERENCE_METADATA_NAME, REFERENCE_METADATA_TYPE)VALUES('337dff881798493492f9ceaf65ed25e8','RetrospectiveRatingPlanCd','FIELD','b8728702c3284dcf98d1bb9f43a317a8','WorkCompLineBusiness_Type','6240ce877a244a73a1253961131c6cc9','IndustryCode_Type','PRIMITIVE');
INSERT INTO PUBLIC.OBJECT_FIELD_METADATA (ID, NAME, METADATA_TYPE, PARENT_METADATA,PARENT_METADATA_NAME, REFERENCE_METADATA, REFERENCE_METADATA_NAME, REFERENCE_METADATA_TYPE)VALUES('2b43cd29c7f747509ffe7fa11b8f9bef','WorkCompLineBusiness','MODEL_RELATION','a8485aa8f7a7481b8828e638330f5291','Policy_Type','b8728702c3284dcf98d1bb9f43a317a8','WorkCompLineBusiness_Type','MODEL');
INSERT INTO PUBLIC.OBJECT_METADATA (ID, NAME, METADATA_TYPE, REFERENCE_METADATA, REFERENCE_METADATA_NAME) VALUES('c11eb550b94c4c269e85c4a6e7d6a11a','PersInlandMarineLineBusiness_Type','MODEL',null,null);
INSERT INTO PUBLIC.OBJECT_FIELD_METADATA (ID, NAME, METADATA_TYPE, PARENT_METADATA,PARENT_METADATA_NAME, REFERENCE_METADATA, REFERENCE_METADATA_NAME, REFERENCE_METADATA_TYPE)VALUES('efc2d263c28744bd83bfd90af0ccf460','WrittenAmt','MODEL_RELATION','c11eb550b94c4c269e85c4a6e7d6a11a','PersInlandMarineLineBusiness_Type','4fa89203e94a4637baa0484d19b460c5','CURRENCY','OBJECT');
INSERT INTO PUBLIC.OBJECT_METADATA (ID, NAME, METADATA_TYPE, REFERENCE_METADATA, REFERENCE_METADATA_NAME) VALUES('24a7a02f8df143d0a5f61f8c669f96ca','SafeVaultCharacteristics_Type','OBJECT',null,null);
INSERT INTO PUBLIC.PRIMITIVE_METADATA (ID, NAME, METADATA_TYPE) VALUES('b96f5dda3e194605a391b4cdc1132a9d','SafeLabel','PRIMITIVE');
INSERT INTO PUBLIC.OBJECT_FIELD_METADATA (ID, NAME, METADATA_TYPE, PARENT_METADATA,PARENT_METADATA_NAME, REFERENCE_METADATA, REFERENCE_METADATA_NAME, REFERENCE_METADATA_TYPE)VALUES('f24dc97170004652b4f9759907541a63','LabelCd','FIELD','24a7a02f8df143d0a5f61f8c669f96ca','SafeVaultCharacteristics_Type','b96f5dda3e194605a391b4cdc1132a9d','SafeLabel','PRIMITIVE');
INSERT INTO PUBLIC.OBJECT_METADATA (ID, NAME, METADATA_TYPE, REFERENCE_METADATA, REFERENCE_METADATA_NAME) VALUES('522cbdffd77c4832b0944737bbcb6b9a','ItemInfo_Type','OBJECT',null,null);
INSERT INTO PUBLIC.OBJECT_FIELD_METADATA (ID, NAME, METADATA_TYPE, PARENT_METADATA,PARENT_METADATA_NAME, REFERENCE_METADATA, REFERENCE_METADATA_NAME, REFERENCE_METADATA_TYPE)VALUES('1fea11d77b244267a5097ad7c6f8ca2e','ItemDefinition','MODEL_RELATION','522cbdffd77c4832b0944737bbcb6b9a','ItemInfo_Type','d83ce2808c974daaa8d801a8af3b5cb2','ItemDefinition_Type','OBJECT');
INSERT INTO PUBLIC.OBJECT_FIELD_METADATA (ID, NAME, METADATA_TYPE, PARENT_METADATA,PARENT_METADATA_NAME, REFERENCE_METADATA, REFERENCE_METADATA_NAME, REFERENCE_METADATA_TYPE)VALUES('49e2d253271d43798f725e3756891a7e','ItemInfoExt','FIELD','522cbdffd77c4832b0944737bbcb6b9a','ItemInfo_Type',null,null,null);
INSERT INTO PUBLIC.OBJECT_FIELD_METADATA (ID, NAME, METADATA_TYPE, PARENT_METADATA,PARENT_METADATA_NAME, REFERENCE_METADATA, REFERENCE_METADATA_NAME, REFERENCE_METADATA_TYPE)VALUES('f6639ac7b51444f58fcdf23478329e22','ItemIdInfo','MODEL_RELATION','522cbdffd77c4832b0944737bbcb6b9a','ItemInfo_Type','ba3be0e0317741b08f872c1fca47ad8f','ItemIdInfo_Type','OBJECT');
INSERT INTO PUBLIC.OBJECT_FIELD_METADATA (ID, NAME, METADATA_TYPE, PARENT_METADATA,PARENT_METADATA_NAME, REFERENCE_METADATA, REFERENCE_METADATA_NAME, REFERENCE_METADATA_TYPE)VALUES('6ac8c13981f4409c9ca0d8f084c390e5','YearBuilt','FIELD','522cbdffd77c4832b0944737bbcb6b9a','ItemInfo_Type','7c9113946db7435cb0053de34c768997','Year','PRIMITIVE');
INSERT INTO PUBLIC.OBJECT_FIELD_METADATA (ID, NAME, METADATA_TYPE, PARENT_METADATA,PARENT_METADATA_NAME, REFERENCE_METADATA, REFERENCE_METADATA_NAME, REFERENCE_METADATA_TYPE)VALUES('a29f0aac47d84e45be29949619023484','ItemInfo','MODEL_RELATION','24a7a02f8df143d0a5f61f8c669f96ca','SafeVaultCharacteristics_Type','522cbdffd77c4832b0944737bbcb6b9a','ItemInfo_Type','OBJECT');
INSERT INTO PUBLIC.OBJECT_FIELD_METADATA (ID, NAME, METADATA_TYPE, PARENT_METADATA,PARENT_METADATA_NAME, REFERENCE_METADATA, REFERENCE_METADATA_NAME, REFERENCE_METADATA_TYPE)VALUES('fd772dfb4cee4301bfd8476d7434896b','TimeLockInd','FIELD','24a7a02f8df143d0a5f61f8c669f96ca','SafeVaultCharacteristics_Type','4ffb0bcc3ec946d1af3ef883f4c3a4e6','Boolean','PRIMITIVE');
INSERT INTO PUBLIC.OBJECT_METADATA (ID, NAME, METADATA_TYPE, REFERENCE_METADATA, REFERENCE_METADATA_NAME) VALUES('99c4a67ab71a47a3ad08202e1c62ecf7','SafeVaultConstruction_Type','OBJECT',null,null);
INSERT INTO PUBLIC.OBJECT_FIELD_METADATA (ID, NAME, METADATA_TYPE, PARENT_METADATA,PARENT_METADATA_NAME, REFERENCE_METADATA, REFERENCE_METADATA_NAME, REFERENCE_METADATA_TYPE)VALUES('5330289c4a604f3c8a6d2d48da8789c3','Thickness','MODEL_RELATION','99c4a67ab71a47a3ad08202e1c62ecf7','SafeVaultConstruction_Type','1df1057b06734b019460d9f8fb0a43b0','MEASUREMENT','OBJECT');
INSERT INTO PUBLIC.PRIMITIVE_METADATA (ID, NAME, METADATA_TYPE) VALUES('189fee9404d546549b59c4eb1404d93c','ComponentType','PRIMITIVE');
INSERT INTO PUBLIC.OBJECT_FIELD_METADATA (ID, NAME, METADATA_TYPE, PARENT_METADATA,PARENT_METADATA_NAME, REFERENCE_METADATA, REFERENCE_METADATA_NAME, REFERENCE_METADATA_TYPE)VALUES('9933eb4798fa4c85abc8ca0007e87e8b','ComponentTypeCd','FIELD','99c4a67ab71a47a3ad08202e1c62ecf7','SafeVaultConstruction_Type','189fee9404d546549b59c4eb1404d93c','ComponentType','PRIMITIVE');
INSERT INTO PUBLIC.OBJECT_FIELD_METADATA (ID, NAME, METADATA_TYPE, PARENT_METADATA,PARENT_METADATA_NAME, REFERENCE_METADATA, REFERENCE_METADATA_NAME, REFERENCE_METADATA_TYPE)VALUES('8ca1ab78a50f45cf88681a48bf27a8f2','SafeVaultConstructionExt','FIELD','99c4a67ab71a47a3ad08202e1c62ecf7','SafeVaultConstruction_Type',null,null,null);
INSERT INTO PUBLIC.OBJECT_FIELD_METADATA (ID, NAME, METADATA_TYPE, PARENT_METADATA,PARENT_METADATA_NAME, REFERENCE_METADATA, REFERENCE_METADATA_NAME, REFERENCE_METADATA_TYPE)VALUES('49e9c4c9b0534e18a386a01210d0e42c','ConstructionCd','FIELD','99c4a67ab71a47a3ad08202e1c62ecf7','SafeVaultConstruction_Type','dac392a51a934264a22aef96e73f6bbb','ConstructionType','PRIMITIVE');
INSERT INTO PUBLIC.OBJECT_FIELD_METADATA (ID, NAME, METADATA_TYPE, PARENT_METADATA,PARENT_METADATA_NAME, REFERENCE_METADATA, REFERENCE_METADATA_NAME, REFERENCE_METADATA_TYPE)VALUES('ace2ec5c01164ef0b1085ffe744e5471','SafeVaultConstruction','MODEL_RELATION','24a7a02f8df143d0a5f61f8c669f96ca','SafeVaultCharacteristics_Type','99c4a67ab71a47a3ad08202e1c62ecf7','SafeVaultConstruction_Type','OBJECT');
INSERT INTO PUBLIC.OBJECT_FIELD_METADATA (ID, NAME, METADATA_TYPE, PARENT_METADATA,PARENT_METADATA_NAME, REFERENCE_METADATA, REFERENCE_METADATA_NAME, REFERENCE_METADATA_TYPE)VALUES('ca673eac4c604c47872eabdca6d274a7','SafeVaultCharacteristicsExt','FIELD','24a7a02f8df143d0a5f61f8c669f96ca','SafeVaultCharacteristics_Type',null,null,null);
INSERT INTO PUBLIC.OBJECT_METADATA (ID, NAME, METADATA_TYPE, REFERENCE_METADATA, REFERENCE_METADATA_NAME) VALUES('404bb7307a84472fa5df20edd9f459b5','SafeVaultDoorChest_Type','OBJECT',null,null);
INSERT INTO PUBLIC.OBJECT_FIELD_METADATA (ID, NAME, METADATA_TYPE, PARENT_METADATA,PARENT_METADATA_NAME, REFERENCE_METADATA, REFERENCE_METADATA_NAME, REFERENCE_METADATA_TYPE)VALUES('3e7cb5251fc54af5aee1b4245c8f5f3e','RelockingDeviceInd','FIELD','404bb7307a84472fa5df20edd9f459b5','SafeVaultDoorChest_Type','4ffb0bcc3ec946d1af3ef883f4c3a4e6','Boolean','PRIMITIVE');
INSERT INTO PUBLIC.PRIMITIVE_METADATA (ID, NAME, METADATA_TYPE) VALUES('3f78ce05beaf4e6eb14718790039e959','SafeDoorType','PRIMITIVE');
INSERT INTO PUBLIC.OBJECT_FIELD_METADATA (ID, NAME, METADATA_TYPE, PARENT_METADATA,PARENT_METADATA_NAME, REFERENCE_METADATA, REFERENCE_METADATA_NAME, REFERENCE_METADATA_TYPE)VALUES('9f880bed640f4cb3b9fbf878d43c2cda','DoorTypeCd','FIELD','404bb7307a84472fa5df20edd9f459b5','SafeVaultDoorChest_Type','3f78ce05beaf4e6eb14718790039e959','SafeDoorType','PRIMITIVE');
INSERT INTO PUBLIC.PRIMITIVE_METADATA (ID, NAME, METADATA_TYPE) VALUES('db95ccb818944a719e58074a34b99356','DoorChestType','PRIMITIVE');
INSERT INTO PUBLIC.OBJECT_FIELD_METADATA (ID, NAME, METADATA_TYPE, PARENT_METADATA,PARENT_METADATA_NAME, REFERENCE_METADATA, REFERENCE_METADATA_NAME, REFERENCE_METADATA_TYPE)VALUES('16a58295d5694c858306f44312b2f030','DoorChestTypeCd','FIELD','404bb7307a84472fa5df20edd9f459b5','SafeVaultDoorChest_Type','db95ccb818944a719e58074a34b99356','DoorChestType','PRIMITIVE');
INSERT INTO PUBLIC.OBJECT_FIELD_METADATA (ID, NAME, METADATA_TYPE, PARENT_METADATA,PARENT_METADATA_NAME, REFERENCE_METADATA, REFERENCE_METADATA_NAME, REFERENCE_METADATA_TYPE)VALUES('674853af0a404f1497dd060ea80946af','ItemDefinition','MODEL_RELATION','404bb7307a84472fa5df20edd9f459b5','SafeVaultDoorChest_Type','d83ce2808c974daaa8d801a8af3b5cb2','ItemDefinition_Type','OBJECT');
INSERT INTO PUBLIC.OBJECT_FIELD_METADATA (ID, NAME, METADATA_TYPE, PARENT_METADATA,PARENT_METADATA_NAME, REFERENCE_METADATA, REFERENCE_METADATA_NAME, REFERENCE_METADATA_TYPE)VALUES('2528281102be4a49bfadb11a0940242d','DoorRatingCd','FIELD','404bb7307a84472fa5df20edd9f459b5','SafeVaultDoorChest_Type','6240ce877a244a73a1253961131c6cc9','IndustryCode_Type','PRIMITIVE');
INSERT INTO PUBLIC.OBJECT_FIELD_METADATA (ID, NAME, METADATA_TYPE, PARENT_METADATA,PARENT_METADATA_NAME, REFERENCE_METADATA, REFERENCE_METADATA_NAME, REFERENCE_METADATA_TYPE)VALUES('51c6f9b81a80405dbf7d3feca557c9a4','TimeLockInd','FIELD','404bb7307a84472fa5df20edd9f459b5','SafeVaultDoorChest_Type','4ffb0bcc3ec946d1af3ef883f4c3a4e6','Boolean','PRIMITIVE');
INSERT INTO PUBLIC.OBJECT_FIELD_METADATA (ID, NAME, METADATA_TYPE, PARENT_METADATA,PARENT_METADATA_NAME, REFERENCE_METADATA, REFERENCE_METADATA_NAME, REFERENCE_METADATA_TYPE)VALUES('f5d5e5764a84441c817bfe5593c8e847','CombinationLockInd','FIELD','404bb7307a84472fa5df20edd9f459b5','SafeVaultDoorChest_Type','4ffb0bcc3ec946d1af3ef883f4c3a4e6','Boolean','PRIMITIVE');
INSERT INTO PUBLIC.OBJECT_FIELD_METADATA (ID, NAME, METADATA_TYPE, PARENT_METADATA,PARENT_METADATA_NAME, REFERENCE_METADATA, REFERENCE_METADATA_NAME, REFERENCE_METADATA_TYPE)VALUES('1194484e545e44b8a6b7f4bb02d76615','SafeVaultDoorChestExt','FIELD','404bb7307a84472fa5df20edd9f459b5','SafeVaultDoorChest_Type',null,null,null);
INSERT INTO PUBLIC.OBJECT_FIELD_METADATA (ID, NAME, METADATA_TYPE, PARENT_METADATA,PARENT_METADATA_NAME, REFERENCE_METADATA, REFERENCE_METADATA_NAME, REFERENCE_METADATA_TYPE)VALUES('1ff3a25c4ea94f9b9b7939432d10976d','SafeVaultDoorChest','MODEL_RELATION','24a7a02f8df143d0a5f61f8c669f96ca','SafeVaultCharacteristics_Type','404bb7307a84472fa5df20edd9f459b5','SafeVaultDoorChest_Type','OBJECT');
INSERT INTO PUBLIC.OBJECT_METADATA (ID, NAME, METADATA_TYPE, REFERENCE_METADATA, REFERENCE_METADATA_NAME) VALUES('ddc71afcd2764fd69a8ed87e5449ce50','AlarmAndSecurity_Type','OBJECT',null,null);
INSERT INTO PUBLIC.OBJECT_FIELD_METADATA (ID, NAME, METADATA_TYPE, PARENT_METADATA,PARENT_METADATA_NAME, REFERENCE_METADATA, REFERENCE_METADATA_NAME, REFERENCE_METADATA_TYPE)VALUES('4c0e71cef18649f3ae4938d759ec054b','RecordingArchivedInd','FIELD','ddc71afcd2764fd69a8ed87e5449ce50','AlarmAndSecurity_Type','4ffb0bcc3ec946d1af3ef883f4c3a4e6','Boolean','PRIMITIVE');
INSERT INTO PUBLIC.OBJECT_FIELD_METADATA (ID, NAME, METADATA_TYPE, PARENT_METADATA,PARENT_METADATA_NAME, REFERENCE_METADATA, REFERENCE_METADATA_NAME, REFERENCE_METADATA_TYPE)VALUES('a587209434424e91b61fc6d9eba3fe4a','LineSecurityInd','FIELD','ddc71afcd2764fd69a8ed87e5449ce50','AlarmAndSecurity_Type','4ffb0bcc3ec946d1af3ef883f4c3a4e6','Boolean','PRIMITIVE');
INSERT INTO PUBLIC.OBJECT_FIELD_METADATA (ID, NAME, METADATA_TYPE, PARENT_METADATA,PARENT_METADATA_NAME, REFERENCE_METADATA, REFERENCE_METADATA_NAME, REFERENCE_METADATA_TYPE)VALUES('750c683d6c81474496646a3dbe84c60d','ItemDefinition','MODEL_RELATION','ddc71afcd2764fd69a8ed87e5449ce50','AlarmAndSecurity_Type','d83ce2808c974daaa8d801a8af3b5cb2','ItemDefinition_Type','OBJECT');
INSERT INTO PUBLIC.OBJECT_FIELD_METADATA (ID, NAME, METADATA_TYPE, PARENT_METADATA,PARENT_METADATA_NAME, REFERENCE_METADATA, REFERENCE_METADATA_NAME, REFERENCE_METADATA_TYPE)VALUES('b721f845cbfe420d8a630fe816e5cc35','RecordedSurveillanceInd','FIELD','ddc71afcd2764fd69a8ed87e5449ce50','AlarmAndSecurity_Type','4ffb0bcc3ec946d1af3ef883f4c3a4e6','Boolean','PRIMITIVE');
INSERT INTO PUBLIC.OBJECT_FIELD_METADATA (ID, NAME, METADATA_TYPE, PARENT_METADATA,PARENT_METADATA_NAME, REFERENCE_METADATA, REFERENCE_METADATA_NAME, REFERENCE_METADATA_TYPE)VALUES('f0c076c0f2af4f878e76c619125975ed','LastVisitedByDesc','FIELD','ddc71afcd2764fd69a8ed87e5449ce50','AlarmAndSecurity_Type','2344631100044813a5126adcfb93e80d','C-255','PRIMITIVE');
INSERT INTO PUBLIC.PRIMITIVE_METADATA (ID, NAME, METADATA_TYPE) VALUES('0f165ce4bced4c1bb16ed22ecc75497d','ProtectionExtent','PRIMITIVE');
INSERT INTO PUBLIC.OBJECT_FIELD_METADATA (ID, NAME, METADATA_TYPE, PARENT_METADATA,PARENT_METADATA_NAME, REFERENCE_METADATA, REFERENCE_METADATA_NAME, REFERENCE_METADATA_TYPE)VALUES('86d327eb57944b13a0acd7d086cead9d','AlarmCoverageAreaCd','FIELD','ddc71afcd2764fd69a8ed87e5449ce50','AlarmAndSecurity_Type','0f165ce4bced4c1bb16ed22ecc75497d','ProtectionExtent','PRIMITIVE');
INSERT INTO PUBLIC.OBJECT_FIELD_METADATA (ID, NAME, METADATA_TYPE, PARENT_METADATA,PARENT_METADATA_NAME, REFERENCE_METADATA, REFERENCE_METADATA_NAME, REFERENCE_METADATA_TYPE)VALUES('854aa7773d0b4086bebb4b0fe3a028f1','ULCertificateIssueDt','FIELD','ddc71afcd2764fd69a8ed87e5449ce50','AlarmAndSecurity_Type','3b0a2ca6cf3a4fb19718e35aa60287cd','Date','PRIMITIVE');
INSERT INTO PUBLIC.PRIMITIVE_METADATA (ID, NAME, METADATA_TYPE) VALUES('7183c2a5692f464a84df41ee3cfd31a6','BulletResistingEnclosureType','PRIMITIVE');
INSERT INTO PUBLIC.OBJECT_FIELD_METADATA (ID, NAME, METADATA_TYPE, PARENT_METADATA,PARENT_METADATA_NAME, REFERENCE_METADATA, REFERENCE_METADATA_NAME, REFERENCE_METADATA_TYPE)VALUES('9116099bd3f7400c9e1739077856b0fe','BulletResistingEnclosureTypeCd','FIELD','ddc71afcd2764fd69a8ed87e5449ce50','AlarmAndSecurity_Type','7183c2a5692f464a84df41ee3cfd31a6','BulletResistingEnclosureType','PRIMITIVE');
INSERT INTO PUBLIC.PRIMITIVE_METADATA (ID, NAME, METADATA_TYPE) VALUES('5992b9ef94254441922628f3270c2bd2','Surveillance','PRIMITIVE');
INSERT INTO PUBLIC.OBJECT_FIELD_METADATA (ID, NAME, METADATA_TYPE, PARENT_METADATA,PARENT_METADATA_NAME, REFERENCE_METADATA, REFERENCE_METADATA_NAME, REFERENCE_METADATA_TYPE)VALUES('99fa8fbba9224c36903aef632826f258','RemoteSurveillanceTypeCd','FIELD','ddc71afcd2764fd69a8ed87e5449ce50','AlarmAndSecurity_Type','5992b9ef94254441922628f3270c2bd2','Surveillance','PRIMITIVE');
INSERT INTO PUBLIC.OBJECT_FIELD_METADATA (ID, NAME, METADATA_TYPE, PARENT_METADATA,PARENT_METADATA_NAME, REFERENCE_METADATA, REFERENCE_METADATA_NAME, REFERENCE_METADATA_TYPE)VALUES('7b4bb44db07345f7af45e5b9d740e117','MiscParty','MODEL_RELATION','ddc71afcd2764fd69a8ed87e5449ce50','AlarmAndSecurity_Type','0a76585a8ae342d897387f29800d50c8','MiscParty_Type','OBJECT');
INSERT INTO PUBLIC.OBJECT_FIELD_METADATA (ID, NAME, METADATA_TYPE, PARENT_METADATA,PARENT_METADATA_NAME, REFERENCE_METADATA, REFERENCE_METADATA_NAME, REFERENCE_METADATA_TYPE)VALUES('46c721394ee44437aff4fd49b402208e','DtTimeOnSurveillanceInd','FIELD','ddc71afcd2764fd69a8ed87e5449ce50','AlarmAndSecurity_Type','4ffb0bcc3ec946d1af3ef883f4c3a4e6','Boolean','PRIMITIVE');
INSERT INTO PUBLIC.PRIMITIVE_METADATA (ID, NAME, METADATA_TYPE) VALUES('3ca67cdf86d645eda036b5da9ff85ebb','WatchPersonFactorCredit','PRIMITIVE');
INSERT INTO PUBLIC.OBJECT_FIELD_METADATA (ID, NAME, METADATA_TYPE, PARENT_METADATA,PARENT_METADATA_NAME, REFERENCE_METADATA, REFERENCE_METADATA_NAME, REFERENCE_METADATA_TYPE)VALUES('a752df080962499085073cc77965f2ed','WatchPersonsFactorCd','FIELD','ddc71afcd2764fd69a8ed87e5449ce50','AlarmAndSecurity_Type','3ca67cdf86d645eda036b5da9ff85ebb','WatchPersonFactorCredit','PRIMITIVE');
INSERT INTO PUBLIC.OBJECT_FIELD_METADATA (ID, NAME, METADATA_TYPE, PARENT_METADATA,PARENT_METADATA_NAME, REFERENCE_METADATA, REFERENCE_METADATA_NAME, REFERENCE_METADATA_TYPE)VALUES('75f0d0d3950c41b5be89946b774c1306','AlarmAndSecurityExt','FIELD','ddc71afcd2764fd69a8ed87e5449ce50','AlarmAndSecurity_Type',null,null,null);
INSERT INTO PUBLIC.OBJECT_FIELD_METADATA (ID, NAME, METADATA_TYPE, PARENT_METADATA,PARENT_METADATA_NAME, REFERENCE_METADATA, REFERENCE_METADATA_NAME, REFERENCE_METADATA_TYPE)VALUES('cf4dacad896244fe80725db50ca73951','MaintenanceContractInd','FIELD','ddc71afcd2764fd69a8ed87e5449ce50','AlarmAndSecurity_Type','4ffb0bcc3ec946d1af3ef883f4c3a4e6','Boolean','PRIMITIVE');
INSERT INTO PUBLIC.OBJECT_FIELD_METADATA (ID, NAME, METADATA_TYPE, PARENT_METADATA,PARENT_METADATA_NAME, REFERENCE_METADATA, REFERENCE_METADATA_NAME, REFERENCE_METADATA_TYPE)VALUES('cf64b74e01bd4f35802899e4157865af','NumGuards','FIELD','ddc71afcd2764fd69a8ed87e5449ce50','AlarmAndSecurity_Type','838cab4e48a54d0bb23ca5ea9db454ab','Long','PRIMITIVE');
INSERT INTO PUBLIC.OBJECT_FIELD_METADATA (ID, NAME, METADATA_TYPE, PARENT_METADATA,PARENT_METADATA_NAME, REFERENCE_METADATA, REFERENCE_METADATA_NAME, REFERENCE_METADATA_TYPE)VALUES('a5526e76aad54c57bc63081063a801a1','AlarmDesc','FIELD','ddc71afcd2764fd69a8ed87e5449ce50','AlarmAndSecurity_Type','2344631100044813a5126adcfb93e80d','C-255','PRIMITIVE');
INSERT INTO PUBLIC.OBJECT_FIELD_METADATA (ID, NAME, METADATA_TYPE, PARENT_METADATA,PARENT_METADATA_NAME, REFERENCE_METADATA, REFERENCE_METADATA_NAME, REFERENCE_METADATA_TYPE)VALUES('f09af0c50b4e4f1da2a47fcaa4aaf70e','ProtectionClassGradeCd','FIELD','ddc71afcd2764fd69a8ed87e5449ce50','AlarmAndSecurity_Type','6240ce877a244a73a1253961131c6cc9','IndustryCode_Type','PRIMITIVE');
INSERT INTO PUBLIC.OBJECT_FIELD_METADATA (ID, NAME, METADATA_TYPE, PARENT_METADATA,PARENT_METADATA_NAME, REFERENCE_METADATA, REFERENCE_METADATA_NAME, REFERENCE_METADATA_TYPE)VALUES('908850902bd74d069be88c6bd4753688','BldgSeenFrequencyDesc','FIELD','ddc71afcd2764fd69a8ed87e5449ce50','AlarmAndSecurity_Type','2344631100044813a5126adcfb93e80d','C-255','PRIMITIVE');
INSERT INTO PUBLIC.OBJECT_FIELD_METADATA (ID, NAME, METADATA_TYPE, PARENT_METADATA,PARENT_METADATA_NAME, REFERENCE_METADATA, REFERENCE_METADATA_NAME, REFERENCE_METADATA_TYPE)VALUES('84b6fb69e2b04479bfabb28b90828c87','NumHoldUpButtons','FIELD','ddc71afcd2764fd69a8ed87e5449ce50','AlarmAndSecurity_Type','838cab4e48a54d0bb23ca5ea9db454ab','Long','PRIMITIVE');
INSERT INTO PUBLIC.OBJECT_FIELD_METADATA (ID, NAME, METADATA_TYPE, PARENT_METADATA,PARENT_METADATA_NAME, REFERENCE_METADATA, REFERENCE_METADATA_NAME, REFERENCE_METADATA_TYPE)VALUES('dac6b7b48b6348d6bb8fb0da3e4dd1ce','BldgSeenFrequencyCd','FIELD','ddc71afcd2764fd69a8ed87e5449ce50','AlarmAndSecurity_Type','90030f3dd02843e3b982684d2bd6039d','Frequency','PRIMITIVE');
INSERT INTO PUBLIC.OBJECT_FIELD_METADATA (ID, NAME, METADATA_TYPE, PARENT_METADATA,PARENT_METADATA_NAME, REFERENCE_METADATA, REFERENCE_METADATA_NAME, REFERENCE_METADATA_TYPE)VALUES('5c899ce548a34c01bb65398af60d1734','ULCertificateExpirationDt','FIELD','ddc71afcd2764fd69a8ed87e5449ce50','AlarmAndSecurity_Type','3b0a2ca6cf3a4fb19718e35aa60287cd','Date','PRIMITIVE');
INSERT INTO PUBLIC.PRIMITIVE_METADATA (ID, NAME, METADATA_TYPE) VALUES('452d141877374bce946289759989c55f','LastVisited','PRIMITIVE');
INSERT INTO PUBLIC.OBJECT_FIELD_METADATA (ID, NAME, METADATA_TYPE, PARENT_METADATA,PARENT_METADATA_NAME, REFERENCE_METADATA, REFERENCE_METADATA_NAME, REFERENCE_METADATA_TYPE)VALUES('61e9a761f7b44f48a1703d601c583fa9','LastVisitedByCd','FIELD','ddc71afcd2764fd69a8ed87e5449ce50','AlarmAndSecurity_Type','452d141877374bce946289759989c55f','LastVisited','PRIMITIVE');
INSERT INTO PUBLIC.PRIMITIVE_METADATA (ID, NAME, METADATA_TYPE) VALUES('7d8f599ee0a8448fb688f079d948e371','AlarmType','PRIMITIVE');
INSERT INTO PUBLIC.OBJECT_FIELD_METADATA (ID, NAME, METADATA_TYPE, PARENT_METADATA,PARENT_METADATA_NAME, REFERENCE_METADATA, REFERENCE_METADATA_NAME, REFERENCE_METADATA_TYPE)VALUES('bc0b0319975849c08fcf06ad3216651f','AlarmTypeCd','FIELD','ddc71afcd2764fd69a8ed87e5449ce50','AlarmAndSecurity_Type','7d8f599ee0a8448fb688f079d948e371','AlarmType','PRIMITIVE');
INSERT INTO PUBLIC.OBJECT_FIELD_METADATA (ID, NAME, METADATA_TYPE, PARENT_METADATA,PARENT_METADATA_NAME, REFERENCE_METADATA, REFERENCE_METADATA_NAME, REFERENCE_METADATA_TYPE)VALUES('9b0d342d7d5748eba1e1a27f49d06c7f','RemoteSurveillanceInd','FIELD','ddc71afcd2764fd69a8ed87e5449ce50','AlarmAndSecurity_Type','4ffb0bcc3ec946d1af3ef883f4c3a4e6','Boolean','PRIMITIVE');
INSERT INTO PUBLIC.OBJECT_FIELD_METADATA (ID, NAME, METADATA_TYPE, PARENT_METADATA,PARENT_METADATA_NAME, REFERENCE_METADATA, REFERENCE_METADATA_NAME, REFERENCE_METADATA_TYPE)VALUES('e6d6e9bdcc114482b6507bd1e3ca7ebc','ULCertificateNumber','FIELD','ddc71afcd2764fd69a8ed87e5449ce50','AlarmAndSecurity_Type','dca96396670d4a49979b33da4c247da3','C-20','PRIMITIVE');
INSERT INTO PUBLIC.OBJECT_FIELD_METADATA (ID, NAME, METADATA_TYPE, PARENT_METADATA,PARENT_METADATA_NAME, REFERENCE_METADATA, REFERENCE_METADATA_NAME, REFERENCE_METADATA_TYPE)VALUES('0d540485efa140e9bd951bc0b52ebe1b','MonitoredSurveillanceInd','FIELD','ddc71afcd2764fd69a8ed87e5449ce50','AlarmAndSecurity_Type','4ffb0bcc3ec946d1af3ef883f4c3a4e6','Boolean','PRIMITIVE');
INSERT INTO PUBLIC.OBJECT_FIELD_METADATA (ID, NAME, METADATA_TYPE, PARENT_METADATA,PARENT_METADATA_NAME, REFERENCE_METADATA, REFERENCE_METADATA_NAME, REFERENCE_METADATA_TYPE)VALUES('2b2c3fed896a40778ffcaed476f02963','ProtectionExtentCd','FIELD','ddc71afcd2764fd69a8ed87e5449ce50','AlarmAndSecurity_Type','0f165ce4bced4c1bb16ed22ecc75497d','ProtectionExtent','PRIMITIVE');
INSERT INTO PUBLIC.PRIMITIVE_METADATA (ID, NAME, METADATA_TYPE) VALUES('f9b5e43d237c438fa2ed247f9e9113c2','AlarmDescription','PRIMITIVE');
INSERT INTO PUBLIC.OBJECT_FIELD_METADATA (ID, NAME, METADATA_TYPE, PARENT_METADATA,PARENT_METADATA_NAME, REFERENCE_METADATA, REFERENCE_METADATA_NAME, REFERENCE_METADATA_TYPE)VALUES('ed96c99f647342eaac3440bda07fcce5','AlarmDescCd','FIELD','ddc71afcd2764fd69a8ed87e5449ce50','AlarmAndSecurity_Type','f9b5e43d237c438fa2ed247f9e9113c2','AlarmDescription','PRIMITIVE');
INSERT INTO PUBLIC.OBJECT_FIELD_METADATA (ID, NAME, METADATA_TYPE, PARENT_METADATA,PARENT_METADATA_NAME, REFERENCE_METADATA, REFERENCE_METADATA_NAME, REFERENCE_METADATA_TYPE)VALUES('47e0960fd0d643a49758d12d86f08ac3','NumGuardsWatchPersons','FIELD','ddc71afcd2764fd69a8ed87e5449ce50','AlarmAndSecurity_Type','838cab4e48a54d0bb23ca5ea9db454ab','Long','PRIMITIVE');
INSERT INTO PUBLIC.OBJECT_FIELD_METADATA (ID, NAME, METADATA_TYPE, PARENT_METADATA,PARENT_METADATA_NAME, REFERENCE_METADATA, REFERENCE_METADATA_NAME, REFERENCE_METADATA_TYPE)VALUES('48cff75fec324510a7183c3d3b49401a','LastVisitedDt','FIELD','ddc71afcd2764fd69a8ed87e5449ce50','AlarmAndSecurity_Type','3b0a2ca6cf3a4fb19718e35aa60287cd','Date','PRIMITIVE');
INSERT INTO PUBLIC.OBJECT_FIELD_METADATA (ID, NAME, METADATA_TYPE, PARENT_METADATA,PARENT_METADATA_NAME, REFERENCE_METADATA, REFERENCE_METADATA_NAME, REFERENCE_METADATA_TYPE)VALUES('09961f5f39af411e9c6d374a8408be10','NumWatchPersons','FIELD','ddc71afcd2764fd69a8ed87e5449ce50','AlarmAndSecurity_Type','838cab4e48a54d0bb23ca5ea9db454ab','Long','PRIMITIVE');
INSERT INTO PUBLIC.OBJECT_FIELD_METADATA (ID, NAME, METADATA_TYPE, PARENT_METADATA,PARENT_METADATA_NAME, REFERENCE_METADATA, REFERENCE_METADATA_NAME, REFERENCE_METADATA_TYPE)VALUES('7b37777ac09d4ac3ae784652328792dd','RecordingDuration','MODEL_RELATION','ddc71afcd2764fd69a8ed87e5449ce50','AlarmAndSecurity_Type','1df1057b06734b019460d9f8fb0a43b0','MEASUREMENT','OBJECT');
INSERT INTO PUBLIC.OBJECT_FIELD_METADATA (ID, NAME, METADATA_TYPE, PARENT_METADATA,PARENT_METADATA_NAME, REFERENCE_METADATA, REFERENCE_METADATA_NAME, REFERENCE_METADATA_TYPE)VALUES('af80d8882ca74a49bf618f2b1bc2aeae','AlarmAndSecurity','MODEL_RELATION','24a7a02f8df143d0a5f61f8c669f96ca','SafeVaultCharacteristics_Type','ddc71afcd2764fd69a8ed87e5449ce50','AlarmAndSecurity_Type','OBJECT');
INSERT INTO PUBLIC.OBJECT_FIELD_METADATA (ID, NAME, METADATA_TYPE, PARENT_METADATA,PARENT_METADATA_NAME, REFERENCE_METADATA, REFERENCE_METADATA_NAME, REFERENCE_METADATA_TYPE)VALUES('de442ddd323747678465167e504caa15','RelockingDeviceInd','FIELD','24a7a02f8df143d0a5f61f8c669f96ca','SafeVaultCharacteristics_Type','4ffb0bcc3ec946d1af3ef883f4c3a4e6','Boolean','PRIMITIVE');
INSERT INTO PUBLIC.OBJECT_FIELD_METADATA (ID, NAME, METADATA_TYPE, PARENT_METADATA,PARENT_METADATA_NAME, REFERENCE_METADATA, REFERENCE_METADATA_NAME, REFERENCE_METADATA_TYPE)VALUES('44147380d06b44e0964cecf76c2fa730','SafeVaultClassCd','FIELD','24a7a02f8df143d0a5f61f8c669f96ca','SafeVaultCharacteristics_Type','6240ce877a244a73a1253961131c6cc9','IndustryCode_Type','PRIMITIVE');
INSERT INTO PUBLIC.OBJECT_FIELD_METADATA (ID, NAME, METADATA_TYPE, PARENT_METADATA,PARENT_METADATA_NAME, REFERENCE_METADATA, REFERENCE_METADATA_NAME, REFERENCE_METADATA_TYPE)VALUES('a3f6a19a88c04018bf2a4107d91a090b','NumOpenings','FIELD','24a7a02f8df143d0a5f61f8c669f96ca','SafeVaultCharacteristics_Type','838cab4e48a54d0bb23ca5ea9db454ab','Long','PRIMITIVE');
INSERT INTO PUBLIC.OBJECT_FIELD_METADATA (ID, NAME, METADATA_TYPE, PARENT_METADATA,PARENT_METADATA_NAME, REFERENCE_METADATA, REFERENCE_METADATA_NAME, REFERENCE_METADATA_TYPE)VALUES('f784630d487d4c9bac619620e214bb8d','Length','MODEL_RELATION','24a7a02f8df143d0a5f61f8c669f96ca','SafeVaultCharacteristics_Type','1df1057b06734b019460d9f8fb0a43b0','MEASUREMENT','OBJECT');
INSERT INTO PUBLIC.OBJECT_METADATA (ID, NAME, METADATA_TYPE, REFERENCE_METADATA, REFERENCE_METADATA_NAME) VALUES('af4bdf469f2e4a519422de307d2d0dce','SafeVaultContents_Type','OBJECT',null,null);
INSERT INTO PUBLIC.OBJECT_FIELD_METADATA (ID, NAME, METADATA_TYPE, PARENT_METADATA,PARENT_METADATA_NAME, REFERENCE_METADATA, REFERENCE_METADATA_NAME, REFERENCE_METADATA_TYPE)VALUES('fa5cfaa0339f4475ac55f4fcf37bcff4','InventoryInSafePct','FIELD','af4bdf469f2e4a519422de307d2d0dce','SafeVaultContents_Type','42787ecf7ebe44bdb047ebe0f2268d21','PercentLong','PRIMITIVE');
INSERT INTO PUBLIC.OBJECT_FIELD_METADATA (ID, NAME, METADATA_TYPE, PARENT_METADATA,PARENT_METADATA_NAME, REFERENCE_METADATA, REFERENCE_METADATA_NAME, REFERENCE_METADATA_TYPE)VALUES('4d4617fa22324c2083f927993c3fb773','Description','FIELD','af4bdf469f2e4a519422de307d2d0dce','SafeVaultContents_Type','2344631100044813a5126adcfb93e80d','C-255','PRIMITIVE');
INSERT INTO PUBLIC.OBJECT_FIELD_METADATA (ID, NAME, METADATA_TYPE, PARENT_METADATA,PARENT_METADATA_NAME, REFERENCE_METADATA, REFERENCE_METADATA_NAME, REFERENCE_METADATA_TYPE)VALUES('f8027d4408464aa7b24c46527373fa6d','SafeVaultContentsExt','FIELD','af4bdf469f2e4a519422de307d2d0dce','SafeVaultContents_Type',null,null,null);
INSERT INTO PUBLIC.OBJECT_FIELD_METADATA (ID, NAME, METADATA_TYPE, PARENT_METADATA,PARENT_METADATA_NAME, REFERENCE_METADATA, REFERENCE_METADATA_NAME, REFERENCE_METADATA_TYPE)VALUES('078ed16e166e4b54867b4389ea6769c2','SafeVaultContents','MODEL_RELATION','24a7a02f8df143d0a5f61f8c669f96ca','SafeVaultCharacteristics_Type','af4bdf469f2e4a519422de307d2d0dce','SafeVaultContents_Type','OBJECT');
INSERT INTO PUBLIC.OBJECT_FIELD_METADATA (ID, NAME, METADATA_TYPE, PARENT_METADATA,PARENT_METADATA_NAME, REFERENCE_METADATA, REFERENCE_METADATA_NAME, REFERENCE_METADATA_TYPE)VALUES('ee5cb0b0811a42b9b72fb1c7b4c2fe76','Height','MODEL_RELATION','24a7a02f8df143d0a5f61f8c669f96ca','SafeVaultCharacteristics_Type','1df1057b06734b019460d9f8fb0a43b0','MEASUREMENT','OBJECT');
INSERT INTO PUBLIC.OBJECT_FIELD_METADATA (ID, NAME, METADATA_TYPE, PARENT_METADATA,PARENT_METADATA_NAME, REFERENCE_METADATA, REFERENCE_METADATA_NAME, REFERENCE_METADATA_TYPE)VALUES('11decb99b048444482db0ec517b384ba','Width','MODEL_RELATION','24a7a02f8df143d0a5f61f8c669f96ca','SafeVaultCharacteristics_Type','1df1057b06734b019460d9f8fb0a43b0','MEASUREMENT','OBJECT');
INSERT INTO PUBLIC.OBJECT_FIELD_METADATA (ID, NAME, METADATA_TYPE, PARENT_METADATA,PARENT_METADATA_NAME, REFERENCE_METADATA, REFERENCE_METADATA_NAME, REFERENCE_METADATA_TYPE)VALUES('74ba06ac372d40d9bc57cc0ab6795b1b','SafeVaultCharacteristics','MODEL_RELATION','c11eb550b94c4c269e85c4a6e7d6a11a','PersInlandMarineLineBusiness_Type','24a7a02f8df143d0a5f61f8c669f96ca','SafeVaultCharacteristics_Type','OBJECT');
INSERT INTO PUBLIC.OBJECT_FIELD_METADATA (ID, NAME, METADATA_TYPE, PARENT_METADATA,PARENT_METADATA_NAME, REFERENCE_METADATA, REFERENCE_METADATA_NAME, REFERENCE_METADATA_TYPE)VALUES('8dd5dd3d49ca48669141f2a161bc571a','HazardGradeInfo','MODEL_RELATION','c11eb550b94c4c269e85c4a6e7d6a11a','PersInlandMarineLineBusiness_Type','27cb6123ae2a4e5da40275f0c5716a86','HazardGradeInfo_Type','OBJECT');
INSERT INTO PUBLIC.OBJECT_FIELD_METADATA (ID, NAME, METADATA_TYPE, PARENT_METADATA,PARENT_METADATA_NAME, REFERENCE_METADATA, REFERENCE_METADATA_NAME, REFERENCE_METADATA_TYPE)VALUES('86fc4dcbd3cd445890f9e3131d4f5be9','MinPremAmt','MODEL_RELATION','c11eb550b94c4c269e85c4a6e7d6a11a','PersInlandMarineLineBusiness_Type','4fa89203e94a4637baa0484d19b460c5','CURRENCY','OBJECT');
INSERT INTO PUBLIC.OBJECT_FIELD_METADATA (ID, NAME, METADATA_TYPE, PARENT_METADATA,PARENT_METADATA_NAME, REFERENCE_METADATA, REFERENCE_METADATA_NAME, REFERENCE_METADATA_TYPE)VALUES('d634db3518f548eda1558665c3b35c4c','CurrentTermAmt','MODEL_RELATION','c11eb550b94c4c269e85c4a6e7d6a11a','PersInlandMarineLineBusiness_Type','4fa89203e94a4637baa0484d19b460c5','CURRENCY','OBJECT');
INSERT INTO PUBLIC.OBJECT_FIELD_METADATA (ID, NAME, METADATA_TYPE, PARENT_METADATA,PARENT_METADATA_NAME, REFERENCE_METADATA, REFERENCE_METADATA_NAME, REFERENCE_METADATA_TYPE)VALUES('f27c9b07d2834a7baccbe5d52cdcc83f','CompanyProductCd','FIELD','c11eb550b94c4c269e85c4a6e7d6a11a','PersInlandMarineLineBusiness_Type','6240ce877a244a73a1253961131c6cc9','IndustryCode_Type','PRIMITIVE');
INSERT INTO PUBLIC.OBJECT_FIELD_METADATA (ID, NAME, METADATA_TYPE, PARENT_METADATA,PARENT_METADATA_NAME, REFERENCE_METADATA, REFERENCE_METADATA_NAME, REFERENCE_METADATA_TYPE)VALUES('bf332db20fda4a45a010813955cbcb16','CoverageAvailable','MODEL_RELATION','c11eb550b94c4c269e85c4a6e7d6a11a','PersInlandMarineLineBusiness_Type','d0675b4bbe674c1fa08297c27c3cb675','Coverage_Type','OBJECT');
INSERT INTO PUBLIC.OBJECT_FIELD_METADATA (ID, NAME, METADATA_TYPE, PARENT_METADATA,PARENT_METADATA_NAME, REFERENCE_METADATA, REFERENCE_METADATA_NAME, REFERENCE_METADATA_TYPE)VALUES('5dea86e47dd64fc8a51498a05f61006d','HazardGradeCd','FIELD','c11eb550b94c4c269e85c4a6e7d6a11a','PersInlandMarineLineBusiness_Type','6240ce877a244a73a1253961131c6cc9','IndustryCode_Type','PRIMITIVE');
INSERT INTO PUBLIC.OBJECT_FIELD_METADATA (ID, NAME, METADATA_TYPE, PARENT_METADATA,PARENT_METADATA_NAME, REFERENCE_METADATA, REFERENCE_METADATA_NAME, REFERENCE_METADATA_TYPE)VALUES('b4890945fddf4af1a156f5b9d42325cf','QuestionAnswer','MODEL_RELATION','c11eb550b94c4c269e85c4a6e7d6a11a','PersInlandMarineLineBusiness_Type','152fefd4f3054b68b490c1af5c9c284c','QuestionAnswer_Type','OBJECT');
INSERT INTO PUBLIC.OBJECT_FIELD_METADATA (ID, NAME, METADATA_TYPE, PARENT_METADATA,PARENT_METADATA_NAME, REFERENCE_METADATA, REFERENCE_METADATA_NAME, REFERENCE_METADATA_TYPE)VALUES('5cdb847acf2841c5a597d249b7a36312','NAICCd','FIELD','c11eb550b94c4c269e85c4a6e7d6a11a','PersInlandMarineLineBusiness_Type','6240ce877a244a73a1253961131c6cc9','IndustryCode_Type','PRIMITIVE');
INSERT INTO PUBLIC.OBJECT_METADATA (ID, NAME, METADATA_TYPE, REFERENCE_METADATA, REFERENCE_METADATA_NAME) VALUES('69ba47e93d174c1ab4effb45ab6f05bc','PropertyExhibit_Type','OBJECT',null,null);
INSERT INTO PUBLIC.OBJECT_FIELD_METADATA (ID, NAME, METADATA_TYPE, PARENT_METADATA,PARENT_METADATA_NAME, REFERENCE_METADATA, REFERENCE_METADATA_NAME, REFERENCE_METADATA_TYPE)VALUES('1092834de1e7406d9447e807413a22d9','NumDays','FIELD','69ba47e93d174c1ab4effb45ab6f05bc','PropertyExhibit_Type','838cab4e48a54d0bb23ca5ea9db454ab','Long','PRIMITIVE');
INSERT INTO PUBLIC.OBJECT_FIELD_METADATA (ID, NAME, METADATA_TYPE, PARENT_METADATA,PARENT_METADATA_NAME, REFERENCE_METADATA, REFERENCE_METADATA_NAME, REFERENCE_METADATA_TYPE)VALUES('743b3475e24344b3b3bb1843d6a7884e','SecurityDesc','FIELD','69ba47e93d174c1ab4effb45ab6f05bc','PropertyExhibit_Type','395c33ebbd5b40f0aee8a4f93dbedf31','C-Infinite','PRIMITIVE');
INSERT INTO PUBLIC.OBJECT_FIELD_METADATA (ID, NAME, METADATA_TYPE, PARENT_METADATA,PARENT_METADATA_NAME, REFERENCE_METADATA, REFERENCE_METADATA_NAME, REFERENCE_METADATA_TYPE)VALUES('b3bb0601e77441f099c40c85569b7c78','ExhibitDesc','FIELD','69ba47e93d174c1ab4effb45ab6f05bc','PropertyExhibit_Type','395c33ebbd5b40f0aee8a4f93dbedf31','C-Infinite','PRIMITIVE');
INSERT INTO PUBLIC.OBJECT_FIELD_METADATA (ID, NAME, METADATA_TYPE, PARENT_METADATA,PARENT_METADATA_NAME, REFERENCE_METADATA, REFERENCE_METADATA_NAME, REFERENCE_METADATA_TYPE)VALUES('41d2464d7679455eb76d2f2b0cb90eb4','PropertyExhibitExt','FIELD','69ba47e93d174c1ab4effb45ab6f05bc','PropertyExhibit_Type',null,null,null);
INSERT INTO PUBLIC.OBJECT_FIELD_METADATA (ID, NAME, METADATA_TYPE, PARENT_METADATA,PARENT_METADATA_NAME, REFERENCE_METADATA, REFERENCE_METADATA_NAME, REFERENCE_METADATA_TYPE)VALUES('cde9bdc9a51846cdb7f4e1eb08700e5c','ExhibitedPropertyDesc','FIELD','69ba47e93d174c1ab4effb45ab6f05bc','PropertyExhibit_Type','395c33ebbd5b40f0aee8a4f93dbedf31','C-Infinite','PRIMITIVE');
INSERT INTO PUBLIC.OBJECT_FIELD_METADATA (ID, NAME, METADATA_TYPE, PARENT_METADATA,PARENT_METADATA_NAME, REFERENCE_METADATA, REFERENCE_METADATA_NAME, REFERENCE_METADATA_TYPE)VALUES('cd46a3b5538d4a19b6c64a1a9d925ebb','LocationDesc','FIELD','69ba47e93d174c1ab4effb45ab6f05bc','PropertyExhibit_Type','395c33ebbd5b40f0aee8a4f93dbedf31','C-Infinite','PRIMITIVE');
INSERT INTO PUBLIC.OBJECT_FIELD_METADATA (ID, NAME, METADATA_TYPE, PARENT_METADATA,PARENT_METADATA_NAME, REFERENCE_METADATA, REFERENCE_METADATA_NAME, REFERENCE_METADATA_TYPE)VALUES('3e073482497f40a5bb1fa2bcc95ec467','PropertyExhibit','MODEL_RELATION','c11eb550b94c4c269e85c4a6e7d6a11a','PersInlandMarineLineBusiness_Type','69ba47e93d174c1ab4effb45ab6f05bc','PropertyExhibit_Type','OBJECT');
INSERT INTO PUBLIC.OBJECT_FIELD_METADATA (ID, NAME, METADATA_TYPE, PARENT_METADATA,PARENT_METADATA_NAME, REFERENCE_METADATA, REFERENCE_METADATA_NAME, REFERENCE_METADATA_TYPE)VALUES('1e62897c34524dd79cee3583d0462be2','AdditionalInterest','MODEL_RELATION','c11eb550b94c4c269e85c4a6e7d6a11a','PersInlandMarineLineBusiness_Type','23a83d5912a54d0ca9b4669826684442','AdditionalInterest_Type','OBJECT');
INSERT INTO PUBLIC.OBJECT_FIELD_METADATA (ID, NAME, METADATA_TYPE, PARENT_METADATA,PARENT_METADATA_NAME, REFERENCE_METADATA, REFERENCE_METADATA_NAME, REFERENCE_METADATA_TYPE)VALUES('c2a646d444d242d88b3c5b1751a08453','AuditInfo','MODEL_RELATION','c11eb550b94c4c269e85c4a6e7d6a11a','PersInlandMarineLineBusiness_Type','cafd893cc1ec4101a8df78b1c1a8c82e','AuditInfo_Type','OBJECT');
INSERT INTO PUBLIC.OBJECT_FIELD_METADATA (ID, NAME, METADATA_TYPE, PARENT_METADATA,PARENT_METADATA_NAME, REFERENCE_METADATA, REFERENCE_METADATA_NAME, REFERENCE_METADATA_TYPE)VALUES('e36f0bb6e1c24e0e90e548d9154d921c','MinPremInd','FIELD','c11eb550b94c4c269e85c4a6e7d6a11a','PersInlandMarineLineBusiness_Type','4ffb0bcc3ec946d1af3ef883f4c3a4e6','Boolean','PRIMITIVE');
INSERT INTO PUBLIC.OBJECT_METADATA (ID, NAME, METADATA_TYPE, REFERENCE_METADATA, REFERENCE_METADATA_NAME) VALUES('4e26027ebc964bf2b9794c16adccd3cf','Dwell_Type','OBJECT',null,null);
INSERT INTO PUBLIC.OBJECT_METADATA (ID, NAME, METADATA_TYPE, REFERENCE_METADATA, REFERENCE_METADATA_NAME) VALUES('acbbb71b22534bf1b7dab4348ab35125','AnimalExposureInfo_Type','OBJECT',null,null);
INSERT INTO PUBLIC.OBJECT_FIELD_METADATA (ID, NAME, METADATA_TYPE, PARENT_METADATA,PARENT_METADATA_NAME, REFERENCE_METADATA, REFERENCE_METADATA_NAME, REFERENCE_METADATA_TYPE)VALUES('ce8479074b5c4315a369828580cc67ae','Description','FIELD','acbbb71b22534bf1b7dab4348ab35125','AnimalExposureInfo_Type','2344631100044813a5126adcfb93e80d','C-255','PRIMITIVE');
INSERT INTO PUBLIC.OBJECT_FIELD_METADATA (ID, NAME, METADATA_TYPE, PARENT_METADATA,PARENT_METADATA_NAME, REFERENCE_METADATA, REFERENCE_METADATA_NAME, REFERENCE_METADATA_TYPE)VALUES('36c52646c34a43e0ae3ee2489380c187','BiteHistoryInd','FIELD','acbbb71b22534bf1b7dab4348ab35125','AnimalExposureInfo_Type','4ffb0bcc3ec946d1af3ef883f4c3a4e6','Boolean','PRIMITIVE');
INSERT INTO PUBLIC.OBJECT_FIELD_METADATA (ID, NAME, METADATA_TYPE, PARENT_METADATA,PARENT_METADATA_NAME, REFERENCE_METADATA, REFERENCE_METADATA_NAME, REFERENCE_METADATA_TYPE)VALUES('536b818a1fbd4348a456a6293ec4bf74','AnimalExposureInfoExt','FIELD','acbbb71b22534bf1b7dab4348ab35125','AnimalExposureInfo_Type',null,null,null);
INSERT INTO PUBLIC.PRIMITIVE_METADATA (ID, NAME, METADATA_TYPE) VALUES('4bd9297f61674d5698ac30b0085c909d','Breed','PRIMITIVE');
INSERT INTO PUBLIC.OBJECT_FIELD_METADATA (ID, NAME, METADATA_TYPE, PARENT_METADATA,PARENT_METADATA_NAME, REFERENCE_METADATA, REFERENCE_METADATA_NAME, REFERENCE_METADATA_TYPE)VALUES('4583c3233e5c4e08bf6d77adc297b5ea','BreedCd','FIELD','acbbb71b22534bf1b7dab4348ab35125','AnimalExposureInfo_Type','4bd9297f61674d5698ac30b0085c909d','Breed','PRIMITIVE');
INSERT INTO PUBLIC.PRIMITIVE_METADATA (ID, NAME, METADATA_TYPE) VALUES('53c80e2542164a25b768ed4590d19531','AnimalType','PRIMITIVE');
INSERT INTO PUBLIC.OBJECT_FIELD_METADATA (ID, NAME, METADATA_TYPE, PARENT_METADATA,PARENT_METADATA_NAME, REFERENCE_METADATA, REFERENCE_METADATA_NAME, REFERENCE_METADATA_TYPE)VALUES('b7495f2df15c4653b5f273004a6385d7','AnimalTypeCd','FIELD','acbbb71b22534bf1b7dab4348ab35125','AnimalExposureInfo_Type','53c80e2542164a25b768ed4590d19531','AnimalType','PRIMITIVE');
INSERT INTO PUBLIC.OBJECT_FIELD_METADATA (ID, NAME, METADATA_TYPE, PARENT_METADATA,PARENT_METADATA_NAME, REFERENCE_METADATA, REFERENCE_METADATA_NAME, REFERENCE_METADATA_TYPE)VALUES('225d4a28d1bf40bda56454ff062e1d0f','NumUnits','FIELD','acbbb71b22534bf1b7dab4348ab35125','AnimalExposureInfo_Type','c896845db6f640c6bf65093333a64c69','Decimal','PRIMITIVE');
INSERT INTO PUBLIC.OBJECT_FIELD_METADATA (ID, NAME, METADATA_TYPE, PARENT_METADATA,PARENT_METADATA_NAME, REFERENCE_METADATA, REFERENCE_METADATA_NAME, REFERENCE_METADATA_TYPE)VALUES('89c5b2e01db14326a9df2cd61b2e02c0','AnimalExposureInfo','MODEL_RELATION','4e26027ebc964bf2b9794c16adccd3cf','Dwell_Type','acbbb71b22534bf1b7dab4348ab35125','AnimalExposureInfo_Type','OBJECT');
INSERT INTO PUBLIC.OBJECT_FIELD_METADATA (ID, NAME, METADATA_TYPE, PARENT_METADATA,PARENT_METADATA_NAME, REFERENCE_METADATA, REFERENCE_METADATA_NAME, REFERENCE_METADATA_TYPE)VALUES('5c56c0e82fe74ceeb75a1e64baa91f40','ExpirationDt','FIELD','4e26027ebc964bf2b9794c16adccd3cf','Dwell_Type','3a7f6e6e4d124518a7407e7883f9d5ec','FormalDate','PRIMITIVE');
INSERT INTO PUBLIC.OBJECT_FIELD_METADATA (ID, NAME, METADATA_TYPE, PARENT_METADATA,PARENT_METADATA_NAME, REFERENCE_METADATA, REFERENCE_METADATA_NAME, REFERENCE_METADATA_TYPE)VALUES('2bc9224d57914bfd929f55ed9ba5fafc','InspectionInfo','MODEL_RELATION','4e26027ebc964bf2b9794c16adccd3cf','Dwell_Type','18eb9d0ffdad4e7e891e3297da8c3986','InspectionInfo_Type','OBJECT');
INSERT INTO PUBLIC.OBJECT_FIELD_METADATA (ID, NAME, METADATA_TYPE, PARENT_METADATA,PARENT_METADATA_NAME, REFERENCE_METADATA, REFERENCE_METADATA_NAME, REFERENCE_METADATA_TYPE)VALUES('a2403154bc26481f99600ef20ff4ec18','OtherWiringTypeDesc','FIELD','4e26027ebc964bf2b9794c16adccd3cf','Dwell_Type','2344631100044813a5126adcfb93e80d','C-255','PRIMITIVE');
INSERT INTO PUBLIC.OBJECT_FIELD_METADATA (ID, NAME, METADATA_TYPE, PARENT_METADATA,PARENT_METADATA_NAME, REFERENCE_METADATA, REFERENCE_METADATA_NAME, REFERENCE_METADATA_TYPE)VALUES('3680222950134880aef936807f39cece','CoverageAvailable','MODEL_RELATION','4e26027ebc964bf2b9794c16adccd3cf','Dwell_Type','d0675b4bbe674c1fa08297c27c3cb675','Coverage_Type','OBJECT');
INSERT INTO PUBLIC.OBJECT_FIELD_METADATA (ID, NAME, METADATA_TYPE, PARENT_METADATA,PARENT_METADATA_NAME, REFERENCE_METADATA, REFERENCE_METADATA_NAME, REFERENCE_METADATA_TYPE)VALUES('90d976bff0684380833347185d7b1d50','PrincipalUnitAtRiskInd','FIELD','4e26027ebc964bf2b9794c16adccd3cf','Dwell_Type','4ffb0bcc3ec946d1af3ef883f4c3a4e6','Boolean','PRIMITIVE');
INSERT INTO PUBLIC.OBJECT_METADATA (ID, NAME, METADATA_TYPE, REFERENCE_METADATA, REFERENCE_METADATA_NAME) VALUES('7ce56e29eb1541f482fa92121cbe7b75','PROXIMITY','OBJECT',null,null);
INSERT INTO PUBLIC.OBJECT_FIELD_METADATA (ID, NAME, METADATA_TYPE, PARENT_METADATA,PARENT_METADATA_NAME, REFERENCE_METADATA, REFERENCE_METADATA_NAME, REFERENCE_METADATA_TYPE)VALUES('c188cc7a6e034b49b1b38fb03f3104f2','Description','FIELD','7ce56e29eb1541f482fa92121cbe7b75','PROXIMITY','2344631100044813a5126adcfb93e80d','C-255','PRIMITIVE');
INSERT INTO PUBLIC.PRIMITIVE_METADATA (ID, NAME, METADATA_TYPE) VALUES('4daeca1d7dde4053a262d30ea7d0d3b3','BuildingExposure','PRIMITIVE');
INSERT INTO PUBLIC.OBJECT_FIELD_METADATA (ID, NAME, METADATA_TYPE, PARENT_METADATA,PARENT_METADATA_NAME, REFERENCE_METADATA, REFERENCE_METADATA_NAME, REFERENCE_METADATA_TYPE)VALUES('23cac6a92faa4de0be4b3e6c2978e4a9','DirectionTypeCd','FIELD','7ce56e29eb1541f482fa92121cbe7b75','PROXIMITY','4daeca1d7dde4053a262d30ea7d0d3b3','BuildingExposure','PRIMITIVE');
INSERT INTO PUBLIC.OBJECT_FIELD_METADATA (ID, NAME, METADATA_TYPE, PARENT_METADATA,PARENT_METADATA_NAME, REFERENCE_METADATA, REFERENCE_METADATA_NAME, REFERENCE_METADATA_TYPE)VALUES('bbe2371337d64d4088ede89ac7ad44af','Distance','MODEL_RELATION','7ce56e29eb1541f482fa92121cbe7b75','PROXIMITY','1df1057b06734b019460d9f8fb0a43b0','MEASUREMENT','OBJECT');
INSERT INTO PUBLIC.OBJECT_FIELD_METADATA (ID, NAME, METADATA_TYPE, PARENT_METADATA,PARENT_METADATA_NAME, REFERENCE_METADATA, REFERENCE_METADATA_NAME, REFERENCE_METADATA_TYPE)VALUES('27e45215f06d4f56bc4f43aaca8c20d8','BldgExposures','MODEL_RELATION','4e26027ebc964bf2b9794c16adccd3cf','Dwell_Type','7ce56e29eb1541f482fa92121cbe7b75','PROXIMITY','OBJECT');
INSERT INTO PUBLIC.OBJECT_METADATA (ID, NAME, METADATA_TYPE, REFERENCE_METADATA, REFERENCE_METADATA_NAME) VALUES('f3238bc1e7f84d398c68da70e631c175','WorkingUtilitiesInfo_Type','OBJECT',null,null);
INSERT INTO PUBLIC.OBJECT_FIELD_METADATA (ID, NAME, METADATA_TYPE, PARENT_METADATA,PARENT_METADATA_NAME, REFERENCE_METADATA, REFERENCE_METADATA_NAME, REFERENCE_METADATA_TYPE)VALUES('7b84c0ac41b94b648d9c8b5c396e0385','WorkingUtilitiesDesc','FIELD','f3238bc1e7f84d398c68da70e631c175','WorkingUtilitiesInfo_Type','2344631100044813a5126adcfb93e80d','C-255','PRIMITIVE');
INSERT INTO PUBLIC.OBJECT_FIELD_METADATA (ID, NAME, METADATA_TYPE, PARENT_METADATA,PARENT_METADATA_NAME, REFERENCE_METADATA, REFERENCE_METADATA_NAME, REFERENCE_METADATA_TYPE)VALUES('db4c5b341c37428bb2ff9033114439b2','WorkingUtilitiesInfoExt','FIELD','f3238bc1e7f84d398c68da70e631c175','WorkingUtilitiesInfo_Type',null,null,null);
INSERT INTO PUBLIC.PRIMITIVE_METADATA (ID, NAME, METADATA_TYPE) VALUES('b173f91263694eb18a79d0cb5eb3cbc3','WorkingUtilities','PRIMITIVE');
INSERT INTO PUBLIC.OBJECT_FIELD_METADATA (ID, NAME, METADATA_TYPE, PARENT_METADATA,PARENT_METADATA_NAME, REFERENCE_METADATA, REFERENCE_METADATA_NAME, REFERENCE_METADATA_TYPE)VALUES('7be11d03da3847b586c651dd62f6e4a8','WorkingUtilitiesCd','FIELD','f3238bc1e7f84d398c68da70e631c175','WorkingUtilitiesInfo_Type','b173f91263694eb18a79d0cb5eb3cbc3','WorkingUtilities','PRIMITIVE');
INSERT INTO PUBLIC.OBJECT_FIELD_METADATA (ID, NAME, METADATA_TYPE, PARENT_METADATA,PARENT_METADATA_NAME, REFERENCE_METADATA, REFERENCE_METADATA_NAME, REFERENCE_METADATA_TYPE)VALUES('768cec3f86c64423b54b24457b2ae2e8','WorkingUtilitiesInfo','MODEL_RELATION','4e26027ebc964bf2b9794c16adccd3cf','Dwell_Type','f3238bc1e7f84d398c68da70e631c175','WorkingUtilitiesInfo_Type','OBJECT');
INSERT INTO PUBLIC.OBJECT_FIELD_METADATA (ID, NAME, METADATA_TYPE, PARENT_METADATA,PARENT_METADATA_NAME, REFERENCE_METADATA, REFERENCE_METADATA_NAME, REFERENCE_METADATA_TYPE)VALUES('1319baab8df043cbac3e973eaf99f663','PurchaseDt','FIELD','4e26027ebc964bf2b9794c16adccd3cf','Dwell_Type','3b0a2ca6cf3a4fb19718e35aa60287cd','Date','PRIMITIVE');
INSERT INTO PUBLIC.OBJECT_FIELD_METADATA (ID, NAME, METADATA_TYPE, PARENT_METADATA,PARENT_METADATA_NAME, REFERENCE_METADATA, REFERENCE_METADATA_NAME, REFERENCE_METADATA_TYPE)VALUES('ac08ae1daf2440768a5e47b87504f1d1','QuestionAnswer','MODEL_RELATION','4e26027ebc964bf2b9794c16adccd3cf','Dwell_Type','152fefd4f3054b68b490c1af5c9c284c','QuestionAnswer_Type','OBJECT');
INSERT INTO PUBLIC.OBJECT_FIELD_METADATA (ID, NAME, METADATA_TYPE, PARENT_METADATA,PARENT_METADATA_NAME, REFERENCE_METADATA, REFERENCE_METADATA_NAME, REFERENCE_METADATA_TYPE)VALUES('6474f6d07a0f474088416e6d0b948d1e','TotalInsurableReplCostAmt','MODEL_RELATION','4e26027ebc964bf2b9794c16adccd3cf','Dwell_Type','4fa89203e94a4637baa0484d19b460c5','CURRENCY','OBJECT');
INSERT INTO PUBLIC.OBJECT_METADATA (ID, NAME, METADATA_TYPE, REFERENCE_METADATA, REFERENCE_METADATA_NAME) VALUES('ff19cc90fdef466c857168b470329a3d','BldgImprovements_Type','OBJECT',null,null);
INSERT INTO PUBLIC.OBJECT_FIELD_METADATA (ID, NAME, METADATA_TYPE, PARENT_METADATA,PARENT_METADATA_NAME, REFERENCE_METADATA, REFERENCE_METADATA_NAME, REFERENCE_METADATA_TYPE)VALUES('7943f6e9cdf7406aabfbefc71effbbed','SubstantialImprovementDt','FIELD','ff19cc90fdef466c857168b470329a3d','BldgImprovements_Type','3b0a2ca6cf3a4fb19718e35aa60287cd','Date','PRIMITIVE');
INSERT INTO PUBLIC.PRIMITIVE_METADATA (ID, NAME, METADATA_TYPE) VALUES('bba7c247eb5d4c50b150e3730e62b2f7','Improvement','PRIMITIVE');
INSERT INTO PUBLIC.OBJECT_FIELD_METADATA (ID, NAME, METADATA_TYPE, PARENT_METADATA,PARENT_METADATA_NAME, REFERENCE_METADATA, REFERENCE_METADATA_NAME, REFERENCE_METADATA_TYPE)VALUES('70287b6cc0894e248abd200784ed8d42','HeatingImprovementCd','FIELD','ff19cc90fdef466c857168b470329a3d','BldgImprovements_Type','bba7c247eb5d4c50b150e3730e62b2f7','Improvement','PRIMITIVE');
INSERT INTO PUBLIC.OBJECT_FIELD_METADATA (ID, NAME, METADATA_TYPE, PARENT_METADATA,PARENT_METADATA_NAME, REFERENCE_METADATA, REFERENCE_METADATA_NAME, REFERENCE_METADATA_TYPE)VALUES('90293e611e3046bbae1f432f61d9978e','PlumbingImprovementCd','FIELD','ff19cc90fdef466c857168b470329a3d','BldgImprovements_Type','bba7c247eb5d4c50b150e3730e62b2f7','Improvement','PRIMITIVE');
INSERT INTO PUBLIC.OBJECT_FIELD_METADATA (ID, NAME, METADATA_TYPE, PARENT_METADATA,PARENT_METADATA_NAME, REFERENCE_METADATA, REFERENCE_METADATA_NAME, REFERENCE_METADATA_TYPE)VALUES('2655ad3867114c6f9d5ce0df66e1b5f7','StructuralImprovementYear','FIELD','ff19cc90fdef466c857168b470329a3d','BldgImprovements_Type','7c9113946db7435cb0053de34c768997','Year','PRIMITIVE');
INSERT INTO PUBLIC.OBJECT_FIELD_METADATA (ID, NAME, METADATA_TYPE, PARENT_METADATA,PARENT_METADATA_NAME, REFERENCE_METADATA, REFERENCE_METADATA_NAME, REFERENCE_METADATA_TYPE)VALUES('69167d83fda441fbac1fb35dac60c212','RoofingImprovementYear','FIELD','ff19cc90fdef466c857168b470329a3d','BldgImprovements_Type','7c9113946db7435cb0053de34c768997','Year','PRIMITIVE');
INSERT INTO PUBLIC.OBJECT_FIELD_METADATA (ID, NAME, METADATA_TYPE, PARENT_METADATA,PARENT_METADATA_NAME, REFERENCE_METADATA, REFERENCE_METADATA_NAME, REFERENCE_METADATA_TYPE)VALUES('bc094e27a870480c91a2625f829de3d1','HeatingImprovementYear','FIELD','ff19cc90fdef466c857168b470329a3d','BldgImprovements_Type','7c9113946db7435cb0053de34c768997','Year','PRIMITIVE');
INSERT INTO PUBLIC.PRIMITIVE_METADATA (ID, NAME, METADATA_TYPE) VALUES('cc877119bed04a168f081a55a1e87b43','PaintType','PRIMITIVE');
INSERT INTO PUBLIC.OBJECT_FIELD_METADATA (ID, NAME, METADATA_TYPE, PARENT_METADATA,PARENT_METADATA_NAME, REFERENCE_METADATA, REFERENCE_METADATA_NAME, REFERENCE_METADATA_TYPE)VALUES('4c3155be3f534d61ab8dc9175495363c','ExteriorPaintTypeCd','FIELD','ff19cc90fdef466c857168b470329a3d','BldgImprovements_Type','cc877119bed04a168f081a55a1e87b43','PaintType','PRIMITIVE');
INSERT INTO PUBLIC.OBJECT_FIELD_METADATA (ID, NAME, METADATA_TYPE, PARENT_METADATA,PARENT_METADATA_NAME, REFERENCE_METADATA, REFERENCE_METADATA_NAME, REFERENCE_METADATA_TYPE)VALUES('062201401cdf48eba6d8ceb4333a8384','BldgImprovementsExt','FIELD','ff19cc90fdef466c857168b470329a3d','BldgImprovements_Type',null,null,null);
INSERT INTO PUBLIC.OBJECT_FIELD_METADATA (ID, NAME, METADATA_TYPE, PARENT_METADATA,PARENT_METADATA_NAME, REFERENCE_METADATA, REFERENCE_METADATA_NAME, REFERENCE_METADATA_TYPE)VALUES('fe49d3e42e38439aace948614ac465ca','ExteriorPaintYear','FIELD','ff19cc90fdef466c857168b470329a3d','BldgImprovements_Type','7c9113946db7435cb0053de34c768997','Year','PRIMITIVE');
INSERT INTO PUBLIC.OBJECT_METADATA (ID, NAME, METADATA_TYPE, REFERENCE_METADATA, REFERENCE_METADATA_NAME) VALUES('a257c81ccd1c4e298c84f32265efe8bf','OtherImprovementInfo_Type','OBJECT',null,null);
INSERT INTO PUBLIC.OBJECT_FIELD_METADATA (ID, NAME, METADATA_TYPE, PARENT_METADATA,PARENT_METADATA_NAME, REFERENCE_METADATA, REFERENCE_METADATA_NAME, REFERENCE_METADATA_TYPE)VALUES('33637aec1c934bd599dc8d4bbbe37b11','OtherImprovementDt','FIELD','a257c81ccd1c4e298c84f32265efe8bf','OtherImprovementInfo_Type','3b0a2ca6cf3a4fb19718e35aa60287cd','Date','PRIMITIVE');
INSERT INTO PUBLIC.OBJECT_FIELD_METADATA (ID, NAME, METADATA_TYPE, PARENT_METADATA,PARENT_METADATA_NAME, REFERENCE_METADATA, REFERENCE_METADATA_NAME, REFERENCE_METADATA_TYPE)VALUES('55f08dfd29d346f0b32de42eedbb5eb2','OtherImprovementCd','FIELD','a257c81ccd1c4e298c84f32265efe8bf','OtherImprovementInfo_Type','bba7c247eb5d4c50b150e3730e62b2f7','Improvement','PRIMITIVE');
INSERT INTO PUBLIC.OBJECT_FIELD_METADATA (ID, NAME, METADATA_TYPE, PARENT_METADATA,PARENT_METADATA_NAME, REFERENCE_METADATA, REFERENCE_METADATA_NAME, REFERENCE_METADATA_TYPE)VALUES('cc986fb1363d4030a57967209ba83d99','OtherImprovementDesc','FIELD','a257c81ccd1c4e298c84f32265efe8bf','OtherImprovementInfo_Type','2344631100044813a5126adcfb93e80d','C-255','PRIMITIVE');
INSERT INTO PUBLIC.OBJECT_FIELD_METADATA (ID, NAME, METADATA_TYPE, PARENT_METADATA,PARENT_METADATA_NAME, REFERENCE_METADATA, REFERENCE_METADATA_NAME, REFERENCE_METADATA_TYPE)VALUES('9b1ce2bf0c314fe586a2ef92385dfbe6','OtherImprovementAmt','MODEL_RELATION','a257c81ccd1c4e298c84f32265efe8bf','OtherImprovementInfo_Type','4fa89203e94a4637baa0484d19b460c5','CURRENCY','OBJECT');
INSERT INTO PUBLIC.OBJECT_FIELD_METADATA (ID, NAME, METADATA_TYPE, PARENT_METADATA,PARENT_METADATA_NAME, REFERENCE_METADATA, REFERENCE_METADATA_NAME, REFERENCE_METADATA_TYPE)VALUES('1a855dfcbe87420f81ce6ed3f38b217a','OtherImprovementInfoExt','FIELD','a257c81ccd1c4e298c84f32265efe8bf','OtherImprovementInfo_Type',null,null,null);
INSERT INTO PUBLIC.OBJECT_FIELD_METADATA (ID, NAME, METADATA_TYPE, PARENT_METADATA,PARENT_METADATA_NAME, REFERENCE_METADATA, REFERENCE_METADATA_NAME, REFERENCE_METADATA_TYPE)VALUES('788e5cc1b89c42c89a6f1a4c0c3efc38','OtherImprovementInfo','MODEL_RELATION','ff19cc90fdef466c857168b470329a3d','BldgImprovements_Type','a257c81ccd1c4e298c84f32265efe8bf','OtherImprovementInfo_Type','OBJECT');
INSERT INTO PUBLIC.OBJECT_FIELD_METADATA (ID, NAME, METADATA_TYPE, PARENT_METADATA,PARENT_METADATA_NAME, REFERENCE_METADATA, REFERENCE_METADATA_NAME, REFERENCE_METADATA_TYPE)VALUES('a5c4e5f1584543b4968d1bdcd937a5e4','RoofingImprovementCd','FIELD','ff19cc90fdef466c857168b470329a3d','BldgImprovements_Type','bba7c247eb5d4c50b150e3730e62b2f7','Improvement','PRIMITIVE');
INSERT INTO PUBLIC.OBJECT_FIELD_METADATA (ID, NAME, METADATA_TYPE, PARENT_METADATA,PARENT_METADATA_NAME, REFERENCE_METADATA, REFERENCE_METADATA_NAME, REFERENCE_METADATA_TYPE)VALUES('78175f4a19c54608837fcb0ce2a30d8e','WiringImprovementYear','FIELD','ff19cc90fdef466c857168b470329a3d','BldgImprovements_Type','7c9113946db7435cb0053de34c768997','Year','PRIMITIVE');
INSERT INTO PUBLIC.OBJECT_FIELD_METADATA (ID, NAME, METADATA_TYPE, PARENT_METADATA,PARENT_METADATA_NAME, REFERENCE_METADATA, REFERENCE_METADATA_NAME, REFERENCE_METADATA_TYPE)VALUES('9b986d6df15e4bd79ac36e33cbbb0318','PlumbingImprovementYear','FIELD','ff19cc90fdef466c857168b470329a3d','BldgImprovements_Type','7c9113946db7435cb0053de34c768997','Year','PRIMITIVE');
INSERT INTO PUBLIC.OBJECT_FIELD_METADATA (ID, NAME, METADATA_TYPE, PARENT_METADATA,PARENT_METADATA_NAME, REFERENCE_METADATA, REFERENCE_METADATA_NAME, REFERENCE_METADATA_TYPE)VALUES('dd5e7e12b8be4ad793a82420a44f063a','WiringImprovementCd','FIELD','ff19cc90fdef466c857168b470329a3d','BldgImprovements_Type','bba7c247eb5d4c50b150e3730e62b2f7','Improvement','PRIMITIVE');
INSERT INTO PUBLIC.OBJECT_FIELD_METADATA (ID, NAME, METADATA_TYPE, PARENT_METADATA,PARENT_METADATA_NAME, REFERENCE_METADATA, REFERENCE_METADATA_NAME, REFERENCE_METADATA_TYPE)VALUES('fb468b73da1c4cdb82e56e4e18349a28','BldgImprovements','MODEL_RELATION','4e26027ebc964bf2b9794c16adccd3cf','Dwell_Type','ff19cc90fdef466c857168b470329a3d','BldgImprovements_Type','OBJECT');
INSERT INTO PUBLIC.OBJECT_METADATA (ID, NAME, METADATA_TYPE, REFERENCE_METADATA, REFERENCE_METADATA_NAME) VALUES('7834c244b96e43aea1976f1887f0dcb6','DwellInspectionValuation_Type','OBJECT',null,null);
INSERT INTO PUBLIC.PRIMITIVE_METADATA (ID, NAME, METADATA_TYPE) VALUES('b06207a59794421ab7e0423b0a2c0e37','HeatingAndCooling','PRIMITIVE');
INSERT INTO PUBLIC.OBJECT_FIELD_METADATA (ID, NAME, METADATA_TYPE, PARENT_METADATA,PARENT_METADATA_NAME, REFERENCE_METADATA, REFERENCE_METADATA_NAME, REFERENCE_METADATA_TYPE)VALUES('af26918700be4cf88b8936379d139bec','AirConditioningCd','FIELD','7834c244b96e43aea1976f1887f0dcb6','DwellInspectionValuation_Type','b06207a59794421ab7e0423b0a2c0e37','HeatingAndCooling','PRIMITIVE');
INSERT INTO PUBLIC.OBJECT_METADATA (ID, NAME, METADATA_TYPE, REFERENCE_METADATA, REFERENCE_METADATA_NAME) VALUES('5c6e1e57d61547d4a2136c78be047b0c','SpecialtyRoom_Type','OBJECT',null,null);
INSERT INTO PUBLIC.PRIMITIVE_METADATA (ID, NAME, METADATA_TYPE) VALUES('7bdd0117bfc2434185c323de132441f4','SpecialtyRooms','PRIMITIVE');
INSERT INTO PUBLIC.OBJECT_FIELD_METADATA (ID, NAME, METADATA_TYPE, PARENT_METADATA,PARENT_METADATA_NAME, REFERENCE_METADATA, REFERENCE_METADATA_NAME, REFERENCE_METADATA_TYPE)VALUES('65856d875b77479c86c1c62ccf01b961','SpecialtyRoomCd','FIELD','5c6e1e57d61547d4a2136c78be047b0c','SpecialtyRoom_Type','7bdd0117bfc2434185c323de132441f4','SpecialtyRooms','PRIMITIVE');
INSERT INTO PUBLIC.OBJECT_FIELD_METADATA (ID, NAME, METADATA_TYPE, PARENT_METADATA,PARENT_METADATA_NAME, REFERENCE_METADATA, REFERENCE_METADATA_NAME, REFERENCE_METADATA_TYPE)VALUES('7230c2bc926149d4aae522dfb31d5938','SpecialtyRoomExt','FIELD','5c6e1e57d61547d4a2136c78be047b0c','SpecialtyRoom_Type',null,null,null);
INSERT INTO PUBLIC.OBJECT_FIELD_METADATA (ID, NAME, METADATA_TYPE, PARENT_METADATA,PARENT_METADATA_NAME, REFERENCE_METADATA, REFERENCE_METADATA_NAME, REFERENCE_METADATA_TYPE)VALUES('050c3ddf51c84239924616df9f05eb67','SpecialtyRoomPct','FIELD','5c6e1e57d61547d4a2136c78be047b0c','SpecialtyRoom_Type','d68704d271534c0a935a3012147640c4','PercentDecimal','PRIMITIVE');
INSERT INTO PUBLIC.OBJECT_FIELD_METADATA (ID, NAME, METADATA_TYPE, PARENT_METADATA,PARENT_METADATA_NAME, REFERENCE_METADATA, REFERENCE_METADATA_NAME, REFERENCE_METADATA_TYPE)VALUES('00637e9b8f974ab1b3572572ddcbe85e','SurfaceArea','MODEL_RELATION','5c6e1e57d61547d4a2136c78be047b0c','SpecialtyRoom_Type','1df1057b06734b019460d9f8fb0a43b0','MEASUREMENT','OBJECT');
INSERT INTO PUBLIC.OBJECT_FIELD_METADATA (ID, NAME, METADATA_TYPE, PARENT_METADATA,PARENT_METADATA_NAME, REFERENCE_METADATA, REFERENCE_METADATA_NAME, REFERENCE_METADATA_TYPE)VALUES('967a8d5ade97406783bbe9ec11bda756','SpecialtyRoom','MODEL_RELATION','7834c244b96e43aea1976f1887f0dcb6','DwellInspectionValuation_Type','5c6e1e57d61547d4a2136c78be047b0c','SpecialtyRoom_Type','OBJECT');
INSERT INTO PUBLIC.PRIMITIVE_METADATA (ID, NAME, METADATA_TYPE) VALUES('b67890245b4044868dfc51590f0ab1c9','ConstructionStyle','PRIMITIVE');
INSERT INTO PUBLIC.OBJECT_FIELD_METADATA (ID, NAME, METADATA_TYPE, PARENT_METADATA,PARENT_METADATA_NAME, REFERENCE_METADATA, REFERENCE_METADATA_NAME, REFERENCE_METADATA_TYPE)VALUES('2690de6789e54924912e4e3b3e155d59','ConstructionStyleCd','FIELD','7834c244b96e43aea1976f1887f0dcb6','DwellInspectionValuation_Type','b67890245b4044868dfc51590f0ab1c9','ConstructionStyle','PRIMITIVE');
INSERT INTO PUBLIC.OBJECT_FIELD_METADATA (ID, NAME, METADATA_TYPE, PARENT_METADATA,PARENT_METADATA_NAME, REFERENCE_METADATA, REFERENCE_METADATA_NAME, REFERENCE_METADATA_TYPE)VALUES('352abbcef120436b90f19fbc659db59e','FinishedAtticArea','MODEL_RELATION','7834c244b96e43aea1976f1887f0dcb6','DwellInspectionValuation_Type','1df1057b06734b019460d9f8fb0a43b0','MEASUREMENT','OBJECT');
INSERT INTO PUBLIC.OBJECT_FIELD_METADATA (ID, NAME, METADATA_TYPE, PARENT_METADATA,PARENT_METADATA_NAME, REFERENCE_METADATA, REFERENCE_METADATA_NAME, REFERENCE_METADATA_TYPE)VALUES('882eca4d3506444d998e58fa74f6dc72','MarketValueAmt','MODEL_RELATION','7834c244b96e43aea1976f1887f0dcb6','DwellInspectionValuation_Type','4fa89203e94a4637baa0484d19b460c5','CURRENCY','OBJECT');
INSERT INTO PUBLIC.OBJECT_METADATA (ID, NAME, METADATA_TYPE, REFERENCE_METADATA, REFERENCE_METADATA_NAME) VALUES('4a8902db899d44978e2953d235ddb408','DwellValuationItem_Type','OBJECT',null,null);
INSERT INTO PUBLIC.OBJECT_FIELD_METADATA (ID, NAME, METADATA_TYPE, PARENT_METADATA,PARENT_METADATA_NAME, REFERENCE_METADATA, REFERENCE_METADATA_NAME, REFERENCE_METADATA_TYPE)VALUES('43f4e93e484c4f4aac381287b560e081','Description','FIELD','4a8902db899d44978e2953d235ddb408','DwellValuationItem_Type','2344631100044813a5126adcfb93e80d','C-255','PRIMITIVE');
INSERT INTO PUBLIC.OBJECT_FIELD_METADATA (ID, NAME, METADATA_TYPE, PARENT_METADATA,PARENT_METADATA_NAME, REFERENCE_METADATA, REFERENCE_METADATA_NAME, REFERENCE_METADATA_TYPE)VALUES('9fe4f2aa4a204b6f91ad179561ce3b17','DwellValuationItemExt','FIELD','4a8902db899d44978e2953d235ddb408','DwellValuationItem_Type',null,null,null);
INSERT INTO PUBLIC.OBJECT_METADATA (ID, NAME, METADATA_TYPE, REFERENCE_METADATA, REFERENCE_METADATA_NAME) VALUES('dc51af86aa8c4c7297eb5e7ef01aea17','DetailCost_Type','OBJECT',null,null);
INSERT INTO PUBLIC.OBJECT_FIELD_METADATA (ID, NAME, METADATA_TYPE, PARENT_METADATA,PARENT_METADATA_NAME, REFERENCE_METADATA, REFERENCE_METADATA_NAME, REFERENCE_METADATA_TYPE)VALUES('7b6d37a8770a4a309cb4115c389ed19a','EquipmentCostAmt','MODEL_RELATION','dc51af86aa8c4c7297eb5e7ef01aea17','DetailCost_Type','4fa89203e94a4637baa0484d19b460c5','CURRENCY','OBJECT');
INSERT INTO PUBLIC.OBJECT_FIELD_METADATA (ID, NAME, METADATA_TYPE, PARENT_METADATA,PARENT_METADATA_NAME, REFERENCE_METADATA, REFERENCE_METADATA_NAME, REFERENCE_METADATA_TYPE)VALUES('934742f45b864a2db32ffc0a880ecf0f','LaborCostAmt','MODEL_RELATION','dc51af86aa8c4c7297eb5e7ef01aea17','DetailCost_Type','4fa89203e94a4637baa0484d19b460c5','CURRENCY','OBJECT');
INSERT INTO PUBLIC.OBJECT_FIELD_METADATA (ID, NAME, METADATA_TYPE, PARENT_METADATA,PARENT_METADATA_NAME, REFERENCE_METADATA, REFERENCE_METADATA_NAME, REFERENCE_METADATA_TYPE)VALUES('667d1ed5ff664b3bb613412f427c076a','MaterialCostAmt','MODEL_RELATION','dc51af86aa8c4c7297eb5e7ef01aea17','DetailCost_Type','4fa89203e94a4637baa0484d19b460c5','CURRENCY','OBJECT');
INSERT INTO PUBLIC.OBJECT_FIELD_METADATA (ID, NAME, METADATA_TYPE, PARENT_METADATA,PARENT_METADATA_NAME, REFERENCE_METADATA, REFERENCE_METADATA_NAME, REFERENCE_METADATA_TYPE)VALUES('d8b13d11eac94e5093fcee8bd07d1bf0','TotalCostAmt','MODEL_RELATION','dc51af86aa8c4c7297eb5e7ef01aea17','DetailCost_Type','4fa89203e94a4637baa0484d19b460c5','CURRENCY','OBJECT');
INSERT INTO PUBLIC.OBJECT_FIELD_METADATA (ID, NAME, METADATA_TYPE, PARENT_METADATA,PARENT_METADATA_NAME, REFERENCE_METADATA, REFERENCE_METADATA_NAME, REFERENCE_METADATA_TYPE)VALUES('08ed65df6d4c4099bdb71eba77ebf949','DetailCostExt','FIELD','dc51af86aa8c4c7297eb5e7ef01aea17','DetailCost_Type',null,null,null);
INSERT INTO PUBLIC.PRIMITIVE_METADATA (ID, NAME, METADATA_TYPE) VALUES('00f58b89174d43af98cdc67478d20f0a','BuildingSystem','PRIMITIVE');
INSERT INTO PUBLIC.OBJECT_FIELD_METADATA (ID, NAME, METADATA_TYPE, PARENT_METADATA,PARENT_METADATA_NAME, REFERENCE_METADATA, REFERENCE_METADATA_NAME, REFERENCE_METADATA_TYPE)VALUES('42447f3e930b49c6b33aa0d761329eb1','BldgSystemCd','FIELD','dc51af86aa8c4c7297eb5e7ef01aea17','DetailCost_Type','00f58b89174d43af98cdc67478d20f0a','BuildingSystem','PRIMITIVE');
INSERT INTO PUBLIC.OBJECT_FIELD_METADATA (ID, NAME, METADATA_TYPE, PARENT_METADATA,PARENT_METADATA_NAME, REFERENCE_METADATA, REFERENCE_METADATA_NAME, REFERENCE_METADATA_TYPE)VALUES('d6ac797c99104be78e4a5133ff9da010','DetailCost','MODEL_RELATION','4a8902db899d44978e2953d235ddb408','DwellValuationItem_Type','dc51af86aa8c4c7297eb5e7ef01aea17','DetailCost_Type','OBJECT');
INSERT INTO PUBLIC.OBJECT_FIELD_METADATA (ID, NAME, METADATA_TYPE, PARENT_METADATA,PARENT_METADATA_NAME, REFERENCE_METADATA, REFERENCE_METADATA_NAME, REFERENCE_METADATA_TYPE)VALUES('4783ca95bda744b48b0c2b5815fc1811','NumUnits','FIELD','4a8902db899d44978e2953d235ddb408','DwellValuationItem_Type','c896845db6f640c6bf65093333a64c69','Decimal','PRIMITIVE');
INSERT INTO PUBLIC.OBJECT_FIELD_METADATA (ID, NAME, METADATA_TYPE, PARENT_METADATA,PARENT_METADATA_NAME, REFERENCE_METADATA, REFERENCE_METADATA_NAME, REFERENCE_METADATA_TYPE)VALUES('c5ca9ae677664a27bfc22388ee497178','DwellValuationItem','MODEL_RELATION','7834c244b96e43aea1976f1887f0dcb6','DwellInspectionValuation_Type','4a8902db899d44978e2953d235ddb408','DwellValuationItem_Type','OBJECT');
INSERT INTO PUBLIC.PRIMITIVE_METADATA (ID, NAME, METADATA_TYPE) VALUES('2993686c28f94e98b59a971ccaac3877','DwellingStyle','PRIMITIVE');
INSERT INTO PUBLIC.OBJECT_FIELD_METADATA (ID, NAME, METADATA_TYPE, PARENT_METADATA,PARENT_METADATA_NAME, REFERENCE_METADATA, REFERENCE_METADATA_NAME, REFERENCE_METADATA_TYPE)VALUES('847b1e7b230545d794472abd30ffca0d','DwellStyleCd','FIELD','7834c244b96e43aea1976f1887f0dcb6','DwellInspectionValuation_Type','2993686c28f94e98b59a971ccaac3877','DwellingStyle','PRIMITIVE');
INSERT INTO PUBLIC.OBJECT_METADATA (ID, NAME, METADATA_TYPE, REFERENCE_METADATA, REFERENCE_METADATA_NAME) VALUES('3fe31b58be1045a797b7bd5e59e3841d','DeckInfo_Type','OBJECT',null,null);
INSERT INTO PUBLIC.OBJECT_FIELD_METADATA (ID, NAME, METADATA_TYPE, PARENT_METADATA,PARENT_METADATA_NAME, REFERENCE_METADATA, REFERENCE_METADATA_NAME, REFERENCE_METADATA_TYPE)VALUES('fbd373bf33bf4528bc4a90980c9d8e0f','DeckInfoExt','FIELD','3fe31b58be1045a797b7bd5e59e3841d','DeckInfo_Type',null,null,null);
INSERT INTO PUBLIC.PRIMITIVE_METADATA (ID, NAME, METADATA_TYPE) VALUES('9be2aa9e36af41edbe4251383be5ff37','DeckMaterialType','PRIMITIVE');
INSERT INTO PUBLIC.OBJECT_FIELD_METADATA (ID, NAME, METADATA_TYPE, PARENT_METADATA,PARENT_METADATA_NAME, REFERENCE_METADATA, REFERENCE_METADATA_NAME, REFERENCE_METADATA_TYPE)VALUES('1273b6fb291c4d1ebac64cb3e9e8a8cd','DeckTypeCd','FIELD','3fe31b58be1045a797b7bd5e59e3841d','DeckInfo_Type','9be2aa9e36af41edbe4251383be5ff37','DeckMaterialType','PRIMITIVE');
INSERT INTO PUBLIC.OBJECT_FIELD_METADATA (ID, NAME, METADATA_TYPE, PARENT_METADATA,PARENT_METADATA_NAME, REFERENCE_METADATA, REFERENCE_METADATA_NAME, REFERENCE_METADATA_TYPE)VALUES('fae0d6f910bc4bc38387c5eae5a866ac','LengthHandrail','MODEL_RELATION','3fe31b58be1045a797b7bd5e59e3841d','DeckInfo_Type','1df1057b06734b019460d9f8fb0a43b0','MEASUREMENT','OBJECT');
INSERT INTO PUBLIC.OBJECT_FIELD_METADATA (ID, NAME, METADATA_TYPE, PARENT_METADATA,PARENT_METADATA_NAME, REFERENCE_METADATA, REFERENCE_METADATA_NAME, REFERENCE_METADATA_TYPE)VALUES('282938049d744a4a83f7c2aadeb44929','NumDecks','FIELD','3fe31b58be1045a797b7bd5e59e3841d','DeckInfo_Type','838cab4e48a54d0bb23ca5ea9db454ab','Long','PRIMITIVE');
INSERT INTO PUBLIC.OBJECT_FIELD_METADATA (ID, NAME, METADATA_TYPE, PARENT_METADATA,PARENT_METADATA_NAME, REFERENCE_METADATA, REFERENCE_METADATA_NAME, REFERENCE_METADATA_TYPE)VALUES('a7f0de38dd314ca3a8c5a7e79a739beb','SurfaceArea','MODEL_RELATION','3fe31b58be1045a797b7bd5e59e3841d','DeckInfo_Type','1df1057b06734b019460d9f8fb0a43b0','MEASUREMENT','OBJECT');
INSERT INTO PUBLIC.OBJECT_FIELD_METADATA (ID, NAME, METADATA_TYPE, PARENT_METADATA,PARENT_METADATA_NAME, REFERENCE_METADATA, REFERENCE_METADATA_NAME, REFERENCE_METADATA_TYPE)VALUES('53d26742e1aa4513a686f8ffa1fa2447','DeckInfo','MODEL_RELATION','7834c244b96e43aea1976f1887f0dcb6','DwellInspectionValuation_Type','3fe31b58be1045a797b7bd5e59e3841d','DeckInfo_Type','OBJECT');
INSERT INTO PUBLIC.OBJECT_FIELD_METADATA (ID, NAME, METADATA_TYPE, PARENT_METADATA,PARENT_METADATA_NAME, REFERENCE_METADATA, REFERENCE_METADATA_NAME, REFERENCE_METADATA_TYPE)VALUES('ce6e5cbb3cff4a70962aba9b8e26f69f','EquipmentInsideInd','FIELD','7834c244b96e43aea1976f1887f0dcb6','DwellInspectionValuation_Type','4ffb0bcc3ec946d1af3ef883f4c3a4e6','Boolean','PRIMITIVE');
INSERT INTO PUBLIC.OBJECT_METADATA (ID, NAME, METADATA_TYPE, REFERENCE_METADATA, REFERENCE_METADATA_NAME) VALUES('013f7497db7145b8ba03752fcd86c6f0','SubstructureInfo_Type','OBJECT',null,null);
INSERT INTO PUBLIC.PRIMITIVE_METADATA (ID, NAME, METADATA_TYPE) VALUES('5a4501ea675c45389482b0b9507c5d50','SubstructureType','PRIMITIVE');
INSERT INTO PUBLIC.OBJECT_FIELD_METADATA (ID, NAME, METADATA_TYPE, PARENT_METADATA,PARENT_METADATA_NAME, REFERENCE_METADATA, REFERENCE_METADATA_NAME, REFERENCE_METADATA_TYPE)VALUES('0ed82e4700ab42968d150bb6bd968ca7','SubstructureTypeCd','FIELD','013f7497db7145b8ba03752fcd86c6f0','SubstructureInfo_Type','5a4501ea675c45389482b0b9507c5d50','SubstructureType','PRIMITIVE');
INSERT INTO PUBLIC.PRIMITIVE_METADATA (ID, NAME, METADATA_TYPE) VALUES('178c5d73f8544d39a76c346e3b0503a0','Foundation','PRIMITIVE');
INSERT INTO PUBLIC.OBJECT_FIELD_METADATA (ID, NAME, METADATA_TYPE, PARENT_METADATA,PARENT_METADATA_NAME, REFERENCE_METADATA, REFERENCE_METADATA_NAME, REFERENCE_METADATA_TYPE)VALUES('7891b0c0fa604f6095c0f4b17a3730b2','FoundationCd','FIELD','013f7497db7145b8ba03752fcd86c6f0','SubstructureInfo_Type','178c5d73f8544d39a76c346e3b0503a0','Foundation','PRIMITIVE');
INSERT INTO PUBLIC.OBJECT_METADATA (ID, NAME, METADATA_TYPE, REFERENCE_METADATA, REFERENCE_METADATA_NAME) VALUES('2c47fe1b157b4699aa60fd5bcd6543a1','FinishedBasementInfo_Type','OBJECT',null,null);
INSERT INTO PUBLIC.OBJECT_FIELD_METADATA (ID, NAME, METADATA_TYPE, PARENT_METADATA,PARENT_METADATA_NAME, REFERENCE_METADATA, REFERENCE_METADATA_NAME, REFERENCE_METADATA_TYPE)VALUES('4819eb43ace74ad1b3017e49acec90fd','FinishedBasementPct','FIELD','2c47fe1b157b4699aa60fd5bcd6543a1','FinishedBasementInfo_Type','d68704d271534c0a935a3012147640c4','PercentDecimal','PRIMITIVE');
INSERT INTO PUBLIC.OBJECT_FIELD_METADATA (ID, NAME, METADATA_TYPE, PARENT_METADATA,PARENT_METADATA_NAME, REFERENCE_METADATA, REFERENCE_METADATA_NAME, REFERENCE_METADATA_TYPE)VALUES('4ccf7fe73aa948048f92e3e69e849b06','FinishedBasementInfoExt','FIELD','2c47fe1b157b4699aa60fd5bcd6543a1','FinishedBasementInfo_Type',null,null,null);
INSERT INTO PUBLIC.PRIMITIVE_METADATA (ID, NAME, METADATA_TYPE) VALUES('5a612b4bb4c144d1a93aedeb422b7dce','ConstructionClass','PRIMITIVE');
INSERT INTO PUBLIC.OBJECT_FIELD_METADATA (ID, NAME, METADATA_TYPE, PARENT_METADATA,PARENT_METADATA_NAME, REFERENCE_METADATA, REFERENCE_METADATA_NAME, REFERENCE_METADATA_TYPE)VALUES('5cc19e10bd294fc5bab0fb0c93e3bf3f','ConstructionQualityCd','FIELD','2c47fe1b157b4699aa60fd5bcd6543a1','FinishedBasementInfo_Type','5a612b4bb4c144d1a93aedeb422b7dce','ConstructionClass','PRIMITIVE');
INSERT INTO PUBLIC.OBJECT_FIELD_METADATA (ID, NAME, METADATA_TYPE, PARENT_METADATA,PARENT_METADATA_NAME, REFERENCE_METADATA, REFERENCE_METADATA_NAME, REFERENCE_METADATA_TYPE)VALUES('1507250fd71f4611b2c33c569422f95d','DaylightInd','FIELD','2c47fe1b157b4699aa60fd5bcd6543a1','FinishedBasementInfo_Type','4ffb0bcc3ec946d1af3ef883f4c3a4e6','Boolean','PRIMITIVE');
INSERT INTO PUBLIC.OBJECT_FIELD_METADATA (ID, NAME, METADATA_TYPE, PARENT_METADATA,PARENT_METADATA_NAME, REFERENCE_METADATA, REFERENCE_METADATA_NAME, REFERENCE_METADATA_TYPE)VALUES('59ca849e8fa141bbb6347d42d91374a1','FinishedBasementInfo','MODEL_RELATION','013f7497db7145b8ba03752fcd86c6f0','SubstructureInfo_Type','2c47fe1b157b4699aa60fd5bcd6543a1','FinishedBasementInfo_Type','OBJECT');
INSERT INTO PUBLIC.OBJECT_FIELD_METADATA (ID, NAME, METADATA_TYPE, PARENT_METADATA,PARENT_METADATA_NAME, REFERENCE_METADATA, REFERENCE_METADATA_NAME, REFERENCE_METADATA_TYPE)VALUES('279128fd3f33430b8a4b80785e9f7913','SurfaceArea','MODEL_RELATION','013f7497db7145b8ba03752fcd86c6f0','SubstructureInfo_Type','1df1057b06734b019460d9f8fb0a43b0','MEASUREMENT','OBJECT');
INSERT INTO PUBLIC.OBJECT_FIELD_METADATA (ID, NAME, METADATA_TYPE, PARENT_METADATA,PARENT_METADATA_NAME, REFERENCE_METADATA, REFERENCE_METADATA_NAME, REFERENCE_METADATA_TYPE)VALUES('67fe865305c64b388ede8df74f0773c5','SubstructureInfoExt','FIELD','013f7497db7145b8ba03752fcd86c6f0','SubstructureInfo_Type',null,null,null);
INSERT INTO PUBLIC.OBJECT_FIELD_METADATA (ID, NAME, METADATA_TYPE, PARENT_METADATA,PARENT_METADATA_NAME, REFERENCE_METADATA, REFERENCE_METADATA_NAME, REFERENCE_METADATA_TYPE)VALUES('38c415c57fe943c882c74cd8321d46db','GroundFloorPct','FIELD','013f7497db7145b8ba03752fcd86c6f0','SubstructureInfo_Type','d68704d271534c0a935a3012147640c4','PercentDecimal','PRIMITIVE');
INSERT INTO PUBLIC.OBJECT_FIELD_METADATA (ID, NAME, METADATA_TYPE, PARENT_METADATA,PARENT_METADATA_NAME, REFERENCE_METADATA, REFERENCE_METADATA_NAME, REFERENCE_METADATA_TYPE)VALUES('c38419858ab34b5bb869e380c1e5ffc2','SubstructureInfo','MODEL_RELATION','7834c244b96e43aea1976f1887f0dcb6','DwellInspectionValuation_Type','013f7497db7145b8ba03752fcd86c6f0','SubstructureInfo_Type','OBJECT');
INSERT INTO PUBLIC.OBJECT_FIELD_METADATA (ID, NAME, METADATA_TYPE, PARENT_METADATA,PARENT_METADATA_NAME, REFERENCE_METADATA, REFERENCE_METADATA_NAME, REFERENCE_METADATA_TYPE)VALUES('567d4b2c69db4d078d3cf8febff7889b','TotalArea','MODEL_RELATION','7834c244b96e43aea1976f1887f0dcb6','DwellInspectionValuation_Type','1df1057b06734b019460d9f8fb0a43b0','MEASUREMENT','OBJECT');
INSERT INTO PUBLIC.OBJECT_METADATA (ID, NAME, METADATA_TYPE, REFERENCE_METADATA, REFERENCE_METADATA_NAME) VALUES('0b98677787c448ee83d304898b90d6ae','GarageInfo_Type','OBJECT',null,null);
INSERT INTO PUBLIC.PRIMITIVE_METADATA (ID, NAME, METADATA_TYPE) VALUES('455a82d9d10941188e242e5c61babe0c','GarageType','PRIMITIVE');
INSERT INTO PUBLIC.OBJECT_FIELD_METADATA (ID, NAME, METADATA_TYPE, PARENT_METADATA,PARENT_METADATA_NAME, REFERENCE_METADATA, REFERENCE_METADATA_NAME, REFERENCE_METADATA_TYPE)VALUES('9d4b047af7674ee0ba5765e180a377a9','GarageTypeCd','FIELD','0b98677787c448ee83d304898b90d6ae','GarageInfo_Type','455a82d9d10941188e242e5c61babe0c','GarageType','PRIMITIVE');
INSERT INTO PUBLIC.OBJECT_FIELD_METADATA (ID, NAME, METADATA_TYPE, PARENT_METADATA,PARENT_METADATA_NAME, REFERENCE_METADATA, REFERENCE_METADATA_NAME, REFERENCE_METADATA_TYPE)VALUES('5aa7e2f209f042f9b023e71c63eca1b9','AttachedInd','FIELD','0b98677787c448ee83d304898b90d6ae','GarageInfo_Type','4ffb0bcc3ec946d1af3ef883f4c3a4e6','Boolean','PRIMITIVE');
INSERT INTO PUBLIC.OBJECT_FIELD_METADATA (ID, NAME, METADATA_TYPE, PARENT_METADATA,PARENT_METADATA_NAME, REFERENCE_METADATA, REFERENCE_METADATA_NAME, REFERENCE_METADATA_TYPE)VALUES('1a9ff623507b4d2ea50c06832a84d892','BasementUnderGarageInd','FIELD','0b98677787c448ee83d304898b90d6ae','GarageInfo_Type','4ffb0bcc3ec946d1af3ef883f4c3a4e6','Boolean','PRIMITIVE');
INSERT INTO PUBLIC.OBJECT_FIELD_METADATA (ID, NAME, METADATA_TYPE, PARENT_METADATA,PARENT_METADATA_NAME, REFERENCE_METADATA, REFERENCE_METADATA_NAME, REFERENCE_METADATA_TYPE)VALUES('be95f8adb37345fb9ddd3d28291572f5','NonGarageUseInd','FIELD','0b98677787c448ee83d304898b90d6ae','GarageInfo_Type','4ffb0bcc3ec946d1af3ef883f4c3a4e6','Boolean','PRIMITIVE');
INSERT INTO PUBLIC.OBJECT_FIELD_METADATA (ID, NAME, METADATA_TYPE, PARENT_METADATA,PARENT_METADATA_NAME, REFERENCE_METADATA, REFERENCE_METADATA_NAME, REFERENCE_METADATA_TYPE)VALUES('ab5c14bc59e945a79c71c3b0d61838cf','GarageInfoExt','FIELD','0b98677787c448ee83d304898b90d6ae','GarageInfo_Type',null,null,null);
INSERT INTO PUBLIC.OBJECT_FIELD_METADATA (ID, NAME, METADATA_TYPE, PARENT_METADATA,PARENT_METADATA_NAME, REFERENCE_METADATA, REFERENCE_METADATA_NAME, REFERENCE_METADATA_TYPE)VALUES('12bc26a4adca4dcc9280feaa7d758e4d','NumPermanentOpenings','FIELD','0b98677787c448ee83d304898b90d6ae','GarageInfo_Type','838cab4e48a54d0bb23ca5ea9db454ab','Long','PRIMITIVE');
INSERT INTO PUBLIC.OBJECT_FIELD_METADATA (ID, NAME, METADATA_TYPE, PARENT_METADATA,PARENT_METADATA_NAME, REFERENCE_METADATA, REFERENCE_METADATA_NAME, REFERENCE_METADATA_TYPE)VALUES('c6d743a379744c5fa60aa605adbe41e8','NumVehs','FIELD','0b98677787c448ee83d304898b90d6ae','GarageInfo_Type','838cab4e48a54d0bb23ca5ea9db454ab','Long','PRIMITIVE');
INSERT INTO PUBLIC.OBJECT_FIELD_METADATA (ID, NAME, METADATA_TYPE, PARENT_METADATA,PARENT_METADATA_NAME, REFERENCE_METADATA, REFERENCE_METADATA_NAME, REFERENCE_METADATA_TYPE)VALUES('b847d53293a34beda83fd65dd46eb041','SurfaceArea','MODEL_RELATION','0b98677787c448ee83d304898b90d6ae','GarageInfo_Type','1df1057b06734b019460d9f8fb0a43b0','MEASUREMENT','OBJECT');
INSERT INTO PUBLIC.OBJECT_FIELD_METADATA (ID, NAME, METADATA_TYPE, PARENT_METADATA,PARENT_METADATA_NAME, REFERENCE_METADATA, REFERENCE_METADATA_NAME, REFERENCE_METADATA_TYPE)VALUES('15e819e0579e4db1935d90da51c24f26','FloodOpeningsInd','FIELD','0b98677787c448ee83d304898b90d6ae','GarageInfo_Type','4ffb0bcc3ec946d1af3ef883f4c3a4e6','Boolean','PRIMITIVE');
INSERT INTO PUBLIC.OBJECT_FIELD_METADATA (ID, NAME, METADATA_TYPE, PARENT_METADATA,PARENT_METADATA_NAME, REFERENCE_METADATA, REFERENCE_METADATA_NAME, REFERENCE_METADATA_TYPE)VALUES('f19eb9c4798a4eb0a8b1af11cbdcfc3a','NumGarages','FIELD','0b98677787c448ee83d304898b90d6ae','GarageInfo_Type','838cab4e48a54d0bb23ca5ea9db454ab','Long','PRIMITIVE');
INSERT INTO PUBLIC.OBJECT_FIELD_METADATA (ID, NAME, METADATA_TYPE, PARENT_METADATA,PARENT_METADATA_NAME, REFERENCE_METADATA, REFERENCE_METADATA_NAME, REFERENCE_METADATA_TYPE)VALUES('5026e4be4169475eaea6756d18321dfd','PermanentOpeningsArea','MODEL_RELATION','0b98677787c448ee83d304898b90d6ae','GarageInfo_Type','1df1057b06734b019460d9f8fb0a43b0','MEASUREMENT','OBJECT');
INSERT INTO PUBLIC.OBJECT_FIELD_METADATA (ID, NAME, METADATA_TYPE, PARENT_METADATA,PARENT_METADATA_NAME, REFERENCE_METADATA, REFERENCE_METADATA_NAME, REFERENCE_METADATA_TYPE)VALUES('4e51ebe3c3854c3caf93874637310fce','EquipmentInd','FIELD','0b98677787c448ee83d304898b90d6ae','GarageInfo_Type','4ffb0bcc3ec946d1af3ef883f4c3a4e6','Boolean','PRIMITIVE');
INSERT INTO PUBLIC.OBJECT_FIELD_METADATA (ID, NAME, METADATA_TYPE, PARENT_METADATA,PARENT_METADATA_NAME, REFERENCE_METADATA, REFERENCE_METADATA_NAME, REFERENCE_METADATA_TYPE)VALUES('5362b7bd61794246a201c0f977ec611e','GarageInfo','MODEL_RELATION','7834c244b96e43aea1976f1887f0dcb6','DwellInspectionValuation_Type','0b98677787c448ee83d304898b90d6ae','GarageInfo_Type','OBJECT');
INSERT INTO PUBLIC.OBJECT_METADATA (ID, NAME, METADATA_TYPE, REFERENCE_METADATA, REFERENCE_METADATA_NAME) VALUES('36aef0829e3a42438cac73978bd08fcd','BuiltInsInfo_Type','OBJECT',null,null);
INSERT INTO PUBLIC.OBJECT_FIELD_METADATA (ID, NAME, METADATA_TYPE, PARENT_METADATA,PARENT_METADATA_NAME, REFERENCE_METADATA, REFERENCE_METADATA_NAME, REFERENCE_METADATA_TYPE)VALUES('00e8e322ec1d49be8e4607e383bc94a3','ConstructionQualityCd','FIELD','36aef0829e3a42438cac73978bd08fcd','BuiltInsInfo_Type','5a612b4bb4c144d1a93aedeb422b7dce','ConstructionClass','PRIMITIVE');
INSERT INTO PUBLIC.OBJECT_FIELD_METADATA (ID, NAME, METADATA_TYPE, PARENT_METADATA,PARENT_METADATA_NAME, REFERENCE_METADATA, REFERENCE_METADATA_NAME, REFERENCE_METADATA_TYPE)VALUES('7b7b2f9315014fa3ae0aca139c6ee229','SurfaceArea','MODEL_RELATION','36aef0829e3a42438cac73978bd08fcd','BuiltInsInfo_Type','1df1057b06734b019460d9f8fb0a43b0','MEASUREMENT','OBJECT');
INSERT INTO PUBLIC.OBJECT_FIELD_METADATA (ID, NAME, METADATA_TYPE, PARENT_METADATA,PARENT_METADATA_NAME, REFERENCE_METADATA, REFERENCE_METADATA_NAME, REFERENCE_METADATA_TYPE)VALUES('84c14231a4be4adda58732a4503106e8','BuiltInsInfoExt','FIELD','36aef0829e3a42438cac73978bd08fcd','BuiltInsInfo_Type',null,null,null);
INSERT INTO PUBLIC.PRIMITIVE_METADATA (ID, NAME, METADATA_TYPE) VALUES('10fb9312796543e4bcd141ef7a4b3e60','InteriorBuiltIns','PRIMITIVE');
INSERT INTO PUBLIC.OBJECT_FIELD_METADATA (ID, NAME, METADATA_TYPE, PARENT_METADATA,PARENT_METADATA_NAME, REFERENCE_METADATA, REFERENCE_METADATA_NAME, REFERENCE_METADATA_TYPE)VALUES('71a56db51a3c4316b21e2452cb02b589','BuiltInsCd','FIELD','36aef0829e3a42438cac73978bd08fcd','BuiltInsInfo_Type','10fb9312796543e4bcd141ef7a4b3e60','InteriorBuiltIns','PRIMITIVE');
INSERT INTO PUBLIC.OBJECT_FIELD_METADATA (ID, NAME, METADATA_TYPE, PARENT_METADATA,PARENT_METADATA_NAME, REFERENCE_METADATA, REFERENCE_METADATA_NAME, REFERENCE_METADATA_TYPE)VALUES('af88d75a860a4503a6b91af529d86303','BuiltInsInfo','MODEL_RELATION','7834c244b96e43aea1976f1887f0dcb6','DwellInspectionValuation_Type','36aef0829e3a42438cac73978bd08fcd','BuiltInsInfo_Type','OBJECT');
INSERT INTO PUBLIC.OBJECT_METADATA (ID, NAME, METADATA_TYPE, REFERENCE_METADATA, REFERENCE_METADATA_NAME) VALUES('aafe3c469a7641e89447c280740d9ddf','BathroomInfo_Type','OBJECT',null,null);
INSERT INTO PUBLIC.PRIMITIVE_METADATA (ID, NAME, METADATA_TYPE) VALUES('7a744786063f44bfa45d0ff3f6a93ae1','BathroomType','PRIMITIVE');
INSERT INTO PUBLIC.OBJECT_FIELD_METADATA (ID, NAME, METADATA_TYPE, PARENT_METADATA,PARENT_METADATA_NAME, REFERENCE_METADATA, REFERENCE_METADATA_NAME, REFERENCE_METADATA_TYPE)VALUES('dc00b2baca6543129f3799e5a5761656','BathroomTypeCd','FIELD','aafe3c469a7641e89447c280740d9ddf','BathroomInfo_Type','7a744786063f44bfa45d0ff3f6a93ae1','BathroomType','PRIMITIVE');
INSERT INTO PUBLIC.OBJECT_FIELD_METADATA (ID, NAME, METADATA_TYPE, PARENT_METADATA,PARENT_METADATA_NAME, REFERENCE_METADATA, REFERENCE_METADATA_NAME, REFERENCE_METADATA_TYPE)VALUES('1a0dd433aa944840ad31e46d79764581','NumAdditionalFixtures','FIELD','aafe3c469a7641e89447c280740d9ddf','BathroomInfo_Type','838cab4e48a54d0bb23ca5ea9db454ab','Long','PRIMITIVE');
INSERT INTO PUBLIC.OBJECT_FIELD_METADATA (ID, NAME, METADATA_TYPE, PARENT_METADATA,PARENT_METADATA_NAME, REFERENCE_METADATA, REFERENCE_METADATA_NAME, REFERENCE_METADATA_TYPE)VALUES('106671661aee426eb691f0b4f96f0c89','NumBathrooms','FIELD','aafe3c469a7641e89447c280740d9ddf','BathroomInfo_Type','838cab4e48a54d0bb23ca5ea9db454ab','Long','PRIMITIVE');
INSERT INTO PUBLIC.OBJECT_FIELD_METADATA (ID, NAME, METADATA_TYPE, PARENT_METADATA,PARENT_METADATA_NAME, REFERENCE_METADATA, REFERENCE_METADATA_NAME, REFERENCE_METADATA_TYPE)VALUES('046a7a1ca7f24d49a60ed67e32b73908','ConstructionQualityCd','FIELD','aafe3c469a7641e89447c280740d9ddf','BathroomInfo_Type','5a612b4bb4c144d1a93aedeb422b7dce','ConstructionClass','PRIMITIVE');
INSERT INTO PUBLIC.OBJECT_FIELD_METADATA (ID, NAME, METADATA_TYPE, PARENT_METADATA,PARENT_METADATA_NAME, REFERENCE_METADATA, REFERENCE_METADATA_NAME, REFERENCE_METADATA_TYPE)VALUES('8c0222ead07b4e7c9cd2ff929d490f0e','BathroomInfoExt','FIELD','aafe3c469a7641e89447c280740d9ddf','BathroomInfo_Type',null,null,null);
INSERT INTO PUBLIC.OBJECT_FIELD_METADATA (ID, NAME, METADATA_TYPE, PARENT_METADATA,PARENT_METADATA_NAME, REFERENCE_METADATA, REFERENCE_METADATA_NAME, REFERENCE_METADATA_TYPE)VALUES('e6c8e3bf58174aaeb0db970a0a0eb1d8','BathroomInfo','MODEL_RELATION','7834c244b96e43aea1976f1887f0dcb6','DwellInspectionValuation_Type','aafe3c469a7641e89447c280740d9ddf','BathroomInfo_Type','OBJECT');
INSERT INTO PUBLIC.OBJECT_FIELD_METADATA (ID, NAME, METADATA_TYPE, PARENT_METADATA,PARENT_METADATA_NAME, REFERENCE_METADATA, REFERENCE_METADATA_NAME, REFERENCE_METADATA_TYPE)VALUES('c9c069a22dc94b739042b51f2ae8da71','NumCorners','FIELD','7834c244b96e43aea1976f1887f0dcb6','DwellInspectionValuation_Type','838cab4e48a54d0bb23ca5ea9db454ab','Long','PRIMITIVE');
INSERT INTO PUBLIC.OBJECT_FIELD_METADATA (ID, NAME, METADATA_TYPE, PARENT_METADATA,PARENT_METADATA_NAME, REFERENCE_METADATA, REFERENCE_METADATA_NAME, REFERENCE_METADATA_TYPE)VALUES('3fd7fa09aacd4215b018b8590e413165','MiscParty','MODEL_RELATION','7834c244b96e43aea1976f1887f0dcb6','DwellInspectionValuation_Type','0a76585a8ae342d897387f29800d50c8','MiscParty_Type','OBJECT');
INSERT INTO PUBLIC.OBJECT_METADATA (ID, NAME, METADATA_TYPE, REFERENCE_METADATA, REFERENCE_METADATA_NAME) VALUES('57670964a8cf40d68a4222009f405159','KitchenInfo_Type','OBJECT',null,null);
INSERT INTO PUBLIC.OBJECT_FIELD_METADATA (ID, NAME, METADATA_TYPE, PARENT_METADATA,PARENT_METADATA_NAME, REFERENCE_METADATA, REFERENCE_METADATA_NAME, REFERENCE_METADATA_TYPE)VALUES('859e4eca84724ae7b1d0101142dca653','KitchenInfoExt','FIELD','57670964a8cf40d68a4222009f405159','KitchenInfo_Type',null,null,null);
INSERT INTO PUBLIC.OBJECT_FIELD_METADATA (ID, NAME, METADATA_TYPE, PARENT_METADATA,PARENT_METADATA_NAME, REFERENCE_METADATA, REFERENCE_METADATA_NAME, REFERENCE_METADATA_TYPE)VALUES('56acd31dc5cf487bac105dbe743f79dd','ConstructionQualityCd','FIELD','57670964a8cf40d68a4222009f405159','KitchenInfo_Type','5a612b4bb4c144d1a93aedeb422b7dce','ConstructionClass','PRIMITIVE');
INSERT INTO PUBLIC.OBJECT_FIELD_METADATA (ID, NAME, METADATA_TYPE, PARENT_METADATA,PARENT_METADATA_NAME, REFERENCE_METADATA, REFERENCE_METADATA_NAME, REFERENCE_METADATA_TYPE)VALUES('067f99e27bb14a82804d6b870994310f','NumKitchens','FIELD','57670964a8cf40d68a4222009f405159','KitchenInfo_Type','838cab4e48a54d0bb23ca5ea9db454ab','Long','PRIMITIVE');
INSERT INTO PUBLIC.OBJECT_FIELD_METADATA (ID, NAME, METADATA_TYPE, PARENT_METADATA,PARENT_METADATA_NAME, REFERENCE_METADATA, REFERENCE_METADATA_NAME, REFERENCE_METADATA_TYPE)VALUES('b74e9c01bb114dbdbd66509cd849e31b','KitchenInfo','MODEL_RELATION','7834c244b96e43aea1976f1887f0dcb6','DwellInspectionValuation_Type','57670964a8cf40d68a4222009f405159','KitchenInfo_Type','OBJECT');
INSERT INTO PUBLIC.OBJECT_METADATA (ID, NAME, METADATA_TYPE, REFERENCE_METADATA, REFERENCE_METADATA_NAME) VALUES('1656f92dac024652a8f60c63cb42f88c','InteriorFinishInfo_Type','OBJECT',null,null);
INSERT INTO PUBLIC.PRIMITIVE_METADATA (ID, NAME, METADATA_TYPE) VALUES('548fb2deb013482cbc803ccdb8393594','MaterialType','PRIMITIVE');
INSERT INTO PUBLIC.OBJECT_FIELD_METADATA (ID, NAME, METADATA_TYPE, PARENT_METADATA,PARENT_METADATA_NAME, REFERENCE_METADATA, REFERENCE_METADATA_NAME, REFERENCE_METADATA_TYPE)VALUES('fba097a95f0e4a61940bab6b22c0b082','MaterialTypeCd','FIELD','1656f92dac024652a8f60c63cb42f88c','InteriorFinishInfo_Type','548fb2deb013482cbc803ccdb8393594','MaterialType','PRIMITIVE');
INSERT INTO PUBLIC.OBJECT_FIELD_METADATA (ID, NAME, METADATA_TYPE, PARENT_METADATA,PARENT_METADATA_NAME, REFERENCE_METADATA, REFERENCE_METADATA_NAME, REFERENCE_METADATA_TYPE)VALUES('2dda830c1eae4b57a4e1a9f076079f27','InteriorFinishInfoExt','FIELD','1656f92dac024652a8f60c63cb42f88c','InteriorFinishInfo_Type',null,null,null);
INSERT INTO PUBLIC.PRIMITIVE_METADATA (ID, NAME, METADATA_TYPE) VALUES('85dce716db854b839a8dc28918fd3ae8','InteriorComponent','PRIMITIVE');
INSERT INTO PUBLIC.OBJECT_FIELD_METADATA (ID, NAME, METADATA_TYPE, PARENT_METADATA,PARENT_METADATA_NAME, REFERENCE_METADATA, REFERENCE_METADATA_NAME, REFERENCE_METADATA_TYPE)VALUES('f13f9a98766b449ea4d5cb57c8a07008','InteriorComponentTypeCd','FIELD','1656f92dac024652a8f60c63cb42f88c','InteriorFinishInfo_Type','85dce716db854b839a8dc28918fd3ae8','InteriorComponent','PRIMITIVE');
INSERT INTO PUBLIC.OBJECT_FIELD_METADATA (ID, NAME, METADATA_TYPE, PARENT_METADATA,PARENT_METADATA_NAME, REFERENCE_METADATA, REFERENCE_METADATA_NAME, REFERENCE_METADATA_TYPE)VALUES('8e7155b8b12a4b87a8e7054426dac933','MaterialPct','FIELD','1656f92dac024652a8f60c63cb42f88c','InteriorFinishInfo_Type','d68704d271534c0a935a3012147640c4','PercentDecimal','PRIMITIVE');
INSERT INTO PUBLIC.OBJECT_FIELD_METADATA (ID, NAME, METADATA_TYPE, PARENT_METADATA,PARENT_METADATA_NAME, REFERENCE_METADATA, REFERENCE_METADATA_NAME, REFERENCE_METADATA_TYPE)VALUES('f27d4189d63b44b0b29e6d11078602a9','InteriorFinishInfo','MODEL_RELATION','7834c244b96e43aea1976f1887f0dcb6','DwellInspectionValuation_Type','1656f92dac024652a8f60c63cb42f88c','InteriorFinishInfo_Type','OBJECT');
INSERT INTO PUBLIC.OBJECT_FIELD_METADATA (ID, NAME, METADATA_TYPE, PARENT_METADATA,PARENT_METADATA_NAME, REFERENCE_METADATA, REFERENCE_METADATA_NAME, REFERENCE_METADATA_TYPE)VALUES('eb5cb61fa70e44729717af2bb8bc4ffa','PhotographObtainedInd','FIELD','7834c244b96e43aea1976f1887f0dcb6','DwellInspectionValuation_Type','4ffb0bcc3ec946d1af3ef883f4c3a4e6','Boolean','PRIMITIVE');
INSERT INTO PUBLIC.OBJECT_METADATA (ID, NAME, METADATA_TYPE, REFERENCE_METADATA, REFERENCE_METADATA_NAME) VALUES('aa997cd89c9a44dcb4884ba18064348c','DetachedStructuresInfo_Type','OBJECT',null,null);
INSERT INTO PUBLIC.OBJECT_METADATA (ID, NAME, METADATA_TYPE, REFERENCE_METADATA, REFERENCE_METADATA_NAME) VALUES('66b2df29282548888a6c5122221caafe','Construction_Type','OBJECT',null,null);
INSERT INTO PUBLIC.OBJECT_FIELD_METADATA (ID, NAME, METADATA_TYPE, PARENT_METADATA,PARENT_METADATA_NAME, REFERENCE_METADATA, REFERENCE_METADATA_NAME, REFERENCE_METADATA_TYPE)VALUES('57ad73d5e9fa479fa82b8dd896893007','ConstructionPct','FIELD','66b2df29282548888a6c5122221caafe','Construction_Type','42787ecf7ebe44bdb047ebe0f2268d21','PercentLong','PRIMITIVE');
INSERT INTO PUBLIC.OBJECT_FIELD_METADATA (ID, NAME, METADATA_TYPE, PARENT_METADATA,PARENT_METADATA_NAME, REFERENCE_METADATA, REFERENCE_METADATA_NAME, REFERENCE_METADATA_TYPE)VALUES('9294f94f5f86414babf172ca21d26cf3','EIFSInstalledYr','FIELD','66b2df29282548888a6c5122221caafe','Construction_Type','7c9113946db7435cb0053de34c768997','Year','PRIMITIVE');
INSERT INTO PUBLIC.PRIMITIVE_METADATA (ID, NAME, METADATA_TYPE) VALUES('f22c9567f83040d2a27f07f57f8b7820','EarthquakeBuildingGround','PRIMITIVE');
INSERT INTO PUBLIC.OBJECT_FIELD_METADATA (ID, NAME, METADATA_TYPE, PARENT_METADATA,PARENT_METADATA_NAME, REFERENCE_METADATA, REFERENCE_METADATA_NAME, REFERENCE_METADATA_TYPE)VALUES('d3641b78ff524edc966236250e0cca5d','EarthquakeBldgGroundCd','FIELD','66b2df29282548888a6c5122221caafe','Construction_Type','f22c9567f83040d2a27f07f57f8b7820','EarthquakeBuildingGround','PRIMITIVE');
INSERT INTO PUBLIC.OBJECT_FIELD_METADATA (ID, NAME, METADATA_TYPE, PARENT_METADATA,PARENT_METADATA_NAME, REFERENCE_METADATA, REFERENCE_METADATA_NAME, REFERENCE_METADATA_TYPE)VALUES('0452f350510e424b9640c100ac7a5555','BldgArea','MODEL_RELATION','66b2df29282548888a6c5122221caafe','Construction_Type','1df1057b06734b019460d9f8fb0a43b0','MEASUREMENT','OBJECT');
INSERT INTO PUBLIC.OBJECT_FIELD_METADATA (ID, NAME, METADATA_TYPE, PARENT_METADATA,PARENT_METADATA_NAME, REFERENCE_METADATA, REFERENCE_METADATA_NAME, REFERENCE_METADATA_TYPE)VALUES('88de696ae4db43d08b603504256ea7ef','InsurerConstructionClassCd','FIELD','66b2df29282548888a6c5122221caafe','Construction_Type','6240ce877a244a73a1253961131c6cc9','IndustryCode_Type','PRIMITIVE');
INSERT INTO PUBLIC.OBJECT_FIELD_METADATA (ID, NAME, METADATA_TYPE, PARENT_METADATA,PARENT_METADATA_NAME, REFERENCE_METADATA, REFERENCE_METADATA_NAME, REFERENCE_METADATA_TYPE)VALUES('311c7504238e4b90bc1b38a4c70fac61','NumGuestRooms','FIELD','66b2df29282548888a6c5122221caafe','Construction_Type','838cab4e48a54d0bb23ca5ea9db454ab','Long','PRIMITIVE');
INSERT INTO PUBLIC.OBJECT_FIELD_METADATA (ID, NAME, METADATA_TYPE, PARENT_METADATA,PARENT_METADATA_NAME, REFERENCE_METADATA, REFERENCE_METADATA_NAME, REFERENCE_METADATA_TYPE)VALUES('b2c2123b4a214fdca9189e4217a741dc','NumBasements','FIELD','66b2df29282548888a6c5122221caafe','Construction_Type','838cab4e48a54d0bb23ca5ea9db454ab','Long','PRIMITIVE');
INSERT INTO PUBLIC.OBJECT_FIELD_METADATA (ID, NAME, METADATA_TYPE, PARENT_METADATA,PARENT_METADATA_NAME, REFERENCE_METADATA, REFERENCE_METADATA_NAME, REFERENCE_METADATA_TYPE)VALUES('b1a6fe198dfe4d7c98b1ecd7e41550d9','AdditionArea','MODEL_RELATION','66b2df29282548888a6c5122221caafe','Construction_Type','1df1057b06734b019460d9f8fb0a43b0','MEASUREMENT','OBJECT');
INSERT INTO PUBLIC.OBJECT_FIELD_METADATA (ID, NAME, METADATA_TYPE, PARENT_METADATA,PARENT_METADATA_NAME, REFERENCE_METADATA, REFERENCE_METADATA_NAME, REFERENCE_METADATA_TYPE)VALUES('bda1221613a34a3fa30ad793ff8f8522','ConstructionCostAmt','MODEL_RELATION','66b2df29282548888a6c5122221caafe','Construction_Type','4fa89203e94a4637baa0484d19b460c5','CURRENCY','OBJECT');
INSERT INTO PUBLIC.PRIMITIVE_METADATA (ID, NAME, METADATA_TYPE) VALUES('796f79304c094fe3acf6ed27e4249128','RoofGeometryType','PRIMITIVE');
INSERT INTO PUBLIC.OBJECT_FIELD_METADATA (ID, NAME, METADATA_TYPE, PARENT_METADATA,PARENT_METADATA_NAME, REFERENCE_METADATA, REFERENCE_METADATA_NAME, REFERENCE_METADATA_TYPE)VALUES('011d92f8715440b091df9fcba13cbad7','RoofGeometryTypeCd','FIELD','66b2df29282548888a6c5122221caafe','Construction_Type','796f79304c094fe3acf6ed27e4249128','RoofGeometryType','PRIMITIVE');
INSERT INTO PUBLIC.OBJECT_FIELD_METADATA (ID, NAME, METADATA_TYPE, PARENT_METADATA,PARENT_METADATA_NAME, REFERENCE_METADATA, REFERENCE_METADATA_NAME, REFERENCE_METADATA_TYPE)VALUES('d1a37855e8314cfca9a48a94ed550b2f','StructuralChangesInd','FIELD','66b2df29282548888a6c5122221caafe','Construction_Type','4ffb0bcc3ec946d1af3ef883f4c3a4e6','Boolean','PRIMITIVE');
INSERT INTO PUBLIC.PRIMITIVE_METADATA (ID, NAME, METADATA_TYPE) VALUES('89c62ced448f406a9b764b60fee9f108','InsulationType','PRIMITIVE');
INSERT INTO PUBLIC.OBJECT_FIELD_METADATA (ID, NAME, METADATA_TYPE, PARENT_METADATA,PARENT_METADATA_NAME, REFERENCE_METADATA, REFERENCE_METADATA_NAME, REFERENCE_METADATA_TYPE)VALUES('d6623edebb89402195b6aa598eaf441b','InsulationTypeCd','FIELD','66b2df29282548888a6c5122221caafe','Construction_Type','89c62ced448f406a9b764b60fee9f108','InsulationType','PRIMITIVE');
INSERT INTO PUBLIC.PRIMITIVE_METADATA (ID, NAME, METADATA_TYPE) VALUES('2786983f88034e4193655c7592d45451','BuildingEffectivenessGradeType','PRIMITIVE');
INSERT INTO PUBLIC.OBJECT_FIELD_METADATA (ID, NAME, METADATA_TYPE, PARENT_METADATA,PARENT_METADATA_NAME, REFERENCE_METADATA, REFERENCE_METADATA_NAME, REFERENCE_METADATA_TYPE)VALUES('5b0b9d8dfc9c42289656d38e8355e702','BldgEffectivenessGradeTypeCd','FIELD','66b2df29282548888a6c5122221caafe','Construction_Type','2786983f88034e4193655c7592d45451','BuildingEffectivenessGradeType','PRIMITIVE');
INSERT INTO PUBLIC.OBJECT_FIELD_METADATA (ID, NAME, METADATA_TYPE, PARENT_METADATA,PARENT_METADATA_NAME, REFERENCE_METADATA, REFERENCE_METADATA_NAME, REFERENCE_METADATA_TYPE)VALUES('a7b662224e3741b5967eef31e7a77863','ConstructionBldgNumber','FIELD','66b2df29282548888a6c5122221caafe','Construction_Type','dca96396670d4a49979b33da4c247da3','C-20','PRIMITIVE');
INSERT INTO PUBLIC.PRIMITIVE_METADATA (ID, NAME, METADATA_TYPE) VALUES('7434ba1cb5054e04bb4b9249fb351c7f','WindstormMitigation','PRIMITIVE');
INSERT INTO PUBLIC.OBJECT_FIELD_METADATA (ID, NAME, METADATA_TYPE, PARENT_METADATA,PARENT_METADATA_NAME, REFERENCE_METADATA, REFERENCE_METADATA_NAME, REFERENCE_METADATA_TYPE)VALUES('7f727a922b7147c9b76dddea1fd2430e','WindstormMitigationProgramCd','FIELD','66b2df29282548888a6c5122221caafe','Construction_Type','7434ba1cb5054e04bb4b9249fb351c7f','WindstormMitigation','PRIMITIVE');
INSERT INTO PUBLIC.OBJECT_FIELD_METADATA (ID, NAME, METADATA_TYPE, PARENT_METADATA,PARENT_METADATA_NAME, REFERENCE_METADATA, REFERENCE_METADATA_NAME, REFERENCE_METADATA_TYPE)VALUES('701ac7486a734160985929e02e2af7c0','Capacity','MODEL_RELATION','66b2df29282548888a6c5122221caafe','Construction_Type','1df1057b06734b019460d9f8fb0a43b0','MEASUREMENT','OBJECT');
INSERT INTO PUBLIC.OBJECT_FIELD_METADATA (ID, NAME, METADATA_TYPE, PARENT_METADATA,PARENT_METADATA_NAME, REFERENCE_METADATA, REFERENCE_METADATA_NAME, REFERENCE_METADATA_TYPE)VALUES('bc85df2e5dd84c91b013a89c641bd4cf','HurricaneResistiveGlassInd','FIELD','66b2df29282548888a6c5122221caafe','Construction_Type','4ffb0bcc3ec946d1af3ef883f4c3a4e6','Boolean','PRIMITIVE');
INSERT INTO PUBLIC.PRIMITIVE_METADATA (ID, NAME, METADATA_TYPE) VALUES('46b05abb7556485c96a964887910ca3e','DoorType','PRIMITIVE');
INSERT INTO PUBLIC.OBJECT_FIELD_METADATA (ID, NAME, METADATA_TYPE, PARENT_METADATA,PARENT_METADATA_NAME, REFERENCE_METADATA, REFERENCE_METADATA_NAME, REFERENCE_METADATA_TYPE)VALUES('735ffc44a17b44a7ad44ef54eb5b862e','ExteriorDoorCd','FIELD','66b2df29282548888a6c5122221caafe','Construction_Type','46b05abb7556485c96a964887910ca3e','DoorType','PRIMITIVE');
INSERT INTO PUBLIC.OBJECT_FIELD_METADATA (ID, NAME, METADATA_TYPE, PARENT_METADATA,PARENT_METADATA_NAME, REFERENCE_METADATA, REFERENCE_METADATA_NAME, REFERENCE_METADATA_TYPE)VALUES('f4537949a7714878ad868040d7c0fd4c','YearBuilt','FIELD','66b2df29282548888a6c5122221caafe','Construction_Type','7c9113946db7435cb0053de34c768997','Year','PRIMITIVE');
INSERT INTO PUBLIC.OBJECT_FIELD_METADATA (ID, NAME, METADATA_TYPE, PARENT_METADATA,PARENT_METADATA_NAME, REFERENCE_METADATA, REFERENCE_METADATA_NAME, REFERENCE_METADATA_TYPE)VALUES('171a78b219f04945bfa43192cc15fed2','NumUnits','FIELD','66b2df29282548888a6c5122221caafe','Construction_Type','c896845db6f640c6bf65093333a64c69','Decimal','PRIMITIVE');
INSERT INTO PUBLIC.OBJECT_FIELD_METADATA (ID, NAME, METADATA_TYPE, PARENT_METADATA,PARENT_METADATA_NAME, REFERENCE_METADATA, REFERENCE_METADATA_NAME, REFERENCE_METADATA_TYPE)VALUES('fb46d2cfa7614ba2b5934efbd7070624','BasementArea','MODEL_RELATION','66b2df29282548888a6c5122221caafe','Construction_Type','1df1057b06734b019460d9f8fb0a43b0','MEASUREMENT','OBJECT');
INSERT INTO PUBLIC.OBJECT_FIELD_METADATA (ID, NAME, METADATA_TYPE, PARENT_METADATA,PARENT_METADATA_NAME, REFERENCE_METADATA, REFERENCE_METADATA_NAME, REFERENCE_METADATA_TYPE)VALUES('c965342bf0df412ea37f68c654ba29ae','NumOtherStructures','FIELD','66b2df29282548888a6c5122221caafe','Construction_Type','838cab4e48a54d0bb23ca5ea9db454ab','Long','PRIMITIVE');
INSERT INTO PUBLIC.OBJECT_FIELD_METADATA (ID, NAME, METADATA_TYPE, PARENT_METADATA,PARENT_METADATA_NAME, REFERENCE_METADATA, REFERENCE_METADATA_NAME, REFERENCE_METADATA_TYPE)VALUES('cfd90ced110d4f5c9cb1cf0010d2e6ee','InteriorConstructionPct','FIELD','66b2df29282548888a6c5122221caafe','Construction_Type','42787ecf7ebe44bdb047ebe0f2268d21','PercentLong','PRIMITIVE');
INSERT INTO PUBLIC.OBJECT_FIELD_METADATA (ID, NAME, METADATA_TYPE, PARENT_METADATA,PARENT_METADATA_NAME, REFERENCE_METADATA, REFERENCE_METADATA_NAME, REFERENCE_METADATA_TYPE)VALUES('7883494a57de4ac387e5bc003ba74b4f','SidingPct','FIELD','66b2df29282548888a6c5122221caafe','Construction_Type','42787ecf7ebe44bdb047ebe0f2268d21','PercentLong','PRIMITIVE');
INSERT INTO PUBLIC.PRIMITIVE_METADATA (ID, NAME, METADATA_TYPE) VALUES('1f3d0638300f4871b1cf7ca2bb842df6','GlassType','PRIMITIVE');
INSERT INTO PUBLIC.OBJECT_FIELD_METADATA (ID, NAME, METADATA_TYPE, PARENT_METADATA,PARENT_METADATA_NAME, REFERENCE_METADATA, REFERENCE_METADATA_NAME, REFERENCE_METADATA_TYPE)VALUES('8e1bc01904bc4489ae067ec1e0281f68','GlassTypeCd','FIELD','66b2df29282548888a6c5122221caafe','Construction_Type','1f3d0638300f4871b1cf7ca2bb842df6','GlassType','PRIMITIVE');
INSERT INTO PUBLIC.OBJECT_METADATA (ID, NAME, METADATA_TYPE, REFERENCE_METADATA, REFERENCE_METADATA_NAME) VALUES('a368ae20acf0458f9d96020ec8f47f6a','RoofingMaterial_Type','OBJECT',null,null);
INSERT INTO PUBLIC.PRIMITIVE_METADATA (ID, NAME, METADATA_TYPE) VALUES('31c542d299de49ee990009cb1da17874','RoofDeckAttachment','PRIMITIVE');
INSERT INTO PUBLIC.OBJECT_FIELD_METADATA (ID, NAME, METADATA_TYPE, PARENT_METADATA,PARENT_METADATA_NAME, REFERENCE_METADATA, REFERENCE_METADATA_NAME, REFERENCE_METADATA_TYPE)VALUES('5528926706d3469a8d46a9e2347a4429','RoofDeckAttachmentCd','FIELD','a368ae20acf0458f9d96020ec8f47f6a','RoofingMaterial_Type','31c542d299de49ee990009cb1da17874','RoofDeckAttachment','PRIMITIVE');
INSERT INTO PUBLIC.OBJECT_FIELD_METADATA (ID, NAME, METADATA_TYPE, PARENT_METADATA,PARENT_METADATA_NAME, REFERENCE_METADATA, REFERENCE_METADATA_NAME, REFERENCE_METADATA_TYPE)VALUES('f178d488ef7a4ca5b1d4c9176daa03e4','RoofingMaterialExt','FIELD','a368ae20acf0458f9d96020ec8f47f6a','RoofingMaterial_Type',null,null,null);
INSERT INTO PUBLIC.PRIMITIVE_METADATA (ID, NAME, METADATA_TYPE) VALUES('1005e7c9448d454cbc9d5f153cb0e5d2','RoofWallAttachment','PRIMITIVE');
INSERT INTO PUBLIC.OBJECT_FIELD_METADATA (ID, NAME, METADATA_TYPE, PARENT_METADATA,PARENT_METADATA_NAME, REFERENCE_METADATA, REFERENCE_METADATA_NAME, REFERENCE_METADATA_TYPE)VALUES('ed8eba56a91e4343a8d53ed83a235933','RoofWallAttachmentCd','FIELD','a368ae20acf0458f9d96020ec8f47f6a','RoofingMaterial_Type','1005e7c9448d454cbc9d5f153cb0e5d2','RoofWallAttachment','PRIMITIVE');
INSERT INTO PUBLIC.PRIMITIVE_METADATA (ID, NAME, METADATA_TYPE) VALUES('0b419002a1154d36ac4bfdd3b8aa3a8e','RoofDeckMaterial','PRIMITIVE');
INSERT INTO PUBLIC.OBJECT_FIELD_METADATA (ID, NAME, METADATA_TYPE, PARENT_METADATA,PARENT_METADATA_NAME, REFERENCE_METADATA, REFERENCE_METADATA_NAME, REFERENCE_METADATA_TYPE)VALUES('5777df6cda0b40d6a564d35ccc6c772b','RoofDeckMaterialCd','FIELD','a368ae20acf0458f9d96020ec8f47f6a','RoofingMaterial_Type','0b419002a1154d36ac4bfdd3b8aa3a8e','RoofDeckMaterial','PRIMITIVE');
INSERT INTO PUBLIC.OBJECT_FIELD_METADATA (ID, NAME, METADATA_TYPE, PARENT_METADATA,PARENT_METADATA_NAME, REFERENCE_METADATA, REFERENCE_METADATA_NAME, REFERENCE_METADATA_TYPE)VALUES('7fc65c4e61964147841401bd1310f4b1','OtherRoofMaterialTypeDesc','FIELD','a368ae20acf0458f9d96020ec8f47f6a','RoofingMaterial_Type','2344631100044813a5126adcfb93e80d','C-255','PRIMITIVE');
INSERT INTO PUBLIC.OBJECT_FIELD_METADATA (ID, NAME, METADATA_TYPE, PARENT_METADATA,PARENT_METADATA_NAME, REFERENCE_METADATA, REFERENCE_METADATA_NAME, REFERENCE_METADATA_TYPE)VALUES('e0f01afac5974cc3a666b3daa19fa56a','RoofMaterialPct','FIELD','a368ae20acf0458f9d96020ec8f47f6a','RoofingMaterial_Type','d68704d271534c0a935a3012147640c4','PercentDecimal','PRIMITIVE');
INSERT INTO PUBLIC.PRIMITIVE_METADATA (ID, NAME, METADATA_TYPE) VALUES('4f55db983a284793a0a79dba2a8c8283','RoofCoverAttachment','PRIMITIVE');
INSERT INTO PUBLIC.OBJECT_FIELD_METADATA (ID, NAME, METADATA_TYPE, PARENT_METADATA,PARENT_METADATA_NAME, REFERENCE_METADATA, REFERENCE_METADATA_NAME, REFERENCE_METADATA_TYPE)VALUES('5dcb9bf454374775b94a7e0890359a48','RoofCoverAttachmentCd','FIELD','a368ae20acf0458f9d96020ec8f47f6a','RoofingMaterial_Type','4f55db983a284793a0a79dba2a8c8283','RoofCoverAttachment','PRIMITIVE');
INSERT INTO PUBLIC.PRIMITIVE_METADATA (ID, NAME, METADATA_TYPE) VALUES('5df636285ffe4a789d8fc7003fdba05d','RoofMaterialType','PRIMITIVE');
INSERT INTO PUBLIC.OBJECT_FIELD_METADATA (ID, NAME, METADATA_TYPE, PARENT_METADATA,PARENT_METADATA_NAME, REFERENCE_METADATA, REFERENCE_METADATA_NAME, REFERENCE_METADATA_TYPE)VALUES('74cb6306d8974e4eaf009b8936770199','RoofMaterialCd','FIELD','a368ae20acf0458f9d96020ec8f47f6a','RoofingMaterial_Type','5df636285ffe4a789d8fc7003fdba05d','RoofMaterialType','PRIMITIVE');
INSERT INTO PUBLIC.OBJECT_FIELD_METADATA (ID, NAME, METADATA_TYPE, PARENT_METADATA,PARENT_METADATA_NAME, REFERENCE_METADATA, REFERENCE_METADATA_NAME, REFERENCE_METADATA_TYPE)VALUES('5ffac92a0a4b4c1fae2d2866ca38054e','RoofGeometryCd','FIELD','a368ae20acf0458f9d96020ec8f47f6a','RoofingMaterial_Type','6240ce877a244a73a1253961131c6cc9','IndustryCode_Type','PRIMITIVE');
INSERT INTO PUBLIC.OBJECT_FIELD_METADATA (ID, NAME, METADATA_TYPE, PARENT_METADATA,PARENT_METADATA_NAME, REFERENCE_METADATA, REFERENCE_METADATA_NAME, REFERENCE_METADATA_TYPE)VALUES('d558a5cb5a0e45c0a01b036c95da32f9','RoofingMaterial','MODEL_RELATION','66b2df29282548888a6c5122221caafe','Construction_Type','a368ae20acf0458f9d96020ec8f47f6a','RoofingMaterial_Type','OBJECT');
INSERT INTO PUBLIC.OBJECT_FIELD_METADATA (ID, NAME, METADATA_TYPE, PARENT_METADATA,PARENT_METADATA_NAME, REFERENCE_METADATA, REFERENCE_METADATA_NAME, REFERENCE_METADATA_TYPE)VALUES('ecfe15cbcd644a91bfb0fe2f86ef698a','ExteriorConstructionPct','FIELD','66b2df29282548888a6c5122221caafe','Construction_Type','42787ecf7ebe44bdb047ebe0f2268d21','PercentLong','PRIMITIVE');
INSERT INTO PUBLIC.OBJECT_FIELD_METADATA (ID, NAME, METADATA_TYPE, PARENT_METADATA,PARENT_METADATA_NAME, REFERENCE_METADATA, REFERENCE_METADATA_NAME, REFERENCE_METADATA_TYPE)VALUES('ffdac91068974db2b38d4bf714e5048d','ConstructionBeganDt','FIELD','66b2df29282548888a6c5122221caafe','Construction_Type','3b0a2ca6cf3a4fb19718e35aa60287cd','Date','PRIMITIVE');
INSERT INTO PUBLIC.PRIMITIVE_METADATA (ID, NAME, METADATA_TYPE) VALUES('f61845c58ac041698df8266fdeb05eea','StormShutterType','PRIMITIVE');
INSERT INTO PUBLIC.OBJECT_FIELD_METADATA (ID, NAME, METADATA_TYPE, PARENT_METADATA,PARENT_METADATA_NAME, REFERENCE_METADATA, REFERENCE_METADATA_NAME, REFERENCE_METADATA_TYPE)VALUES('3148b6b3c50143e19d8f97be1f9152ab','StormShuttersCd','FIELD','66b2df29282548888a6c5122221caafe','Construction_Type','f61845c58ac041698df8266fdeb05eea','StormShutterType','PRIMITIVE');
INSERT INTO PUBLIC.OBJECT_FIELD_METADATA (ID, NAME, METADATA_TYPE, PARENT_METADATA,PARENT_METADATA_NAME, REFERENCE_METADATA, REFERENCE_METADATA_NAME, REFERENCE_METADATA_TYPE)VALUES('46594a55e8f2483ca1d20b1fff478e4c','BldgCodeEffectivenessGradeCd','FIELD','66b2df29282548888a6c5122221caafe','Construction_Type','6240ce877a244a73a1253961131c6cc9','IndustryCode_Type','PRIMITIVE');
INSERT INTO PUBLIC.OBJECT_FIELD_METADATA (ID, NAME, METADATA_TYPE, PARENT_METADATA,PARENT_METADATA_NAME, REFERENCE_METADATA, REFERENCE_METADATA_NAME, REFERENCE_METADATA_TYPE)VALUES('149400a9dd304a8f8f7f85c8a92f972c','HeatingSystemServiceDt','FIELD','66b2df29282548888a6c5122221caafe','Construction_Type','3b0a2ca6cf3a4fb19718e35aa60287cd','Date','PRIMITIVE');
INSERT INTO PUBLIC.OBJECT_FIELD_METADATA (ID, NAME, METADATA_TYPE, PARENT_METADATA,PARENT_METADATA_NAME, REFERENCE_METADATA, REFERENCE_METADATA_NAME, REFERENCE_METADATA_TYPE)VALUES('bb3ff5e9038e42f28b8f4fc3270b4a5c','FinancedDesc','FIELD','66b2df29282548888a6c5122221caafe','Construction_Type','2344631100044813a5126adcfb93e80d','C-255','PRIMITIVE');
INSERT INTO PUBLIC.PRIMITIVE_METADATA (ID, NAME, METADATA_TYPE) VALUES('f34f0a4291ed49d6a744412c485d9800','WindowBars','PRIMITIVE');
INSERT INTO PUBLIC.OBJECT_FIELD_METADATA (ID, NAME, METADATA_TYPE, PARENT_METADATA,PARENT_METADATA_NAME, REFERENCE_METADATA, REFERENCE_METADATA_NAME, REFERENCE_METADATA_TYPE)VALUES('77e2faa9b80140a4b94cc798a5d16b9a','WindowBarsCd','FIELD','66b2df29282548888a6c5122221caafe','Construction_Type','f34f0a4291ed49d6a744412c485d9800','WindowBars','PRIMITIVE');
INSERT INTO PUBLIC.OBJECT_FIELD_METADATA (ID, NAME, METADATA_TYPE, PARENT_METADATA,PARENT_METADATA_NAME, REFERENCE_METADATA, REFERENCE_METADATA_NAME, REFERENCE_METADATA_TYPE)VALUES('1b8094e18344490b89e5c765f42026c2','ConstructionCd','FIELD','66b2df29282548888a6c5122221caafe','Construction_Type','dac392a51a934264a22aef96e73f6bbb','ConstructionType','PRIMITIVE');
INSERT INTO PUBLIC.OBJECT_FIELD_METADATA (ID, NAME, METADATA_TYPE, PARENT_METADATA,PARENT_METADATA_NAME, REFERENCE_METADATA, REFERENCE_METADATA_NAME, REFERENCE_METADATA_TYPE)VALUES('f1e0aa123731400fa5b71147a531303e','EarthquakeContentsGradeCd','FIELD','66b2df29282548888a6c5122221caafe','Construction_Type','6240ce877a244a73a1253961131c6cc9','IndustryCode_Type','PRIMITIVE');
INSERT INTO PUBLIC.OBJECT_FIELD_METADATA (ID, NAME, METADATA_TYPE, PARENT_METADATA,PARENT_METADATA_NAME, REFERENCE_METADATA, REFERENCE_METADATA_NAME, REFERENCE_METADATA_TYPE)VALUES('031950cf23314ab1a008f3fc5cdddc14','ConstructionExt','FIELD','66b2df29282548888a6c5122221caafe','Construction_Type',null,null,null);
INSERT INTO PUBLIC.OBJECT_FIELD_METADATA (ID, NAME, METADATA_TYPE, PARENT_METADATA,PARENT_METADATA_NAME, REFERENCE_METADATA, REFERENCE_METADATA_NAME, REFERENCE_METADATA_TYPE)VALUES('f8893a7a96854254be8908efa3a3d7a8','FoundationCd','FIELD','66b2df29282548888a6c5122221caafe','Construction_Type','178c5d73f8544d39a76c346e3b0503a0','Foundation','PRIMITIVE');
INSERT INTO PUBLIC.PRIMITIVE_METADATA (ID, NAME, METADATA_TYPE) VALUES('af55e23fa5944ae8bfcc2905b1cca3e6','EarthquakeRetrofit','PRIMITIVE');
INSERT INTO PUBLIC.OBJECT_FIELD_METADATA (ID, NAME, METADATA_TYPE, PARENT_METADATA,PARENT_METADATA_NAME, REFERENCE_METADATA, REFERENCE_METADATA_NAME, REFERENCE_METADATA_TYPE)VALUES('6492b808c30b44e8b0df1b5cd3a7021a','EarthquakeRetrofitCd','FIELD','66b2df29282548888a6c5122221caafe','Construction_Type','af55e23fa5944ae8bfcc2905b1cca3e6','EarthquakeRetrofit','PRIMITIVE');
INSERT INTO PUBLIC.OBJECT_FIELD_METADATA (ID, NAME, METADATA_TYPE, PARENT_METADATA,PARENT_METADATA_NAME, REFERENCE_METADATA, REFERENCE_METADATA_NAME, REFERENCE_METADATA_TYPE)VALUES('a24ddac9445f474c8601e781699dde19','Description','FIELD','66b2df29282548888a6c5122221caafe','Construction_Type','2344631100044813a5126adcfb93e80d','C-255','PRIMITIVE');
INSERT INTO PUBLIC.OBJECT_FIELD_METADATA (ID, NAME, METADATA_TYPE, PARENT_METADATA,PARENT_METADATA_NAME, REFERENCE_METADATA, REFERENCE_METADATA_NAME, REFERENCE_METADATA_TYPE)VALUES('828fa4dce13e4933b660cc29c7eda58c','OccupiedDuringConstructionInd','FIELD','66b2df29282548888a6c5122221caafe','Construction_Type','4ffb0bcc3ec946d1af3ef883f4c3a4e6','Boolean','PRIMITIVE');
INSERT INTO PUBLIC.PRIMITIVE_METADATA (ID, NAME, METADATA_TYPE) VALUES('afe61f11b48245638c3d39bfb9fdacd4','ElectricalPanel','PRIMITIVE');
INSERT INTO PUBLIC.OBJECT_FIELD_METADATA (ID, NAME, METADATA_TYPE, PARENT_METADATA,PARENT_METADATA_NAME, REFERENCE_METADATA, REFERENCE_METADATA_NAME, REFERENCE_METADATA_TYPE)VALUES('d4f3c3aaa6e140088310ac94a6a839ad','ElectricalPanelCd','FIELD','66b2df29282548888a6c5122221caafe','Construction_Type','afe61f11b48245638c3d39bfb9fdacd4','ElectricalPanel','PRIMITIVE');
INSERT INTO PUBLIC.OBJECT_FIELD_METADATA (ID, NAME, METADATA_TYPE, PARENT_METADATA,PARENT_METADATA_NAME, REFERENCE_METADATA, REFERENCE_METADATA_NAME, REFERENCE_METADATA_TYPE)VALUES('c7400426e328401ebe5e2e0238469a5a','EarthquakeBldgClassCd','FIELD','66b2df29282548888a6c5122221caafe','Construction_Type','6240ce877a244a73a1253961131c6cc9','IndustryCode_Type','PRIMITIVE');
INSERT INTO PUBLIC.OBJECT_FIELD_METADATA (ID, NAME, METADATA_TYPE, PARENT_METADATA,PARENT_METADATA_NAME, REFERENCE_METADATA, REFERENCE_METADATA_NAME, REFERENCE_METADATA_TYPE)VALUES('fd55f714aa234561a9b0b11ce0f802b0','ElectricalStrength','MODEL_RELATION','66b2df29282548888a6c5122221caafe','Construction_Type','1df1057b06734b019460d9f8fb0a43b0','MEASUREMENT','OBJECT');
INSERT INTO PUBLIC.OBJECT_FIELD_METADATA (ID, NAME, METADATA_TYPE, PARENT_METADATA,PARENT_METADATA_NAME, REFERENCE_METADATA, REFERENCE_METADATA_NAME, REFERENCE_METADATA_TYPE)VALUES('136726fbc67a4a989dd4e5827c6332b6','NumOpenSides','FIELD','66b2df29282548888a6c5122221caafe','Construction_Type','838cab4e48a54d0bb23ca5ea9db454ab','Long','PRIMITIVE');
INSERT INTO PUBLIC.OBJECT_FIELD_METADATA (ID, NAME, METADATA_TYPE, PARENT_METADATA,PARENT_METADATA_NAME, REFERENCE_METADATA, REFERENCE_METADATA_NAME, REFERENCE_METADATA_TYPE)VALUES('8dedb1806e1a44b59358da2ccf1cf8cb','ConstructionEstEndDt','FIELD','66b2df29282548888a6c5122221caafe','Construction_Type','3b0a2ca6cf3a4fb19718e35aa60287cd','Date','PRIMITIVE');
INSERT INTO PUBLIC.OBJECT_FIELD_METADATA (ID, NAME, METADATA_TYPE, PARENT_METADATA,PARENT_METADATA_NAME, REFERENCE_METADATA, REFERENCE_METADATA_NAME, REFERENCE_METADATA_TYPE)VALUES('9d15f7c5205c4c9aae325b034146a751','FinishedConstructionPct','FIELD','66b2df29282548888a6c5122221caafe','Construction_Type','d68704d271534c0a935a3012147640c4','PercentDecimal','PRIMITIVE');
INSERT INTO PUBLIC.OBJECT_FIELD_METADATA (ID, NAME, METADATA_TYPE, PARENT_METADATA,PARENT_METADATA_NAME, REFERENCE_METADATA, REFERENCE_METADATA_NAME, REFERENCE_METADATA_TYPE)VALUES('9fbefd4469304948aed215f8af7a26c8','AdditionalLevelArea','MODEL_RELATION','66b2df29282548888a6c5122221caafe','Construction_Type','1df1057b06734b019460d9f8fb0a43b0','MEASUREMENT','OBJECT');
INSERT INTO PUBLIC.OBJECT_FIELD_METADATA (ID, NAME, METADATA_TYPE, PARENT_METADATA,PARENT_METADATA_NAME, REFERENCE_METADATA, REFERENCE_METADATA_NAME, REFERENCE_METADATA_TYPE)VALUES('cc0e1e0b1ea1462aa0da14dc2df074dd','SidingDesc','FIELD','66b2df29282548888a6c5122221caafe','Construction_Type','2344631100044813a5126adcfb93e80d','C-255','PRIMITIVE');
INSERT INTO PUBLIC.OBJECT_FIELD_METADATA (ID, NAME, METADATA_TYPE, PARENT_METADATA,PARENT_METADATA_NAME, REFERENCE_METADATA, REFERENCE_METADATA_NAME, REFERENCE_METADATA_TYPE)VALUES('c9f627db3bf74210ab8352c3b0f1bc63','UnattachedMaterialsCd','FIELD','66b2df29282548888a6c5122221caafe','Construction_Type','08457496c4fa4b5097e5e5c1ff028480','IncludedExcludedIndicator','PRIMITIVE');
INSERT INTO PUBLIC.OBJECT_FIELD_METADATA (ID, NAME, METADATA_TYPE, PARENT_METADATA,PARENT_METADATA_NAME, REFERENCE_METADATA, REFERENCE_METADATA_NAME, REFERENCE_METADATA_TYPE)VALUES('429f23842b7d4e629cfb7161cb8631e9','ConstructionPhaseNumber','FIELD','66b2df29282548888a6c5122221caafe','Construction_Type','dca96396670d4a49979b33da4c247da3','C-20','PRIMITIVE');
INSERT INTO PUBLIC.OBJECT_FIELD_METADATA (ID, NAME, METADATA_TYPE, PARENT_METADATA,PARENT_METADATA_NAME, REFERENCE_METADATA, REFERENCE_METADATA_NAME, REFERENCE_METADATA_TYPE)VALUES('6e341298240b439192a143ba1d22d5df','DemolishionOrRemodelingDesc','FIELD','66b2df29282548888a6c5122221caafe','Construction_Type','2344631100044813a5126adcfb93e80d','C-255','PRIMITIVE');
INSERT INTO PUBLIC.PRIMITIVE_METADATA (ID, NAME, METADATA_TYPE) VALUES('9fc93fceaac34486af413e21e6c9e8b3','ConstructionReason','PRIMITIVE');
INSERT INTO PUBLIC.OBJECT_FIELD_METADATA (ID, NAME, METADATA_TYPE, PARENT_METADATA,PARENT_METADATA_NAME, REFERENCE_METADATA, REFERENCE_METADATA_NAME, REFERENCE_METADATA_TYPE)VALUES('21b049e401db44258ffe7eb8d1716bce','ConstructionReasonCd','FIELD','66b2df29282548888a6c5122221caafe','Construction_Type','9fc93fceaac34486af413e21e6c9e8b3','ConstructionReason','PRIMITIVE');
INSERT INTO PUBLIC.OBJECT_FIELD_METADATA (ID, NAME, METADATA_TYPE, PARENT_METADATA,PARENT_METADATA_NAME, REFERENCE_METADATA, REFERENCE_METADATA_NAME, REFERENCE_METADATA_TYPE)VALUES('41eeab4c3aa248e29be490fb8ee960c6','BldgPermitDt','FIELD','66b2df29282548888a6c5122221caafe','Construction_Type','3b0a2ca6cf3a4fb19718e35aa60287cd','Date','PRIMITIVE');
INSERT INTO PUBLIC.OBJECT_FIELD_METADATA (ID, NAME, METADATA_TYPE, PARENT_METADATA,PARENT_METADATA_NAME, REFERENCE_METADATA, REFERENCE_METADATA_NAME, REFERENCE_METADATA_TYPE)VALUES('0d95789c5272445f883343506dc94eeb','NumBedrooms','FIELD','66b2df29282548888a6c5122221caafe','Construction_Type','838cab4e48a54d0bb23ca5ea9db454ab','Long','PRIMITIVE');
INSERT INTO PUBLIC.PRIMITIVE_METADATA (ID, NAME, METADATA_TYPE) VALUES('6784cbf5dc43499983de1fdfc9060713','SidingType','PRIMITIVE');
INSERT INTO PUBLIC.OBJECT_FIELD_METADATA (ID, NAME, METADATA_TYPE, PARENT_METADATA,PARENT_METADATA_NAME, REFERENCE_METADATA, REFERENCE_METADATA_NAME, REFERENCE_METADATA_TYPE)VALUES('e16dd6cc73dd40ce980037b30b3d491e','SidingCd','FIELD','66b2df29282548888a6c5122221caafe','Construction_Type','6784cbf5dc43499983de1fdfc9060713','SidingType','PRIMITIVE');
INSERT INTO PUBLIC.OBJECT_FIELD_METADATA (ID, NAME, METADATA_TYPE, PARENT_METADATA,PARENT_METADATA_NAME, REFERENCE_METADATA, REFERENCE_METADATA_NAME, REFERENCE_METADATA_TYPE)VALUES('2d10694122ca471d82056f8ee60cc74e','CoverageToWallsCd','FIELD','66b2df29282548888a6c5122221caafe','Construction_Type','0f95b02b7be34210bab4d1afdc01cfb2','CoverageOption','PRIMITIVE');
INSERT INTO PUBLIC.OBJECT_FIELD_METADATA (ID, NAME, METADATA_TYPE, PARENT_METADATA,PARENT_METADATA_NAME, REFERENCE_METADATA, REFERENCE_METADATA_NAME, REFERENCE_METADATA_TYPE)VALUES('5251300689cd45979dd241e1bd920078','NumStories','FIELD','66b2df29282548888a6c5122221caafe','Construction_Type','c896845db6f640c6bf65093333a64c69','Decimal','PRIMITIVE');
INSERT INTO PUBLIC.OBJECT_FIELD_METADATA (ID, NAME, METADATA_TYPE, PARENT_METADATA,PARENT_METADATA_NAME, REFERENCE_METADATA, REFERENCE_METADATA_NAME, REFERENCE_METADATA_TYPE)VALUES('0423d0d4eb7e420a928acd92e7eabb62','Construction','MODEL_RELATION','aa997cd89c9a44dcb4884ba18064348c','DetachedStructuresInfo_Type','66b2df29282548888a6c5122221caafe','Construction_Type','OBJECT');
INSERT INTO PUBLIC.OBJECT_FIELD_METADATA (ID, NAME, METADATA_TYPE, PARENT_METADATA,PARENT_METADATA_NAME, REFERENCE_METADATA, REFERENCE_METADATA_NAME, REFERENCE_METADATA_TYPE)VALUES('6f8655263d68409da85a5b87f14c2071','LengthHandrail','MODEL_RELATION','aa997cd89c9a44dcb4884ba18064348c','DetachedStructuresInfo_Type','1df1057b06734b019460d9f8fb0a43b0','MEASUREMENT','OBJECT');
INSERT INTO PUBLIC.OBJECT_METADATA (ID, NAME, METADATA_TYPE, REFERENCE_METADATA, REFERENCE_METADATA_NAME) VALUES('6415ad11f93b46948e393c6a49a497ec','HeatingUnitInfo_Type','OBJECT',null,null);
INSERT INTO PUBLIC.PRIMITIVE_METADATA (ID, NAME, METADATA_TYPE) VALUES('e32193e7c8f84b558ed2de562d7057fe','HeatSource','PRIMITIVE');
INSERT INTO PUBLIC.OBJECT_FIELD_METADATA (ID, NAME, METADATA_TYPE, PARENT_METADATA,PARENT_METADATA_NAME, REFERENCE_METADATA, REFERENCE_METADATA_NAME, REFERENCE_METADATA_TYPE)VALUES('50def99c3fda4188be3227d8e2c0a723','HeatSourceOtherCd','FIELD','6415ad11f93b46948e393c6a49a497ec','HeatingUnitInfo_Type','e32193e7c8f84b558ed2de562d7057fe','HeatSource','PRIMITIVE');
INSERT INTO PUBLIC.OBJECT_FIELD_METADATA (ID, NAME, METADATA_TYPE, PARENT_METADATA,PARENT_METADATA_NAME, REFERENCE_METADATA, REFERENCE_METADATA_NAME, REFERENCE_METADATA_TYPE)VALUES('e3ce62e483dc4401889460fa7214d1d7','ItemInfo','MODEL_RELATION','6415ad11f93b46948e393c6a49a497ec','HeatingUnitInfo_Type','522cbdffd77c4832b0944737bbcb6b9a','ItemInfo_Type','OBJECT');
INSERT INTO PUBLIC.OBJECT_FIELD_METADATA (ID, NAME, METADATA_TYPE, PARENT_METADATA,PARENT_METADATA_NAME, REFERENCE_METADATA, REFERENCE_METADATA_NAME, REFERENCE_METADATA_TYPE)VALUES('ae69eced71034c82a71ae3308aec806a','NumFaceCordsUsed','FIELD','6415ad11f93b46948e393c6a49a497ec','HeatingUnitInfo_Type','838cab4e48a54d0bb23ca5ea9db454ab','Long','PRIMITIVE');
INSERT INTO PUBLIC.PRIMITIVE_METADATA (ID, NAME, METADATA_TYPE) VALUES('89027ed562a048069b2368215c015844','HeatingUnit','PRIMITIVE');
INSERT INTO PUBLIC.OBJECT_FIELD_METADATA (ID, NAME, METADATA_TYPE, PARENT_METADATA,PARENT_METADATA_NAME, REFERENCE_METADATA, REFERENCE_METADATA_NAME, REFERENCE_METADATA_TYPE)VALUES('4120c826c5764a2f8bbddd4ae513d7cf','HeatingUnitCd','FIELD','6415ad11f93b46948e393c6a49a497ec','HeatingUnitInfo_Type','89027ed562a048069b2368215c015844','HeatingUnit','PRIMITIVE');
INSERT INTO PUBLIC.PRIMITIVE_METADATA (ID, NAME, METADATA_TYPE) VALUES('c5a7e0b4fb1a4770a724f32111628ca9','Placement','PRIMITIVE');
INSERT INTO PUBLIC.OBJECT_FIELD_METADATA (ID, NAME, METADATA_TYPE, PARENT_METADATA,PARENT_METADATA_NAME, REFERENCE_METADATA, REFERENCE_METADATA_NAME, REFERENCE_METADATA_TYPE)VALUES('7f487905e1b545c5a96742253466ad93','PlacementCd','FIELD','6415ad11f93b46948e393c6a49a497ec','HeatingUnitInfo_Type','c5a7e0b4fb1a4770a724f32111628ca9','Placement','PRIMITIVE');
INSERT INTO PUBLIC.OBJECT_FIELD_METADATA (ID, NAME, METADATA_TYPE, PARENT_METADATA,PARENT_METADATA_NAME, REFERENCE_METADATA, REFERENCE_METADATA_NAME, REFERENCE_METADATA_TYPE)VALUES('de19dd926cac4128bec62fb7f047c87d','CertifiedInd','FIELD','6415ad11f93b46948e393c6a49a497ec','HeatingUnitInfo_Type','4ffb0bcc3ec946d1af3ef883f4c3a4e6','Boolean','PRIMITIVE');
INSERT INTO PUBLIC.OBJECT_METADATA (ID, NAME, METADATA_TYPE, REFERENCE_METADATA, REFERENCE_METADATA_NAME) VALUES('4716e3e9358d482881525ae37acd083a','ProtectiveMaterialInfo_Type','OBJECT',null,null);
INSERT INTO PUBLIC.OBJECT_FIELD_METADATA (ID, NAME, METADATA_TYPE, PARENT_METADATA,PARENT_METADATA_NAME, REFERENCE_METADATA, REFERENCE_METADATA_NAME, REFERENCE_METADATA_TYPE)VALUES('0ed1adcd5497417f876c686d1c7ee032','ProtectiveMaterialInfoExt','FIELD','4716e3e9358d482881525ae37acd083a','ProtectiveMaterialInfo_Type',null,null,null);
INSERT INTO PUBLIC.PRIMITIVE_METADATA (ID, NAME, METADATA_TYPE) VALUES('ede9f66a86ca47d2948cacf42e528b3a','ClearanceTo','PRIMITIVE');
INSERT INTO PUBLIC.OBJECT_FIELD_METADATA (ID, NAME, METADATA_TYPE, PARENT_METADATA,PARENT_METADATA_NAME, REFERENCE_METADATA, REFERENCE_METADATA_NAME, REFERENCE_METADATA_TYPE)VALUES('a1f5eb02b1dc4e0f8425a00dc57f5fee','ProtectedAreaCd','FIELD','4716e3e9358d482881525ae37acd083a','ProtectiveMaterialInfo_Type','ede9f66a86ca47d2948cacf42e528b3a','ClearanceTo','PRIMITIVE');
INSERT INTO PUBLIC.OBJECT_FIELD_METADATA (ID, NAME, METADATA_TYPE, PARENT_METADATA,PARENT_METADATA_NAME, REFERENCE_METADATA, REFERENCE_METADATA_NAME, REFERENCE_METADATA_TYPE)VALUES('3e785ba85eba4c0a8ef20d14a2d54cf1','ProtectiveMaterialSpacing','MODEL_RELATION','4716e3e9358d482881525ae37acd083a','ProtectiveMaterialInfo_Type','1df1057b06734b019460d9f8fb0a43b0','MEASUREMENT','OBJECT');
INSERT INTO PUBLIC.PRIMITIVE_METADATA (ID, NAME, METADATA_TYPE) VALUES('b9d4536ea19d462eb0d6be531d0c1f81','ProtectiveMaterial','PRIMITIVE');
INSERT INTO PUBLIC.OBJECT_FIELD_METADATA (ID, NAME, METADATA_TYPE, PARENT_METADATA,PARENT_METADATA_NAME, REFERENCE_METADATA, REFERENCE_METADATA_NAME, REFERENCE_METADATA_TYPE)VALUES('db36210569a042b181ceb556f951602e','ProtectiveMaterialCd','FIELD','4716e3e9358d482881525ae37acd083a','ProtectiveMaterialInfo_Type','b9d4536ea19d462eb0d6be531d0c1f81','ProtectiveMaterial','PRIMITIVE');
INSERT INTO PUBLIC.OBJECT_FIELD_METADATA (ID, NAME, METADATA_TYPE, PARENT_METADATA,PARENT_METADATA_NAME, REFERENCE_METADATA, REFERENCE_METADATA_NAME, REFERENCE_METADATA_TYPE)VALUES('138c735f55754dd78498bff4f80eb8dd','ProtectiveMaterialInfo','MODEL_RELATION','6415ad11f93b46948e393c6a49a497ec','HeatingUnitInfo_Type','4716e3e9358d482881525ae37acd083a','ProtectiveMaterialInfo_Type','OBJECT');
INSERT INTO PUBLIC.OBJECT_FIELD_METADATA (ID, NAME, METADATA_TYPE, PARENT_METADATA,PARENT_METADATA_NAME, REFERENCE_METADATA, REFERENCE_METADATA_NAME, REFERENCE_METADATA_TYPE)VALUES('9241792818ea451e9e44b8cd874e4dd4','InspectionInfo','MODEL_RELATION','6415ad11f93b46948e393c6a49a497ec','HeatingUnitInfo_Type','18eb9d0ffdad4e7e891e3297da8c3986','InspectionInfo_Type','OBJECT');
INSERT INTO PUBLIC.PRIMITIVE_METADATA (ID, NAME, METADATA_TYPE) VALUES('0a6d0f2f7727412f8b84459dcaf48ac5','Use','PRIMITIVE');
INSERT INTO PUBLIC.OBJECT_FIELD_METADATA (ID, NAME, METADATA_TYPE, PARENT_METADATA,PARENT_METADATA_NAME, REFERENCE_METADATA, REFERENCE_METADATA_NAME, REFERENCE_METADATA_TYPE)VALUES('e3fe2167fe9944c6918cba495258a0e2','UseCd','FIELD','6415ad11f93b46948e393c6a49a497ec','HeatingUnitInfo_Type','0a6d0f2f7727412f8b84459dcaf48ac5','Use','PRIMITIVE');
INSERT INTO PUBLIC.OBJECT_FIELD_METADATA (ID, NAME, METADATA_TYPE, PARENT_METADATA,PARENT_METADATA_NAME, REFERENCE_METADATA, REFERENCE_METADATA_NAME, REFERENCE_METADATA_TYPE)VALUES('fa51041c13cb4924a6aee2d08d9e91c6','FrequencyCd','FIELD','6415ad11f93b46948e393c6a49a497ec','HeatingUnitInfo_Type','90030f3dd02843e3b982684d2bd6039d','Frequency','PRIMITIVE');
INSERT INTO PUBLIC.PRIMITIVE_METADATA (ID, NAME, METADATA_TYPE) VALUES('a92eb2bc5d34414dbb51a4181c6a9230','Installation','PRIMITIVE');
INSERT INTO PUBLIC.OBJECT_FIELD_METADATA (ID, NAME, METADATA_TYPE, PARENT_METADATA,PARENT_METADATA_NAME, REFERENCE_METADATA, REFERENCE_METADATA_NAME, REFERENCE_METADATA_TYPE)VALUES('6b6a35e30efb4ef2b19840ca264afdb5','InstallationCd','FIELD','6415ad11f93b46948e393c6a49a497ec','HeatingUnitInfo_Type','a92eb2bc5d34414dbb51a4181c6a9230','Installation','PRIMITIVE');
INSERT INTO PUBLIC.OBJECT_FIELD_METADATA (ID, NAME, METADATA_TYPE, PARENT_METADATA,PARENT_METADATA_NAME, REFERENCE_METADATA, REFERENCE_METADATA_NAME, REFERENCE_METADATA_TYPE)VALUES('8ac50cafd8f14d47870e7d73f8e23cf7','SlowCombustionInd','FIELD','6415ad11f93b46948e393c6a49a497ec','HeatingUnitInfo_Type','4ffb0bcc3ec946d1af3ef883f4c3a4e6','Boolean','PRIMITIVE');
INSERT INTO PUBLIC.OBJECT_METADATA (ID, NAME, METADATA_TYPE, REFERENCE_METADATA, REFERENCE_METADATA_NAME) VALUES('f79dd4bba813492ebac11c876207c2e4','ProximityInfo_Type','OBJECT',null,null);
INSERT INTO PUBLIC.OBJECT_FIELD_METADATA (ID, NAME, METADATA_TYPE, PARENT_METADATA,PARENT_METADATA_NAME, REFERENCE_METADATA, REFERENCE_METADATA_NAME, REFERENCE_METADATA_TYPE)VALUES('0f53bc9c9c8e4f40a7dfe236ae04c687','ClearanceToCd','FIELD','f79dd4bba813492ebac11c876207c2e4','ProximityInfo_Type','ede9f66a86ca47d2948cacf42e528b3a','ClearanceTo','PRIMITIVE');
INSERT INTO PUBLIC.OBJECT_FIELD_METADATA (ID, NAME, METADATA_TYPE, PARENT_METADATA,PARENT_METADATA_NAME, REFERENCE_METADATA, REFERENCE_METADATA_NAME, REFERENCE_METADATA_TYPE)VALUES('1d8c834f35ff4be08e838f1135976e9c','Clearance','MODEL_RELATION','f79dd4bba813492ebac11c876207c2e4','ProximityInfo_Type','7ce56e29eb1541f482fa92121cbe7b75','PROXIMITY','OBJECT');
INSERT INTO PUBLIC.OBJECT_FIELD_METADATA (ID, NAME, METADATA_TYPE, PARENT_METADATA,PARENT_METADATA_NAME, REFERENCE_METADATA, REFERENCE_METADATA_NAME, REFERENCE_METADATA_TYPE)VALUES('b01cfb05b1db4f5480c8cda69daa373c','ProximityInfoExt','FIELD','f79dd4bba813492ebac11c876207c2e4','ProximityInfo_Type',null,null,null);
INSERT INTO PUBLIC.PRIMITIVE_METADATA (ID, NAME, METADATA_TYPE) VALUES('587cb27d471a4be88a1d072507b1d55e','ClearanceFrom','PRIMITIVE');
INSERT INTO PUBLIC.OBJECT_FIELD_METADATA (ID, NAME, METADATA_TYPE, PARENT_METADATA,PARENT_METADATA_NAME, REFERENCE_METADATA, REFERENCE_METADATA_NAME, REFERENCE_METADATA_TYPE)VALUES('c0b6cc6347ac469098cc89a527e4e7d6','ClearanceFromCd','FIELD','f79dd4bba813492ebac11c876207c2e4','ProximityInfo_Type','587cb27d471a4be88a1d072507b1d55e','ClearanceFrom','PRIMITIVE');
INSERT INTO PUBLIC.OBJECT_FIELD_METADATA (ID, NAME, METADATA_TYPE, PARENT_METADATA,PARENT_METADATA_NAME, REFERENCE_METADATA, REFERENCE_METADATA_NAME, REFERENCE_METADATA_TYPE)VALUES('0274f0a2476142998665d4747c312685','ProximityInfo','MODEL_RELATION','6415ad11f93b46948e393c6a49a497ec','HeatingUnitInfo_Type','f79dd4bba813492ebac11c876207c2e4','ProximityInfo_Type','OBJECT');
INSERT INTO PUBLIC.PRIMITIVE_METADATA (ID, NAME, METADATA_TYPE) VALUES('c673f341f3904eb49dc5275cd0545eac','FireplaceType','PRIMITIVE');
INSERT INTO PUBLIC.OBJECT_FIELD_METADATA (ID, NAME, METADATA_TYPE, PARENT_METADATA,PARENT_METADATA_NAME, REFERENCE_METADATA, REFERENCE_METADATA_NAME, REFERENCE_METADATA_TYPE)VALUES('ea4a7c5c9f1e4ed7aca5d9e1c177ae11','FireplaceTypeCd','FIELD','6415ad11f93b46948e393c6a49a497ec','HeatingUnitInfo_Type','c673f341f3904eb49dc5275cd0545eac','FireplaceType','PRIMITIVE');
INSERT INTO PUBLIC.OBJECT_FIELD_METADATA (ID, NAME, METADATA_TYPE, PARENT_METADATA,PARENT_METADATA_NAME, REFERENCE_METADATA, REFERENCE_METADATA_NAME, REFERENCE_METADATA_TYPE)VALUES('5638072814044e1680b037c35abfdaf4','Area','MODEL_RELATION','6415ad11f93b46948e393c6a49a497ec','HeatingUnitInfo_Type','1df1057b06734b019460d9f8fb0a43b0','MEASUREMENT','OBJECT');
INSERT INTO PUBLIC.OBJECT_FIELD_METADATA (ID, NAME, METADATA_TYPE, PARENT_METADATA,PARENT_METADATA_NAME, REFERENCE_METADATA, REFERENCE_METADATA_NAME, REFERENCE_METADATA_TYPE)VALUES('1194be4f55dc4d7f92ad9247c73a08c4','NumCordsUsed','FIELD','6415ad11f93b46948e393c6a49a497ec','HeatingUnitInfo_Type','838cab4e48a54d0bb23ca5ea9db454ab','Long','PRIMITIVE');
INSERT INTO PUBLIC.OBJECT_METADATA (ID, NAME, METADATA_TYPE, REFERENCE_METADATA, REFERENCE_METADATA_NAME) VALUES('51ec9a53d1554ee99701e61c2acc7981','ChimneyInfo_Type','OBJECT',null,null);
INSERT INTO PUBLIC.OBJECT_METADATA (ID, NAME, METADATA_TYPE, REFERENCE_METADATA, REFERENCE_METADATA_NAME) VALUES('14e7c176a6ad4a30a8ba65c0611f3afd','ChimneyCleaning_Type','OBJECT',null,null);
INSERT INTO PUBLIC.OBJECT_FIELD_METADATA (ID, NAME, METADATA_TYPE, PARENT_METADATA,PARENT_METADATA_NAME, REFERENCE_METADATA, REFERENCE_METADATA_NAME, REFERENCE_METADATA_TYPE)VALUES('bc21bd2f17be45cdbaa5f46d8820f1ad','AshStorageDesc','FIELD','14e7c176a6ad4a30a8ba65c0611f3afd','ChimneyCleaning_Type','2344631100044813a5126adcfb93e80d','C-255','PRIMITIVE');
INSERT INTO PUBLIC.OBJECT_FIELD_METADATA (ID, NAME, METADATA_TYPE, PARENT_METADATA,PARENT_METADATA_NAME, REFERENCE_METADATA, REFERENCE_METADATA_NAME, REFERENCE_METADATA_TYPE)VALUES('feea036a06d14b5fb266807787d9b3ab','AshContainerDesc','FIELD','14e7c176a6ad4a30a8ba65c0611f3afd','ChimneyCleaning_Type','2344631100044813a5126adcfb93e80d','C-255','PRIMITIVE');
INSERT INTO PUBLIC.OBJECT_FIELD_METADATA (ID, NAME, METADATA_TYPE, PARENT_METADATA,PARENT_METADATA_NAME, REFERENCE_METADATA, REFERENCE_METADATA_NAME, REFERENCE_METADATA_TYPE)VALUES('baeeb53abb0547a9b44183d99246466c','LastCleanedDt','FIELD','14e7c176a6ad4a30a8ba65c0611f3afd','ChimneyCleaning_Type','3b0a2ca6cf3a4fb19718e35aa60287cd','Date','PRIMITIVE');
INSERT INTO PUBLIC.OBJECT_FIELD_METADATA (ID, NAME, METADATA_TYPE, PARENT_METADATA,PARENT_METADATA_NAME, REFERENCE_METADATA, REFERENCE_METADATA_NAME, REFERENCE_METADATA_TYPE)VALUES('6d631750d2f8497f93cfdb9b74828b87','CertifiedInd','FIELD','14e7c176a6ad4a30a8ba65c0611f3afd','ChimneyCleaning_Type','4ffb0bcc3ec946d1af3ef883f4c3a4e6','Boolean','PRIMITIVE');
INSERT INTO PUBLIC.OBJECT_FIELD_METADATA (ID, NAME, METADATA_TYPE, PARENT_METADATA,PARENT_METADATA_NAME, REFERENCE_METADATA, REFERENCE_METADATA_NAME, REFERENCE_METADATA_TYPE)VALUES('53034d4847ed4c0d90af8c8084b83648','ChimneyCleaningExt','FIELD','14e7c176a6ad4a30a8ba65c0611f3afd','ChimneyCleaning_Type',null,null,null);
INSERT INTO PUBLIC.OBJECT_FIELD_METADATA (ID, NAME, METADATA_TYPE, PARENT_METADATA,PARENT_METADATA_NAME, REFERENCE_METADATA, REFERENCE_METADATA_NAME, REFERENCE_METADATA_TYPE)VALUES('cf230d2d03474dc592f5b3a35e28c7cf','FrequencyCd','FIELD','14e7c176a6ad4a30a8ba65c0611f3afd','ChimneyCleaning_Type','90030f3dd02843e3b982684d2bd6039d','Frequency','PRIMITIVE');
INSERT INTO PUBLIC.OBJECT_FIELD_METADATA (ID, NAME, METADATA_TYPE, PARENT_METADATA,PARENT_METADATA_NAME, REFERENCE_METADATA, REFERENCE_METADATA_NAME, REFERENCE_METADATA_TYPE)VALUES('951ab058ca1f4f1a857c9569cba58f66','ProfessionallyCleanedInd','FIELD','14e7c176a6ad4a30a8ba65c0611f3afd','ChimneyCleaning_Type','4ffb0bcc3ec946d1af3ef883f4c3a4e6','Boolean','PRIMITIVE');
INSERT INTO PUBLIC.OBJECT_FIELD_METADATA (ID, NAME, METADATA_TYPE, PARENT_METADATA,PARENT_METADATA_NAME, REFERENCE_METADATA, REFERENCE_METADATA_NAME, REFERENCE_METADATA_TYPE)VALUES('d2550142b66a480a8feef57685bccf3c','ChimneyCleaning','MODEL_RELATION','51ec9a53d1554ee99701e61c2acc7981','ChimneyInfo_Type','14e7c176a6ad4a30a8ba65c0611f3afd','ChimneyCleaning_Type','OBJECT');
INSERT INTO PUBLIC.OBJECT_FIELD_METADATA (ID, NAME, METADATA_TYPE, PARENT_METADATA,PARENT_METADATA_NAME, REFERENCE_METADATA, REFERENCE_METADATA_NAME, REFERENCE_METADATA_TYPE)VALUES('619269965e1f4ff584032f8a94165140','LengthPipeHorizontalRun','MODEL_RELATION','51ec9a53d1554ee99701e61c2acc7981','ChimneyInfo_Type','1df1057b06734b019460d9f8fb0a43b0','MEASUREMENT','OBJECT');
INSERT INTO PUBLIC.OBJECT_FIELD_METADATA (ID, NAME, METADATA_TYPE, PARENT_METADATA,PARENT_METADATA_NAME, REFERENCE_METADATA, REFERENCE_METADATA_NAME, REFERENCE_METADATA_TYPE)VALUES('7061007107d64bb5928d5a1516046e05','GroundUpChimneyInd','FIELD','51ec9a53d1554ee99701e61c2acc7981','ChimneyInfo_Type','4ffb0bcc3ec946d1af3ef883f4c3a4e6','Boolean','PRIMITIVE');
INSERT INTO PUBLIC.OBJECT_METADATA (ID, NAME, METADATA_TYPE, REFERENCE_METADATA, REFERENCE_METADATA_NAME) VALUES('8cb7d1b23d884d19b6b5f6772b2475a6','ThimbleInfo_Type','OBJECT',null,null);
INSERT INTO PUBLIC.PRIMITIVE_METADATA (ID, NAME, METADATA_TYPE) VALUES('695a7c21a8094a7e9c3cc9b0d198099c','ThimbleThrough','PRIMITIVE');
INSERT INTO PUBLIC.OBJECT_FIELD_METADATA (ID, NAME, METADATA_TYPE, PARENT_METADATA,PARENT_METADATA_NAME, REFERENCE_METADATA, REFERENCE_METADATA_NAME, REFERENCE_METADATA_TYPE)VALUES('d7ce258c85b44d43be3cf04e15291080','ThimbleThroughCd','FIELD','8cb7d1b23d884d19b6b5f6772b2475a6','ThimbleInfo_Type','695a7c21a8094a7e9c3cc9b0d198099c','ThimbleThrough','PRIMITIVE');
INSERT INTO PUBLIC.OBJECT_FIELD_METADATA (ID, NAME, METADATA_TYPE, PARENT_METADATA,PARENT_METADATA_NAME, REFERENCE_METADATA, REFERENCE_METADATA_NAME, REFERENCE_METADATA_TYPE)VALUES('954afe9b8580441984db71b90a84ddaa','ThimbleInfoExt','FIELD','8cb7d1b23d884d19b6b5f6772b2475a6','ThimbleInfo_Type',null,null,null);
INSERT INTO PUBLIC.OBJECT_FIELD_METADATA (ID, NAME, METADATA_TYPE, PARENT_METADATA,PARENT_METADATA_NAME, REFERENCE_METADATA, REFERENCE_METADATA_NAME, REFERENCE_METADATA_TYPE)VALUES('9f71891cacb14d658c32f1e75b32c4a2','Diameter','MODEL_RELATION','8cb7d1b23d884d19b6b5f6772b2475a6','ThimbleInfo_Type','1df1057b06734b019460d9f8fb0a43b0','MEASUREMENT','OBJECT');
INSERT INTO PUBLIC.OBJECT_FIELD_METADATA (ID, NAME, METADATA_TYPE, PARENT_METADATA,PARENT_METADATA_NAME, REFERENCE_METADATA, REFERENCE_METADATA_NAME, REFERENCE_METADATA_TYPE)VALUES('7dcbbe9d35d949c5be2b32e239753498','ThimbleInfo','MODEL_RELATION','51ec9a53d1554ee99701e61c2acc7981','ChimneyInfo_Type','8cb7d1b23d884d19b6b5f6772b2475a6','ThimbleInfo_Type','OBJECT');
INSERT INTO PUBLIC.PRIMITIVE_METADATA (ID, NAME, METADATA_TYPE) VALUES('ec4a0a62f01341efa198a0f9b00d8849','Lining','PRIMITIVE');
INSERT INTO PUBLIC.OBJECT_FIELD_METADATA (ID, NAME, METADATA_TYPE, PARENT_METADATA,PARENT_METADATA_NAME, REFERENCE_METADATA, REFERENCE_METADATA_NAME, REFERENCE_METADATA_TYPE)VALUES('6ed79f0e025c436f8ab34d0dad4014f9','LiningCd','FIELD','51ec9a53d1554ee99701e61c2acc7981','ChimneyInfo_Type','ec4a0a62f01341efa198a0f9b00d8849','Lining','PRIMITIVE');
INSERT INTO PUBLIC.OBJECT_METADATA (ID, NAME, METADATA_TYPE, REFERENCE_METADATA, REFERENCE_METADATA_NAME) VALUES('32f50efdf4114dfc9256e080498f8f17','FlueInfo_Type','OBJECT',null,null);
INSERT INTO PUBLIC.OBJECT_FIELD_METADATA (ID, NAME, METADATA_TYPE, PARENT_METADATA,PARENT_METADATA_NAME, REFERENCE_METADATA, REFERENCE_METADATA_NAME, REFERENCE_METADATA_TYPE)VALUES('c6ad426c1cca43b5b2e09c2d7056969c','FlueInfoExt','FIELD','32f50efdf4114dfc9256e080498f8f17','FlueInfo_Type',null,null,null);
INSERT INTO PUBLIC.PRIMITIVE_METADATA (ID, NAME, METADATA_TYPE) VALUES('a217a5df1c5e4217967a13b61d66c0e5','FuelType','PRIMITIVE');
INSERT INTO PUBLIC.OBJECT_FIELD_METADATA (ID, NAME, METADATA_TYPE, PARENT_METADATA,PARENT_METADATA_NAME, REFERENCE_METADATA, REFERENCE_METADATA_NAME, REFERENCE_METADATA_TYPE)VALUES('c4019598f0f4493a9c03b49d21f0591e','FuelTypeCd','FIELD','32f50efdf4114dfc9256e080498f8f17','FlueInfo_Type','a217a5df1c5e4217967a13b61d66c0e5','FuelType','PRIMITIVE');
INSERT INTO PUBLIC.PRIMITIVE_METADATA (ID, NAME, METADATA_TYPE) VALUES('674003991e3544208a4ee0db03027732','VentLocation','PRIMITIVE');
INSERT INTO PUBLIC.OBJECT_FIELD_METADATA (ID, NAME, METADATA_TYPE, PARENT_METADATA,PARENT_METADATA_NAME, REFERENCE_METADATA, REFERENCE_METADATA_NAME, REFERENCE_METADATA_TYPE)VALUES('9f96161dafb84722b243ffc9cca79be5','VentLocCd','FIELD','32f50efdf4114dfc9256e080498f8f17','FlueInfo_Type','674003991e3544208a4ee0db03027732','VentLocation','PRIMITIVE');
INSERT INTO PUBLIC.OBJECT_FIELD_METADATA (ID, NAME, METADATA_TYPE, PARENT_METADATA,PARENT_METADATA_NAME, REFERENCE_METADATA, REFERENCE_METADATA_NAME, REFERENCE_METADATA_TYPE)VALUES('84bd7dc279c64c508f38563930efa843','FlueInfo','MODEL_RELATION','51ec9a53d1554ee99701e61c2acc7981','ChimneyInfo_Type','32f50efdf4114dfc9256e080498f8f17','FlueInfo_Type','OBJECT');
INSERT INTO PUBLIC.PRIMITIVE_METADATA (ID, NAME, METADATA_TYPE) VALUES('c9704714643d4bcd88e80caca84ff98c','PipeVentStyle','PRIMITIVE');
INSERT INTO PUBLIC.OBJECT_FIELD_METADATA (ID, NAME, METADATA_TYPE, PARENT_METADATA,PARENT_METADATA_NAME, REFERENCE_METADATA, REFERENCE_METADATA_NAME, REFERENCE_METADATA_TYPE)VALUES('45883a35048941708ef4fe7feaf6dcf6','PipeVentStyleCd','FIELD','51ec9a53d1554ee99701e61c2acc7981','ChimneyInfo_Type','c9704714643d4bcd88e80caca84ff98c','PipeVentStyle','PRIMITIVE');
INSERT INTO PUBLIC.OBJECT_FIELD_METADATA (ID, NAME, METADATA_TYPE, PARENT_METADATA,PARENT_METADATA_NAME, REFERENCE_METADATA, REFERENCE_METADATA_NAME, REFERENCE_METADATA_TYPE)VALUES('c55cc2603cb34b8599ef9a5b1328fc17','InstallationCd','FIELD','51ec9a53d1554ee99701e61c2acc7981','ChimneyInfo_Type','a92eb2bc5d34414dbb51a4181c6a9230','Installation','PRIMITIVE');
INSERT INTO PUBLIC.PRIMITIVE_METADATA (ID, NAME, METADATA_TYPE) VALUES('e199aff3bbc640ecb0243a1a1991267d','Chimney','PRIMITIVE');
INSERT INTO PUBLIC.OBJECT_FIELD_METADATA (ID, NAME, METADATA_TYPE, PARENT_METADATA,PARENT_METADATA_NAME, REFERENCE_METADATA, REFERENCE_METADATA_NAME, REFERENCE_METADATA_TYPE)VALUES('a7658731cc4642ec9518c18135c36e29','ChimneyCd','FIELD','51ec9a53d1554ee99701e61c2acc7981','ChimneyInfo_Type','e199aff3bbc640ecb0243a1a1991267d','Chimney','PRIMITIVE');
INSERT INTO PUBLIC.OBJECT_FIELD_METADATA (ID, NAME, METADATA_TYPE, PARENT_METADATA,PARENT_METADATA_NAME, REFERENCE_METADATA, REFERENCE_METADATA_NAME, REFERENCE_METADATA_TYPE)VALUES('3e7ee29193c84a9ba6ec5b823f47b077','Length','MODEL_RELATION','51ec9a53d1554ee99701e61c2acc7981','ChimneyInfo_Type','1df1057b06734b019460d9f8fb0a43b0','MEASUREMENT','OBJECT');
INSERT INTO PUBLIC.PRIMITIVE_METADATA (ID, NAME, METADATA_TYPE) VALUES('9267b27a757f491fb8565b7d439e57e9','StovePipe','PRIMITIVE');
INSERT INTO PUBLIC.OBJECT_FIELD_METADATA (ID, NAME, METADATA_TYPE, PARENT_METADATA,PARENT_METADATA_NAME, REFERENCE_METADATA, REFERENCE_METADATA_NAME, REFERENCE_METADATA_TYPE)VALUES('d0ca533ffe074b31a6bc8bf7cc5d15e0','StovePipeCd','FIELD','51ec9a53d1554ee99701e61c2acc7981','ChimneyInfo_Type','9267b27a757f491fb8565b7d439e57e9','StovePipe','PRIMITIVE');
INSERT INTO PUBLIC.OBJECT_FIELD_METADATA (ID, NAME, METADATA_TYPE, PARENT_METADATA,PARENT_METADATA_NAME, REFERENCE_METADATA, REFERENCE_METADATA_NAME, REFERENCE_METADATA_TYPE)VALUES('238fa71c97c44a6f84f9d926b9746c78','ChimneyInfoExt','FIELD','51ec9a53d1554ee99701e61c2acc7981','ChimneyInfo_Type',null,null,null);
INSERT INTO PUBLIC.OBJECT_FIELD_METADATA (ID, NAME, METADATA_TYPE, PARENT_METADATA,PARENT_METADATA_NAME, REFERENCE_METADATA, REFERENCE_METADATA_NAME, REFERENCE_METADATA_TYPE)VALUES('f4bf0549f26c4524acd47b392e576b95','ThimbleInd','FIELD','51ec9a53d1554ee99701e61c2acc7981','ChimneyInfo_Type','4ffb0bcc3ec946d1af3ef883f4c3a4e6','Boolean','PRIMITIVE');
INSERT INTO PUBLIC.PRIMITIVE_METADATA (ID, NAME, METADATA_TYPE) VALUES('372e937fd14b4b5d84e38f7df526966c','UnitLocation','PRIMITIVE');
INSERT INTO PUBLIC.OBJECT_FIELD_METADATA (ID, NAME, METADATA_TYPE, PARENT_METADATA,PARENT_METADATA_NAME, REFERENCE_METADATA, REFERENCE_METADATA_NAME, REFERENCE_METADATA_TYPE)VALUES('f4b641c4812047deb8082a1d26d25adf','UnitLocationCd','FIELD','51ec9a53d1554ee99701e61c2acc7981','ChimneyInfo_Type','372e937fd14b4b5d84e38f7df526966c','UnitLocation','PRIMITIVE');
INSERT INTO PUBLIC.OBJECT_FIELD_METADATA (ID, NAME, METADATA_TYPE, PARENT_METADATA,PARENT_METADATA_NAME, REFERENCE_METADATA, REFERENCE_METADATA_NAME, REFERENCE_METADATA_TYPE)VALUES('8de542c664004a099a679b868331368c','Diameter','MODEL_RELATION','51ec9a53d1554ee99701e61c2acc7981','ChimneyInfo_Type','1df1057b06734b019460d9f8fb0a43b0','MEASUREMENT','OBJECT');
INSERT INTO PUBLIC.OBJECT_FIELD_METADATA (ID, NAME, METADATA_TYPE, PARENT_METADATA,PARENT_METADATA_NAME, REFERENCE_METADATA, REFERENCE_METADATA_NAME, REFERENCE_METADATA_TYPE)VALUES('e9b0165f467742ce9c2dfba30ceb8ff7','ChimneyInfo','MODEL_RELATION','6415ad11f93b46948e393c6a49a497ec','HeatingUnitInfo_Type','51ec9a53d1554ee99701e61c2acc7981','ChimneyInfo_Type','OBJECT');
INSERT INTO PUBLIC.OBJECT_FIELD_METADATA (ID, NAME, METADATA_TYPE, PARENT_METADATA,PARENT_METADATA_NAME, REFERENCE_METADATA, REFERENCE_METADATA_NAME, REFERENCE_METADATA_TYPE)VALUES('91364f9e4519449fada38211a6940792','FuelTypeCd','FIELD','6415ad11f93b46948e393c6a49a497ec','HeatingUnitInfo_Type','a217a5df1c5e4217967a13b61d66c0e5','FuelType','PRIMITIVE');
INSERT INTO PUBLIC.OBJECT_FIELD_METADATA (ID, NAME, METADATA_TYPE, PARENT_METADATA,PARENT_METADATA_NAME, REFERENCE_METADATA, REFERENCE_METADATA_NAME, REFERENCE_METADATA_TYPE)VALUES('79f166c0762244deb62adcb558ee8db6','FuelStorageLocationDesc','FIELD','6415ad11f93b46948e393c6a49a497ec','HeatingUnitInfo_Type','2344631100044813a5126adcfb93e80d','C-255','PRIMITIVE');
INSERT INTO PUBLIC.PRIMITIVE_METADATA (ID, NAME, METADATA_TYPE) VALUES('659b157f52ee41cc9f23e0678531af9e','CompletedBy','PRIMITIVE');
INSERT INTO PUBLIC.OBJECT_FIELD_METADATA (ID, NAME, METADATA_TYPE, PARENT_METADATA,PARENT_METADATA_NAME, REFERENCE_METADATA, REFERENCE_METADATA_NAME, REFERENCE_METADATA_TYPE)VALUES('3b14dd7d43514f9a872a9067ba202886','CompletedByCd','FIELD','6415ad11f93b46948e393c6a49a497ec','HeatingUnitInfo_Type','659b157f52ee41cc9f23e0678531af9e','CompletedBy','PRIMITIVE');
INSERT INTO PUBLIC.PRIMITIVE_METADATA (ID, NAME, METADATA_TYPE) VALUES('54ae8ce1ed7048248cf268c9d2da9632','StoveType','PRIMITIVE');
INSERT INTO PUBLIC.OBJECT_FIELD_METADATA (ID, NAME, METADATA_TYPE, PARENT_METADATA,PARENT_METADATA_NAME, REFERENCE_METADATA, REFERENCE_METADATA_NAME, REFERENCE_METADATA_TYPE)VALUES('3469e0bde1bc4b669ffff3c764b4cac8','StoveTypeCd','FIELD','6415ad11f93b46948e393c6a49a497ec','HeatingUnitInfo_Type','54ae8ce1ed7048248cf268c9d2da9632','StoveType','PRIMITIVE');
INSERT INTO PUBLIC.OBJECT_FIELD_METADATA (ID, NAME, METADATA_TYPE, PARENT_METADATA,PARENT_METADATA_NAME, REFERENCE_METADATA, REFERENCE_METADATA_NAME, REFERENCE_METADATA_TYPE)VALUES('3e9e44a98ead48dc86051ab5c685bc80','QuestionAnswer','MODEL_RELATION','6415ad11f93b46948e393c6a49a497ec','HeatingUnitInfo_Type','152fefd4f3054b68b490c1af5c9c284c','QuestionAnswer_Type','OBJECT');
INSERT INTO PUBLIC.OBJECT_FIELD_METADATA (ID, NAME, METADATA_TYPE, PARENT_METADATA,PARENT_METADATA_NAME, REFERENCE_METADATA, REFERENCE_METADATA_NAME, REFERENCE_METADATA_TYPE)VALUES('d73a1deff9804c118adb8b47f789b1ba','HeatingUnitInfoExt','FIELD','6415ad11f93b46948e393c6a49a497ec','HeatingUnitInfo_Type',null,null,null);
INSERT INTO PUBLIC.OBJECT_FIELD_METADATA (ID, NAME, METADATA_TYPE, PARENT_METADATA,PARENT_METADATA_NAME, REFERENCE_METADATA, REFERENCE_METADATA_NAME, REFERENCE_METADATA_TYPE)VALUES('4e52387e6b2a47dc8e350f1f12775e09','ConstructionCd','FIELD','6415ad11f93b46948e393c6a49a497ec','HeatingUnitInfo_Type','dac392a51a934264a22aef96e73f6bbb','ConstructionType','PRIMITIVE');
INSERT INTO PUBLIC.OBJECT_FIELD_METADATA (ID, NAME, METADATA_TYPE, PARENT_METADATA,PARENT_METADATA_NAME, REFERENCE_METADATA, REFERENCE_METADATA_NAME, REFERENCE_METADATA_TYPE)VALUES('38b33a87209a4d258708b8795e6366a5','HeatingUnitInfo','MODEL_RELATION','aa997cd89c9a44dcb4884ba18064348c','DetachedStructuresInfo_Type','6415ad11f93b46948e393c6a49a497ec','HeatingUnitInfo_Type','OBJECT');
INSERT INTO PUBLIC.OBJECT_FIELD_METADATA (ID, NAME, METADATA_TYPE, PARENT_METADATA,PARENT_METADATA_NAME, REFERENCE_METADATA, REFERENCE_METADATA_NAME, REFERENCE_METADATA_TYPE)VALUES('6140520b522b4066a8b19ac752e99e1f','SurfaceArea','MODEL_RELATION','aa997cd89c9a44dcb4884ba18064348c','DetachedStructuresInfo_Type','1df1057b06734b019460d9f8fb0a43b0','MEASUREMENT','OBJECT');
INSERT INTO PUBLIC.OBJECT_FIELD_METADATA (ID, NAME, METADATA_TYPE, PARENT_METADATA,PARENT_METADATA_NAME, REFERENCE_METADATA, REFERENCE_METADATA_NAME, REFERENCE_METADATA_TYPE)VALUES('df4f1319fb89464fbe19128eba73fcc7','DetachedStructuresInfoExt','FIELD','aa997cd89c9a44dcb4884ba18064348c','DetachedStructuresInfo_Type',null,null,null);
INSERT INTO PUBLIC.OBJECT_FIELD_METADATA (ID, NAME, METADATA_TYPE, PARENT_METADATA,PARENT_METADATA_NAME, REFERENCE_METADATA, REFERENCE_METADATA_NAME, REFERENCE_METADATA_TYPE)VALUES('fdf33d61982240069d48238cce0ddb41','NumDetachedStructures','FIELD','aa997cd89c9a44dcb4884ba18064348c','DetachedStructuresInfo_Type','838cab4e48a54d0bb23ca5ea9db454ab','Long','PRIMITIVE');
INSERT INTO PUBLIC.OBJECT_FIELD_METADATA (ID, NAME, METADATA_TYPE, PARENT_METADATA,PARENT_METADATA_NAME, REFERENCE_METADATA, REFERENCE_METADATA_NAME, REFERENCE_METADATA_TYPE)VALUES('1aeb85d5131148aaad869a0abf1a0a9b','UseCd','FIELD','aa997cd89c9a44dcb4884ba18064348c','DetachedStructuresInfo_Type','0a6d0f2f7727412f8b84459dcaf48ac5','Use','PRIMITIVE');
INSERT INTO PUBLIC.PRIMITIVE_METADATA (ID, NAME, METADATA_TYPE) VALUES('9048f3c562544ae683ce3be93035c88e','DetachedStructureType','PRIMITIVE');
INSERT INTO PUBLIC.OBJECT_FIELD_METADATA (ID, NAME, METADATA_TYPE, PARENT_METADATA,PARENT_METADATA_NAME, REFERENCE_METADATA, REFERENCE_METADATA_NAME, REFERENCE_METADATA_TYPE)VALUES('600e6674348745229a36f0e980ef22b6','DetachedStructureTypeCd','FIELD','aa997cd89c9a44dcb4884ba18064348c','DetachedStructuresInfo_Type','9048f3c562544ae683ce3be93035c88e','DetachedStructureType','PRIMITIVE');
INSERT INTO PUBLIC.PRIMITIVE_METADATA (ID, NAME, METADATA_TYPE) VALUES('08697e21ada3443da7754d5fd10d128d','PlayingSurface','PRIMITIVE');
INSERT INTO PUBLIC.OBJECT_FIELD_METADATA (ID, NAME, METADATA_TYPE, PARENT_METADATA,PARENT_METADATA_NAME, REFERENCE_METADATA, REFERENCE_METADATA_NAME, REFERENCE_METADATA_TYPE)VALUES('57fe538839ef4c4e856a3888fe5591d5','PlayingSurfaceCd','FIELD','aa997cd89c9a44dcb4884ba18064348c','DetachedStructuresInfo_Type','08697e21ada3443da7754d5fd10d128d','PlayingSurface','PRIMITIVE');
INSERT INTO PUBLIC.OBJECT_FIELD_METADATA (ID, NAME, METADATA_TYPE, PARENT_METADATA,PARENT_METADATA_NAME, REFERENCE_METADATA, REFERENCE_METADATA_NAME, REFERENCE_METADATA_TYPE)VALUES('8a7c50a41300412fba67df2304cf7cb4','DetachedStructuresInfo','MODEL_RELATION','7834c244b96e43aea1976f1887f0dcb6','DwellInspectionValuation_Type','aa997cd89c9a44dcb4884ba18064348c','DetachedStructuresInfo_Type','OBJECT');
INSERT INTO PUBLIC.PRIMITIVE_METADATA (ID, NAME, METADATA_TYPE) VALUES('7b7dafbc634f4c7dad5a91303e075255','ReplacementCostEvaluationMethod','PRIMITIVE');
INSERT INTO PUBLIC.OBJECT_FIELD_METADATA (ID, NAME, METADATA_TYPE, PARENT_METADATA,PARENT_METADATA_NAME, REFERENCE_METADATA, REFERENCE_METADATA_NAME, REFERENCE_METADATA_TYPE)VALUES('023f9e4cc13c4d198a3455b45b597d83','EvaluationMethodCd','FIELD','7834c244b96e43aea1976f1887f0dcb6','DwellInspectionValuation_Type','7b7dafbc634f4c7dad5a91303e075255','ReplacementCostEvaluationMethod','PRIMITIVE');
INSERT INTO PUBLIC.OBJECT_METADATA (ID, NAME, METADATA_TYPE, REFERENCE_METADATA, REFERENCE_METADATA_NAME) VALUES('15448dd34142488886fd3b1d63d0f890','ExteriorWallMaterialInfo_Type','OBJECT',null,null);
INSERT INTO PUBLIC.OBJECT_FIELD_METADATA (ID, NAME, METADATA_TYPE, PARENT_METADATA,PARENT_METADATA_NAME, REFERENCE_METADATA, REFERENCE_METADATA_NAME, REFERENCE_METADATA_TYPE)VALUES('aa3e705c61b8405b8c19ba2d2a8fde7a','ExteriorWallMaterialCd','FIELD','15448dd34142488886fd3b1d63d0f890','ExteriorWallMaterialInfo_Type','dac392a51a934264a22aef96e73f6bbb','ConstructionType','PRIMITIVE');
INSERT INTO PUBLIC.OBJECT_FIELD_METADATA (ID, NAME, METADATA_TYPE, PARENT_METADATA,PARENT_METADATA_NAME, REFERENCE_METADATA, REFERENCE_METADATA_NAME, REFERENCE_METADATA_TYPE)VALUES('d20d935b9f23415f835899fcc1d34f86','ConstructionQualityCd','FIELD','15448dd34142488886fd3b1d63d0f890','ExteriorWallMaterialInfo_Type','5a612b4bb4c144d1a93aedeb422b7dce','ConstructionClass','PRIMITIVE');
INSERT INTO PUBLIC.OBJECT_FIELD_METADATA (ID, NAME, METADATA_TYPE, PARENT_METADATA,PARENT_METADATA_NAME, REFERENCE_METADATA, REFERENCE_METADATA_NAME, REFERENCE_METADATA_TYPE)VALUES('14ba9ec31620458593b6df65019c1572','ExteriorWallMaterialInfoExt','FIELD','15448dd34142488886fd3b1d63d0f890','ExteriorWallMaterialInfo_Type',null,null,null);
INSERT INTO PUBLIC.OBJECT_FIELD_METADATA (ID, NAME, METADATA_TYPE, PARENT_METADATA,PARENT_METADATA_NAME, REFERENCE_METADATA, REFERENCE_METADATA_NAME, REFERENCE_METADATA_TYPE)VALUES('bb9b479e060340699b08db0509cf3259','ExteriorWallMaterialPct','FIELD','15448dd34142488886fd3b1d63d0f890','ExteriorWallMaterialInfo_Type','42787ecf7ebe44bdb047ebe0f2268d21','PercentLong','PRIMITIVE');
INSERT INTO PUBLIC.OBJECT_FIELD_METADATA (ID, NAME, METADATA_TYPE, PARENT_METADATA,PARENT_METADATA_NAME, REFERENCE_METADATA, REFERENCE_METADATA_NAME, REFERENCE_METADATA_TYPE)VALUES('500c2659ad5c4239a57b6a2fe1098e81','ExteriorWallMaterialInfo','MODEL_RELATION','7834c244b96e43aea1976f1887f0dcb6','DwellInspectionValuation_Type','15448dd34142488886fd3b1d63d0f890','ExteriorWallMaterialInfo_Type','OBJECT');
INSERT INTO PUBLIC.OBJECT_METADATA (ID, NAME, METADATA_TYPE, REFERENCE_METADATA, REFERENCE_METADATA_NAME) VALUES('96a5e42e64b94580adc5fca500e41c20','FireplaceInfo_Type','OBJECT',null,null);
INSERT INTO PUBLIC.OBJECT_FIELD_METADATA (ID, NAME, METADATA_TYPE, PARENT_METADATA,PARENT_METADATA_NAME, REFERENCE_METADATA, REFERENCE_METADATA_NAME, REFERENCE_METADATA_TYPE)VALUES('01dac67d5e08464291de0bc08efac449','FireplaceTypeCd','FIELD','96a5e42e64b94580adc5fca500e41c20','FireplaceInfo_Type','c673f341f3904eb49dc5275cd0545eac','FireplaceType','PRIMITIVE');
INSERT INTO PUBLIC.OBJECT_FIELD_METADATA (ID, NAME, METADATA_TYPE, PARENT_METADATA,PARENT_METADATA_NAME, REFERENCE_METADATA, REFERENCE_METADATA_NAME, REFERENCE_METADATA_TYPE)VALUES('71e1692edf98436db1a8f47c3c161f2b','NumFireplaces','FIELD','96a5e42e64b94580adc5fca500e41c20','FireplaceInfo_Type','838cab4e48a54d0bb23ca5ea9db454ab','Long','PRIMITIVE');
INSERT INTO PUBLIC.OBJECT_FIELD_METADATA (ID, NAME, METADATA_TYPE, PARENT_METADATA,PARENT_METADATA_NAME, REFERENCE_METADATA, REFERENCE_METADATA_NAME, REFERENCE_METADATA_TYPE)VALUES('656a04e1b686429aae1d1f92a8294e02','NumHearths','FIELD','96a5e42e64b94580adc5fca500e41c20','FireplaceInfo_Type','838cab4e48a54d0bb23ca5ea9db454ab','Long','PRIMITIVE');
INSERT INTO PUBLIC.OBJECT_FIELD_METADATA (ID, NAME, METADATA_TYPE, PARENT_METADATA,PARENT_METADATA_NAME, REFERENCE_METADATA, REFERENCE_METADATA_NAME, REFERENCE_METADATA_TYPE)VALUES('95d5f589f1b3431d8e2c0828faa8744b','NumChimneys','FIELD','96a5e42e64b94580adc5fca500e41c20','FireplaceInfo_Type','838cab4e48a54d0bb23ca5ea9db454ab','Long','PRIMITIVE');
INSERT INTO PUBLIC.OBJECT_FIELD_METADATA (ID, NAME, METADATA_TYPE, PARENT_METADATA,PARENT_METADATA_NAME, REFERENCE_METADATA, REFERENCE_METADATA_NAME, REFERENCE_METADATA_TYPE)VALUES('557e850790034321b6da46b546070057','FireplaceInfoExt','FIELD','96a5e42e64b94580adc5fca500e41c20','FireplaceInfo_Type',null,null,null);
INSERT INTO PUBLIC.OBJECT_FIELD_METADATA (ID, NAME, METADATA_TYPE, PARENT_METADATA,PARENT_METADATA_NAME, REFERENCE_METADATA, REFERENCE_METADATA_NAME, REFERENCE_METADATA_TYPE)VALUES('6bfafc92a21a4a33b15e91498ed3c9e6','FireplaceInfo','MODEL_RELATION','7834c244b96e43aea1976f1887f0dcb6','DwellInspectionValuation_Type','96a5e42e64b94580adc5fca500e41c20','FireplaceInfo_Type','OBJECT');
INSERT INTO PUBLIC.OBJECT_FIELD_METADATA (ID, NAME, METADATA_TYPE, PARENT_METADATA,PARENT_METADATA_NAME, REFERENCE_METADATA, REFERENCE_METADATA_NAME, REFERENCE_METADATA_TYPE)VALUES('636360f513a4438b845e50ecaa26b78e','HeatSourcePrimaryCd','FIELD','7834c244b96e43aea1976f1887f0dcb6','DwellInspectionValuation_Type','e32193e7c8f84b558ed2de562d7057fe','HeatSource','PRIMITIVE');
INSERT INTO PUBLIC.OBJECT_METADATA (ID, NAME, METADATA_TYPE, REFERENCE_METADATA, REFERENCE_METADATA_NAME) VALUES('7eb654e3531c4ad28f4fc2ed56e429d0','PorchInfo_Type','OBJECT',null,null);
INSERT INTO PUBLIC.OBJECT_FIELD_METADATA (ID, NAME, METADATA_TYPE, PARENT_METADATA,PARENT_METADATA_NAME, REFERENCE_METADATA, REFERENCE_METADATA_NAME, REFERENCE_METADATA_TYPE)VALUES('e169c6f731654873b38565430a424504','FoundationCd','FIELD','7eb654e3531c4ad28f4fc2ed56e429d0','PorchInfo_Type','178c5d73f8544d39a76c346e3b0503a0','Foundation','PRIMITIVE');
INSERT INTO PUBLIC.OBJECT_FIELD_METADATA (ID, NAME, METADATA_TYPE, PARENT_METADATA,PARENT_METADATA_NAME, REFERENCE_METADATA, REFERENCE_METADATA_NAME, REFERENCE_METADATA_TYPE)VALUES('348eef7ed52d47d2b15554a6e76165aa','BasementInd','FIELD','7eb654e3531c4ad28f4fc2ed56e429d0','PorchInfo_Type','4ffb0bcc3ec946d1af3ef883f4c3a4e6','Boolean','PRIMITIVE');
INSERT INTO PUBLIC.PRIMITIVE_METADATA (ID, NAME, METADATA_TYPE) VALUES('5a5e54c2c25f4f67b53e781628cd20c1','PorchBreezewayType','PRIMITIVE');
INSERT INTO PUBLIC.OBJECT_FIELD_METADATA (ID, NAME, METADATA_TYPE, PARENT_METADATA,PARENT_METADATA_NAME, REFERENCE_METADATA, REFERENCE_METADATA_NAME, REFERENCE_METADATA_TYPE)VALUES('cf1d0eac8e694b4fbf54edc864da3bd4','BreezewayTypeCd','FIELD','7eb654e3531c4ad28f4fc2ed56e429d0','PorchInfo_Type','5a5e54c2c25f4f67b53e781628cd20c1','PorchBreezewayType','PRIMITIVE');
INSERT INTO PUBLIC.OBJECT_FIELD_METADATA (ID, NAME, METADATA_TYPE, PARENT_METADATA,PARENT_METADATA_NAME, REFERENCE_METADATA, REFERENCE_METADATA_NAME, REFERENCE_METADATA_TYPE)VALUES('ab453e3510c7455486b5d522388be799','PorchInfoExt','FIELD','7eb654e3531c4ad28f4fc2ed56e429d0','PorchInfo_Type',null,null,null);
INSERT INTO PUBLIC.OBJECT_FIELD_METADATA (ID, NAME, METADATA_TYPE, PARENT_METADATA,PARENT_METADATA_NAME, REFERENCE_METADATA, REFERENCE_METADATA_NAME, REFERENCE_METADATA_TYPE)VALUES('9992e7c457a74155a3cb8c0f1e9d9e8f','SurfaceArea','MODEL_RELATION','7eb654e3531c4ad28f4fc2ed56e429d0','PorchInfo_Type','1df1057b06734b019460d9f8fb0a43b0','MEASUREMENT','OBJECT');
INSERT INTO PUBLIC.OBJECT_FIELD_METADATA (ID, NAME, METADATA_TYPE, PARENT_METADATA,PARENT_METADATA_NAME, REFERENCE_METADATA, REFERENCE_METADATA_NAME, REFERENCE_METADATA_TYPE)VALUES('511aeeb93b144499a752033cc36fde19','NumPorches','FIELD','7eb654e3531c4ad28f4fc2ed56e429d0','PorchInfo_Type','838cab4e48a54d0bb23ca5ea9db454ab','Long','PRIMITIVE');
INSERT INTO PUBLIC.OBJECT_FIELD_METADATA (ID, NAME, METADATA_TYPE, PARENT_METADATA,PARENT_METADATA_NAME, REFERENCE_METADATA, REFERENCE_METADATA_NAME, REFERENCE_METADATA_TYPE)VALUES('50ec5c3c02714c7dba13127ca4b797e4','PorchTypeCd','FIELD','7eb654e3531c4ad28f4fc2ed56e429d0','PorchInfo_Type','5a5e54c2c25f4f67b53e781628cd20c1','PorchBreezewayType','PRIMITIVE');
INSERT INTO PUBLIC.OBJECT_FIELD_METADATA (ID, NAME, METADATA_TYPE, PARENT_METADATA,PARENT_METADATA_NAME, REFERENCE_METADATA, REFERENCE_METADATA_NAME, REFERENCE_METADATA_TYPE)VALUES('3548c6f82bba4b879013bf7895a90a1e','NumStories','FIELD','7eb654e3531c4ad28f4fc2ed56e429d0','PorchInfo_Type','c896845db6f640c6bf65093333a64c69','Decimal','PRIMITIVE');
INSERT INTO PUBLIC.OBJECT_FIELD_METADATA (ID, NAME, METADATA_TYPE, PARENT_METADATA,PARENT_METADATA_NAME, REFERENCE_METADATA, REFERENCE_METADATA_NAME, REFERENCE_METADATA_TYPE)VALUES('ca902704e4214ed5864b2780ce87a47a','PorchInfo','MODEL_RELATION','7834c244b96e43aea1976f1887f0dcb6','DwellInspectionValuation_Type','7eb654e3531c4ad28f4fc2ed56e429d0','PorchInfo_Type','OBJECT');
INSERT INTO PUBLIC.OBJECT_FIELD_METADATA (ID, NAME, METADATA_TYPE, PARENT_METADATA,PARENT_METADATA_NAME, REFERENCE_METADATA, REFERENCE_METADATA_NAME, REFERENCE_METADATA_TYPE)VALUES('a98253c598d74124b5944a2d102c5b09','TotalLivingArea','MODEL_RELATION','7834c244b96e43aea1976f1887f0dcb6','DwellInspectionValuation_Type','1df1057b06734b019460d9f8fb0a43b0','MEASUREMENT','OBJECT');
INSERT INTO PUBLIC.OBJECT_FIELD_METADATA (ID, NAME, METADATA_TYPE, PARENT_METADATA,PARENT_METADATA_NAME, REFERENCE_METADATA, REFERENCE_METADATA_NAME, REFERENCE_METADATA_TYPE)VALUES('5901f0bb809240fc897bed0fa72e996b','EstimatedReplCostAmt','MODEL_RELATION','7834c244b96e43aea1976f1887f0dcb6','DwellInspectionValuation_Type','4fa89203e94a4637baa0484d19b460c5','CURRENCY','OBJECT');
INSERT INTO PUBLIC.PRIMITIVE_METADATA (ID, NAME, METADATA_TYPE) VALUES('107ae07f5e1d4d40b047ad40f4bfdaec','InspectionReportSource','PRIMITIVE');
INSERT INTO PUBLIC.OBJECT_FIELD_METADATA (ID, NAME, METADATA_TYPE, PARENT_METADATA,PARENT_METADATA_NAME, REFERENCE_METADATA, REFERENCE_METADATA_NAME, REFERENCE_METADATA_TYPE)VALUES('ca800670d8264a77a5844ff4702000c9','InspectionReportSourceCd','FIELD','7834c244b96e43aea1976f1887f0dcb6','DwellInspectionValuation_Type','107ae07f5e1d4d40b047ad40f4bfdaec','InspectionReportSource','PRIMITIVE');
INSERT INTO PUBLIC.OBJECT_FIELD_METADATA (ID, NAME, METADATA_TYPE, PARENT_METADATA,PARENT_METADATA_NAME, REFERENCE_METADATA, REFERENCE_METADATA_NAME, REFERENCE_METADATA_TYPE)VALUES('c9fc5b997ebd4e1b8a930feadc383c1c','MarketValueDt','FIELD','7834c244b96e43aea1976f1887f0dcb6','DwellInspectionValuation_Type','3b0a2ca6cf3a4fb19718e35aa60287cd','Date','PRIMITIVE');
INSERT INTO PUBLIC.PRIMITIVE_METADATA (ID, NAME, METADATA_TYPE) VALUES('a65608bdf4aa48d2ae7779435059bf3a','GeneralShape','PRIMITIVE');
INSERT INTO PUBLIC.OBJECT_FIELD_METADATA (ID, NAME, METADATA_TYPE, PARENT_METADATA,PARENT_METADATA_NAME, REFERENCE_METADATA, REFERENCE_METADATA_NAME, REFERENCE_METADATA_TYPE)VALUES('173b61ec15124a30ae30c0bb4ee7a561','GeneralShapeCd','FIELD','7834c244b96e43aea1976f1887f0dcb6','DwellInspectionValuation_Type','a65608bdf4aa48d2ae7779435059bf3a','GeneralShape','PRIMITIVE');
INSERT INTO PUBLIC.OBJECT_FIELD_METADATA (ID, NAME, METADATA_TYPE, PARENT_METADATA,PARENT_METADATA_NAME, REFERENCE_METADATA, REFERENCE_METADATA_NAME, REFERENCE_METADATA_TYPE)VALUES('62ca26ae05d94d058d961188925b6091','HeatSourceSupplementalCd','FIELD','7834c244b96e43aea1976f1887f0dcb6','DwellInspectionValuation_Type','e32193e7c8f84b558ed2de562d7057fe','HeatSource','PRIMITIVE');
INSERT INTO PUBLIC.OBJECT_FIELD_METADATA (ID, NAME, METADATA_TYPE, PARENT_METADATA,PARENT_METADATA_NAME, REFERENCE_METADATA, REFERENCE_METADATA_NAME, REFERENCE_METADATA_TYPE)VALUES('4f77ced7ebdd4495ba25e34a051a32ff','DwellInspectionValuationExt','FIELD','7834c244b96e43aea1976f1887f0dcb6','DwellInspectionValuation_Type',null,null,null);
INSERT INTO PUBLIC.PRIMITIVE_METADATA (ID, NAME, METADATA_TYPE) VALUES('96ae428106b04fd0a97bbdd923867eb3','NumberOfStories','PRIMITIVE');
INSERT INTO PUBLIC.OBJECT_FIELD_METADATA (ID, NAME, METADATA_TYPE, PARENT_METADATA,PARENT_METADATA_NAME, REFERENCE_METADATA, REFERENCE_METADATA_NAME, REFERENCE_METADATA_TYPE)VALUES('9c76e78b1adf4a31a24bbd7898ef6a30','NumStoriesInDwellingCd','FIELD','7834c244b96e43aea1976f1887f0dcb6','DwellInspectionValuation_Type','96ae428106b04fd0a97bbdd923867eb3','NumberOfStories','PRIMITIVE');
INSERT INTO PUBLIC.OBJECT_FIELD_METADATA (ID, NAME, METADATA_TYPE, PARENT_METADATA,PARENT_METADATA_NAME, REFERENCE_METADATA, REFERENCE_METADATA_NAME, REFERENCE_METADATA_TYPE)VALUES('d4f16e0117724b0980c2ed3452e36754','UnrepairedDamageDesc','FIELD','7834c244b96e43aea1976f1887f0dcb6','DwellInspectionValuation_Type','2344631100044813a5126adcfb93e80d','C-255','PRIMITIVE');
INSERT INTO PUBLIC.PRIMITIVE_METADATA (ID, NAME, METADATA_TYPE) VALUES('4a425195cd6949f2bcf2ac82068daeda','ReplacementCostEvaluationSystem','PRIMITIVE');
INSERT INTO PUBLIC.OBJECT_FIELD_METADATA (ID, NAME, METADATA_TYPE, PARENT_METADATA,PARENT_METADATA_NAME, REFERENCE_METADATA, REFERENCE_METADATA_NAME, REFERENCE_METADATA_TYPE)VALUES('c454ef6a4258483398d32771c52a3af1','ValuationProviderCd','FIELD','7834c244b96e43aea1976f1887f0dcb6','DwellInspectionValuation_Type','4a425195cd6949f2bcf2ac82068daeda','ReplacementCostEvaluationSystem','PRIMITIVE');
INSERT INTO PUBLIC.OBJECT_FIELD_METADATA (ID, NAME, METADATA_TYPE, PARENT_METADATA,PARENT_METADATA_NAME, REFERENCE_METADATA, REFERENCE_METADATA_NAME, REFERENCE_METADATA_TYPE)VALUES('261683b9a7f2460ba37ac7543a49a6f6','GroundFloorArea','MODEL_RELATION','7834c244b96e43aea1976f1887f0dcb6','DwellInspectionValuation_Type','1df1057b06734b019460d9f8fb0a43b0','MEASUREMENT','OBJECT');
INSERT INTO PUBLIC.OBJECT_METADATA (ID, NAME, METADATA_TYPE, REFERENCE_METADATA, REFERENCE_METADATA_NAME) VALUES('8e86784936f04b028c007e4ea68ea8fc','OtherFeaturesInfo_Type','OBJECT',null,null);
INSERT INTO PUBLIC.OBJECT_FIELD_METADATA (ID, NAME, METADATA_TYPE, PARENT_METADATA,PARENT_METADATA_NAME, REFERENCE_METADATA, REFERENCE_METADATA_NAME, REFERENCE_METADATA_TYPE)VALUES('671aab58ed7e4c8cbc3727b4162b0ec2','TotalArea','MODEL_RELATION','8e86784936f04b028c007e4ea68ea8fc','OtherFeaturesInfo_Type','1df1057b06734b019460d9f8fb0a43b0','MEASUREMENT','OBJECT');
INSERT INTO PUBLIC.OBJECT_FIELD_METADATA (ID, NAME, METADATA_TYPE, PARENT_METADATA,PARENT_METADATA_NAME, REFERENCE_METADATA, REFERENCE_METADATA_NAME, REFERENCE_METADATA_TYPE)VALUES('8d22bb9607a549588ac88e149cd5aa1f','OtherFeaturesInfoExt','FIELD','8e86784936f04b028c007e4ea68ea8fc','OtherFeaturesInfo_Type',null,null,null);
INSERT INTO PUBLIC.OBJECT_FIELD_METADATA (ID, NAME, METADATA_TYPE, PARENT_METADATA,PARENT_METADATA_NAME, REFERENCE_METADATA, REFERENCE_METADATA_NAME, REFERENCE_METADATA_TYPE)VALUES('eb15e0f0d36340aeaf79ace87870219b','OtherFeaturesDesc','FIELD','8e86784936f04b028c007e4ea68ea8fc','OtherFeaturesInfo_Type','2344631100044813a5126adcfb93e80d','C-255','PRIMITIVE');
INSERT INTO PUBLIC.OBJECT_FIELD_METADATA (ID, NAME, METADATA_TYPE, PARENT_METADATA,PARENT_METADATA_NAME, REFERENCE_METADATA, REFERENCE_METADATA_NAME, REFERENCE_METADATA_TYPE)VALUES('a95a4e57455d4016aff63a0cf066d186','OtherFeaturesAmt','MODEL_RELATION','8e86784936f04b028c007e4ea68ea8fc','OtherFeaturesInfo_Type','4fa89203e94a4637baa0484d19b460c5','CURRENCY','OBJECT');
INSERT INTO PUBLIC.OBJECT_FIELD_METADATA (ID, NAME, METADATA_TYPE, PARENT_METADATA,PARENT_METADATA_NAME, REFERENCE_METADATA, REFERENCE_METADATA_NAME, REFERENCE_METADATA_TYPE)VALUES('7f3d6b6fa8ff4f6ab123b2b58000e0ac','OtherFeaturesInfo','MODEL_RELATION','7834c244b96e43aea1976f1887f0dcb6','DwellInspectionValuation_Type','8e86784936f04b028c007e4ea68ea8fc','OtherFeaturesInfo_Type','OBJECT');
INSERT INTO PUBLIC.OBJECT_FIELD_METADATA (ID, NAME, METADATA_TYPE, PARENT_METADATA,PARENT_METADATA_NAME, REFERENCE_METADATA, REFERENCE_METADATA_NAME, REFERENCE_METADATA_TYPE)VALUES('6152145d500d4549997d91f38691b573','DwellInspectionValuation','MODEL_RELATION','4e26027ebc964bf2b9794c16adccd3cf','Dwell_Type','7834c244b96e43aea1976f1887f0dcb6','DwellInspectionValuation_Type','OBJECT');
INSERT INTO PUBLIC.OBJECT_METADATA (ID, NAME, METADATA_TYPE, REFERENCE_METADATA, REFERENCE_METADATA_NAME) VALUES('51f68bf3e57d485c99c932b395cef87f','MobileHome_Type','OBJECT',null,null);
INSERT INTO PUBLIC.OBJECT_FIELD_METADATA (ID, NAME, METADATA_TYPE, PARENT_METADATA,PARENT_METADATA_NAME, REFERENCE_METADATA, REFERENCE_METADATA_NAME, REFERENCE_METADATA_TYPE)VALUES('564c25a4af1045c1b8aa3cbcdc469d99','NumTieDownsRight','FIELD','51f68bf3e57d485c99c932b395cef87f','MobileHome_Type','838cab4e48a54d0bb23ca5ea9db454ab','Long','PRIMITIVE');
INSERT INTO PUBLIC.OBJECT_FIELD_METADATA (ID, NAME, METADATA_TYPE, PARENT_METADATA,PARENT_METADATA_NAME, REFERENCE_METADATA, REFERENCE_METADATA_NAME, REFERENCE_METADATA_TYPE)VALUES('ad94622ce07d4251a081a295d2c8857b','DoublewideMobileHomeTrailerInd','FIELD','51f68bf3e57d485c99c932b395cef87f','MobileHome_Type','4ffb0bcc3ec946d1af3ef883f4c3a4e6','Boolean','PRIMITIVE');
INSERT INTO PUBLIC.PRIMITIVE_METADATA (ID, NAME, METADATA_TYPE) VALUES('06dcb1061694499cb28754e90a82e5a9','MobileHomeFoundation','PRIMITIVE');
INSERT INTO PUBLIC.OBJECT_FIELD_METADATA (ID, NAME, METADATA_TYPE, PARENT_METADATA,PARENT_METADATA_NAME, REFERENCE_METADATA, REFERENCE_METADATA_NAME, REFERENCE_METADATA_TYPE)VALUES('a044c1e3ff6e4a469d4e64a1023d460c','MobileHomeFoundationCd','FIELD','51f68bf3e57d485c99c932b395cef87f','MobileHome_Type','06dcb1061694499cb28754e90a82e5a9','MobileHomeFoundation','PRIMITIVE');
INSERT INTO PUBLIC.OBJECT_FIELD_METADATA (ID, NAME, METADATA_TYPE, PARENT_METADATA,PARENT_METADATA_NAME, REFERENCE_METADATA, REFERENCE_METADATA_NAME, REFERENCE_METADATA_TYPE)VALUES('2b02ac6b1ee845dba5f523d62ab47b38','WithContentsInd','FIELD','51f68bf3e57d485c99c932b395cef87f','MobileHome_Type','4ffb0bcc3ec946d1af3ef883f4c3a4e6','Boolean','PRIMITIVE');
INSERT INTO PUBLIC.PRIMITIVE_METADATA (ID, NAME, METADATA_TYPE) VALUES('a0009d7dec504a3586402b5178bc7c4a','AnchoringSystemUtilizes','PRIMITIVE');
INSERT INTO PUBLIC.OBJECT_FIELD_METADATA (ID, NAME, METADATA_TYPE, PARENT_METADATA,PARENT_METADATA_NAME, REFERENCE_METADATA, REFERENCE_METADATA_NAME, REFERENCE_METADATA_TYPE)VALUES('adac0b896c474bc3920daa9b4f594a9d','AnchoringSystemCd','FIELD','51f68bf3e57d485c99c932b395cef87f','MobileHome_Type','a0009d7dec504a3586402b5178bc7c4a','AnchoringSystemUtilizes','PRIMITIVE');
INSERT INTO PUBLIC.OBJECT_FIELD_METADATA (ID, NAME, METADATA_TYPE, PARENT_METADATA,PARENT_METADATA_NAME, REFERENCE_METADATA, REFERENCE_METADATA_NAME, REFERENCE_METADATA_TYPE)VALUES('cbf38895b6e848428eda26196d9788cc','ItemDefinition','MODEL_RELATION','51f68bf3e57d485c99c932b395cef87f','MobileHome_Type','d83ce2808c974daaa8d801a8af3b5cb2','ItemDefinition_Type','OBJECT');
INSERT INTO PUBLIC.OBJECT_FIELD_METADATA (ID, NAME, METADATA_TYPE, PARENT_METADATA,PARENT_METADATA_NAME, REFERENCE_METADATA, REFERENCE_METADATA_NAME, REFERENCE_METADATA_TYPE)VALUES('eed27cdeb2784096a9a306c590eba361','MobileHomeMovedOutParkDt','FIELD','51f68bf3e57d485c99c932b395cef87f','MobileHome_Type','3b0a2ca6cf3a4fb19718e35aa60287cd','Date','PRIMITIVE');
INSERT INTO PUBLIC.PRIMITIVE_METADATA (ID, NAME, METADATA_TYPE) VALUES('45246dcfdc2c43918cf3ae5ca95b1b49','LocationType','PRIMITIVE');
INSERT INTO PUBLIC.OBJECT_FIELD_METADATA (ID, NAME, METADATA_TYPE, PARENT_METADATA,PARENT_METADATA_NAME, REFERENCE_METADATA, REFERENCE_METADATA_NAME, REFERENCE_METADATA_TYPE)VALUES('638ce0704e5c4f3dbfcd49da2125e183','CookingLocationCd','FIELD','51f68bf3e57d485c99c932b395cef87f','MobileHome_Type','45246dcfdc2c43918cf3ae5ca95b1b49','LocationType','PRIMITIVE');
INSERT INTO PUBLIC.OBJECT_FIELD_METADATA (ID, NAME, METADATA_TYPE, PARENT_METADATA,PARENT_METADATA_NAME, REFERENCE_METADATA, REFERENCE_METADATA_NAME, REFERENCE_METADATA_TYPE)VALUES('e737858b9c384df780caaf33fce88bc1','MobileHomeAdditionsExtensionsInd','FIELD','51f68bf3e57d485c99c932b395cef87f','MobileHome_Type','4ffb0bcc3ec946d1af3ef883f4c3a4e6','Boolean','PRIMITIVE');
INSERT INTO PUBLIC.OBJECT_FIELD_METADATA (ID, NAME, METADATA_TYPE, PARENT_METADATA,PARENT_METADATA_NAME, REFERENCE_METADATA, REFERENCE_METADATA_NAME, REFERENCE_METADATA_TYPE)VALUES('338af5fe2c7341cf8c74318cd97f8915','MobileHomeExt','FIELD','51f68bf3e57d485c99c932b395cef87f','MobileHome_Type',null,null,null);
INSERT INTO PUBLIC.PRIMITIVE_METADATA (ID, NAME, METADATA_TYPE) VALUES('9dc28182125942ca8444f6e141218ca1','MobileHomeInstallationStandard','PRIMITIVE');
INSERT INTO PUBLIC.OBJECT_FIELD_METADATA (ID, NAME, METADATA_TYPE, PARENT_METADATA,PARENT_METADATA_NAME, REFERENCE_METADATA, REFERENCE_METADATA_NAME, REFERENCE_METADATA_TYPE)VALUES('1e8e9c4b8ce745bab775484e399e33cf','MobileHomeInstallationStandardCd','FIELD','51f68bf3e57d485c99c932b395cef87f','MobileHome_Type','9dc28182125942ca8444f6e141218ca1','MobileHomeInstallationStandard','PRIMITIVE');
INSERT INTO PUBLIC.OBJECT_FIELD_METADATA (ID, NAME, METADATA_TYPE, PARENT_METADATA,PARENT_METADATA_NAME, REFERENCE_METADATA, REFERENCE_METADATA_NAME, REFERENCE_METADATA_TYPE)VALUES('eac7365544c84096ab960e520260dfd3','NumTieDownsTotal','FIELD','51f68bf3e57d485c99c932b395cef87f','MobileHome_Type','838cab4e48a54d0bb23ca5ea9db454ab','Long','PRIMITIVE');
INSERT INTO PUBLIC.PRIMITIVE_METADATA (ID, NAME, METADATA_TYPE) VALUES('80653cea2ffe454398cf0651d4f9a1f7','TieDownAnchor','PRIMITIVE');
INSERT INTO PUBLIC.OBJECT_FIELD_METADATA (ID, NAME, METADATA_TYPE, PARENT_METADATA,PARENT_METADATA_NAME, REFERENCE_METADATA, REFERENCE_METADATA_NAME, REFERENCE_METADATA_TYPE)VALUES('ddf71b7bf0f74a5ba16dc4be40b2b6b7','TieDownAnchorCd','FIELD','51f68bf3e57d485c99c932b395cef87f','MobileHome_Type','80653cea2ffe454398cf0651d4f9a1f7','TieDownAnchor','PRIMITIVE');
INSERT INTO PUBLIC.OBJECT_METADATA (ID, NAME, METADATA_TYPE, REFERENCE_METADATA, REFERENCE_METADATA_NAME) VALUES('ae038e2680b54264a028cc35f3564c72','StructureAddition_Type','OBJECT',null,null);
INSERT INTO PUBLIC.OBJECT_FIELD_METADATA (ID, NAME, METADATA_TYPE, PARENT_METADATA,PARENT_METADATA_NAME, REFERENCE_METADATA, REFERENCE_METADATA_NAME, REFERENCE_METADATA_TYPE)VALUES('42ef3f3d6b36420f9386935f8cccbf09','Construction','MODEL_RELATION','ae038e2680b54264a028cc35f3564c72','StructureAddition_Type','66b2df29282548888a6c5122221caafe','Construction_Type','OBJECT');
INSERT INTO PUBLIC.OBJECT_METADATA (ID, NAME, METADATA_TYPE, REFERENCE_METADATA, REFERENCE_METADATA_NAME) VALUES('b76c1d3fb01f4e5583f9ff07ff773c0b','BldgFeatures_Type','OBJECT',null,null);
INSERT INTO PUBLIC.OBJECT_FIELD_METADATA (ID, NAME, METADATA_TYPE, PARENT_METADATA,PARENT_METADATA_NAME, REFERENCE_METADATA, REFERENCE_METADATA_NAME, REFERENCE_METADATA_TYPE)VALUES('dd5eba75aeb648acb58bb813574aa207','SolidFuelHeaterInd','FIELD','b76c1d3fb01f4e5583f9ff07ff773c0b','BldgFeatures_Type','4ffb0bcc3ec946d1af3ef883f4c3a4e6','Boolean','PRIMITIVE');
INSERT INTO PUBLIC.OBJECT_FIELD_METADATA (ID, NAME, METADATA_TYPE, PARENT_METADATA,PARENT_METADATA_NAME, REFERENCE_METADATA, REFERENCE_METADATA_NAME, REFERENCE_METADATA_TYPE)VALUES('5bf72c4b9d9c4a7a8ece433739a4686c','EmergencyLightingDesc','FIELD','b76c1d3fb01f4e5583f9ff07ff773c0b','BldgFeatures_Type','2344631100044813a5126adcfb93e80d','C-255','PRIMITIVE');
INSERT INTO PUBLIC.OBJECT_FIELD_METADATA (ID, NAME, METADATA_TYPE, PARENT_METADATA,PARENT_METADATA_NAME, REFERENCE_METADATA, REFERENCE_METADATA_NAME, REFERENCE_METADATA_TYPE)VALUES('893fbceb413943a3a0c6c4aa200c65a3','StairwayInd','FIELD','b76c1d3fb01f4e5583f9ff07ff773c0b','BldgFeatures_Type','4ffb0bcc3ec946d1af3ef883f4c3a4e6','Boolean','PRIMITIVE');
INSERT INTO PUBLIC.OBJECT_FIELD_METADATA (ID, NAME, METADATA_TYPE, PARENT_METADATA,PARENT_METADATA_NAME, REFERENCE_METADATA, REFERENCE_METADATA_NAME, REFERENCE_METADATA_TYPE)VALUES('ad773e0ad29c41be802ab174ffa81530','AttachedAntennaInd','FIELD','b76c1d3fb01f4e5583f9ff07ff773c0b','BldgFeatures_Type','4ffb0bcc3ec946d1af3ef883f4c3a4e6','Boolean','PRIMITIVE');
INSERT INTO PUBLIC.OBJECT_FIELD_METADATA (ID, NAME, METADATA_TYPE, PARENT_METADATA,PARENT_METADATA_NAME, REFERENCE_METADATA, REFERENCE_METADATA_NAME, REFERENCE_METADATA_TYPE)VALUES('189e657ebcae4ebba456a4ff74b0924d','HeatingUnitInfo','MODEL_RELATION','b76c1d3fb01f4e5583f9ff07ff773c0b','BldgFeatures_Type','6415ad11f93b46948e393c6a49a497ec','HeatingUnitInfo_Type','OBJECT');
INSERT INTO PUBLIC.OBJECT_FIELD_METADATA (ID, NAME, METADATA_TYPE, PARENT_METADATA,PARENT_METADATA_NAME, REFERENCE_METADATA, REFERENCE_METADATA_NAME, REFERENCE_METADATA_TYPE)VALUES('9240963c20bf4088a119c5ee685f9b30','HeatingSourceDesc','FIELD','b76c1d3fb01f4e5583f9ff07ff773c0b','BldgFeatures_Type','2344631100044813a5126adcfb93e80d','C-255','PRIMITIVE');
INSERT INTO PUBLIC.OBJECT_FIELD_METADATA (ID, NAME, METADATA_TYPE, PARENT_METADATA,PARENT_METADATA_NAME, REFERENCE_METADATA, REFERENCE_METADATA_NAME, REFERENCE_METADATA_TYPE)VALUES('e6aa50cb06d345dc8a7f098bc853edec','SeatingCapacity','FIELD','b76c1d3fb01f4e5583f9ff07ff773c0b','BldgFeatures_Type','838cab4e48a54d0bb23ca5ea9db454ab','Long','PRIMITIVE');
INSERT INTO PUBLIC.OBJECT_FIELD_METADATA (ID, NAME, METADATA_TYPE, PARENT_METADATA,PARENT_METADATA_NAME, REFERENCE_METADATA, REFERENCE_METADATA_NAME, REFERENCE_METADATA_TYPE)VALUES('9065a9a5576d49e180f05e978bf8817d','AttachedSatelliteDishInd','FIELD','b76c1d3fb01f4e5583f9ff07ff773c0b','BldgFeatures_Type','4ffb0bcc3ec946d1af3ef883f4c3a4e6','Boolean','PRIMITIVE');
INSERT INTO PUBLIC.OBJECT_FIELD_METADATA (ID, NAME, METADATA_TYPE, PARENT_METADATA,PARENT_METADATA_NAME, REFERENCE_METADATA, REFERENCE_METADATA_NAME, REFERENCE_METADATA_TYPE)VALUES('ae867682ccf748238f23247f947087c9','SolventsLockedInd','FIELD','b76c1d3fb01f4e5583f9ff07ff773c0b','BldgFeatures_Type','4ffb0bcc3ec946d1af3ef883f4c3a4e6','Boolean','PRIMITIVE');
INSERT INTO PUBLIC.OBJECT_FIELD_METADATA (ID, NAME, METADATA_TYPE, PARENT_METADATA,PARENT_METADATA_NAME, REFERENCE_METADATA, REFERENCE_METADATA_NAME, REFERENCE_METADATA_TYPE)VALUES('71258eb3733040df9c2d85e58ca871d3','HistoricalPropertyInd','FIELD','b76c1d3fb01f4e5583f9ff07ff773c0b','BldgFeatures_Type','4ffb0bcc3ec946d1af3ef883f4c3a4e6','Boolean','PRIMITIVE');
INSERT INTO PUBLIC.OBJECT_FIELD_METADATA (ID, NAME, METADATA_TYPE, PARENT_METADATA,PARENT_METADATA_NAME, REFERENCE_METADATA, REFERENCE_METADATA_NAME, REFERENCE_METADATA_TYPE)VALUES('262a7d576cfa46f18929edf1d5a7681d','WorkingUtilitiesInfo','MODEL_RELATION','b76c1d3fb01f4e5583f9ff07ff773c0b','BldgFeatures_Type','f3238bc1e7f84d398c68da70e631c175','WorkingUtilitiesInfo_Type','OBJECT');
INSERT INTO PUBLIC.OBJECT_FIELD_METADATA (ID, NAME, METADATA_TYPE, PARENT_METADATA,PARENT_METADATA_NAME, REFERENCE_METADATA, REFERENCE_METADATA_NAME, REFERENCE_METADATA_TYPE)VALUES('2cf55d2805ca473b8f277211f55b20ad','EscalatorInd','FIELD','b76c1d3fb01f4e5583f9ff07ff773c0b','BldgFeatures_Type','4ffb0bcc3ec946d1af3ef883f4c3a4e6','Boolean','PRIMITIVE');
INSERT INTO PUBLIC.OBJECT_FIELD_METADATA (ID, NAME, METADATA_TYPE, PARENT_METADATA,PARENT_METADATA_NAME, REFERENCE_METADATA, REFERENCE_METADATA_NAME, REFERENCE_METADATA_TYPE)VALUES('ec610e5870db4cba99604b9737ae8670','ElevatorInd','FIELD','b76c1d3fb01f4e5583f9ff07ff773c0b','BldgFeatures_Type','4ffb0bcc3ec946d1af3ef883f4c3a4e6','Boolean','PRIMITIVE');
INSERT INTO PUBLIC.OBJECT_FIELD_METADATA (ID, NAME, METADATA_TYPE, PARENT_METADATA,PARENT_METADATA_NAME, REFERENCE_METADATA, REFERENCE_METADATA_NAME, REFERENCE_METADATA_TYPE)VALUES('79c417f4163d4206a824cf93ab20fee8','SolventsLocationDesc','FIELD','b76c1d3fb01f4e5583f9ff07ff773c0b','BldgFeatures_Type','4aa23ceca9374701b7716d432173c7c2','C-50','PRIMITIVE');
INSERT INTO PUBLIC.OBJECT_FIELD_METADATA (ID, NAME, METADATA_TYPE, PARENT_METADATA,PARENT_METADATA_NAME, REFERENCE_METADATA, REFERENCE_METADATA_NAME, REFERENCE_METADATA_TYPE)VALUES('c82b0d68fd5545f980269505563b8b46','BldgFeaturesExt','FIELD','b76c1d3fb01f4e5583f9ff07ff773c0b','BldgFeatures_Type',null,null,null);
INSERT INTO PUBLIC.OBJECT_FIELD_METADATA (ID, NAME, METADATA_TYPE, PARENT_METADATA,PARENT_METADATA_NAME, REFERENCE_METADATA, REFERENCE_METADATA_NAME, REFERENCE_METADATA_TYPE)VALUES('dc6779e7cd80445ba8ccb4b745575655','BldgFeatures','MODEL_RELATION','ae038e2680b54264a028cc35f3564c72','StructureAddition_Type','b76c1d3fb01f4e5583f9ff07ff773c0b','BldgFeatures_Type','OBJECT');
INSERT INTO PUBLIC.OBJECT_METADATA (ID, NAME, METADATA_TYPE, REFERENCE_METADATA, REFERENCE_METADATA_NAME) VALUES('28a61d7effea4851965cd3af118e3ce8','BldgProtection_Type','OBJECT',null,null);
INSERT INTO PUBLIC.OBJECT_FIELD_METADATA (ID, NAME, METADATA_TYPE, PARENT_METADATA,PARENT_METADATA_NAME, REFERENCE_METADATA, REFERENCE_METADATA_NAME, REFERENCE_METADATA_TYPE)VALUES('f3eb1a67f83d42258db4134755ce5ae7','FireExtinguisherInd','FIELD','28a61d7effea4851965cd3af118e3ce8','BldgProtection_Type','4ffb0bcc3ec946d1af3ef883f4c3a4e6','Boolean','PRIMITIVE');
INSERT INTO PUBLIC.PRIMITIVE_METADATA (ID, NAME, METADATA_TYPE) VALUES('a8e54e9c9cc44519b650ce9d0e76ff39','ProtectionDevice','PRIMITIVE');
INSERT INTO PUBLIC.OBJECT_FIELD_METADATA (ID, NAME, METADATA_TYPE, PARENT_METADATA,PARENT_METADATA_NAME, REFERENCE_METADATA, REFERENCE_METADATA_NAME, REFERENCE_METADATA_TYPE)VALUES('5ed94bcabe9a4f15806e15fe639c5157','ProtectionDeviceSmokeCd','FIELD','28a61d7effea4851965cd3af118e3ce8','BldgProtection_Type','a8e54e9c9cc44519b650ce9d0e76ff39','ProtectionDevice','PRIMITIVE');
INSERT INTO PUBLIC.OBJECT_FIELD_METADATA (ID, NAME, METADATA_TYPE, PARENT_METADATA,PARENT_METADATA_NAME, REFERENCE_METADATA, REFERENCE_METADATA_NAME, REFERENCE_METADATA_TYPE)VALUES('0e77dee3cd3d4e839b1b36ad3fa9d3f4','DistanceToFireStation','MODEL_RELATION','28a61d7effea4851965cd3af118e3ce8','BldgProtection_Type','1df1057b06734b019460d9f8fb0a43b0','MEASUREMENT','OBJECT');
INSERT INTO PUBLIC.OBJECT_FIELD_METADATA (ID, NAME, METADATA_TYPE, PARENT_METADATA,PARENT_METADATA_NAME, REFERENCE_METADATA, REFERENCE_METADATA_NAME, REFERENCE_METADATA_TYPE)VALUES('81718f809514494ab9e4fd7c6cfd3deb','ProtectionDeviceFireCd','FIELD','28a61d7effea4851965cd3af118e3ce8','BldgProtection_Type','a8e54e9c9cc44519b650ce9d0e76ff39','ProtectionDevice','PRIMITIVE');
INSERT INTO PUBLIC.OBJECT_FIELD_METADATA (ID, NAME, METADATA_TYPE, PARENT_METADATA,PARENT_METADATA_NAME, REFERENCE_METADATA, REFERENCE_METADATA_NAME, REFERENCE_METADATA_TYPE)VALUES('3c9df73a66874956ae03f5151774c1f2','NumSmokeAlarms','FIELD','28a61d7effea4851965cd3af118e3ce8','BldgProtection_Type','838cab4e48a54d0bb23ca5ea9db454ab','Long','PRIMITIVE');
INSERT INTO PUBLIC.OBJECT_FIELD_METADATA (ID, NAME, METADATA_TYPE, PARENT_METADATA,PARENT_METADATA_NAME, REFERENCE_METADATA, REFERENCE_METADATA_NAME, REFERENCE_METADATA_TYPE)VALUES('276ab057f4ea4c8a957960b96b99d20d','DistanceToHydrant','MODEL_RELATION','28a61d7effea4851965cd3af118e3ce8','BldgProtection_Type','1df1057b06734b019460d9f8fb0a43b0','MEASUREMENT','OBJECT');
INSERT INTO PUBLIC.PRIMITIVE_METADATA (ID, NAME, METADATA_TYPE) VALUES('6077cd66369b418793419d7145e4af5e','DoorLockType','PRIMITIVE');
INSERT INTO PUBLIC.OBJECT_FIELD_METADATA (ID, NAME, METADATA_TYPE, PARENT_METADATA,PARENT_METADATA_NAME, REFERENCE_METADATA, REFERENCE_METADATA_NAME, REFERENCE_METADATA_TYPE)VALUES('0b3406b613254095a56e42b5c53615fd','DoorLockCd','FIELD','28a61d7effea4851965cd3af118e3ce8','BldgProtection_Type','6077cd66369b418793419d7145e4af5e','DoorLockType','PRIMITIVE');
INSERT INTO PUBLIC.OBJECT_FIELD_METADATA (ID, NAME, METADATA_TYPE, PARENT_METADATA,PARENT_METADATA_NAME, REFERENCE_METADATA, REFERENCE_METADATA_NAME, REFERENCE_METADATA_TYPE)VALUES('8c917d0b76034d56afea0fef60dd7eeb','ProtectionClassGradeCd','FIELD','28a61d7effea4851965cd3af118e3ce8','BldgProtection_Type','6240ce877a244a73a1253961131c6cc9','IndustryCode_Type','PRIMITIVE');
INSERT INTO PUBLIC.OBJECT_FIELD_METADATA (ID, NAME, METADATA_TYPE, PARENT_METADATA,PARENT_METADATA_NAME, REFERENCE_METADATA, REFERENCE_METADATA_NAME, REFERENCE_METADATA_TYPE)VALUES('31833126f70348b1886bda741093edd2','NumFireExtinguishers','FIELD','28a61d7effea4851965cd3af118e3ce8','BldgProtection_Type','838cab4e48a54d0bb23ca5ea9db454ab','Long','PRIMITIVE');
INSERT INTO PUBLIC.OBJECT_FIELD_METADATA (ID, NAME, METADATA_TYPE, PARENT_METADATA,PARENT_METADATA_NAME, REFERENCE_METADATA, REFERENCE_METADATA_NAME, REFERENCE_METADATA_TYPE)VALUES('5b073dfb9eea491eb4e7089d34131268','NumFireDivisions','FIELD','28a61d7effea4851965cd3af118e3ce8','BldgProtection_Type','838cab4e48a54d0bb23ca5ea9db454ab','Long','PRIMITIVE');
INSERT INTO PUBLIC.OBJECT_FIELD_METADATA (ID, NAME, METADATA_TYPE, PARENT_METADATA,PARENT_METADATA_NAME, REFERENCE_METADATA, REFERENCE_METADATA_NAME, REFERENCE_METADATA_TYPE)VALUES('81021be113a74592a62cd2ced896c188','ProtectionDeviceSprinklerCd','FIELD','28a61d7effea4851965cd3af118e3ce8','BldgProtection_Type','a8e54e9c9cc44519b650ce9d0e76ff39','ProtectionDevice','PRIMITIVE');
INSERT INTO PUBLIC.PRIMITIVE_METADATA (ID, NAME, METADATA_TYPE) VALUES('add22023af694d46ad82fb927f63063a','WaterSource','PRIMITIVE');
INSERT INTO PUBLIC.OBJECT_FIELD_METADATA (ID, NAME, METADATA_TYPE, PARENT_METADATA,PARENT_METADATA_NAME, REFERENCE_METADATA, REFERENCE_METADATA_NAME, REFERENCE_METADATA_TYPE)VALUES('37c23aeff02646b296cfea519eaa1aa0','WaterSourceCd','FIELD','28a61d7effea4851965cd3af118e3ce8','BldgProtection_Type','add22023af694d46ad82fb927f63063a','WaterSource','PRIMITIVE');
INSERT INTO PUBLIC.OBJECT_FIELD_METADATA (ID, NAME, METADATA_TYPE, PARENT_METADATA,PARENT_METADATA_NAME, REFERENCE_METADATA, REFERENCE_METADATA_NAME, REFERENCE_METADATA_TYPE)VALUES('0875f13b9c0e41809e5e57e98b703cef','FireProtectionClassCd','FIELD','28a61d7effea4851965cd3af118e3ce8','BldgProtection_Type','6240ce877a244a73a1253961131c6cc9','IndustryCode_Type','PRIMITIVE');
INSERT INTO PUBLIC.PRIMITIVE_METADATA (ID, NAME, METADATA_TYPE) VALUES('26409f8499334eca8638e09edd76eba5','ElectricalProtection','PRIMITIVE');
INSERT INTO PUBLIC.OBJECT_FIELD_METADATA (ID, NAME, METADATA_TYPE, PARENT_METADATA,PARENT_METADATA_NAME, REFERENCE_METADATA, REFERENCE_METADATA_NAME, REFERENCE_METADATA_TYPE)VALUES('0ecdaaf77ff248b89694b7ebf6c50b5e','ElectricalProtectionCd','FIELD','28a61d7effea4851965cd3af118e3ce8','BldgProtection_Type','26409f8499334eca8638e09edd76eba5','ElectricalProtection','PRIMITIVE');
INSERT INTO PUBLIC.OBJECT_FIELD_METADATA (ID, NAME, METADATA_TYPE, PARENT_METADATA,PARENT_METADATA_NAME, REFERENCE_METADATA, REFERENCE_METADATA_NAME, REFERENCE_METADATA_TYPE)VALUES('531621e47a1049b888f279d09abd3494','BldgProtectionExt','FIELD','28a61d7effea4851965cd3af118e3ce8','BldgProtection_Type',null,null,null);
INSERT INTO PUBLIC.OBJECT_FIELD_METADATA (ID, NAME, METADATA_TYPE, PARENT_METADATA,PARENT_METADATA_NAME, REFERENCE_METADATA, REFERENCE_METADATA_NAME, REFERENCE_METADATA_TYPE)VALUES('761b200ad0d848a98baefd620f982297','ProtectionClassImprovedInd','FIELD','28a61d7effea4851965cd3af118e3ce8','BldgProtection_Type','4ffb0bcc3ec946d1af3ef883f4c3a4e6','Boolean','PRIMITIVE');
INSERT INTO PUBLIC.OBJECT_FIELD_METADATA (ID, NAME, METADATA_TYPE, PARENT_METADATA,PARENT_METADATA_NAME, REFERENCE_METADATA, REFERENCE_METADATA_NAME, REFERENCE_METADATA_TYPE)VALUES('20b0ea20aab34080b999146d68beddc2','SoleUnitInFireDivisionInd','FIELD','28a61d7effea4851965cd3af118e3ce8','BldgProtection_Type','4ffb0bcc3ec946d1af3ef883f4c3a4e6','Boolean','PRIMITIVE');
INSERT INTO PUBLIC.PRIMITIVE_METADATA (ID, NAME, METADATA_TYPE) VALUES('f00bedf0dba749b899b8d10f244e533d','WaterQuantity','PRIMITIVE');
INSERT INTO PUBLIC.OBJECT_FIELD_METADATA (ID, NAME, METADATA_TYPE, PARENT_METADATA,PARENT_METADATA_NAME, REFERENCE_METADATA, REFERENCE_METADATA_NAME, REFERENCE_METADATA_TYPE)VALUES('9e3b1293968243a1a8cddae7bb801b62','WaterQuantityCd','FIELD','28a61d7effea4851965cd3af118e3ce8','BldgProtection_Type','f00bedf0dba749b899b8d10f244e533d','WaterQuantity','PRIMITIVE');
INSERT INTO PUBLIC.OBJECT_FIELD_METADATA (ID, NAME, METADATA_TYPE, PARENT_METADATA,PARENT_METADATA_NAME, REFERENCE_METADATA, REFERENCE_METADATA_NAME, REFERENCE_METADATA_TYPE)VALUES('6ebc92c4330a436a84234da1370836ba','FireExtinguishersLocationDesc','FIELD','28a61d7effea4851965cd3af118e3ce8','BldgProtection_Type','2344631100044813a5126adcfb93e80d','C-255','PRIMITIVE');
INSERT INTO PUBLIC.OBJECT_FIELD_METADATA (ID, NAME, METADATA_TYPE, PARENT_METADATA,PARENT_METADATA_NAME, REFERENCE_METADATA, REFERENCE_METADATA_NAME, REFERENCE_METADATA_TYPE)VALUES('48ed708da2824849855f0ed43fd1f315','ProtectionDeviceBurglarCd','FIELD','28a61d7effea4851965cd3af118e3ce8','BldgProtection_Type','a8e54e9c9cc44519b650ce9d0e76ff39','ProtectionDevice','PRIMITIVE');
INSERT INTO PUBLIC.OBJECT_FIELD_METADATA (ID, NAME, METADATA_TYPE, PARENT_METADATA,PARENT_METADATA_NAME, REFERENCE_METADATA, REFERENCE_METADATA_NAME, REFERENCE_METADATA_TYPE)VALUES('84b167fc4e75450ca4bba62e37d3f44c','OtherProtectionDesc','FIELD','28a61d7effea4851965cd3af118e3ce8','BldgProtection_Type','2344631100044813a5126adcfb93e80d','C-255','PRIMITIVE');
INSERT INTO PUBLIC.OBJECT_METADATA (ID, NAME, METADATA_TYPE, REFERENCE_METADATA, REFERENCE_METADATA_NAME) VALUES('ac065584858646e7912a7274136a1977','KitchenProtectionInfo_Type','OBJECT',null,null);
INSERT INTO PUBLIC.OBJECT_FIELD_METADATA (ID, NAME, METADATA_TYPE, PARENT_METADATA,PARENT_METADATA_NAME, REFERENCE_METADATA, REFERENCE_METADATA_NAME, REFERENCE_METADATA_TYPE)VALUES('63d63afcbcb142a5a6073ae4d838c3a2','HoodsDuctsAllEquipInd','FIELD','ac065584858646e7912a7274136a1977','KitchenProtectionInfo_Type','4ffb0bcc3ec946d1af3ef883f4c3a4e6','Boolean','PRIMITIVE');
INSERT INTO PUBLIC.OBJECT_FIELD_METADATA (ID, NAME, METADATA_TYPE, PARENT_METADATA,PARENT_METADATA_NAME, REFERENCE_METADATA, REFERENCE_METADATA_NAME, REFERENCE_METADATA_TYPE)VALUES('1723ea621b4e45b198aff7c17eb9f25e','AdequateClearanceInd','FIELD','ac065584858646e7912a7274136a1977','KitchenProtectionInfo_Type','4ffb0bcc3ec946d1af3ef883f4c3a4e6','Boolean','PRIMITIVE');
INSERT INTO PUBLIC.OBJECT_FIELD_METADATA (ID, NAME, METADATA_TYPE, PARENT_METADATA,PARENT_METADATA_NAME, REFERENCE_METADATA, REFERENCE_METADATA_NAME, REFERENCE_METADATA_TYPE)VALUES('3508b116fcfe4a3da524bb109d97a3a3','KitchenProtectionInfoExt','FIELD','ac065584858646e7912a7274136a1977','KitchenProtectionInfo_Type',null,null,null);
INSERT INTO PUBLIC.OBJECT_FIELD_METADATA (ID, NAME, METADATA_TYPE, PARENT_METADATA,PARENT_METADATA_NAME, REFERENCE_METADATA, REFERENCE_METADATA_NAME, REFERENCE_METADATA_TYPE)VALUES('f3edf09a061c4172a96fad29592ef118','GasElectricShutOffsInd','FIELD','ac065584858646e7912a7274136a1977','KitchenProtectionInfo_Type','4ffb0bcc3ec946d1af3ef883f4c3a4e6','Boolean','PRIMITIVE');
INSERT INTO PUBLIC.PRIMITIVE_METADATA (ID, NAME, METADATA_TYPE) VALUES('d2bcea2ec87e44a0bae9187f39ef75f0','FireExtinguishingSystemType','PRIMITIVE');
INSERT INTO PUBLIC.OBJECT_FIELD_METADATA (ID, NAME, METADATA_TYPE, PARENT_METADATA,PARENT_METADATA_NAME, REFERENCE_METADATA, REFERENCE_METADATA_NAME, REFERENCE_METADATA_TYPE)VALUES('ea49d78dcb6b469f926806b503e72280','FireExtinguishingSystemTypeCd','FIELD','ac065584858646e7912a7274136a1977','KitchenProtectionInfo_Type','d2bcea2ec87e44a0bae9187f39ef75f0','FireExtinguishingSystemType','PRIMITIVE');
INSERT INTO PUBLIC.OBJECT_FIELD_METADATA (ID, NAME, METADATA_TYPE, PARENT_METADATA,PARENT_METADATA_NAME, REFERENCE_METADATA, REFERENCE_METADATA_NAME, REFERENCE_METADATA_TYPE)VALUES('62f9f0adc0df4443a4127fee4dec219b','FireExtSystemName','FIELD','ac065584858646e7912a7274136a1977','KitchenProtectionInfo_Type','4aa23ceca9374701b7716d432173c7c2','C-50','PRIMITIVE');
INSERT INTO PUBLIC.OBJECT_FIELD_METADATA (ID, NAME, METADATA_TYPE, PARENT_METADATA,PARENT_METADATA_NAME, REFERENCE_METADATA, REFERENCE_METADATA_NAME, REFERENCE_METADATA_TYPE)VALUES('6917f3965b0249e4800ac0203d6fd641','FireExtSystemAllSurfacesInd','FIELD','ac065584858646e7912a7274136a1977','KitchenProtectionInfo_Type','4ffb0bcc3ec946d1af3ef883f4c3a4e6','Boolean','PRIMITIVE');
INSERT INTO PUBLIC.OBJECT_FIELD_METADATA (ID, NAME, METADATA_TYPE, PARENT_METADATA,PARENT_METADATA_NAME, REFERENCE_METADATA, REFERENCE_METADATA_NAME, REFERENCE_METADATA_TYPE)VALUES('58579df8e96946acbea6ab66162599c5','RefrigerationAlarmCd','FIELD','ac065584858646e7912a7274136a1977','KitchenProtectionInfo_Type','f9b5e43d237c438fa2ed247f9e9113c2','AlarmDescription','PRIMITIVE');
INSERT INTO PUBLIC.OBJECT_FIELD_METADATA (ID, NAME, METADATA_TYPE, PARENT_METADATA,PARENT_METADATA_NAME, REFERENCE_METADATA, REFERENCE_METADATA_NAME, REFERENCE_METADATA_TYPE)VALUES('c4700fbc19b945e09e306c10177a088d','FireExtSystemContractInd','FIELD','ac065584858646e7912a7274136a1977','KitchenProtectionInfo_Type','4ffb0bcc3ec946d1af3ef883f4c3a4e6','Boolean','PRIMITIVE');
INSERT INTO PUBLIC.OBJECT_FIELD_METADATA (ID, NAME, METADATA_TYPE, PARENT_METADATA,PARENT_METADATA_NAME, REFERENCE_METADATA, REFERENCE_METADATA_NAME, REFERENCE_METADATA_TYPE)VALUES('12c997a2768b44dabef2941ef4e4692a','FireExtSystemContractSchedule','MODEL_RELATION','ac065584858646e7912a7274136a1977','KitchenProtectionInfo_Type','1df1057b06734b019460d9f8fb0a43b0','MEASUREMENT','OBJECT');
INSERT INTO PUBLIC.OBJECT_FIELD_METADATA (ID, NAME, METADATA_TYPE, PARENT_METADATA,PARENT_METADATA_NAME, REFERENCE_METADATA, REFERENCE_METADATA_NAME, REFERENCE_METADATA_TYPE)VALUES('8134d65781ad4ea79173e2a317505b65','HoodsDuctsContractSchedule','MODEL_RELATION','ac065584858646e7912a7274136a1977','KitchenProtectionInfo_Type','1df1057b06734b019460d9f8fb0a43b0','MEASUREMENT','OBJECT');
INSERT INTO PUBLIC.OBJECT_FIELD_METADATA (ID, NAME, METADATA_TYPE, PARENT_METADATA,PARENT_METADATA_NAME, REFERENCE_METADATA, REFERENCE_METADATA_NAME, REFERENCE_METADATA_TYPE)VALUES('211009a992674390878ed77ec5f468a9','HoodFiltersCleanedWeeklyInd','FIELD','ac065584858646e7912a7274136a1977','KitchenProtectionInfo_Type','4ffb0bcc3ec946d1af3ef883f4c3a4e6','Boolean','PRIMITIVE');
INSERT INTO PUBLIC.OBJECT_FIELD_METADATA (ID, NAME, METADATA_TYPE, PARENT_METADATA,PARENT_METADATA_NAME, REFERENCE_METADATA, REFERENCE_METADATA_NAME, REFERENCE_METADATA_TYPE)VALUES('e88654d02c024d7ba658566f9157c965','BCKFireExtKitchenInd','FIELD','ac065584858646e7912a7274136a1977','KitchenProtectionInfo_Type','4ffb0bcc3ec946d1af3ef883f4c3a4e6','Boolean','PRIMITIVE');
INSERT INTO PUBLIC.OBJECT_FIELD_METADATA (ID, NAME, METADATA_TYPE, PARENT_METADATA,PARENT_METADATA_NAME, REFERENCE_METADATA, REFERENCE_METADATA_NAME, REFERENCE_METADATA_TYPE)VALUES('585ee0d4e336485f83ba4fbe44ba0e76','HoodsDuctsContractInd','FIELD','ac065584858646e7912a7274136a1977','KitchenProtectionInfo_Type','4ffb0bcc3ec946d1af3ef883f4c3a4e6','Boolean','PRIMITIVE');
INSERT INTO PUBLIC.OBJECT_FIELD_METADATA (ID, NAME, METADATA_TYPE, PARENT_METADATA,PARENT_METADATA_NAME, REFERENCE_METADATA, REFERENCE_METADATA_NAME, REFERENCE_METADATA_TYPE)VALUES('153a684094b8419a90a7315e66f8304e','KitchenProtectionInfo','MODEL_RELATION','28a61d7effea4851965cd3af118e3ce8','BldgProtection_Type','ac065584858646e7912a7274136a1977','KitchenProtectionInfo_Type','OBJECT');
INSERT INTO PUBLIC.OBJECT_FIELD_METADATA (ID, NAME, METADATA_TYPE, PARENT_METADATA,PARENT_METADATA_NAME, REFERENCE_METADATA, REFERENCE_METADATA_NAME, REFERENCE_METADATA_TYPE)VALUES('167c7b910ec3456580d1db6ad6f84d3d','SprinkleredPct','FIELD','28a61d7effea4851965cd3af118e3ce8','BldgProtection_Type','42787ecf7ebe44bdb047ebe0f2268d21','PercentLong','PRIMITIVE');
INSERT INTO PUBLIC.OBJECT_FIELD_METADATA (ID, NAME, METADATA_TYPE, PARENT_METADATA,PARENT_METADATA_NAME, REFERENCE_METADATA, REFERENCE_METADATA_NAME, REFERENCE_METADATA_TYPE)VALUES('bc65ff3e6eff4574b4877f6dbba74050','NumUnitsInFireDivisions','FIELD','28a61d7effea4851965cd3af118e3ce8','BldgProtection_Type','838cab4e48a54d0bb23ca5ea9db454ab','Long','PRIMITIVE');
INSERT INTO PUBLIC.OBJECT_FIELD_METADATA (ID, NAME, METADATA_TYPE, PARENT_METADATA,PARENT_METADATA_NAME, REFERENCE_METADATA, REFERENCE_METADATA_NAME, REFERENCE_METADATA_TYPE)VALUES('ca6d9ae66b8a41c4b691956acdc5a263','BldgProtection','MODEL_RELATION','ae038e2680b54264a028cc35f3564c72','StructureAddition_Type','28a61d7effea4851965cd3af118e3ce8','BldgProtection_Type','OBJECT');
INSERT INTO PUBLIC.OBJECT_FIELD_METADATA (ID, NAME, METADATA_TYPE, PARENT_METADATA,PARENT_METADATA_NAME, REFERENCE_METADATA, REFERENCE_METADATA_NAME, REFERENCE_METADATA_TYPE)VALUES('4c3ea6da5cc847869d592002ecab9d66','HeatingUnitInfo','MODEL_RELATION','ae038e2680b54264a028cc35f3564c72','StructureAddition_Type','6415ad11f93b46948e393c6a49a497ec','HeatingUnitInfo_Type','OBJECT');
INSERT INTO PUBLIC.OBJECT_FIELD_METADATA (ID, NAME, METADATA_TYPE, PARENT_METADATA,PARENT_METADATA_NAME, REFERENCE_METADATA, REFERENCE_METADATA_NAME, REFERENCE_METADATA_TYPE)VALUES('5bbb64a6085b49ba82ae77201c34e7c3','InspectionInfo','MODEL_RELATION','ae038e2680b54264a028cc35f3564c72','StructureAddition_Type','18eb9d0ffdad4e7e891e3297da8c3986','InspectionInfo_Type','OBJECT');
INSERT INTO PUBLIC.OBJECT_FIELD_METADATA (ID, NAME, METADATA_TYPE, PARENT_METADATA,PARENT_METADATA_NAME, REFERENCE_METADATA, REFERENCE_METADATA_NAME, REFERENCE_METADATA_TYPE)VALUES('3d796343870a4dd09e46d39d0ea9dade','AlarmAndSecurity','MODEL_RELATION','ae038e2680b54264a028cc35f3564c72','StructureAddition_Type','ddc71afcd2764fd69a8ed87e5449ce50','AlarmAndSecurity_Type','OBJECT');
INSERT INTO PUBLIC.OBJECT_METADATA (ID, NAME, METADATA_TYPE, REFERENCE_METADATA, REFERENCE_METADATA_NAME) VALUES('1a5e6708c5e6430f8653d356943bc215','StorageTankInfo_Type','OBJECT',null,null);
INSERT INTO PUBLIC.OBJECT_FIELD_METADATA (ID, NAME, METADATA_TYPE, PARENT_METADATA,PARENT_METADATA_NAME, REFERENCE_METADATA, REFERENCE_METADATA_NAME, REFERENCE_METADATA_TYPE)VALUES('b0a6304aa369463fa52ec3ac6e5ac69b','AboveGroundInd','FIELD','1a5e6708c5e6430f8653d356943bc215','StorageTankInfo_Type','4ffb0bcc3ec946d1af3ef883f4c3a4e6','Boolean','PRIMITIVE');
INSERT INTO PUBLIC.OBJECT_FIELD_METADATA (ID, NAME, METADATA_TYPE, PARENT_METADATA,PARENT_METADATA_NAME, REFERENCE_METADATA, REFERENCE_METADATA_NAME, REFERENCE_METADATA_TYPE)VALUES('816556b0228d4727a95f8c445bee75b9','IndoorInd','FIELD','1a5e6708c5e6430f8653d356943bc215','StorageTankInfo_Type','4ffb0bcc3ec946d1af3ef883f4c3a4e6','Boolean','PRIMITIVE');
INSERT INTO PUBLIC.PRIMITIVE_METADATA (ID, NAME, METADATA_TYPE) VALUES('c46969eeab604353a90e219dc34f02f9','ContentType','PRIMITIVE');
INSERT INTO PUBLIC.OBJECT_FIELD_METADATA (ID, NAME, METADATA_TYPE, PARENT_METADATA,PARENT_METADATA_NAME, REFERENCE_METADATA, REFERENCE_METADATA_NAME, REFERENCE_METADATA_TYPE)VALUES('8623d063b90e478a81cebae5e95a3572','ContentCd','FIELD','1a5e6708c5e6430f8653d356943bc215','StorageTankInfo_Type','c46969eeab604353a90e219dc34f02f9','ContentType','PRIMITIVE');
INSERT INTO PUBLIC.OBJECT_FIELD_METADATA (ID, NAME, METADATA_TYPE, PARENT_METADATA,PARENT_METADATA_NAME, REFERENCE_METADATA, REFERENCE_METADATA_NAME, REFERENCE_METADATA_TYPE)VALUES('f19210961b4e439cb141c11f5c1597f2','MobileInd','FIELD','1a5e6708c5e6430f8653d356943bc215','StorageTankInfo_Type','4ffb0bcc3ec946d1af3ef883f4c3a4e6','Boolean','PRIMITIVE');
INSERT INTO PUBLIC.OBJECT_FIELD_METADATA (ID, NAME, METADATA_TYPE, PARENT_METADATA,PARENT_METADATA_NAME, REFERENCE_METADATA, REFERENCE_METADATA_NAME, REFERENCE_METADATA_TYPE)VALUES('cfcb7e94ff3c41adae81fa18a1090f2f','DikedInd','FIELD','1a5e6708c5e6430f8653d356943bc215','StorageTankInfo_Type','4ffb0bcc3ec946d1af3ef883f4c3a4e6','Boolean','PRIMITIVE');
INSERT INTO PUBLIC.OBJECT_FIELD_METADATA (ID, NAME, METADATA_TYPE, PARENT_METADATA,PARENT_METADATA_NAME, REFERENCE_METADATA, REFERENCE_METADATA_NAME, REFERENCE_METADATA_TYPE)VALUES('a42841547a58439da96cc6e24aed8646','ContentDesc','FIELD','1a5e6708c5e6430f8653d356943bc215','StorageTankInfo_Type','2344631100044813a5126adcfb93e80d','C-255','PRIMITIVE');
INSERT INTO PUBLIC.OBJECT_FIELD_METADATA (ID, NAME, METADATA_TYPE, PARENT_METADATA,PARENT_METADATA_NAME, REFERENCE_METADATA, REFERENCE_METADATA_NAME, REFERENCE_METADATA_TYPE)VALUES('c09f96c04f804f83ad00cc98a8f7e93c','StorageTankInfoExt','FIELD','1a5e6708c5e6430f8653d356943bc215','StorageTankInfo_Type',null,null,null);
INSERT INTO PUBLIC.OBJECT_FIELD_METADATA (ID, NAME, METADATA_TYPE, PARENT_METADATA,PARENT_METADATA_NAME, REFERENCE_METADATA, REFERENCE_METADATA_NAME, REFERENCE_METADATA_TYPE)VALUES('ef70977d067342519d950c6adfe49478','StorageTankInfo','MODEL_RELATION','ae038e2680b54264a028cc35f3564c72','StructureAddition_Type','1a5e6708c5e6430f8653d356943bc215','StorageTankInfo_Type','OBJECT');
INSERT INTO PUBLIC.OBJECT_FIELD_METADATA (ID, NAME, METADATA_TYPE, PARENT_METADATA,PARENT_METADATA_NAME, REFERENCE_METADATA, REFERENCE_METADATA_NAME, REFERENCE_METADATA_TYPE)VALUES('da0c1cfe43854b088a0c2f9b6e29cb80','StructureUseDesc','FIELD','ae038e2680b54264a028cc35f3564c72','StructureAddition_Type','2344631100044813a5126adcfb93e80d','C-255','PRIMITIVE');
INSERT INTO PUBLIC.OBJECT_FIELD_METADATA (ID, NAME, METADATA_TYPE, PARENT_METADATA,PARENT_METADATA_NAME, REFERENCE_METADATA, REFERENCE_METADATA_NAME, REFERENCE_METADATA_TYPE)VALUES('8cc0141f560840dba21101314752715f','Length','MODEL_RELATION','ae038e2680b54264a028cc35f3564c72','StructureAddition_Type','1df1057b06734b019460d9f8fb0a43b0','MEASUREMENT','OBJECT');
INSERT INTO PUBLIC.OBJECT_FIELD_METADATA (ID, NAME, METADATA_TYPE, PARENT_METADATA,PARENT_METADATA_NAME, REFERENCE_METADATA, REFERENCE_METADATA_NAME, REFERENCE_METADATA_TYPE)VALUES('321878ee555f4e5ea684ce76f4ce8bc6','BldgExposures','MODEL_RELATION','ae038e2680b54264a028cc35f3564c72','StructureAddition_Type','7ce56e29eb1541f482fa92121cbe7b75','PROXIMITY','OBJECT');
INSERT INTO PUBLIC.OBJECT_FIELD_METADATA (ID, NAME, METADATA_TYPE, PARENT_METADATA,PARENT_METADATA_NAME, REFERENCE_METADATA, REFERENCE_METADATA_NAME, REFERENCE_METADATA_TYPE)VALUES('61154f3458e1488ea1870af8c7603903','StructureDesc','FIELD','ae038e2680b54264a028cc35f3564c72','StructureAddition_Type','2344631100044813a5126adcfb93e80d','C-255','PRIMITIVE');
INSERT INTO PUBLIC.OBJECT_FIELD_METADATA (ID, NAME, METADATA_TYPE, PARENT_METADATA,PARENT_METADATA_NAME, REFERENCE_METADATA, REFERENCE_METADATA_NAME, REFERENCE_METADATA_TYPE)VALUES('f757033556284f83a69070f85592e994','Height','MODEL_RELATION','ae038e2680b54264a028cc35f3564c72','StructureAddition_Type','1df1057b06734b019460d9f8fb0a43b0','MEASUREMENT','OBJECT');
INSERT INTO PUBLIC.OBJECT_FIELD_METADATA (ID, NAME, METADATA_TYPE, PARENT_METADATA,PARENT_METADATA_NAME, REFERENCE_METADATA, REFERENCE_METADATA_NAME, REFERENCE_METADATA_TYPE)VALUES('b856b14d956b4873aee45f382cd520e1','StructureConditionCd','FIELD','ae038e2680b54264a028cc35f3564c72','StructureAddition_Type','ab52e3c8ac834f0698679d12e81aa2fe','StructureCondition','PRIMITIVE');
INSERT INTO PUBLIC.OBJECT_FIELD_METADATA (ID, NAME, METADATA_TYPE, PARENT_METADATA,PARENT_METADATA_NAME, REFERENCE_METADATA, REFERENCE_METADATA_NAME, REFERENCE_METADATA_TYPE)VALUES('c457f76b20734fc6a8167b182d280f4b','ItemIdInfo','MODEL_RELATION','ae038e2680b54264a028cc35f3564c72','StructureAddition_Type','ba3be0e0317741b08f872c1fca47ad8f','ItemIdInfo_Type','OBJECT');
INSERT INTO PUBLIC.OBJECT_FIELD_METADATA (ID, NAME, METADATA_TYPE, PARENT_METADATA,PARENT_METADATA_NAME, REFERENCE_METADATA, REFERENCE_METADATA_NAME, REFERENCE_METADATA_TYPE)VALUES('3b3820e26df141efbbae1b4853ae1ba8','StructureAdditionExt','FIELD','ae038e2680b54264a028cc35f3564c72','StructureAddition_Type',null,null,null);
INSERT INTO PUBLIC.OBJECT_FIELD_METADATA (ID, NAME, METADATA_TYPE, PARENT_METADATA,PARENT_METADATA_NAME, REFERENCE_METADATA, REFERENCE_METADATA_NAME, REFERENCE_METADATA_TYPE)VALUES('8c178bf305c04507a6d5e9ca938d9f35','Width','MODEL_RELATION','ae038e2680b54264a028cc35f3564c72','StructureAddition_Type','1df1057b06734b019460d9f8fb0a43b0','MEASUREMENT','OBJECT');
INSERT INTO PUBLIC.OBJECT_FIELD_METADATA (ID, NAME, METADATA_TYPE, PARENT_METADATA,PARENT_METADATA_NAME, REFERENCE_METADATA, REFERENCE_METADATA_NAME, REFERENCE_METADATA_TYPE)VALUES('f47dac6c39a546c2a90618067f86ceed','BldgImprovements','MODEL_RELATION','ae038e2680b54264a028cc35f3564c72','StructureAddition_Type','ff19cc90fdef466c857168b470329a3d','BldgImprovements_Type','OBJECT');
INSERT INTO PUBLIC.OBJECT_FIELD_METADATA (ID, NAME, METADATA_TYPE, PARENT_METADATA,PARENT_METADATA_NAME, REFERENCE_METADATA, REFERENCE_METADATA_NAME, REFERENCE_METADATA_TYPE)VALUES('2deb57aa1fec4c198104bb00b76d2e32','StructureAddition','MODEL_RELATION','51f68bf3e57d485c99c932b395cef87f','MobileHome_Type','ae038e2680b54264a028cc35f3564c72','StructureAddition_Type','OBJECT');
INSERT INTO PUBLIC.PRIMITIVE_METADATA (ID, NAME, METADATA_TYPE) VALUES('737820cca6a044b38077a53268ccbe46','TieDownStraps','PRIMITIVE');
INSERT INTO PUBLIC.OBJECT_FIELD_METADATA (ID, NAME, METADATA_TYPE, PARENT_METADATA,PARENT_METADATA_NAME, REFERENCE_METADATA, REFERENCE_METADATA_NAME, REFERENCE_METADATA_TYPE)VALUES('4d733f34fe7f435fa8de80e3b24de8e4','TieDownStrapsCd','FIELD','51f68bf3e57d485c99c932b395cef87f','MobileHome_Type','737820cca6a044b38077a53268ccbe46','TieDownStraps','PRIMITIVE');
INSERT INTO PUBLIC.OBJECT_FIELD_METADATA (ID, NAME, METADATA_TYPE, PARENT_METADATA,PARENT_METADATA_NAME, REFERENCE_METADATA, REFERENCE_METADATA_NAME, REFERENCE_METADATA_TYPE)VALUES('8c7daff857744dc09c004a468027ad64','MiscParty','MODEL_RELATION','51f68bf3e57d485c99c932b395cef87f','MobileHome_Type','0a76585a8ae342d897387f29800d50c8','MiscParty_Type','OBJECT');
INSERT INTO PUBLIC.OBJECT_FIELD_METADATA (ID, NAME, METADATA_TYPE, PARENT_METADATA,PARENT_METADATA_NAME, REFERENCE_METADATA, REFERENCE_METADATA_NAME, REFERENCE_METADATA_TYPE)VALUES('b9606e5965024df09783b39a875f9d00','NumPermSpacesMobileHomePark','FIELD','51f68bf3e57d485c99c932b395cef87f','MobileHome_Type','838cab4e48a54d0bb23ca5ea9db454ab','Long','PRIMITIVE');
INSERT INTO PUBLIC.OBJECT_FIELD_METADATA (ID, NAME, METADATA_TYPE, PARENT_METADATA,PARENT_METADATA_NAME, REFERENCE_METADATA, REFERENCE_METADATA_NAME, REFERENCE_METADATA_TYPE)VALUES('6cd96c93ba014eb698d8a5e8fed1b4d5','ContentsValueAmt','MODEL_RELATION','51f68bf3e57d485c99c932b395cef87f','MobileHome_Type','4fa89203e94a4637baa0484d19b460c5','CURRENCY','OBJECT');
INSERT INTO PUBLIC.OBJECT_FIELD_METADATA (ID, NAME, METADATA_TYPE, PARENT_METADATA,PARENT_METADATA_NAME, REFERENCE_METADATA, REFERENCE_METADATA_NAME, REFERENCE_METADATA_TYPE)VALUES('b8198c3520294b1680c3a3b8384d6376','NumTieDownsLeft','FIELD','51f68bf3e57d485c99c932b395cef87f','MobileHome_Type','838cab4e48a54d0bb23ca5ea9db454ab','Long','PRIMITIVE');
INSERT INTO PUBLIC.OBJECT_FIELD_METADATA (ID, NAME, METADATA_TYPE, PARENT_METADATA,PARENT_METADATA_NAME, REFERENCE_METADATA, REFERENCE_METADATA_NAME, REFERENCE_METADATA_TYPE)VALUES('9ef6815ca9fb4b38b0f21a67e38168c8','PermanentConnectionToSewerInd','FIELD','51f68bf3e57d485c99c932b395cef87f','MobileHome_Type','4ffb0bcc3ec946d1af3ef883f4c3a4e6','Boolean','PRIMITIVE');
INSERT INTO PUBLIC.OBJECT_FIELD_METADATA (ID, NAME, METADATA_TYPE, PARENT_METADATA,PARENT_METADATA_NAME, REFERENCE_METADATA, REFERENCE_METADATA_NAME, REFERENCE_METADATA_TYPE)VALUES('3259d6017423422bb320b5c20fa918a7','Width','MODEL_RELATION','51f68bf3e57d485c99c932b395cef87f','MobileHome_Type','1df1057b06734b019460d9f8fb0a43b0','MEASUREMENT','OBJECT');
INSERT INTO PUBLIC.OBJECT_FIELD_METADATA (ID, NAME, METADATA_TYPE, PARENT_METADATA,PARENT_METADATA_NAME, REFERENCE_METADATA, REFERENCE_METADATA_NAME, REFERENCE_METADATA_TYPE)VALUES('44fc3b18738144d59e90c83bce02f620','InstallationDt','FIELD','51f68bf3e57d485c99c932b395cef87f','MobileHome_Type','3b0a2ca6cf3a4fb19718e35aa60287cd','Date','PRIMITIVE');
INSERT INTO PUBLIC.OBJECT_FIELD_METADATA (ID, NAME, METADATA_TYPE, PARENT_METADATA,PARENT_METADATA_NAME, REFERENCE_METADATA, REFERENCE_METADATA_NAME, REFERENCE_METADATA_TYPE)VALUES('aa079482c5c945fda5e369d2fd6502bc','MobileHomeParkCd','FIELD','51f68bf3e57d485c99c932b395cef87f','MobileHome_Type','6240ce877a244a73a1253961131c6cc9','IndustryCode_Type','PRIMITIVE');
INSERT INTO PUBLIC.OBJECT_FIELD_METADATA (ID, NAME, METADATA_TYPE, PARENT_METADATA,PARENT_METADATA_NAME, REFERENCE_METADATA, REFERENCE_METADATA_NAME, REFERENCE_METADATA_TYPE)VALUES('2feab2820426475fb0471194a15cef5b','NumStrapsRoof','FIELD','51f68bf3e57d485c99c932b395cef87f','MobileHome_Type','838cab4e48a54d0bb23ca5ea9db454ab','Long','PRIMITIVE');
INSERT INTO PUBLIC.OBJECT_FIELD_METADATA (ID, NAME, METADATA_TYPE, PARENT_METADATA,PARENT_METADATA_NAME, REFERENCE_METADATA, REFERENCE_METADATA_NAME, REFERENCE_METADATA_TYPE)VALUES('eeb9632534aa41be807544246371b424','MobileHomeParkEstablishedDt','FIELD','51f68bf3e57d485c99c932b395cef87f','MobileHome_Type','3b0a2ca6cf3a4fb19718e35aa60287cd','Date','PRIMITIVE');
INSERT INTO PUBLIC.OBJECT_FIELD_METADATA (ID, NAME, METADATA_TYPE, PARENT_METADATA,PARENT_METADATA_NAME, REFERENCE_METADATA, REFERENCE_METADATA_NAME, REFERENCE_METADATA_TYPE)VALUES('e1812079f1c24cb5873a2dbf21556446','CostNewAmt','MODEL_RELATION','51f68bf3e57d485c99c932b395cef87f','MobileHome_Type','4fa89203e94a4637baa0484d19b460c5','CURRENCY','OBJECT');
INSERT INTO PUBLIC.OBJECT_FIELD_METADATA (ID, NAME, METADATA_TYPE, PARENT_METADATA,PARENT_METADATA_NAME, REFERENCE_METADATA, REFERENCE_METADATA_NAME, REFERENCE_METADATA_TYPE)VALUES('bb4bbaae4b4b49288f9d67ef3ee12240','PermanentConnectionToElectricInd','FIELD','51f68bf3e57d485c99c932b395cef87f','MobileHome_Type','4ffb0bcc3ec946d1af3ef883f4c3a4e6','Boolean','PRIMITIVE');
INSERT INTO PUBLIC.PRIMITIVE_METADATA (ID, NAME, METADATA_TYPE) VALUES('ab2aeccac96444298813704b8670d7c0','TieDown','PRIMITIVE');
INSERT INTO PUBLIC.OBJECT_FIELD_METADATA (ID, NAME, METADATA_TYPE, PARENT_METADATA,PARENT_METADATA_NAME, REFERENCE_METADATA, REFERENCE_METADATA_NAME, REFERENCE_METADATA_TYPE)VALUES('66365e29e76845c0967fd9824cdd9bfa','TieDownCd','FIELD','51f68bf3e57d485c99c932b395cef87f','MobileHome_Type','ab2aeccac96444298813704b8670d7c0','TieDown','PRIMITIVE');
INSERT INTO PUBLIC.OBJECT_FIELD_METADATA (ID, NAME, METADATA_TYPE, PARENT_METADATA,PARENT_METADATA_NAME, REFERENCE_METADATA, REFERENCE_METADATA_NAME, REFERENCE_METADATA_TYPE)VALUES('4a11bb6c4c894cc5b0a7222181cb738c','MobileHomeInParkInd','FIELD','51f68bf3e57d485c99c932b395cef87f','MobileHome_Type','4ffb0bcc3ec946d1af3ef883f4c3a4e6','Boolean','PRIMITIVE');
INSERT INTO PUBLIC.OBJECT_FIELD_METADATA (ID, NAME, METADATA_TYPE, PARENT_METADATA,PARENT_METADATA_NAME, REFERENCE_METADATA, REFERENCE_METADATA_NAME, REFERENCE_METADATA_TYPE)VALUES('914599d31a7e4fc6a449914eb0853700','Length','MODEL_RELATION','51f68bf3e57d485c99c932b395cef87f','MobileHome_Type','1df1057b06734b019460d9f8fb0a43b0','MEASUREMENT','OBJECT');
INSERT INTO PUBLIC.OBJECT_FIELD_METADATA (ID, NAME, METADATA_TYPE, PARENT_METADATA,PARENT_METADATA_NAME, REFERENCE_METADATA, REFERENCE_METADATA_NAME, REFERENCE_METADATA_TYPE)VALUES('a28a2e811fb94a01b10f20d6614efc7c','MobileTrailerHomeSkirtedInd','FIELD','51f68bf3e57d485c99c932b395cef87f','MobileHome_Type','4ffb0bcc3ec946d1af3ef883f4c3a4e6','Boolean','PRIMITIVE');
INSERT INTO PUBLIC.OBJECT_FIELD_METADATA (ID, NAME, METADATA_TYPE, PARENT_METADATA,PARENT_METADATA_NAME, REFERENCE_METADATA, REFERENCE_METADATA_NAME, REFERENCE_METADATA_TYPE)VALUES('578a287e62cf4cdd9a618a19011a3ef6','PurchasedNewInd','FIELD','51f68bf3e57d485c99c932b395cef87f','MobileHome_Type','4ffb0bcc3ec946d1af3ef883f4c3a4e6','Boolean','PRIMITIVE');
INSERT INTO PUBLIC.OBJECT_FIELD_METADATA (ID, NAME, METADATA_TYPE, PARENT_METADATA,PARENT_METADATA_NAME, REFERENCE_METADATA, REFERENCE_METADATA_NAME, REFERENCE_METADATA_TYPE)VALUES('8ede0c8e5dd14b7aaa988fc58b5dfe65','PermanentConnectionToWaterInd','FIELD','51f68bf3e57d485c99c932b395cef87f','MobileHome_Type','4ffb0bcc3ec946d1af3ef883f4c3a4e6','Boolean','PRIMITIVE');
INSERT INTO PUBLIC.OBJECT_FIELD_METADATA (ID, NAME, METADATA_TYPE, PARENT_METADATA,PARENT_METADATA_NAME, REFERENCE_METADATA, REFERENCE_METADATA_NAME, REFERENCE_METADATA_TYPE)VALUES('28f3ffac7dd844ab815def6303e86907','NumBedrooms','FIELD','51f68bf3e57d485c99c932b395cef87f','MobileHome_Type','838cab4e48a54d0bb23ca5ea9db454ab','Long','PRIMITIVE');
INSERT INTO PUBLIC.OBJECT_FIELD_METADATA (ID, NAME, METADATA_TYPE, PARENT_METADATA,PARENT_METADATA_NAME, REFERENCE_METADATA, REFERENCE_METADATA_NAME, REFERENCE_METADATA_TYPE)VALUES('40fde7a6b67d412e8f213b63717431e7','MobileHome','MODEL_RELATION','4e26027ebc964bf2b9794c16adccd3cf','Dwell_Type','51f68bf3e57d485c99c932b395cef87f','MobileHome_Type','OBJECT');
INSERT INTO PUBLIC.OBJECT_FIELD_METADATA (ID, NAME, METADATA_TYPE, PARENT_METADATA,PARENT_METADATA_NAME, REFERENCE_METADATA, REFERENCE_METADATA_NAME, REFERENCE_METADATA_TYPE)VALUES('34273c56ebcb4acbb3997d14d830f238','NumOtherStructures','FIELD','4e26027ebc964bf2b9794c16adccd3cf','Dwell_Type','838cab4e48a54d0bb23ca5ea9db454ab','Long','PRIMITIVE');
INSERT INTO PUBLIC.OBJECT_FIELD_METADATA (ID, NAME, METADATA_TYPE, PARENT_METADATA,PARENT_METADATA_NAME, REFERENCE_METADATA, REFERENCE_METADATA_NAME, REFERENCE_METADATA_TYPE)VALUES('10811e0cc695491f9f98e17e938de86b','Construction','MODEL_RELATION','4e26027ebc964bf2b9794c16adccd3cf','Dwell_Type','66b2df29282548888a6c5122221caafe','Construction_Type','OBJECT');
INSERT INTO PUBLIC.PRIMITIVE_METADATA (ID, NAME, METADATA_TYPE) VALUES('11e0293426cf42918270b143f1ec50e9','PlumbingType','PRIMITIVE');
INSERT INTO PUBLIC.OBJECT_FIELD_METADATA (ID, NAME, METADATA_TYPE, PARENT_METADATA,PARENT_METADATA_NAME, REFERENCE_METADATA, REFERENCE_METADATA_NAME, REFERENCE_METADATA_TYPE)VALUES('7e6761f6bd124a8b848b8d2290bbfc89','PlumbingTypeCd','FIELD','4e26027ebc964bf2b9794c16adccd3cf','Dwell_Type','11e0293426cf42918270b143f1ec50e9','PlumbingType','PRIMITIVE');
INSERT INTO PUBLIC.OBJECT_FIELD_METADATA (ID, NAME, METADATA_TYPE, PARENT_METADATA,PARENT_METADATA_NAME, REFERENCE_METADATA, REFERENCE_METADATA_NAME, REFERENCE_METADATA_TYPE)VALUES('939defb8b5c84608a19148633c0b057f','FloorUnitLocated','FIELD','4e26027ebc964bf2b9794c16adccd3cf','Dwell_Type','838cab4e48a54d0bb23ca5ea9db454ab','Long','PRIMITIVE');
INSERT INTO PUBLIC.OBJECT_FIELD_METADATA (ID, NAME, METADATA_TYPE, PARENT_METADATA,PARENT_METADATA_NAME, REFERENCE_METADATA, REFERENCE_METADATA_NAME, REFERENCE_METADATA_TYPE)VALUES('79a902dc49c94e91a70b96d278025344','SafetyNetInd','FIELD','4e26027ebc964bf2b9794c16adccd3cf','Dwell_Type','4ffb0bcc3ec946d1af3ef883f4c3a4e6','Boolean','PRIMITIVE');
INSERT INTO PUBLIC.OBJECT_FIELD_METADATA (ID, NAME, METADATA_TYPE, PARENT_METADATA,PARENT_METADATA_NAME, REFERENCE_METADATA, REFERENCE_METADATA_NAME, REFERENCE_METADATA_TYPE)VALUES('2db481c2bdd64352b62310099f0c5c80','HousekeepingConditionCd','FIELD','4e26027ebc964bf2b9794c16adccd3cf','Dwell_Type','7b7fc008d69947e589c856bb3e5e7828','HousekeepingCondition','PRIMITIVE');
INSERT INTO PUBLIC.OBJECT_FIELD_METADATA (ID, NAME, METADATA_TYPE, PARENT_METADATA,PARENT_METADATA_NAME, REFERENCE_METADATA, REFERENCE_METADATA_NAME, REFERENCE_METADATA_TYPE)VALUES('26163010af1b4595a8c8b7b8958850aa','HillsideIncline','MODEL_RELATION','4e26027ebc964bf2b9794c16adccd3cf','Dwell_Type','1df1057b06734b019460d9f8fb0a43b0','MEASUREMENT','OBJECT');
INSERT INTO PUBLIC.OBJECT_FIELD_METADATA (ID, NAME, METADATA_TYPE, PARENT_METADATA,PARENT_METADATA_NAME, REFERENCE_METADATA, REFERENCE_METADATA_NAME, REFERENCE_METADATA_TYPE)VALUES('babd0ce42a8843d99742f665d67d21a7','NeighborhoodCd','FIELD','4e26027ebc964bf2b9794c16adccd3cf','Dwell_Type','45246dcfdc2c43918cf3ae5ca95b1b49','LocationType','PRIMITIVE');
INSERT INTO PUBLIC.OBJECT_METADATA (ID, NAME, METADATA_TYPE, REFERENCE_METADATA, REFERENCE_METADATA_NAME) VALUES('ee06b9a931bb4be1bda65591ae2c3de5','DwellRating_Type','OBJECT',null,null);
INSERT INTO PUBLIC.OBJECT_FIELD_METADATA (ID, NAME, METADATA_TYPE, PARENT_METADATA,PARENT_METADATA_NAME, REFERENCE_METADATA, REFERENCE_METADATA_NAME, REFERENCE_METADATA_TYPE)VALUES('32a19c96e4b3443dbaac02ad14c79b66','PremiumGroup','FIELD','ee06b9a931bb4be1bda65591ae2c3de5','DwellRating_Type','838cab4e48a54d0bb23ca5ea9db454ab','Long','PRIMITIVE');
INSERT INTO PUBLIC.OBJECT_FIELD_METADATA (ID, NAME, METADATA_TYPE, PARENT_METADATA,PARENT_METADATA_NAME, REFERENCE_METADATA, REFERENCE_METADATA_NAME, REFERENCE_METADATA_TYPE)VALUES('c6fc644524c94a5ab774564673a097e1','FireECRate','FIELD','ee06b9a931bb4be1bda65591ae2c3de5','DwellRating_Type','c896845db6f640c6bf65093333a64c69','Decimal','PRIMITIVE');
INSERT INTO PUBLIC.OBJECT_FIELD_METADATA (ID, NAME, METADATA_TYPE, PARENT_METADATA,PARENT_METADATA_NAME, REFERENCE_METADATA, REFERENCE_METADATA_NAME, REFERENCE_METADATA_TYPE)VALUES('b14a40df95e34c54a2a74ac89345a35e','OLAndTCd','FIELD','ee06b9a931bb4be1bda65591ae2c3de5','DwellRating_Type','6240ce877a244a73a1253961131c6cc9','IndustryCode_Type','PRIMITIVE');
INSERT INTO PUBLIC.PRIMITIVE_METADATA (ID, NAME, METADATA_TYPE) VALUES('b59f0e987d2a49859beea4e4a092cf75','HomeownersRatingCredit','PRIMITIVE');
INSERT INTO PUBLIC.OBJECT_FIELD_METADATA (ID, NAME, METADATA_TYPE, PARENT_METADATA,PARENT_METADATA_NAME, REFERENCE_METADATA, REFERENCE_METADATA_NAME, REFERENCE_METADATA_TYPE)VALUES('1c12a2d74fdb4b1a9bdf1f45a1ad5af3','HomeRatingCreditCd','FIELD','ee06b9a931bb4be1bda65591ae2c3de5','DwellRating_Type','b59f0e987d2a49859beea4e4a092cf75','HomeownersRatingCredit','PRIMITIVE');
INSERT INTO PUBLIC.OBJECT_FIELD_METADATA (ID, NAME, METADATA_TYPE, PARENT_METADATA,PARENT_METADATA_NAME, REFERENCE_METADATA, REFERENCE_METADATA_NAME, REFERENCE_METADATA_TYPE)VALUES('15f5fa724acc43bda3c3b397b10f4e23','DwellRatingExt','FIELD','ee06b9a931bb4be1bda65591ae2c3de5','DwellRating_Type',null,null,null);
INSERT INTO PUBLIC.OBJECT_FIELD_METADATA (ID, NAME, METADATA_TYPE, PARENT_METADATA,PARENT_METADATA_NAME, REFERENCE_METADATA, REFERENCE_METADATA_NAME, REFERENCE_METADATA_TYPE)VALUES('1a9a8ff392c342608b4ba77f762dde93','ECPremiumGroup','FIELD','ee06b9a931bb4be1bda65591ae2c3de5','DwellRating_Type','838cab4e48a54d0bb23ca5ea9db454ab','Long','PRIMITIVE');
INSERT INTO PUBLIC.OBJECT_FIELD_METADATA (ID, NAME, METADATA_TYPE, PARENT_METADATA,PARENT_METADATA_NAME, REFERENCE_METADATA, REFERENCE_METADATA_NAME, REFERENCE_METADATA_TYPE)VALUES('b048bd8040474e0290b54f759fd9d8d3','CrimeIndexCd','FIELD','ee06b9a931bb4be1bda65591ae2c3de5','DwellRating_Type','6240ce877a244a73a1253961131c6cc9','IndustryCode_Type','PRIMITIVE');
INSERT INTO PUBLIC.OBJECT_FIELD_METADATA (ID, NAME, METADATA_TYPE, PARENT_METADATA,PARENT_METADATA_NAME, REFERENCE_METADATA, REFERENCE_METADATA_NAME, REFERENCE_METADATA_TYPE)VALUES('67c78dde96f14057a098d44108c9d980','TerritoryCd','FIELD','ee06b9a931bb4be1bda65591ae2c3de5','DwellRating_Type','6240ce877a244a73a1253961131c6cc9','IndustryCode_Type','PRIMITIVE');
INSERT INTO PUBLIC.OBJECT_FIELD_METADATA (ID, NAME, METADATA_TYPE, PARENT_METADATA,PARENT_METADATA_NAME, REFERENCE_METADATA, REFERENCE_METADATA_NAME, REFERENCE_METADATA_TYPE)VALUES('c8c1f5b8b47b43aba29302b691657758','ClassSpecificRatedCd','FIELD','ee06b9a931bb4be1bda65591ae2c3de5','DwellRating_Type','a8b24689d86143048786d25a74e8a98b','ClassSpecificRatedIndicator','PRIMITIVE');
INSERT INTO PUBLIC.PRIMITIVE_METADATA (ID, NAME, METADATA_TYPE) VALUES('3bf6ee289f9e425894d1816325057ba1','WindClass','PRIMITIVE');
INSERT INTO PUBLIC.OBJECT_FIELD_METADATA (ID, NAME, METADATA_TYPE, PARENT_METADATA,PARENT_METADATA_NAME, REFERENCE_METADATA, REFERENCE_METADATA_NAME, REFERENCE_METADATA_TYPE)VALUES('1c77fc90d8974189b93ce2c898920764','WindClassCd','FIELD','ee06b9a931bb4be1bda65591ae2c3de5','DwellRating_Type','3bf6ee289f9e425894d1816325057ba1','WindClass','PRIMITIVE');
INSERT INTO PUBLIC.OBJECT_FIELD_METADATA (ID, NAME, METADATA_TYPE, PARENT_METADATA,PARENT_METADATA_NAME, REFERENCE_METADATA, REFERENCE_METADATA_NAME, REFERENCE_METADATA_TYPE)VALUES('020a86b79ee24de0be31fa5fc0d3a02d','DwellRating','MODEL_RELATION','4e26027ebc964bf2b9794c16adccd3cf','Dwell_Type','ee06b9a931bb4be1bda65591ae2c3de5','DwellRating_Type','OBJECT');
INSERT INTO PUBLIC.OBJECT_METADATA (ID, NAME, METADATA_TYPE, REFERENCE_METADATA, REFERENCE_METADATA_NAME) VALUES('8cbb9a6fbeb14966ae69fe05303e18a2','FloodInfo_Type','OBJECT',null,null);
INSERT INTO PUBLIC.OBJECT_FIELD_METADATA (ID, NAME, METADATA_TYPE, PARENT_METADATA,PARENT_METADATA_NAME, REFERENCE_METADATA, REFERENCE_METADATA_NAME, REFERENCE_METADATA_TYPE)VALUES('0d2f39bb5fe248ebb27c3ba107804698','AssignmentReasonDesc','FIELD','8cbb9a6fbeb14966ae69fe05303e18a2','FloodInfo_Type','2344631100044813a5126adcfb93e80d','C-255','PRIMITIVE');
INSERT INTO PUBLIC.OBJECT_FIELD_METADATA (ID, NAME, METADATA_TYPE, PARENT_METADATA,PARENT_METADATA_NAME, REFERENCE_METADATA, REFERENCE_METADATA_NAME, REFERENCE_METADATA_TYPE)VALUES('552395a46cfc481c8439df05c420442a','FederalLandInd','FIELD','8cbb9a6fbeb14966ae69fe05303e18a2','FloodInfo_Type','4ffb0bcc3ec946d1af3ef883f4c3a4e6','Boolean','PRIMITIVE');
INSERT INTO PUBLIC.OBJECT_FIELD_METADATA (ID, NAME, METADATA_TYPE, PARENT_METADATA,PARENT_METADATA_NAME, REFERENCE_METADATA, REFERENCE_METADATA_NAME, REFERENCE_METADATA_TYPE)VALUES('6352508047964c3ea132bdab64a3e510','BasementTopElevation','MODEL_RELATION','8cbb9a6fbeb14966ae69fe05303e18a2','FloodInfo_Type','1df1057b06734b019460d9f8fb0a43b0','MEASUREMENT','OBJECT');
INSERT INTO PUBLIC.OBJECT_FIELD_METADATA (ID, NAME, METADATA_TYPE, PARENT_METADATA,PARENT_METADATA_NAME, REFERENCE_METADATA, REFERENCE_METADATA_NAME, REFERENCE_METADATA_TYPE)VALUES('96eb05bf1dd942569a2e5cfa1259ec5f','DisasterAssistCaseId','FIELD','8cbb9a6fbeb14966ae69fe05303e18a2','FloodInfo_Type','3da4bbbc6bf44d5f941e647b8e8408dc','AssignedIdentifier','PRIMITIVE');
INSERT INTO PUBLIC.OBJECT_FIELD_METADATA (ID, NAME, METADATA_TYPE, PARENT_METADATA,PARENT_METADATA_NAME, REFERENCE_METADATA, REFERENCE_METADATA_NAME, REFERENCE_METADATA_TYPE)VALUES('9bd7a21bcacc4cb28d72499767546bc7','WalledRoofedInd','FIELD','8cbb9a6fbeb14966ae69fe05303e18a2','FloodInfo_Type','4ffb0bcc3ec946d1af3ef883f4c3a4e6','Boolean','PRIMITIVE');
INSERT INTO PUBLIC.OBJECT_FIELD_METADATA (ID, NAME, METADATA_TYPE, PARENT_METADATA,PARENT_METADATA_NAME, REFERENCE_METADATA, REFERENCE_METADATA_NAME, REFERENCE_METADATA_TYPE)VALUES('9e62937cc10e421890033b1c0149e582','FloodSourceName','FIELD','8cbb9a6fbeb14966ae69fe05303e18a2','FloodInfo_Type','2344631100044813a5126adcfb93e80d','C-255','PRIMITIVE');
INSERT INTO PUBLIC.PRIMITIVE_METADATA (ID, NAME, METADATA_TYPE) VALUES('742ea47908774630bdac157ed24b1012','ShorelineDistance','PRIMITIVE');
INSERT INTO PUBLIC.OBJECT_FIELD_METADATA (ID, NAME, METADATA_TYPE, PARENT_METADATA,PARENT_METADATA_NAME, REFERENCE_METADATA, REFERENCE_METADATA_NAME, REFERENCE_METADATA_TYPE)VALUES('c217e2e3835c4417b27f0a8aac52a033','ShorelineDistanceCd','FIELD','8cbb9a6fbeb14966ae69fe05303e18a2','FloodInfo_Type','742ea47908774630bdac157ed24b1012','ShorelineDistance','PRIMITIVE');
INSERT INTO PUBLIC.PRIMITIVE_METADATA (ID, NAME, METADATA_TYPE) VALUES('04d1f0083b3f4b85b6581006f5a0ec30','BuildingPurpose','PRIMITIVE');
INSERT INTO PUBLIC.OBJECT_FIELD_METADATA (ID, NAME, METADATA_TYPE, PARENT_METADATA,PARENT_METADATA_NAME, REFERENCE_METADATA, REFERENCE_METADATA_NAME, REFERENCE_METADATA_TYPE)VALUES('3325b2c1e79b4774b90107a8e897e7e1','BuildingPurposeCd','FIELD','8cbb9a6fbeb14966ae69fe05303e18a2','FloodInfo_Type','04d1f0083b3f4b85b6581006f5a0ec30','BuildingPurpose','PRIMITIVE');
INSERT INTO PUBLIC.PRIMITIVE_METADATA (ID, NAME, METADATA_TYPE) VALUES('2191b76091b142a3b19120976bda40ff','ElevationDatum','PRIMITIVE');
INSERT INTO PUBLIC.OBJECT_FIELD_METADATA (ID, NAME, METADATA_TYPE, PARENT_METADATA,PARENT_METADATA_NAME, REFERENCE_METADATA, REFERENCE_METADATA_NAME, REFERENCE_METADATA_TYPE)VALUES('4772203c69144c8b923057ef89d68ebb','HighestAdjacentGradeDatumCd','FIELD','8cbb9a6fbeb14966ae69fe05303e18a2','FloodInfo_Type','2191b76091b142a3b19120976bda40ff','ElevationDatum','PRIMITIVE');
INSERT INTO PUBLIC.PRIMITIVE_METADATA (ID, NAME, METADATA_TYPE) VALUES('2002953a25904af6985ad1869474e5e2','EnclosureStatus','PRIMITIVE');
INSERT INTO PUBLIC.OBJECT_FIELD_METADATA (ID, NAME, METADATA_TYPE, PARENT_METADATA,PARENT_METADATA_NAME, REFERENCE_METADATA, REFERENCE_METADATA_NAME, REFERENCE_METADATA_TYPE)VALUES('f2d3f8ce09da47508123635b2ceb184b','AreaBelowElevatedFloorEnclosedCd','FIELD','8cbb9a6fbeb14966ae69fe05303e18a2','FloodInfo_Type','2002953a25904af6985ad1869474e5e2','EnclosureStatus','PRIMITIVE');
INSERT INTO PUBLIC.PRIMITIVE_METADATA (ID, NAME, METADATA_TYPE) VALUES('b2c1f82479da45bc99a19dfce562fd6b','StructureType','PRIMITIVE');
INSERT INTO PUBLIC.OBJECT_FIELD_METADATA (ID, NAME, METADATA_TYPE, PARENT_METADATA,PARENT_METADATA_NAME, REFERENCE_METADATA, REFERENCE_METADATA_NAME, REFERENCE_METADATA_TYPE)VALUES('751b1ca9de84436f96b2116685e7fcf3','StructureTypeCd','FIELD','8cbb9a6fbeb14966ae69fe05303e18a2','FloodInfo_Type','b2c1f82479da45bc99a19dfce562fd6b','StructureType','PRIMITIVE');
INSERT INTO PUBLIC.OBJECT_FIELD_METADATA (ID, NAME, METADATA_TYPE, PARENT_METADATA,PARENT_METADATA_NAME, REFERENCE_METADATA, REFERENCE_METADATA_NAME, REFERENCE_METADATA_TYPE)VALUES('59ebbe6e7c2948f2a733f915ec393378','ElevationCertificationDt','FIELD','8cbb9a6fbeb14966ae69fe05303e18a2','FloodInfo_Type','3b0a2ca6cf3a4fb19718e35aa60287cd','Date','PRIMITIVE');
INSERT INTO PUBLIC.OBJECT_FIELD_METADATA (ID, NAME, METADATA_TYPE, PARENT_METADATA,PARENT_METADATA_NAME, REFERENCE_METADATA, REFERENCE_METADATA_NAME, REFERENCE_METADATA_TYPE)VALUES('d1eb38797e23446483d1546f6e85eeed','EnclosureYearBuilt','FIELD','8cbb9a6fbeb14966ae69fe05303e18a2','FloodInfo_Type','7c9113946db7435cb0053de34c768997','Year','PRIMITIVE');
INSERT INTO PUBLIC.OBJECT_FIELD_METADATA (ID, NAME, METADATA_TYPE, PARENT_METADATA,PARENT_METADATA_NAME, REFERENCE_METADATA, REFERENCE_METADATA_NAME, REFERENCE_METADATA_TYPE)VALUES('6a0461b6d93746bbb11ad8ca46535486','HighAdjacentGradeElevation','MODEL_RELATION','8cbb9a6fbeb14966ae69fe05303e18a2','FloodInfo_Type','1df1057b06734b019460d9f8fb0a43b0','MEASUREMENT','OBJECT');
INSERT INTO PUBLIC.PRIMITIVE_METADATA (ID, NAME, METADATA_TYPE) VALUES('ff7deeb7da0b4662a83e1c20caf0a70b','RatingType','PRIMITIVE');
INSERT INTO PUBLIC.OBJECT_FIELD_METADATA (ID, NAME, METADATA_TYPE, PARENT_METADATA,PARENT_METADATA_NAME, REFERENCE_METADATA, REFERENCE_METADATA_NAME, REFERENCE_METADATA_TYPE)VALUES('02896858eb1a4fc1a28a09c748b40190','RatingTypeCd','FIELD','8cbb9a6fbeb14966ae69fe05303e18a2','FloodInfo_Type','ff7deeb7da0b4662a83e1c20caf0a70b','RatingType','PRIMITIVE');
INSERT INTO PUBLIC.OBJECT_FIELD_METADATA (ID, NAME, METADATA_TYPE, PARENT_METADATA,PARENT_METADATA_NAME, REFERENCE_METADATA, REFERENCE_METADATA_NAME, REFERENCE_METADATA_TYPE)VALUES('75be1ca86b0f45d3a5a0ffcb677f5317','EnclosureArea','MODEL_RELATION','8cbb9a6fbeb14966ae69fe05303e18a2','FloodInfo_Type','1df1057b06734b019460d9f8fb0a43b0','MEASUREMENT','OBJECT');
INSERT INTO PUBLIC.PRIMITIVE_METADATA (ID, NAME, METADATA_TYPE) VALUES('e32b6d13d4924e1580a051367a3feadc','FloodSource','PRIMITIVE');
INSERT INTO PUBLIC.OBJECT_FIELD_METADATA (ID, NAME, METADATA_TYPE, PARENT_METADATA,PARENT_METADATA_NAME, REFERENCE_METADATA, REFERENCE_METADATA_NAME, REFERENCE_METADATA_TYPE)VALUES('e4fd2e9ec3d44132a9d4988ae6847396','FloodSourceCd','FIELD','8cbb9a6fbeb14966ae69fe05303e18a2','FloodInfo_Type','e32b6d13d4924e1580a051367a3feadc','FloodSource','PRIMITIVE');
INSERT INTO PUBLIC.OBJECT_FIELD_METADATA (ID, NAME, METADATA_TYPE, PARENT_METADATA,PARENT_METADATA_NAME, REFERENCE_METADATA, REFERENCE_METADATA_NAME, REFERENCE_METADATA_TYPE)VALUES('0cd2bce0436e4e3aafc625fba28c477b','NumOpeningsBelowElevatedFloor','FIELD','8cbb9a6fbeb14966ae69fe05303e18a2','FloodInfo_Type','838cab4e48a54d0bb23ca5ea9db454ab','Long','PRIMITIVE');
INSERT INTO PUBLIC.PRIMITIVE_METADATA (ID, NAME, METADATA_TYPE) VALUES('39d0d4b147174752b8ab6dd43638bc14','WallType','PRIMITIVE');
INSERT INTO PUBLIC.OBJECT_FIELD_METADATA (ID, NAME, METADATA_TYPE, PARENT_METADATA,PARENT_METADATA_NAME, REFERENCE_METADATA, REFERENCE_METADATA_NAME, REFERENCE_METADATA_TYPE)VALUES('3dfd3ca7034b4ad98c9434151c0cd5b6','EnclosureWallCd','FIELD','8cbb9a6fbeb14966ae69fe05303e18a2','FloodInfo_Type','39d0d4b147174752b8ab6dd43638bc14','WallType','PRIMITIVE');
INSERT INTO PUBLIC.OBJECT_FIELD_METADATA (ID, NAME, METADATA_TYPE, PARENT_METADATA,PARENT_METADATA_NAME, REFERENCE_METADATA, REFERENCE_METADATA_NAME, REFERENCE_METADATA_TYPE)VALUES('ed13e29133c44bab908482902963ce42','LowFloorElevation','MODEL_RELATION','8cbb9a6fbeb14966ae69fe05303e18a2','FloodInfo_Type','1df1057b06734b019460d9f8fb0a43b0','MEASUREMENT','OBJECT');
INSERT INTO PUBLIC.OBJECT_FIELD_METADATA (ID, NAME, METADATA_TYPE, PARENT_METADATA,PARENT_METADATA_NAME, REFERENCE_METADATA, REFERENCE_METADATA_NAME, REFERENCE_METADATA_TYPE)VALUES('283b1caed471466fa6a236e4ad67f49d','FloodProofedElevationDatumDesc','FIELD','8cbb9a6fbeb14966ae69fe05303e18a2','FloodInfo_Type','2344631100044813a5126adcfb93e80d','C-255','PRIMITIVE');
INSERT INTO PUBLIC.OBJECT_FIELD_METADATA (ID, NAME, METADATA_TYPE, PARENT_METADATA,PARENT_METADATA_NAME, REFERENCE_METADATA, REFERENCE_METADATA_NAME, REFERENCE_METADATA_TYPE)VALUES('bf783de902204f1eb6f7176879a768b9','HighestAdjacentGradeDatumDesc','FIELD','8cbb9a6fbeb14966ae69fe05303e18a2','FloodInfo_Type','2344631100044813a5126adcfb93e80d','C-255','PRIMITIVE');
INSERT INTO PUBLIC.OBJECT_FIELD_METADATA (ID, NAME, METADATA_TYPE, PARENT_METADATA,PARENT_METADATA_NAME, REFERENCE_METADATA, REFERENCE_METADATA_NAME, REFERENCE_METADATA_TYPE)VALUES('bdc5ddb25444475a8e5121055a45d79a','EnclosureVentsInstalledDt','FIELD','8cbb9a6fbeb14966ae69fe05303e18a2','FloodInfo_Type','3b0a2ca6cf3a4fb19718e35aa60287cd','Date','PRIMITIVE');
INSERT INTO PUBLIC.OBJECT_FIELD_METADATA (ID, NAME, METADATA_TYPE, PARENT_METADATA,PARENT_METADATA_NAME, REFERENCE_METADATA, REFERENCE_METADATA_NAME, REFERENCE_METADATA_TYPE)VALUES('2ed634f5b7a14fa99d465536e47f0bde','BldgDiagramNumber','FIELD','8cbb9a6fbeb14966ae69fe05303e18a2','FloodInfo_Type','838cab4e48a54d0bb23ca5ea9db454ab','Long','PRIMITIVE');
INSERT INTO PUBLIC.OBJECT_FIELD_METADATA (ID, NAME, METADATA_TYPE, PARENT_METADATA,PARENT_METADATA_NAME, REFERENCE_METADATA, REFERENCE_METADATA_NAME, REFERENCE_METADATA_TYPE)VALUES('952156caaada427184a0979efd7e1623','SingleUnitCovInd','FIELD','8cbb9a6fbeb14966ae69fe05303e18a2','FloodInfo_Type','4ffb0bcc3ec946d1af3ef883f4c3a4e6','Boolean','PRIMITIVE');
INSERT INTO PUBLIC.PRIMITIVE_METADATA (ID, NAME, METADATA_TYPE) VALUES('f643a2425d89461c8bbc8f1ce74c6048','WaitingPeriod','PRIMITIVE');
INSERT INTO PUBLIC.OBJECT_FIELD_METADATA (ID, NAME, METADATA_TYPE, PARENT_METADATA,PARENT_METADATA_NAME, REFERENCE_METADATA, REFERENCE_METADATA_NAME, REFERENCE_METADATA_TYPE)VALUES('4678b0401b944acbb2ad8abff11faf49','WaitingPeriodCd','FIELD','8cbb9a6fbeb14966ae69fe05303e18a2','FloodInfo_Type','f643a2425d89461c8bbc8f1ce74c6048','WaitingPeriod','PRIMITIVE');
INSERT INTO PUBLIC.PRIMITIVE_METADATA (ID, NAME, METADATA_TYPE) VALUES('fd01fb255f2d46bd8b8d043b1a4e7257','BuildingOverWater','PRIMITIVE');
INSERT INTO PUBLIC.OBJECT_FIELD_METADATA (ID, NAME, METADATA_TYPE, PARENT_METADATA,PARENT_METADATA_NAME, REFERENCE_METADATA, REFERENCE_METADATA_NAME, REFERENCE_METADATA_TYPE)VALUES('69c42efc894548058dd2f773dabccdb5','BuildingOverWaterCd','FIELD','8cbb9a6fbeb14966ae69fe05303e18a2','FloodInfo_Type','fd01fb255f2d46bd8b8d043b1a4e7257','BuildingOverWater','PRIMITIVE');
INSERT INTO PUBLIC.OBJECT_FIELD_METADATA (ID, NAME, METADATA_TYPE, PARENT_METADATA,PARENT_METADATA_NAME, REFERENCE_METADATA, REFERENCE_METADATA_NAME, REFERENCE_METADATA_TYPE)VALUES('0690a2e874794c12a495c301bab01a34','ResidentialUsePct','FIELD','8cbb9a6fbeb14966ae69fe05303e18a2','FloodInfo_Type','42787ecf7ebe44bdb047ebe0f2268d21','PercentLong','PRIMITIVE');
INSERT INTO PUBLIC.OBJECT_FIELD_METADATA (ID, NAME, METADATA_TYPE, PARENT_METADATA,PARENT_METADATA_NAME, REFERENCE_METADATA, REFERENCE_METADATA_NAME, REFERENCE_METADATA_TYPE)VALUES('92de2a96ecdf4531b593d4923319079a','EnclosureUsageDesc','FIELD','8cbb9a6fbeb14966ae69fe05303e18a2','FloodInfo_Type','2344631100044813a5126adcfb93e80d','C-255','PRIMITIVE');
INSERT INTO PUBLIC.OBJECT_FIELD_METADATA (ID, NAME, METADATA_TYPE, PARENT_METADATA,PARENT_METADATA_NAME, REFERENCE_METADATA, REFERENCE_METADATA_NAME, REFERENCE_METADATA_TYPE)VALUES('fd8c69dde58c442280629540966dc224','FoundationCd','FIELD','8cbb9a6fbeb14966ae69fe05303e18a2','FloodInfo_Type','178c5d73f8544d39a76c346e3b0503a0','Foundation','PRIMITIVE');
INSERT INTO PUBLIC.OBJECT_FIELD_METADATA (ID, NAME, METADATA_TYPE, PARENT_METADATA,PARENT_METADATA_NAME, REFERENCE_METADATA, REFERENCE_METADATA_NAME, REFERENCE_METADATA_TYPE)VALUES('3921c23b9982424a843c2b586b200d49','PostFIRMConstructionInd','FIELD','8cbb9a6fbeb14966ae69fe05303e18a2','FloodInfo_Type','4ffb0bcc3ec946d1af3ef883f4c3a4e6','Boolean','PRIMITIVE');
INSERT INTO PUBLIC.OBJECT_METADATA (ID, NAME, METADATA_TYPE, REFERENCE_METADATA, REFERENCE_METADATA_NAME) VALUES('e06bb667ebd94e70b55835a1bca275a5','FloodCommunityInfo_Type','OBJECT',null,null);
INSERT INTO PUBLIC.OBJECT_FIELD_METADATA (ID, NAME, METADATA_TYPE, PARENT_METADATA,PARENT_METADATA_NAME, REFERENCE_METADATA, REFERENCE_METADATA_NAME, REFERENCE_METADATA_TYPE)VALUES('699be21fe692488986f10ee495c136d8','CommunityNumber','FIELD','e06bb667ebd94e70b55835a1bca275a5','FloodCommunityInfo_Type','838cab4e48a54d0bb23ca5ea9db454ab','Long','PRIMITIVE');
INSERT INTO PUBLIC.PRIMITIVE_METADATA (ID, NAME, METADATA_TYPE) VALUES('66d15833888248048d6199eb832a48a3','FloodRating','PRIMITIVE');
INSERT INTO PUBLIC.OBJECT_FIELD_METADATA (ID, NAME, METADATA_TYPE, PARENT_METADATA,PARENT_METADATA_NAME, REFERENCE_METADATA, REFERENCE_METADATA_NAME, REFERENCE_METADATA_TYPE)VALUES('b42a4bb0bc9f4787a0e932204e35c4dd','FloodRatingCd','FIELD','e06bb667ebd94e70b55835a1bca275a5','FloodCommunityInfo_Type','66d15833888248048d6199eb832a48a3','FloodRating','PRIMITIVE');
INSERT INTO PUBLIC.OBJECT_FIELD_METADATA (ID, NAME, METADATA_TYPE, PARENT_METADATA,PARENT_METADATA_NAME, REFERENCE_METADATA, REFERENCE_METADATA_NAME, REFERENCE_METADATA_TYPE)VALUES('dcda3a4fa349405fb9c00cbc1bc7f742','FIRMDt','FIELD','e06bb667ebd94e70b55835a1bca275a5','FloodCommunityInfo_Type','3b0a2ca6cf3a4fb19718e35aa60287cd','Date','PRIMITIVE');
INSERT INTO PUBLIC.OBJECT_FIELD_METADATA (ID, NAME, METADATA_TYPE, PARENT_METADATA,PARENT_METADATA_NAME, REFERENCE_METADATA, REFERENCE_METADATA_NAME, REFERENCE_METADATA_TYPE)VALUES('3e88c43eacfe403a9da05cb8202282fe','CommunityRateClassCd','FIELD','e06bb667ebd94e70b55835a1bca275a5','FloodCommunityInfo_Type','6240ce877a244a73a1253961131c6cc9','IndustryCode_Type','PRIMITIVE');
INSERT INTO PUBLIC.OBJECT_FIELD_METADATA (ID, NAME, METADATA_TYPE, PARENT_METADATA,PARENT_METADATA_NAME, REFERENCE_METADATA, REFERENCE_METADATA_NAME, REFERENCE_METADATA_TYPE)VALUES('4d8214cd329044c8bd99cc7cc5ace0ed','PanelNumber','FIELD','e06bb667ebd94e70b55835a1bca275a5','FloodCommunityInfo_Type','e4bca59f12a0471cbc402c5dd9fca121','C-11','PRIMITIVE');
INSERT INTO PUBLIC.PRIMITIVE_METADATA (ID, NAME, METADATA_TYPE) VALUES('3341d825c75f4278866dce1426df9f0f','InformationSource','PRIMITIVE');
INSERT INTO PUBLIC.OBJECT_FIELD_METADATA (ID, NAME, METADATA_TYPE, PARENT_METADATA,PARENT_METADATA_NAME, REFERENCE_METADATA, REFERENCE_METADATA_NAME, REFERENCE_METADATA_TYPE)VALUES('b7ed3f50945944b9acc1b2861efd432b','InfoSourceCd','FIELD','e06bb667ebd94e70b55835a1bca275a5','FloodCommunityInfo_Type','3341d825c75f4278866dce1426df9f0f','InformationSource','PRIMITIVE');
INSERT INTO PUBLIC.OBJECT_FIELD_METADATA (ID, NAME, METADATA_TYPE, PARENT_METADATA,PARENT_METADATA_NAME, REFERENCE_METADATA, REFERENCE_METADATA_NAME, REFERENCE_METADATA_TYPE)VALUES('c4dd73e981004bdd89c65403e0a12e04','GrandfatheredInd','FIELD','e06bb667ebd94e70b55835a1bca275a5','FloodCommunityInfo_Type','4ffb0bcc3ec946d1af3ef883f4c3a4e6','Boolean','PRIMITIVE');
INSERT INTO PUBLIC.OBJECT_FIELD_METADATA (ID, NAME, METADATA_TYPE, PARENT_METADATA,PARENT_METADATA_NAME, REFERENCE_METADATA, REFERENCE_METADATA_NAME, REFERENCE_METADATA_TYPE)VALUES('c7ad7781f4dc4bfc973016a309669da1','FloodCommunityInfoExt','FIELD','e06bb667ebd94e70b55835a1bca275a5','FloodCommunityInfo_Type',null,null,null);
INSERT INTO PUBLIC.PRIMITIVE_METADATA (ID, NAME, METADATA_TYPE) VALUES('96c58caa366c433daee9d983baa415eb','CommunityProgramType','PRIMITIVE');
INSERT INTO PUBLIC.OBJECT_FIELD_METADATA (ID, NAME, METADATA_TYPE, PARENT_METADATA,PARENT_METADATA_NAME, REFERENCE_METADATA, REFERENCE_METADATA_NAME, REFERENCE_METADATA_TYPE)VALUES('8893ce058e9644a3a75065247635de9f','CommunityProgramTypeCd','FIELD','e06bb667ebd94e70b55835a1bca275a5','FloodCommunityInfo_Type','96c58caa366c433daee9d983baa415eb','CommunityProgramType','PRIMITIVE');
INSERT INTO PUBLIC.OBJECT_FIELD_METADATA (ID, NAME, METADATA_TYPE, PARENT_METADATA,PARENT_METADATA_NAME, REFERENCE_METADATA, REFERENCE_METADATA_NAME, REFERENCE_METADATA_TYPE)VALUES('75b78dce41c744b1b4526fd5e564d68c','FloodSuffix','FIELD','e06bb667ebd94e70b55835a1bca275a5','FloodCommunityInfo_Type','47d17c9ac8b045acacd8f964fd205a2b','C-2','PRIMITIVE');
INSERT INTO PUBLIC.OBJECT_FIELD_METADATA (ID, NAME, METADATA_TYPE, PARENT_METADATA,PARENT_METADATA_NAME, REFERENCE_METADATA, REFERENCE_METADATA_NAME, REFERENCE_METADATA_TYPE)VALUES('16ade07af8c94761835f6d19da7d76d8','BaseFloodElevation','MODEL_RELATION','e06bb667ebd94e70b55835a1bca275a5','FloodCommunityInfo_Type','1df1057b06734b019460d9f8fb0a43b0','MEASUREMENT','OBJECT');
INSERT INTO PUBLIC.OBJECT_FIELD_METADATA (ID, NAME, METADATA_TYPE, PARENT_METADATA,PARENT_METADATA_NAME, REFERENCE_METADATA, REFERENCE_METADATA_NAME, REFERENCE_METADATA_TYPE)VALUES('de951062afec4b31bd6ce12457a34a1f','FloodZoneCd','FIELD','e06bb667ebd94e70b55835a1bca275a5','FloodCommunityInfo_Type','6240ce877a244a73a1253961131c6cc9','IndustryCode_Type','PRIMITIVE');
INSERT INTO PUBLIC.OBJECT_FIELD_METADATA (ID, NAME, METADATA_TYPE, PARENT_METADATA,PARENT_METADATA_NAME, REFERENCE_METADATA, REFERENCE_METADATA_NAME, REFERENCE_METADATA_TYPE)VALUES('a3d73673490c49479cc9fd332b544f3b','FloodCommunityInfo','MODEL_RELATION','8cbb9a6fbeb14966ae69fe05303e18a2','FloodInfo_Type','e06bb667ebd94e70b55835a1bca275a5','FloodCommunityInfo_Type','OBJECT');
INSERT INTO PUBLIC.PRIMITIVE_METADATA (ID, NAME, METADATA_TYPE) VALUES('c65942d4b1b141e8986228b374738dfe','Obstruction','PRIMITIVE');
INSERT INTO PUBLIC.OBJECT_FIELD_METADATA (ID, NAME, METADATA_TYPE, PARENT_METADATA,PARENT_METADATA_NAME, REFERENCE_METADATA, REFERENCE_METADATA_NAME, REFERENCE_METADATA_TYPE)VALUES('0846f768d7004d5994da50287f06511b','AreaBelowElevatedBldgObstructedCd','FIELD','8cbb9a6fbeb14966ae69fe05303e18a2','FloodInfo_Type','c65942d4b1b141e8986228b374738dfe','Obstruction','PRIMITIVE');
INSERT INTO PUBLIC.OBJECT_FIELD_METADATA (ID, NAME, METADATA_TYPE, PARENT_METADATA,PARENT_METADATA_NAME, REFERENCE_METADATA, REFERENCE_METADATA_NAME, REFERENCE_METADATA_TYPE)VALUES('1a4766e0eda64d9bac0a63b6bb891110','EquipmentBelowLowestFloor','MODEL_RELATION','8cbb9a6fbeb14966ae69fe05303e18a2','FloodInfo_Type','1df1057b06734b019460d9f8fb0a43b0','MEASUREMENT','OBJECT');
INSERT INTO PUBLIC.OBJECT_FIELD_METADATA (ID, NAME, METADATA_TYPE, PARENT_METADATA,PARENT_METADATA_NAME, REFERENCE_METADATA, REFERENCE_METADATA_NAME, REFERENCE_METADATA_TYPE)VALUES('7bb6772d91f54c75b402596c4d3272ff','BasementAboveGradeInd','FIELD','8cbb9a6fbeb14966ae69fe05303e18a2','FloodInfo_Type','4ffb0bcc3ec946d1af3ef883f4c3a4e6','Boolean','PRIMITIVE');
INSERT INTO PUBLIC.OBJECT_METADATA (ID, NAME, METADATA_TYPE, REFERENCE_METADATA, REFERENCE_METADATA_NAME) VALUES('6058a6288ab44162adfa73f472eb32c6','FloodEquipmentInfo_Type','OBJECT',null,null);
INSERT INTO PUBLIC.PRIMITIVE_METADATA (ID, NAME, METADATA_TYPE) VALUES('5892b38146784580ab647dc7a997c354','StoredEquipment','PRIMITIVE');
INSERT INTO PUBLIC.OBJECT_FIELD_METADATA (ID, NAME, METADATA_TYPE, PARENT_METADATA,PARENT_METADATA_NAME, REFERENCE_METADATA, REFERENCE_METADATA_NAME, REFERENCE_METADATA_TYPE)VALUES('836f06951e8a4bffa1ddd91643c6aae0','StoredEquipmentTypeCd','FIELD','6058a6288ab44162adfa73f472eb32c6','FloodEquipmentInfo_Type','5892b38146784580ab647dc7a997c354','StoredEquipment','PRIMITIVE');
INSERT INTO PUBLIC.PRIMITIVE_METADATA (ID, NAME, METADATA_TYPE) VALUES('6f2b55f15fb14dbb82f43ede7368005e','FloodEquipmentStorageLocation','PRIMITIVE');
INSERT INTO PUBLIC.OBJECT_FIELD_METADATA (ID, NAME, METADATA_TYPE, PARENT_METADATA,PARENT_METADATA_NAME, REFERENCE_METADATA, REFERENCE_METADATA_NAME, REFERENCE_METADATA_TYPE)VALUES('bc37bde7f7264b63979f111507ae7671','FloodEquipmentStorageLocationCd','FIELD','6058a6288ab44162adfa73f472eb32c6','FloodEquipmentInfo_Type','6f2b55f15fb14dbb82f43ede7368005e','FloodEquipmentStorageLocation','PRIMITIVE');
INSERT INTO PUBLIC.OBJECT_FIELD_METADATA (ID, NAME, METADATA_TYPE, PARENT_METADATA,PARENT_METADATA_NAME, REFERENCE_METADATA, REFERENCE_METADATA_NAME, REFERENCE_METADATA_TYPE)VALUES('4815e3d110214a1eb4c2f7b279a82524','StoredEquipmentDesc','FIELD','6058a6288ab44162adfa73f472eb32c6','FloodEquipmentInfo_Type','2344631100044813a5126adcfb93e80d','C-255','PRIMITIVE');
INSERT INTO PUBLIC.OBJECT_FIELD_METADATA (ID, NAME, METADATA_TYPE, PARENT_METADATA,PARENT_METADATA_NAME, REFERENCE_METADATA, REFERENCE_METADATA_NAME, REFERENCE_METADATA_TYPE)VALUES('8f0a31b61f4545edbc71c75a5087f128','FloodEquipmentInfoExt','FIELD','6058a6288ab44162adfa73f472eb32c6','FloodEquipmentInfo_Type',null,null,null);
INSERT INTO PUBLIC.OBJECT_FIELD_METADATA (ID, NAME, METADATA_TYPE, PARENT_METADATA,PARENT_METADATA_NAME, REFERENCE_METADATA, REFERENCE_METADATA_NAME, REFERENCE_METADATA_TYPE)VALUES('2917ded45e2c475e9bdff2ba6769f79f','FloodEquipmentInfo','MODEL_RELATION','8cbb9a6fbeb14966ae69fe05303e18a2','FloodInfo_Type','6058a6288ab44162adfa73f472eb32c6','FloodEquipmentInfo_Type','OBJECT');
INSERT INTO PUBLIC.PRIMITIVE_METADATA (ID, NAME, METADATA_TYPE) VALUES('6b67de9a6a454a6f8cefd7b3f6a4482a','EnclosureUsage','PRIMITIVE');
INSERT INTO PUBLIC.OBJECT_FIELD_METADATA (ID, NAME, METADATA_TYPE, PARENT_METADATA,PARENT_METADATA_NAME, REFERENCE_METADATA, REFERENCE_METADATA_NAME, REFERENCE_METADATA_TYPE)VALUES('490644a8648348b3b528775283d5edcd','EnclosureUsageCd','FIELD','8cbb9a6fbeb14966ae69fe05303e18a2','FloodInfo_Type','6b67de9a6a454a6f8cefd7b3f6a4482a','EnclosureUsage','PRIMITIVE');
INSERT INTO PUBLIC.OBJECT_FIELD_METADATA (ID, NAME, METADATA_TYPE, PARENT_METADATA,PARENT_METADATA_NAME, REFERENCE_METADATA, REFERENCE_METADATA_NAME, REFERENCE_METADATA_TYPE)VALUES('8fb678887fca49c9933637a6de5bd733','WaveActionInd','FIELD','8cbb9a6fbeb14966ae69fe05303e18a2','FloodInfo_Type','4ffb0bcc3ec946d1af3ef883f4c3a4e6','Boolean','PRIMITIVE');
INSERT INTO PUBLIC.OBJECT_FIELD_METADATA (ID, NAME, METADATA_TYPE, PARENT_METADATA,PARENT_METADATA_NAME, REFERENCE_METADATA, REFERENCE_METADATA_NAME, REFERENCE_METADATA_TYPE)VALUES('b862ed78e8684d1b9bbd936869f63c82','BuiltInComplianceInd','FIELD','8cbb9a6fbeb14966ae69fe05303e18a2','FloodInfo_Type','4ffb0bcc3ec946d1af3ef883f4c3a4e6','Boolean','PRIMITIVE');
INSERT INTO PUBLIC.OBJECT_FIELD_METADATA (ID, NAME, METADATA_TYPE, PARENT_METADATA,PARENT_METADATA_NAME, REFERENCE_METADATA, REFERENCE_METADATA_NAME, REFERENCE_METADATA_TYPE)VALUES('12c643bf3c1645e7b7863038adc10adc','ContinuousCoverageInd','FIELD','8cbb9a6fbeb14966ae69fe05303e18a2','FloodInfo_Type','4ffb0bcc3ec946d1af3ef883f4c3a4e6','Boolean','PRIMITIVE');
INSERT INTO PUBLIC.OBJECT_FIELD_METADATA (ID, NAME, METADATA_TYPE, PARENT_METADATA,PARENT_METADATA_NAME, REFERENCE_METADATA, REFERENCE_METADATA_NAME, REFERENCE_METADATA_TYPE)VALUES('c6a6a28c2ed64a91b82fc540e39b5007','HighRiseInd','FIELD','8cbb9a6fbeb14966ae69fe05303e18a2','FloodInfo_Type','4ffb0bcc3ec946d1af3ef883f4c3a4e6','Boolean','PRIMITIVE');
INSERT INTO PUBLIC.OBJECT_FIELD_METADATA (ID, NAME, METADATA_TYPE, PARENT_METADATA,PARENT_METADATA_NAME, REFERENCE_METADATA, REFERENCE_METADATA_NAME, REFERENCE_METADATA_TYPE)VALUES('c64b91f8ce5c4cd4861b0cf5a813ae36','HeightAboveGround','MODEL_RELATION','8cbb9a6fbeb14966ae69fe05303e18a2','FloodInfo_Type','1df1057b06734b019460d9f8fb0a43b0','MEASUREMENT','OBJECT');
INSERT INTO PUBLIC.OBJECT_FIELD_METADATA (ID, NAME, METADATA_TYPE, PARENT_METADATA,PARENT_METADATA_NAME, REFERENCE_METADATA, REFERENCE_METADATA_NAME, REFERENCE_METADATA_TYPE)VALUES('59e012be32f8445faaf83ee8b0a3d6ae','FloodProofedElevationDatumCd','FIELD','8cbb9a6fbeb14966ae69fe05303e18a2','FloodInfo_Type','2191b76091b142a3b19120976bda40ff','ElevationDatum','PRIMITIVE');
INSERT INTO PUBLIC.OBJECT_FIELD_METADATA (ID, NAME, METADATA_TYPE, PARENT_METADATA,PARENT_METADATA_NAME, REFERENCE_METADATA, REFERENCE_METADATA_NAME, REFERENCE_METADATA_TYPE)VALUES('377c379115b6432fbecb09712a9d98a5','FloodproofedElevation','MODEL_RELATION','8cbb9a6fbeb14966ae69fe05303e18a2','FloodInfo_Type','1df1057b06734b019460d9f8fb0a43b0','MEASUREMENT','OBJECT');
INSERT INTO PUBLIC.OBJECT_FIELD_METADATA (ID, NAME, METADATA_TYPE, PARENT_METADATA,PARENT_METADATA_NAME, REFERENCE_METADATA, REFERENCE_METADATA_NAME, REFERENCE_METADATA_TYPE)VALUES('3da4bfb70e304d0a93bd9504008d7f5d','FloodInfoExt','FIELD','8cbb9a6fbeb14966ae69fe05303e18a2','FloodInfo_Type',null,null,null);
INSERT INTO PUBLIC.PRIMITIVE_METADATA (ID, NAME, METADATA_TYPE) VALUES('5b0d50083a724b1b981bb96c89b684e4','AdditionsExtensionsIncluded','PRIMITIVE');
INSERT INTO PUBLIC.OBJECT_FIELD_METADATA (ID, NAME, METADATA_TYPE, PARENT_METADATA,PARENT_METADATA_NAME, REFERENCE_METADATA, REFERENCE_METADATA_NAME, REFERENCE_METADATA_TYPE)VALUES('8a8039adfad44ed9bb664ede80d12374','AdditionsExtensionsIncludedCd','FIELD','8cbb9a6fbeb14966ae69fe05303e18a2','FloodInfo_Type','5b0d50083a724b1b981bb96c89b684e4','AdditionsExtensionsIncluded','PRIMITIVE');
INSERT INTO PUBLIC.OBJECT_FIELD_METADATA (ID, NAME, METADATA_TYPE, PARENT_METADATA,PARENT_METADATA_NAME, REFERENCE_METADATA, REFERENCE_METADATA_NAME, REFERENCE_METADATA_TYPE)VALUES('1d132fd2030043a7a2ddd5d1262ac9b7','PolicyNumber','FIELD','8cbb9a6fbeb14966ae69fe05303e18a2','FloodInfo_Type','3869bfeb4b5f47c0b4e159b3cfde6d71','C-25','PRIMITIVE');
INSERT INTO PUBLIC.OBJECT_FIELD_METADATA (ID, NAME, METADATA_TYPE, PARENT_METADATA,PARENT_METADATA_NAME, REFERENCE_METADATA, REFERENCE_METADATA_NAME, REFERENCE_METADATA_TYPE)VALUES('083fa1aa270f43b584c135d1c66ee6eb','BaseFloodElevationDatumDesc','FIELD','8cbb9a6fbeb14966ae69fe05303e18a2','FloodInfo_Type','2344631100044813a5126adcfb93e80d','C-255','PRIMITIVE');
INSERT INTO PUBLIC.OBJECT_FIELD_METADATA (ID, NAME, METADATA_TYPE, PARENT_METADATA,PARENT_METADATA_NAME, REFERENCE_METADATA, REFERENCE_METADATA_NAME, REFERENCE_METADATA_TYPE)VALUES('cce9840bbaf5432c93253adb1c746c24','FinishedGarageInd','FIELD','8cbb9a6fbeb14966ae69fe05303e18a2','FloodInfo_Type','4ffb0bcc3ec946d1af3ef883f4c3a4e6','Boolean','PRIMITIVE');
INSERT INTO PUBLIC.PRIMITIVE_METADATA (ID, NAME, METADATA_TYPE) VALUES('5b6747218e1948f8ba4c9008cc36dac4','ElevationBasis','PRIMITIVE');
INSERT INTO PUBLIC.OBJECT_FIELD_METADATA (ID, NAME, METADATA_TYPE, PARENT_METADATA,PARENT_METADATA_NAME, REFERENCE_METADATA, REFERENCE_METADATA_NAME, REFERENCE_METADATA_TYPE)VALUES('2727f4479775466cbde9a9ce6a5b98a1','ElevationBasisCd','FIELD','8cbb9a6fbeb14966ae69fe05303e18a2','FloodInfo_Type','5b6747218e1948f8ba4c9008cc36dac4','ElevationBasis','PRIMITIVE');
INSERT INTO PUBLIC.OBJECT_FIELD_METADATA (ID, NAME, METADATA_TYPE, PARENT_METADATA,PARENT_METADATA_NAME, REFERENCE_METADATA, REFERENCE_METADATA_NAME, REFERENCE_METADATA_TYPE)VALUES('eb06929d55424722a7a60e8f52e29338','GarageFloorAboveBelowGrade','MODEL_RELATION','8cbb9a6fbeb14966ae69fe05303e18a2','FloodInfo_Type','1df1057b06734b019460d9f8fb0a43b0','MEASUREMENT','OBJECT');
INSERT INTO PUBLIC.OBJECT_FIELD_METADATA (ID, NAME, METADATA_TYPE, PARENT_METADATA,PARENT_METADATA_NAME, REFERENCE_METADATA, REFERENCE_METADATA_NAME, REFERENCE_METADATA_TYPE)VALUES('b1bf6b8ff723451a908a0f317b83ff07','EnclosedBelowElevatedFloorArea','MODEL_RELATION','8cbb9a6fbeb14966ae69fe05303e18a2','FloodInfo_Type','1df1057b06734b019460d9f8fb0a43b0','MEASUREMENT','OBJECT');
INSERT INTO PUBLIC.OBJECT_FIELD_METADATA (ID, NAME, METADATA_TYPE, PARENT_METADATA,PARENT_METADATA_NAME, REFERENCE_METADATA, REFERENCE_METADATA_NAME, REFERENCE_METADATA_TYPE)VALUES('59cdf24d5867449191cae139781d0ed4','GarageVentsInstalledDt','FIELD','8cbb9a6fbeb14966ae69fe05303e18a2','FloodInfo_Type','3b0a2ca6cf3a4fb19718e35aa60287cd','Date','PRIMITIVE');
INSERT INTO PUBLIC.PRIMITIVE_METADATA (ID, NAME, METADATA_TYPE) VALUES('d01c1db27b724545bf9bc9591be4b680','DisasterAssistance','PRIMITIVE');
INSERT INTO PUBLIC.OBJECT_FIELD_METADATA (ID, NAME, METADATA_TYPE, PARENT_METADATA,PARENT_METADATA_NAME, REFERENCE_METADATA, REFERENCE_METADATA_NAME, REFERENCE_METADATA_TYPE)VALUES('31c6e3858de74132aab639f65309081d','DisasterAssistCd','FIELD','8cbb9a6fbeb14966ae69fe05303e18a2','FloodInfo_Type','d01c1db27b724545bf9bc9591be4b680','DisasterAssistance','PRIMITIVE');
INSERT INTO PUBLIC.OBJECT_FIELD_METADATA (ID, NAME, METADATA_TYPE, PARENT_METADATA,PARENT_METADATA_NAME, REFERENCE_METADATA, REFERENCE_METADATA_NAME, REFERENCE_METADATA_TYPE)VALUES('377df76cf65b44d7b8678483914e798c','LowestFloorAboveBelowGrade','MODEL_RELATION','8cbb9a6fbeb14966ae69fe05303e18a2','FloodInfo_Type','1df1057b06734b019460d9f8fb0a43b0','MEASUREMENT','OBJECT');
INSERT INTO PUBLIC.OBJECT_FIELD_METADATA (ID, NAME, METADATA_TYPE, PARENT_METADATA,PARENT_METADATA_NAME, REFERENCE_METADATA, REFERENCE_METADATA_NAME, REFERENCE_METADATA_TYPE)VALUES('ef91e93e564545428fe4f4969dc7acf6','SmallBusinessRiskInd','FIELD','8cbb9a6fbeb14966ae69fe05303e18a2','FloodInfo_Type','4ffb0bcc3ec946d1af3ef883f4c3a4e6','Boolean','PRIMITIVE');
INSERT INTO PUBLIC.OBJECT_FIELD_METADATA (ID, NAME, METADATA_TYPE, PARENT_METADATA,PARENT_METADATA_NAME, REFERENCE_METADATA, REFERENCE_METADATA_NAME, REFERENCE_METADATA_TYPE)VALUES('6d620040d3ba48bc9d71f6c933c2fa4f','LowAdjacentGradeElevation','MODEL_RELATION','8cbb9a6fbeb14966ae69fe05303e18a2','FloodInfo_Type','1df1057b06734b019460d9f8fb0a43b0','MEASUREMENT','OBJECT');
INSERT INTO PUBLIC.OBJECT_FIELD_METADATA (ID, NAME, METADATA_TYPE, PARENT_METADATA,PARENT_METADATA_NAME, REFERENCE_METADATA, REFERENCE_METADATA_NAME, REFERENCE_METADATA_TYPE)VALUES('f5ba5ba93a874ae69380e19098add011','BaseFloodElevationDatumCd','FIELD','8cbb9a6fbeb14966ae69fe05303e18a2','FloodInfo_Type','2191b76091b142a3b19120976bda40ff','ElevationDatum','PRIMITIVE');
INSERT INTO PUBLIC.OBJECT_FIELD_METADATA (ID, NAME, METADATA_TYPE, PARENT_METADATA,PARENT_METADATA_NAME, REFERENCE_METADATA, REFERENCE_METADATA_NAME, REFERENCE_METADATA_TYPE)VALUES('fba79dceb67040319233395f211a95f3','BasementBelowGradeInd','FIELD','8cbb9a6fbeb14966ae69fe05303e18a2','FloodInfo_Type','4ffb0bcc3ec946d1af3ef883f4c3a4e6','Boolean','PRIMITIVE');
INSERT INTO PUBLIC.OBJECT_FIELD_METADATA (ID, NAME, METADATA_TYPE, PARENT_METADATA,PARENT_METADATA_NAME, REFERENCE_METADATA, REFERENCE_METADATA_NAME, REFERENCE_METADATA_TYPE)VALUES('fdca7bb9061a4248ad661569f24da34d','NewPurchaseInd','FIELD','8cbb9a6fbeb14966ae69fe05303e18a2','FloodInfo_Type','4ffb0bcc3ec946d1af3ef883f4c3a4e6','Boolean','PRIMITIVE');
INSERT INTO PUBLIC.PRIMITIVE_METADATA (ID, NAME, METADATA_TYPE) VALUES('3dd7722bdba24ffab78c868cbcaf1aa1','ContentsLocation','PRIMITIVE');
INSERT INTO PUBLIC.OBJECT_FIELD_METADATA (ID, NAME, METADATA_TYPE, PARENT_METADATA,PARENT_METADATA_NAME, REFERENCE_METADATA, REFERENCE_METADATA_NAME, REFERENCE_METADATA_TYPE)VALUES('466e834392b14287b161789c2ce162e6','ContentsLocationCd','FIELD','8cbb9a6fbeb14966ae69fe05303e18a2','FloodInfo_Type','3dd7722bdba24ffab78c868cbcaf1aa1','ContentsLocation','PRIMITIVE');
INSERT INTO PUBLIC.OBJECT_FIELD_METADATA (ID, NAME, METADATA_TYPE, PARENT_METADATA,PARENT_METADATA_NAME, REFERENCE_METADATA, REFERENCE_METADATA_NAME, REFERENCE_METADATA_TYPE)VALUES('f5b3c070ecd94a25a2df06f3eae47f97','FloodInfo','MODEL_RELATION','4e26027ebc964bf2b9794c16adccd3cf','Dwell_Type','8cbb9a6fbeb14966ae69fe05303e18a2','FloodInfo_Type','OBJECT');
INSERT INTO PUBLIC.OBJECT_FIELD_METADATA (ID, NAME, METADATA_TYPE, PARENT_METADATA,PARENT_METADATA_NAME, REFERENCE_METADATA, REFERENCE_METADATA_NAME, REFERENCE_METADATA_TYPE)VALUES('a4aa89d7b59d42f88005473941992e9f','OtherOilStorageTankLocationDesc','FIELD','4e26027ebc964bf2b9794c16adccd3cf','Dwell_Type','2344631100044813a5126adcfb93e80d','C-255','PRIMITIVE');
INSERT INTO PUBLIC.OBJECT_METADATA (ID, NAME, METADATA_TYPE, REFERENCE_METADATA, REFERENCE_METADATA_NAME) VALUES('77b0a39519d840f5808f531b0a362541','ResidenceEmployees_Type','OBJECT',null,null);
INSERT INTO PUBLIC.PRIMITIVE_METADATA (ID, NAME, METADATA_TYPE) VALUES('7eb4d88f874c41019d9eaba0ab6982ba','WorkPerformed','PRIMITIVE');
INSERT INTO PUBLIC.OBJECT_FIELD_METADATA (ID, NAME, METADATA_TYPE, PARENT_METADATA,PARENT_METADATA_NAME, REFERENCE_METADATA, REFERENCE_METADATA_NAME, REFERENCE_METADATA_TYPE)VALUES('59b36f929e01433b9ad3645eac00aaf7','WhereWorkPerformedCd','FIELD','77b0a39519d840f5808f531b0a362541','ResidenceEmployees_Type','7eb4d88f874c41019d9eaba0ab6982ba','WorkPerformed','PRIMITIVE');
INSERT INTO PUBLIC.OBJECT_FIELD_METADATA (ID, NAME, METADATA_TYPE, PARENT_METADATA,PARENT_METADATA_NAME, REFERENCE_METADATA, REFERENCE_METADATA_NAME, REFERENCE_METADATA_TYPE)VALUES('d36a7ec176ab4b38ad2b0fc3cf3f80d2','ResidenceEmployeesExt','FIELD','77b0a39519d840f5808f531b0a362541','ResidenceEmployees_Type',null,null,null);
INSERT INTO PUBLIC.OBJECT_FIELD_METADATA (ID, NAME, METADATA_TYPE, PARENT_METADATA,PARENT_METADATA_NAME, REFERENCE_METADATA, REFERENCE_METADATA_NAME, REFERENCE_METADATA_TYPE)VALUES('8034b5f52ffe4d05969bf852d9c186c1','NumHoursPerWeek','FIELD','77b0a39519d840f5808f531b0a362541','ResidenceEmployees_Type','c896845db6f640c6bf65093333a64c69','Decimal','PRIMITIVE');
INSERT INTO PUBLIC.OBJECT_FIELD_METADATA (ID, NAME, METADATA_TYPE, PARENT_METADATA,PARENT_METADATA_NAME, REFERENCE_METADATA, REFERENCE_METADATA_NAME, REFERENCE_METADATA_TYPE)VALUES('d4bc15924532405bb961487ded292edb','NumEmployees','FIELD','77b0a39519d840f5808f531b0a362541','ResidenceEmployees_Type','838cab4e48a54d0bb23ca5ea9db454ab','Long','PRIMITIVE');
INSERT INTO PUBLIC.OBJECT_FIELD_METADATA (ID, NAME, METADATA_TYPE, PARENT_METADATA,PARENT_METADATA_NAME, REFERENCE_METADATA, REFERENCE_METADATA_NAME, REFERENCE_METADATA_TYPE)VALUES('0a6a109b75404eeba9e27d664bc420a1','DutiesDesc','FIELD','77b0a39519d840f5808f531b0a362541','ResidenceEmployees_Type','2344631100044813a5126adcfb93e80d','C-255','PRIMITIVE');
INSERT INTO PUBLIC.OBJECT_FIELD_METADATA (ID, NAME, METADATA_TYPE, PARENT_METADATA,PARENT_METADATA_NAME, REFERENCE_METADATA, REFERENCE_METADATA_NAME, REFERENCE_METADATA_TYPE)VALUES('8bd28347f9e74572ba267f14fe08303c','EmployeeStatusCd','FIELD','77b0a39519d840f5808f531b0a362541','ResidenceEmployees_Type','da24ae33cbe44771b0a1e46d198e4389','EmployeeStatus','PRIMITIVE');
INSERT INTO PUBLIC.OBJECT_FIELD_METADATA (ID, NAME, METADATA_TYPE, PARENT_METADATA,PARENT_METADATA_NAME, REFERENCE_METADATA, REFERENCE_METADATA_NAME, REFERENCE_METADATA_TYPE)VALUES('d9f503515b584d44a6f25170ea0f7657','ResidenceEmployees','MODEL_RELATION','4e26027ebc964bf2b9794c16adccd3cf','Dwell_Type','77b0a39519d840f5808f531b0a362541','ResidenceEmployees_Type','OBJECT');
INSERT INTO PUBLIC.OBJECT_FIELD_METADATA (ID, NAME, METADATA_TYPE, PARENT_METADATA,PARENT_METADATA_NAME, REFERENCE_METADATA, REFERENCE_METADATA_NAME, REFERENCE_METADATA_TYPE)VALUES('cedbafea6be24512aa076f2cd9caf98c','Link','MODEL_RELATION','4e26027ebc964bf2b9794c16adccd3cf','Dwell_Type','366dc9a89db94de3b92abf43ef1bf084','Link_Type','OBJECT');
INSERT INTO PUBLIC.OBJECT_FIELD_METADATA (ID, NAME, METADATA_TYPE, PARENT_METADATA,PARENT_METADATA_NAME, REFERENCE_METADATA, REFERENCE_METADATA_NAME, REFERENCE_METADATA_TYPE)VALUES('00a1fa97d9ca4d49ac4dddae2580e2e1','RoofConditionCd','FIELD','4e26027ebc964bf2b9794c16adccd3cf','Dwell_Type','7b7fc008d69947e589c856bb3e5e7828','HousekeepingCondition','PRIMITIVE');
INSERT INTO PUBLIC.OBJECT_FIELD_METADATA (ID, NAME, METADATA_TYPE, PARENT_METADATA,PARENT_METADATA_NAME, REFERENCE_METADATA, REFERENCE_METADATA_NAME, REFERENCE_METADATA_TYPE)VALUES('8abec968bdf04fd8ad20f1c815b613ca','WiringInspectedDt','FIELD','4e26027ebc964bf2b9794c16adccd3cf','Dwell_Type','3b0a2ca6cf3a4fb19718e35aa60287cd','Date','PRIMITIVE');
INSERT INTO PUBLIC.OBJECT_FIELD_METADATA (ID, NAME, METADATA_TYPE, PARENT_METADATA,PARENT_METADATA_NAME, REFERENCE_METADATA, REFERENCE_METADATA_NAME, REFERENCE_METADATA_TYPE)VALUES('fd04f2fb4493400ebacd27a63a08dc0e','ThermostaticallyControlledCentralHeatInd','FIELD','4e26027ebc964bf2b9794c16adccd3cf','Dwell_Type','4ffb0bcc3ec946d1af3ef883f4c3a4e6','Boolean','PRIMITIVE');
INSERT INTO PUBLIC.OBJECT_METADATA (ID, NAME, METADATA_TYPE, REFERENCE_METADATA, REFERENCE_METADATA_NAME) VALUES('eebb5b0c3c444ee0a8b2daa746f6e3dd','DwellOccupancy_Type','OBJECT',null,null);
INSERT INTO PUBLIC.OBJECT_FIELD_METADATA (ID, NAME, METADATA_TYPE, PARENT_METADATA,PARENT_METADATA_NAME, REFERENCE_METADATA, REFERENCE_METADATA_NAME, REFERENCE_METADATA_TYPE)VALUES('e3b69016e5854849944b0c1c6bb67cd1','LengthTimeRentedToOthers','MODEL_RELATION','eebb5b0c3c444ee0a8b2daa746f6e3dd','DwellOccupancy_Type','1df1057b06734b019460d9f8fb0a43b0','MEASUREMENT','OBJECT');
INSERT INTO PUBLIC.OBJECT_FIELD_METADATA (ID, NAME, METADATA_TYPE, PARENT_METADATA,PARENT_METADATA_NAME, REFERENCE_METADATA, REFERENCE_METADATA_NAME, REFERENCE_METADATA_TYPE)VALUES('a0498653f4574a0688b75c6d194e2763','YearOccupancy','FIELD','eebb5b0c3c444ee0a8b2daa746f6e3dd','DwellOccupancy_Type','7c9113946db7435cb0053de34c768997','Year','PRIMITIVE');
INSERT INTO PUBLIC.OBJECT_FIELD_METADATA (ID, NAME, METADATA_TYPE, PARENT_METADATA,PARENT_METADATA_NAME, REFERENCE_METADATA, REFERENCE_METADATA_NAME, REFERENCE_METADATA_TYPE)VALUES('3427c4be41e840b3820f8318bb3c347c','NumApartments','FIELD','eebb5b0c3c444ee0a8b2daa746f6e3dd','DwellOccupancy_Type','838cab4e48a54d0bb23ca5ea9db454ab','Long','PRIMITIVE');
INSERT INTO PUBLIC.OBJECT_FIELD_METADATA (ID, NAME, METADATA_TYPE, PARENT_METADATA,PARENT_METADATA_NAME, REFERENCE_METADATA, REFERENCE_METADATA_NAME, REFERENCE_METADATA_TYPE)VALUES('3eb79139145d46eb99f8d1760f0e459c','NeighborhoodDesc','FIELD','eebb5b0c3c444ee0a8b2daa746f6e3dd','DwellOccupancy_Type','2344631100044813a5126adcfb93e80d','C-255','PRIMITIVE');
INSERT INTO PUBLIC.OBJECT_FIELD_METADATA (ID, NAME, METADATA_TYPE, PARENT_METADATA,PARENT_METADATA_NAME, REFERENCE_METADATA, REFERENCE_METADATA_NAME, REFERENCE_METADATA_TYPE)VALUES('bf8d47dda6934b569069eec0df859597','ResidenceTypeCd','FIELD','eebb5b0c3c444ee0a8b2daa746f6e3dd','DwellOccupancy_Type','930cfa2fca2e4100999818042f5544a3','ResidenceType','PRIMITIVE');
INSERT INTO PUBLIC.OBJECT_FIELD_METADATA (ID, NAME, METADATA_TYPE, PARENT_METADATA,PARENT_METADATA_NAME, REFERENCE_METADATA, REFERENCE_METADATA_NAME, REFERENCE_METADATA_TYPE)VALUES('85bc9f37cdc14a9c9d9cf1f420e852d0','WorkingUtilitiesInfo','MODEL_RELATION','eebb5b0c3c444ee0a8b2daa746f6e3dd','DwellOccupancy_Type','f3238bc1e7f84d398c68da70e631c175','WorkingUtilitiesInfo_Type','OBJECT');
INSERT INTO PUBLIC.OBJECT_FIELD_METADATA (ID, NAME, METADATA_TYPE, PARENT_METADATA,PARENT_METADATA_NAME, REFERENCE_METADATA, REFERENCE_METADATA_NAME, REFERENCE_METADATA_TYPE)VALUES('0546f80080ed47b4be94be8e76b0a571','NumResidentsInHousehold','FIELD','eebb5b0c3c444ee0a8b2daa746f6e3dd','DwellOccupancy_Type','838cab4e48a54d0bb23ca5ea9db454ab','Long','PRIMITIVE');
INSERT INTO PUBLIC.OBJECT_FIELD_METADATA (ID, NAME, METADATA_TYPE, PARENT_METADATA,PARENT_METADATA_NAME, REFERENCE_METADATA, REFERENCE_METADATA_NAME, REFERENCE_METADATA_TYPE)VALUES('11a4a9169b3e42f196c2b7669dcb34c1','DaytimeOccupancyInd','FIELD','eebb5b0c3c444ee0a8b2daa746f6e3dd','DwellOccupancy_Type','4ffb0bcc3ec946d1af3ef883f4c3a4e6','Boolean','PRIMITIVE');
INSERT INTO PUBLIC.OBJECT_METADATA (ID, NAME, METADATA_TYPE, REFERENCE_METADATA, REFERENCE_METADATA_NAME) VALUES('064c35d90b734e0182cecbfdb7174898','UnoccupiedInfo_Type','OBJECT',null,null);
INSERT INTO PUBLIC.PRIMITIVE_METADATA (ID, NAME, METADATA_TYPE) VALUES('145dbabe637442a5b2a3cfdb2f6a0583','UnoccupiedType','PRIMITIVE');
INSERT INTO PUBLIC.OBJECT_FIELD_METADATA (ID, NAME, METADATA_TYPE, PARENT_METADATA,PARENT_METADATA_NAME, REFERENCE_METADATA, REFERENCE_METADATA_NAME, REFERENCE_METADATA_TYPE)VALUES('c9cbd703725b4d969873307d12224bd5','UnoccupiedTypeCd','FIELD','064c35d90b734e0182cecbfdb7174898','UnoccupiedInfo_Type','145dbabe637442a5b2a3cfdb2f6a0583','UnoccupiedType','PRIMITIVE');
INSERT INTO PUBLIC.OBJECT_FIELD_METADATA (ID, NAME, METADATA_TYPE, PARENT_METADATA,PARENT_METADATA_NAME, REFERENCE_METADATA, REFERENCE_METADATA_NAME, REFERENCE_METADATA_TYPE)VALUES('8a31945b39f44c83a21804d264ad2f6e','LengthTimeUnoccupied','MODEL_RELATION','064c35d90b734e0182cecbfdb7174898','UnoccupiedInfo_Type','1df1057b06734b019460d9f8fb0a43b0','MEASUREMENT','OBJECT');
INSERT INTO PUBLIC.OBJECT_FIELD_METADATA (ID, NAME, METADATA_TYPE, PARENT_METADATA,PARENT_METADATA_NAME, REFERENCE_METADATA, REFERENCE_METADATA_NAME, REFERENCE_METADATA_TYPE)VALUES('cb300694efba4b41882df98ff4bb4ca6','UnoccupiedInfoExt','FIELD','064c35d90b734e0182cecbfdb7174898','UnoccupiedInfo_Type',null,null,null);
INSERT INTO PUBLIC.OBJECT_FIELD_METADATA (ID, NAME, METADATA_TYPE, PARENT_METADATA,PARENT_METADATA_NAME, REFERENCE_METADATA, REFERENCE_METADATA_NAME, REFERENCE_METADATA_TYPE)VALUES('0bb9dd827c0f48949ae8be2cab22daf7','UnoccupiedInfo','MODEL_RELATION','eebb5b0c3c444ee0a8b2daa746f6e3dd','DwellOccupancy_Type','064c35d90b734e0182cecbfdb7174898','UnoccupiedInfo_Type','OBJECT');
INSERT INTO PUBLIC.OBJECT_FIELD_METADATA (ID, NAME, METADATA_TYPE, PARENT_METADATA,PARENT_METADATA_NAME, REFERENCE_METADATA, REFERENCE_METADATA_NAME, REFERENCE_METADATA_TYPE)VALUES('dd25b235028e4b25b04a0206f29bf116','DwellOccupancyExt','FIELD','eebb5b0c3c444ee0a8b2daa746f6e3dd','DwellOccupancy_Type',null,null,null);
INSERT INTO PUBLIC.OBJECT_FIELD_METADATA (ID, NAME, METADATA_TYPE, PARENT_METADATA,PARENT_METADATA_NAME, REFERENCE_METADATA, REFERENCE_METADATA_NAME, REFERENCE_METADATA_TYPE)VALUES('a848fd7b09204ae8b46cb7245472f2e8','NumChildren','FIELD','eebb5b0c3c444ee0a8b2daa746f6e3dd','DwellOccupancy_Type','838cab4e48a54d0bb23ca5ea9db454ab','Long','PRIMITIVE');
INSERT INTO PUBLIC.OBJECT_FIELD_METADATA (ID, NAME, METADATA_TYPE, PARENT_METADATA,PARENT_METADATA_NAME, REFERENCE_METADATA, REFERENCE_METADATA_NAME, REFERENCE_METADATA_TYPE)VALUES('f628e25cb9af4b7e89144df66d1a302c','RentalIncomeAmt','MODEL_RELATION','eebb5b0c3c444ee0a8b2daa746f6e3dd','DwellOccupancy_Type','4fa89203e94a4637baa0484d19b460c5','CURRENCY','OBJECT');
INSERT INTO PUBLIC.OBJECT_FIELD_METADATA (ID, NAME, METADATA_TYPE, PARENT_METADATA,PARENT_METADATA_NAME, REFERENCE_METADATA, REFERENCE_METADATA_NAME, REFERENCE_METADATA_TYPE)VALUES('0d60fd16b75c41849ca233167645d992','NumRoomOccupants','FIELD','eebb5b0c3c444ee0a8b2daa746f6e3dd','DwellOccupancy_Type','838cab4e48a54d0bb23ca5ea9db454ab','Long','PRIMITIVE');
INSERT INTO PUBLIC.OBJECT_FIELD_METADATA (ID, NAME, METADATA_TYPE, PARENT_METADATA,PARENT_METADATA_NAME, REFERENCE_METADATA, REFERENCE_METADATA_NAME, REFERENCE_METADATA_TYPE)VALUES('fef732a43a7d4fb684b0768454c796c0','LengthTimeOccupancyType','MODEL_RELATION','eebb5b0c3c444ee0a8b2daa746f6e3dd','DwellOccupancy_Type','1df1057b06734b019460d9f8fb0a43b0','MEASUREMENT','OBJECT');
INSERT INTO PUBLIC.OBJECT_FIELD_METADATA (ID, NAME, METADATA_TYPE, PARENT_METADATA,PARENT_METADATA_NAME, REFERENCE_METADATA, REFERENCE_METADATA_NAME, REFERENCE_METADATA_TYPE)VALUES('974df55f81334d459a26830354f9f04f','VisibleToRoadInd','FIELD','eebb5b0c3c444ee0a8b2daa746f6e3dd','DwellOccupancy_Type','4ffb0bcc3ec946d1af3ef883f4c3a4e6','Boolean','PRIMITIVE');
INSERT INTO PUBLIC.PRIMITIVE_METADATA (ID, NAME, METADATA_TYPE) VALUES('f4d7bddf412e4ab3baefafbf62f20e86','DwellingUse','PRIMITIVE');
INSERT INTO PUBLIC.OBJECT_FIELD_METADATA (ID, NAME, METADATA_TYPE, PARENT_METADATA,PARENT_METADATA_NAME, REFERENCE_METADATA, REFERENCE_METADATA_NAME, REFERENCE_METADATA_TYPE)VALUES('784711d2e73e4a6295785349afebe17f','DwellUseCd','FIELD','eebb5b0c3c444ee0a8b2daa746f6e3dd','DwellOccupancy_Type','f4d7bddf412e4ab3baefafbf62f20e86','DwellingUse','PRIMITIVE');
INSERT INTO PUBLIC.OBJECT_FIELD_METADATA (ID, NAME, METADATA_TYPE, PARENT_METADATA,PARENT_METADATA_NAME, REFERENCE_METADATA, REFERENCE_METADATA_NAME, REFERENCE_METADATA_TYPE)VALUES('b14ff814cdca43bbb8e597ed67adbc6f','NeighborhoodCd','FIELD','eebb5b0c3c444ee0a8b2daa746f6e3dd','DwellOccupancy_Type','45246dcfdc2c43918cf3ae5ca95b1b49','LocationType','PRIMITIVE');
INSERT INTO PUBLIC.OBJECT_FIELD_METADATA (ID, NAME, METADATA_TYPE, PARENT_METADATA,PARENT_METADATA_NAME, REFERENCE_METADATA, REFERENCE_METADATA_NAME, REFERENCE_METADATA_TYPE)VALUES('4c4d55a95c124e938712b2d74b7f774d','FutureOccupancyDesc','FIELD','eebb5b0c3c444ee0a8b2daa746f6e3dd','DwellOccupancy_Type','2344631100044813a5126adcfb93e80d','C-255','PRIMITIVE');
INSERT INTO PUBLIC.PRIMITIVE_METADATA (ID, NAME, METADATA_TYPE) VALUES('809efe8cb0f24b1eafadcf1f59f688b8','OccupancyType','PRIMITIVE');
INSERT INTO PUBLIC.OBJECT_FIELD_METADATA (ID, NAME, METADATA_TYPE, PARENT_METADATA,PARENT_METADATA_NAME, REFERENCE_METADATA, REFERENCE_METADATA_NAME, REFERENCE_METADATA_TYPE)VALUES('cd9ff56d146b48a687cf53681fca755a','OccupancyTypeCd','FIELD','eebb5b0c3c444ee0a8b2daa746f6e3dd','DwellOccupancy_Type','809efe8cb0f24b1eafadcf1f59f688b8','OccupancyType','PRIMITIVE');
INSERT INTO PUBLIC.OBJECT_METADATA (ID, NAME, METADATA_TYPE, REFERENCE_METADATA, REFERENCE_METADATA_NAME) VALUES('bbff2f3155d34d2eaf14db9723d01871','VacancyInfo_Type','OBJECT',null,null);
INSERT INTO PUBLIC.OBJECT_FIELD_METADATA (ID, NAME, METADATA_TYPE, PARENT_METADATA,PARENT_METADATA_NAME, REFERENCE_METADATA, REFERENCE_METADATA_NAME, REFERENCE_METADATA_TYPE)VALUES('8df584b5a6e54d598ea9d9980c59f716','VacantBldgInd','FIELD','bbff2f3155d34d2eaf14db9723d01871','VacancyInfo_Type','4ffb0bcc3ec946d1af3ef883f4c3a4e6','Boolean','PRIMITIVE');
INSERT INTO PUBLIC.OBJECT_FIELD_METADATA (ID, NAME, METADATA_TYPE, PARENT_METADATA,PARENT_METADATA_NAME, REFERENCE_METADATA, REFERENCE_METADATA_NAME, REFERENCE_METADATA_TYPE)VALUES('ddd15ad8196543b8bc2fb992f7d4dce0','BldgSeenDesc','FIELD','bbff2f3155d34d2eaf14db9723d01871','VacancyInfo_Type','2344631100044813a5126adcfb93e80d','C-255','PRIMITIVE');
INSERT INTO PUBLIC.OBJECT_FIELD_METADATA (ID, NAME, METADATA_TYPE, PARENT_METADATA,PARENT_METADATA_NAME, REFERENCE_METADATA, REFERENCE_METADATA_NAME, REFERENCE_METADATA_TYPE)VALUES('d8174b379d8f4ea1ad7e4150e2d85d3c','BldgSeenByDesc','FIELD','bbff2f3155d34d2eaf14db9723d01871','VacancyInfo_Type','2344631100044813a5126adcfb93e80d','C-255','PRIMITIVE');
INSERT INTO PUBLIC.OBJECT_FIELD_METADATA (ID, NAME, METADATA_TYPE, PARENT_METADATA,PARENT_METADATA_NAME, REFERENCE_METADATA, REFERENCE_METADATA_NAME, REFERENCE_METADATA_TYPE)VALUES('ec33d5ab56c5455e862e1c05aa651608','VacantFloorsDesc','FIELD','bbff2f3155d34d2eaf14db9723d01871','VacancyInfo_Type','2344631100044813a5126adcfb93e80d','C-255','PRIMITIVE');
INSERT INTO PUBLIC.OBJECT_FIELD_METADATA (ID, NAME, METADATA_TYPE, PARENT_METADATA,PARENT_METADATA_NAME, REFERENCE_METADATA, REFERENCE_METADATA_NAME, REFERENCE_METADATA_TYPE)VALUES('d85bd9f3032e48ebb63919ded708d19e','BldgSeenCd','FIELD','bbff2f3155d34d2eaf14db9723d01871','VacancyInfo_Type','90030f3dd02843e3b982684d2bd6039d','Frequency','PRIMITIVE');
INSERT INTO PUBLIC.OBJECT_FIELD_METADATA (ID, NAME, METADATA_TYPE, PARENT_METADATA,PARENT_METADATA_NAME, REFERENCE_METADATA, REFERENCE_METADATA_NAME, REFERENCE_METADATA_TYPE)VALUES('cdbed2d2a2684ce4ac45e36cca131590','VacancyDt','FIELD','bbff2f3155d34d2eaf14db9723d01871','VacancyInfo_Type','3b0a2ca6cf3a4fb19718e35aa60287cd','Date','PRIMITIVE');
INSERT INTO PUBLIC.OBJECT_FIELD_METADATA (ID, NAME, METADATA_TYPE, PARENT_METADATA,PARENT_METADATA_NAME, REFERENCE_METADATA, REFERENCE_METADATA_NAME, REFERENCE_METADATA_TYPE)VALUES('27b930ccede3499c8bf7c650aa84303d','VacantPct','FIELD','bbff2f3155d34d2eaf14db9723d01871','VacancyInfo_Type','42787ecf7ebe44bdb047ebe0f2268d21','PercentLong','PRIMITIVE');
INSERT INTO PUBLIC.OBJECT_FIELD_METADATA (ID, NAME, METADATA_TYPE, PARENT_METADATA,PARENT_METADATA_NAME, REFERENCE_METADATA, REFERENCE_METADATA_NAME, REFERENCE_METADATA_TYPE)VALUES('5e2665d7e1234712bbed788202d9119e','NumVacantUnits','FIELD','bbff2f3155d34d2eaf14db9723d01871','VacancyInfo_Type','838cab4e48a54d0bb23ca5ea9db454ab','Long','PRIMITIVE');
INSERT INTO PUBLIC.OBJECT_FIELD_METADATA (ID, NAME, METADATA_TYPE, PARENT_METADATA,PARENT_METADATA_NAME, REFERENCE_METADATA, REFERENCE_METADATA_NAME, REFERENCE_METADATA_TYPE)VALUES('462d789cb73140aca4a6df20ee5daa5e','OperationalSecurityDesc','FIELD','bbff2f3155d34d2eaf14db9723d01871','VacancyInfo_Type','2344631100044813a5126adcfb93e80d','C-255','PRIMITIVE');
INSERT INTO PUBLIC.OBJECT_FIELD_METADATA (ID, NAME, METADATA_TYPE, PARENT_METADATA,PARENT_METADATA_NAME, REFERENCE_METADATA, REFERENCE_METADATA_NAME, REFERENCE_METADATA_TYPE)VALUES('a12d254912ee4ac08dc91ee5c50de824','VacantStories','FIELD','bbff2f3155d34d2eaf14db9723d01871','VacancyInfo_Type','c896845db6f640c6bf65093333a64c69','Decimal','PRIMITIVE');
INSERT INTO PUBLIC.PRIMITIVE_METADATA (ID, NAME, METADATA_TYPE) VALUES('55db4b80282447979a3ff202679c85e9','ReasonVacant','PRIMITIVE');
INSERT INTO PUBLIC.OBJECT_FIELD_METADATA (ID, NAME, METADATA_TYPE, PARENT_METADATA,PARENT_METADATA_NAME, REFERENCE_METADATA, REFERENCE_METADATA_NAME, REFERENCE_METADATA_TYPE)VALUES('a64e9a4a65eb465a8dcd5970aeaad306','ReasonVacantCd','FIELD','bbff2f3155d34d2eaf14db9723d01871','VacancyInfo_Type','55db4b80282447979a3ff202679c85e9','ReasonVacant','PRIMITIVE');
INSERT INTO PUBLIC.OBJECT_FIELD_METADATA (ID, NAME, METADATA_TYPE, PARENT_METADATA,PARENT_METADATA_NAME, REFERENCE_METADATA, REFERENCE_METADATA_NAME, REFERENCE_METADATA_TYPE)VALUES('7def1ef61e834bbb810637b5242dd134','ReasonVacantDesc','FIELD','bbff2f3155d34d2eaf14db9723d01871','VacancyInfo_Type','2344631100044813a5126adcfb93e80d','C-255','PRIMITIVE');
INSERT INTO PUBLIC.OBJECT_FIELD_METADATA (ID, NAME, METADATA_TYPE, PARENT_METADATA,PARENT_METADATA_NAME, REFERENCE_METADATA, REFERENCE_METADATA_NAME, REFERENCE_METADATA_TYPE)VALUES('f00f3018222649b8b90d4ebce550d3ed','OperationalSecurityCd','FIELD','bbff2f3155d34d2eaf14db9723d01871','VacancyInfo_Type','f9b5e43d237c438fa2ed247f9e9113c2','AlarmDescription','PRIMITIVE');
INSERT INTO PUBLIC.OBJECT_FIELD_METADATA (ID, NAME, METADATA_TYPE, PARENT_METADATA,PARENT_METADATA_NAME, REFERENCE_METADATA, REFERENCE_METADATA_NAME, REFERENCE_METADATA_TYPE)VALUES('ab6afc0f72fb4382942269ec2bfdd932','VacancyInfoExt','FIELD','bbff2f3155d34d2eaf14db9723d01871','VacancyInfo_Type',null,null,null);
INSERT INTO PUBLIC.OBJECT_FIELD_METADATA (ID, NAME, METADATA_TYPE, PARENT_METADATA,PARENT_METADATA_NAME, REFERENCE_METADATA, REFERENCE_METADATA_NAME, REFERENCE_METADATA_TYPE)VALUES('7c0a49f64363458093f3a86b15730d3e','VacantArea','MODEL_RELATION','bbff2f3155d34d2eaf14db9723d01871','VacancyInfo_Type','1df1057b06734b019460d9f8fb0a43b0','MEASUREMENT','OBJECT');
INSERT INTO PUBLIC.OBJECT_FIELD_METADATA (ID, NAME, METADATA_TYPE, PARENT_METADATA,PARENT_METADATA_NAME, REFERENCE_METADATA, REFERENCE_METADATA_NAME, REFERENCE_METADATA_TYPE)VALUES('a4926b756fee44d1b051bb698a2d65d1','BldgLastSeenDt','FIELD','bbff2f3155d34d2eaf14db9723d01871','VacancyInfo_Type','3b0a2ca6cf3a4fb19718e35aa60287cd','Date','PRIMITIVE');
INSERT INTO PUBLIC.PRIMITIVE_METADATA (ID, NAME, METADATA_TYPE) VALUES('f2fae789393f44338439e25b9c8005b2','SeenBy','PRIMITIVE');
INSERT INTO PUBLIC.OBJECT_FIELD_METADATA (ID, NAME, METADATA_TYPE, PARENT_METADATA,PARENT_METADATA_NAME, REFERENCE_METADATA, REFERENCE_METADATA_NAME, REFERENCE_METADATA_TYPE)VALUES('54d9b9ec9bd9488484602694bd2e13c2','BldgSeenByCd','FIELD','bbff2f3155d34d2eaf14db9723d01871','VacancyInfo_Type','f2fae789393f44338439e25b9c8005b2','SeenBy','PRIMITIVE');
INSERT INTO PUBLIC.OBJECT_FIELD_METADATA (ID, NAME, METADATA_TYPE, PARENT_METADATA,PARENT_METADATA_NAME, REFERENCE_METADATA, REFERENCE_METADATA_NAME, REFERENCE_METADATA_TYPE)VALUES('4e4de02e4cc64642a2b0f2f20a91994c','VacancyInfo','MODEL_RELATION','eebb5b0c3c444ee0a8b2daa746f6e3dd','DwellOccupancy_Type','bbff2f3155d34d2eaf14db9723d01871','VacancyInfo_Type','OBJECT');
INSERT INTO PUBLIC.OBJECT_FIELD_METADATA (ID, NAME, METADATA_TYPE, PARENT_METADATA,PARENT_METADATA_NAME, REFERENCE_METADATA, REFERENCE_METADATA_NAME, REFERENCE_METADATA_TYPE)VALUES('fc4b588f5e594eae9be4a06f36b51cd1','NumBoarders','FIELD','eebb5b0c3c444ee0a8b2daa746f6e3dd','DwellOccupancy_Type','838cab4e48a54d0bb23ca5ea9db454ab','Long','PRIMITIVE');
INSERT INTO PUBLIC.OBJECT_FIELD_METADATA (ID, NAME, METADATA_TYPE, PARENT_METADATA,PARENT_METADATA_NAME, REFERENCE_METADATA, REFERENCE_METADATA_NAME, REFERENCE_METADATA_TYPE)VALUES('62fef683a7cb462299da134d2054d539','NatureBusinessCd','FIELD','eebb5b0c3c444ee0a8b2daa746f6e3dd','DwellOccupancy_Type','a07a536c272c4ea1934fc7fd560836c1','NatureOfBusiness','PRIMITIVE');
INSERT INTO PUBLIC.OBJECT_FIELD_METADATA (ID, NAME, METADATA_TYPE, PARENT_METADATA,PARENT_METADATA_NAME, REFERENCE_METADATA, REFERENCE_METADATA_NAME, REFERENCE_METADATA_TYPE)VALUES('1589902499fd4ebd9c8c5174b94882d9','NumRooms','FIELD','eebb5b0c3c444ee0a8b2daa746f6e3dd','DwellOccupancy_Type','c896845db6f640c6bf65093333a64c69','Decimal','PRIMITIVE');
INSERT INTO PUBLIC.OBJECT_FIELD_METADATA (ID, NAME, METADATA_TYPE, PARENT_METADATA,PARENT_METADATA_NAME, REFERENCE_METADATA, REFERENCE_METADATA_NAME, REFERENCE_METADATA_TYPE)VALUES('4a4149c5d2e04ba88926d8e97b45a68c','VisibilityInd','FIELD','eebb5b0c3c444ee0a8b2daa746f6e3dd','DwellOccupancy_Type','4ffb0bcc3ec946d1af3ef883f4c3a4e6','Boolean','PRIMITIVE');
INSERT INTO PUBLIC.OBJECT_FIELD_METADATA (ID, NAME, METADATA_TYPE, PARENT_METADATA,PARENT_METADATA_NAME, REFERENCE_METADATA, REFERENCE_METADATA_NAME, REFERENCE_METADATA_TYPE)VALUES('fa663794df744a189529a07579880da4','LengthTimeConsecutivelyOccupied','MODEL_RELATION','eebb5b0c3c444ee0a8b2daa746f6e3dd','DwellOccupancy_Type','1df1057b06734b019460d9f8fb0a43b0','MEASUREMENT','OBJECT');
INSERT INTO PUBLIC.OBJECT_FIELD_METADATA (ID, NAME, METADATA_TYPE, PARENT_METADATA,PARENT_METADATA_NAME, REFERENCE_METADATA, REFERENCE_METADATA_NAME, REFERENCE_METADATA_TYPE)VALUES('429ee7bc5f94460f96fdda465fd10f2d','NumUnitsOwned','FIELD','eebb5b0c3c444ee0a8b2daa746f6e3dd','DwellOccupancy_Type','838cab4e48a54d0bb23ca5ea9db454ab','Long','PRIMITIVE');
INSERT INTO PUBLIC.OBJECT_FIELD_METADATA (ID, NAME, METADATA_TYPE, PARENT_METADATA,PARENT_METADATA_NAME, REFERENCE_METADATA, REFERENCE_METADATA_NAME, REFERENCE_METADATA_TYPE)VALUES('50bedd11468e4d26b746619a55be8470','DwellOccupancy','MODEL_RELATION','4e26027ebc964bf2b9794c16adccd3cf','Dwell_Type','eebb5b0c3c444ee0a8b2daa746f6e3dd','DwellOccupancy_Type','OBJECT');
INSERT INTO PUBLIC.OBJECT_METADATA (ID, NAME, METADATA_TYPE, REFERENCE_METADATA, REFERENCE_METADATA_NAME) VALUES('0feadffed45e41eebafa2f2c0cd549ff','SwimmingPool_Type','OBJECT',null,null);
INSERT INTO PUBLIC.OBJECT_FIELD_METADATA (ID, NAME, METADATA_TYPE, PARENT_METADATA,PARENT_METADATA_NAME, REFERENCE_METADATA, REFERENCE_METADATA_NAME, REFERENCE_METADATA_TYPE)VALUES('0d98c96636024f8ca635eefea660513f','AboveGroundInd','FIELD','0feadffed45e41eebafa2f2c0cd549ff','SwimmingPool_Type','4ffb0bcc3ec946d1af3ef883f4c3a4e6','Boolean','PRIMITIVE');
INSERT INTO PUBLIC.OBJECT_FIELD_METADATA (ID, NAME, METADATA_TYPE, PARENT_METADATA,PARENT_METADATA_NAME, REFERENCE_METADATA, REFERENCE_METADATA_NAME, REFERENCE_METADATA_TYPE)VALUES('73ef11ae475f4ebd8d67df8e6d8928ce','DivingBoardInd','FIELD','0feadffed45e41eebafa2f2c0cd549ff','SwimmingPool_Type','4ffb0bcc3ec946d1af3ef883f4c3a4e6','Boolean','PRIMITIVE');
INSERT INTO PUBLIC.OBJECT_FIELD_METADATA (ID, NAME, METADATA_TYPE, PARENT_METADATA,PARENT_METADATA_NAME, REFERENCE_METADATA, REFERENCE_METADATA_NAME, REFERENCE_METADATA_TYPE)VALUES('698d9b1656a74e48a06ea728a107a555','SwimmingPoolExt','FIELD','0feadffed45e41eebafa2f2c0cd549ff','SwimmingPool_Type',null,null,null);
INSERT INTO PUBLIC.OBJECT_FIELD_METADATA (ID, NAME, METADATA_TYPE, PARENT_METADATA,PARENT_METADATA_NAME, REFERENCE_METADATA, REFERENCE_METADATA_NAME, REFERENCE_METADATA_TYPE)VALUES('80234ac3d2194bc0bd064c7097bb992a','LifeGuardInd','FIELD','0feadffed45e41eebafa2f2c0cd549ff','SwimmingPool_Type','4ffb0bcc3ec946d1af3ef883f4c3a4e6','Boolean','PRIMITIVE');
INSERT INTO PUBLIC.OBJECT_FIELD_METADATA (ID, NAME, METADATA_TYPE, PARENT_METADATA,PARENT_METADATA_NAME, REFERENCE_METADATA, REFERENCE_METADATA_NAME, REFERENCE_METADATA_TYPE)VALUES('aba224aa0fd5440d863607700f88de7e','LimitedAccessInd','FIELD','0feadffed45e41eebafa2f2c0cd549ff','SwimmingPool_Type','4ffb0bcc3ec946d1af3ef883f4c3a4e6','Boolean','PRIMITIVE');
INSERT INTO PUBLIC.OBJECT_FIELD_METADATA (ID, NAME, METADATA_TYPE, PARENT_METADATA,PARENT_METADATA_NAME, REFERENCE_METADATA, REFERENCE_METADATA_NAME, REFERENCE_METADATA_TYPE)VALUES('9985de4b4a3641d28423a87054b2fb69','SwimInstructionInd','FIELD','0feadffed45e41eebafa2f2c0cd549ff','SwimmingPool_Type','4ffb0bcc3ec946d1af3ef883f4c3a4e6','Boolean','PRIMITIVE');
INSERT INTO PUBLIC.OBJECT_FIELD_METADATA (ID, NAME, METADATA_TYPE, PARENT_METADATA,PARENT_METADATA_NAME, REFERENCE_METADATA, REFERENCE_METADATA_NAME, REFERENCE_METADATA_TYPE)VALUES('692c17c3cec749d3837faa49ef5cbf21','ApprovedFenceInd','FIELD','0feadffed45e41eebafa2f2c0cd549ff','SwimmingPool_Type','4ffb0bcc3ec946d1af3ef883f4c3a4e6','Boolean','PRIMITIVE');
INSERT INTO PUBLIC.OBJECT_FIELD_METADATA (ID, NAME, METADATA_TYPE, PARENT_METADATA,PARENT_METADATA_NAME, REFERENCE_METADATA, REFERENCE_METADATA_NAME, REFERENCE_METADATA_TYPE)VALUES('76c828945c3b49febcd73605060bb654','FenceConstructionCd','FIELD','0feadffed45e41eebafa2f2c0cd549ff','SwimmingPool_Type','dac392a51a934264a22aef96e73f6bbb','ConstructionType','PRIMITIVE');
INSERT INTO PUBLIC.OBJECT_FIELD_METADATA (ID, NAME, METADATA_TYPE, PARENT_METADATA,PARENT_METADATA_NAME, REFERENCE_METADATA, REFERENCE_METADATA_NAME, REFERENCE_METADATA_TYPE)VALUES('5a8c238b84d44c8fb3eef6147a1dc35e','FenceHeight','MODEL_RELATION','0feadffed45e41eebafa2f2c0cd549ff','SwimmingPool_Type','1df1057b06734b019460d9f8fb0a43b0','MEASUREMENT','OBJECT');
INSERT INTO PUBLIC.PRIMITIVE_METADATA (ID, NAME, METADATA_TYPE) VALUES('275f82377bff4e1c98c82ea3fded3a3b','Indoor','PRIMITIVE');
INSERT INTO PUBLIC.OBJECT_FIELD_METADATA (ID, NAME, METADATA_TYPE, PARENT_METADATA,PARENT_METADATA_NAME, REFERENCE_METADATA, REFERENCE_METADATA_NAME, REFERENCE_METADATA_TYPE)VALUES('3d1c51906ee04c61880ec0275d62879a','IndoorCd','FIELD','0feadffed45e41eebafa2f2c0cd549ff','SwimmingPool_Type','275f82377bff4e1c98c82ea3fded3a3b','Indoor','PRIMITIVE');
INSERT INTO PUBLIC.OBJECT_FIELD_METADATA (ID, NAME, METADATA_TYPE, PARENT_METADATA,PARENT_METADATA_NAME, REFERENCE_METADATA, REFERENCE_METADATA_NAME, REFERENCE_METADATA_TYPE)VALUES('54f87bc69c864194a33fb9dedda4b9a0','Depth','MODEL_RELATION','0feadffed45e41eebafa2f2c0cd549ff','SwimmingPool_Type','1df1057b06734b019460d9f8fb0a43b0','MEASUREMENT','OBJECT');
INSERT INTO PUBLIC.OBJECT_FIELD_METADATA (ID, NAME, METADATA_TYPE, PARENT_METADATA,PARENT_METADATA_NAME, REFERENCE_METADATA, REFERENCE_METADATA_NAME, REFERENCE_METADATA_TYPE)VALUES('7d2d2a790dfe44e4a2cd4fe09909f59e','SlideInd','FIELD','0feadffed45e41eebafa2f2c0cd549ff','SwimmingPool_Type','4ffb0bcc3ec946d1af3ef883f4c3a4e6','Boolean','PRIMITIVE');
INSERT INTO PUBLIC.OBJECT_FIELD_METADATA (ID, NAME, METADATA_TYPE, PARENT_METADATA,PARENT_METADATA_NAME, REFERENCE_METADATA, REFERENCE_METADATA_NAME, REFERENCE_METADATA_TYPE)VALUES('6fbb8d9bab0c428ca3976a07b9dd028f','Area','MODEL_RELATION','0feadffed45e41eebafa2f2c0cd549ff','SwimmingPool_Type','1df1057b06734b019460d9f8fb0a43b0','MEASUREMENT','OBJECT');
INSERT INTO PUBLIC.PRIMITIVE_METADATA (ID, NAME, METADATA_TYPE) VALUES('2c89a28b0de24f65a0031475016285dc','PoolConstruction','PRIMITIVE');
INSERT INTO PUBLIC.OBJECT_FIELD_METADATA (ID, NAME, METADATA_TYPE, PARENT_METADATA,PARENT_METADATA_NAME, REFERENCE_METADATA, REFERENCE_METADATA_NAME, REFERENCE_METADATA_TYPE)VALUES('5de25b7444714c53bb47d982b2d726b9','PoolConstructionCd','FIELD','0feadffed45e41eebafa2f2c0cd549ff','SwimmingPool_Type','2c89a28b0de24f65a0031475016285dc','PoolConstruction','PRIMITIVE');
INSERT INTO PUBLIC.OBJECT_FIELD_METADATA (ID, NAME, METADATA_TYPE, PARENT_METADATA,PARENT_METADATA_NAME, REFERENCE_METADATA, REFERENCE_METADATA_NAME, REFERENCE_METADATA_TYPE)VALUES('2103388c21b84321ab4c89e3718e4168','SwimmingPool','MODEL_RELATION','4e26027ebc964bf2b9794c16adccd3cf','Dwell_Type','0feadffed45e41eebafa2f2c0cd549ff','SwimmingPool_Type','OBJECT');
INSERT INTO PUBLIC.OBJECT_FIELD_METADATA (ID, NAME, METADATA_TYPE, PARENT_METADATA,PARENT_METADATA_NAME, REFERENCE_METADATA, REFERENCE_METADATA_NAME, REFERENCE_METADATA_TYPE)VALUES('7ab86101ea844745b14fd9e9318d25ee','OtherPlumbingTypeDesc','FIELD','4e26027ebc964bf2b9794c16adccd3cf','Dwell_Type','2344631100044813a5126adcfb93e80d','C-255','PRIMITIVE');
INSERT INTO PUBLIC.OBJECT_FIELD_METADATA (ID, NAME, METADATA_TYPE, PARENT_METADATA,PARENT_METADATA_NAME, REFERENCE_METADATA, REFERENCE_METADATA_NAME, REFERENCE_METADATA_TYPE)VALUES('b7b7c78482b74169bbc9ddc27bf49339','AreaTypeSurroundingsCd','FIELD','4e26027ebc964bf2b9794c16adccd3cf','Dwell_Type','45246dcfdc2c43918cf3ae5ca95b1b49','LocationType','PRIMITIVE');
INSERT INTO PUBLIC.OBJECT_FIELD_METADATA (ID, NAME, METADATA_TYPE, PARENT_METADATA,PARENT_METADATA_NAME, REFERENCE_METADATA, REFERENCE_METADATA_NAME, REFERENCE_METADATA_TYPE)VALUES('7e6bafadde2c423ca7f97e4afe5e418f','NeighborhoodDesc','FIELD','4e26027ebc964bf2b9794c16adccd3cf','Dwell_Type','2344631100044813a5126adcfb93e80d','C-255','PRIMITIVE');
INSERT INTO PUBLIC.OBJECT_FIELD_METADATA (ID, NAME, METADATA_TYPE, PARENT_METADATA,PARENT_METADATA_NAME, REFERENCE_METADATA, REFERENCE_METADATA_NAME, REFERENCE_METADATA_TYPE)VALUES('59a648dd56f4480397d5c6767bace0d5','PurchasePriceAmt','MODEL_RELATION','4e26027ebc964bf2b9794c16adccd3cf','Dwell_Type','4fa89203e94a4637baa0484d19b460c5','CURRENCY','OBJECT');
INSERT INTO PUBLIC.OBJECT_FIELD_METADATA (ID, NAME, METADATA_TYPE, PARENT_METADATA,PARENT_METADATA_NAME, REFERENCE_METADATA, REFERENCE_METADATA_NAME, REFERENCE_METADATA_TYPE)VALUES('01bcdb33cee342bda42f642db40745fc','InterestCd','FIELD','4e26027ebc964bf2b9794c16adccd3cf','Dwell_Type','893b21bd8cc543e0b3c74b7bd0d5f47d','Interest','PRIMITIVE');
INSERT INTO PUBLIC.OBJECT_FIELD_METADATA (ID, NAME, METADATA_TYPE, PARENT_METADATA,PARENT_METADATA_NAME, REFERENCE_METADATA, REFERENCE_METADATA_NAME, REFERENCE_METADATA_TYPE)VALUES('79e908e0b8d74d5cbaace0b4818a977e','LandArea','MODEL_RELATION','4e26027ebc964bf2b9794c16adccd3cf','Dwell_Type','1df1057b06734b019460d9f8fb0a43b0','MEASUREMENT','OBJECT');
INSERT INTO PUBLIC.OBJECT_FIELD_METADATA (ID, NAME, METADATA_TYPE, PARENT_METADATA,PARENT_METADATA_NAME, REFERENCE_METADATA, REFERENCE_METADATA_NAME, REFERENCE_METADATA_TYPE)VALUES('8bd97278f58e4668a3db20bf15bd2e50','ValueInfo','MODEL_RELATION','4e26027ebc964bf2b9794c16adccd3cf','Dwell_Type','292dd983770e47149290b2eda3f26948','ValueInfo_Type','OBJECT');
INSERT INTO PUBLIC.OBJECT_FIELD_METADATA (ID, NAME, METADATA_TYPE, PARENT_METADATA,PARENT_METADATA_NAME, REFERENCE_METADATA, REFERENCE_METADATA_NAME, REFERENCE_METADATA_TYPE)VALUES('aa376c8261684c0286bdd5521911e13e','OtherStructureAmt','MODEL_RELATION','4e26027ebc964bf2b9794c16adccd3cf','Dwell_Type','4fa89203e94a4637baa0484d19b460c5','CURRENCY','OBJECT');
INSERT INTO PUBLIC.OBJECT_FIELD_METADATA (ID, NAME, METADATA_TYPE, PARENT_METADATA,PARENT_METADATA_NAME, REFERENCE_METADATA, REFERENCE_METADATA_NAME, REFERENCE_METADATA_TYPE)VALUES('d5573ed1d980492c9fd1a765cb0e057a','AdditionalResidenceInd','FIELD','4e26027ebc964bf2b9794c16adccd3cf','Dwell_Type','4ffb0bcc3ec946d1af3ef883f4c3a4e6','Boolean','PRIMITIVE');
INSERT INTO PUBLIC.OBJECT_FIELD_METADATA (ID, NAME, METADATA_TYPE, PARENT_METADATA,PARENT_METADATA_NAME, REFERENCE_METADATA, REFERENCE_METADATA_NAME, REFERENCE_METADATA_TYPE)VALUES('1a1b1b38309b442bb2e11336827ae458','PlumbingLeaksInd','FIELD','4e26027ebc964bf2b9794c16adccd3cf','Dwell_Type','4ffb0bcc3ec946d1af3ef883f4c3a4e6','Boolean','PRIMITIVE');
INSERT INTO PUBLIC.OBJECT_FIELD_METADATA (ID, NAME, METADATA_TYPE, PARENT_METADATA,PARENT_METADATA_NAME, REFERENCE_METADATA, REFERENCE_METADATA_NAME, REFERENCE_METADATA_TYPE)VALUES('147429b0432f468696fda9c51d534735','BldgProtection','MODEL_RELATION','4e26027ebc964bf2b9794c16adccd3cf','Dwell_Type','28a61d7effea4851965cd3af118e3ce8','BldgProtection_Type','OBJECT');
INSERT INTO PUBLIC.OBJECT_FIELD_METADATA (ID, NAME, METADATA_TYPE, PARENT_METADATA,PARENT_METADATA_NAME, REFERENCE_METADATA, REFERENCE_METADATA_NAME, REFERENCE_METADATA_TYPE)VALUES('c0ed7c59b8244197a2a614911a10a84b','HistoricHomeInd','FIELD','4e26027ebc964bf2b9794c16adccd3cf','Dwell_Type','4ffb0bcc3ec946d1af3ef883f4c3a4e6','Boolean','PRIMITIVE');
INSERT INTO PUBLIC.OBJECT_FIELD_METADATA (ID, NAME, METADATA_TYPE, PARENT_METADATA,PARENT_METADATA_NAME, REFERENCE_METADATA, REFERENCE_METADATA_NAME, REFERENCE_METADATA_TYPE)VALUES('ad372306cee14efd88f303087f71af68','MinPremInd','FIELD','4e26027ebc964bf2b9794c16adccd3cf','Dwell_Type','4ffb0bcc3ec946d1af3ef883f4c3a4e6','Boolean','PRIMITIVE');
INSERT INTO PUBLIC.OBJECT_FIELD_METADATA (ID, NAME, METADATA_TYPE, PARENT_METADATA,PARENT_METADATA_NAME, REFERENCE_METADATA, REFERENCE_METADATA_NAME, REFERENCE_METADATA_TYPE)VALUES('ff1a2e453feb49c3b16de4e3cbadce61','OilStorageTankLocationCd','FIELD','4e26027ebc964bf2b9794c16adccd3cf','Dwell_Type','45246dcfdc2c43918cf3ae5ca95b1b49','LocationType','PRIMITIVE');
INSERT INTO PUBLIC.PRIMITIVE_METADATA (ID, NAME, METADATA_TYPE) VALUES('04f0826a12374c6c9825faab391a21b7','FuelLineLocation','PRIMITIVE');
INSERT INTO PUBLIC.OBJECT_FIELD_METADATA (ID, NAME, METADATA_TYPE, PARENT_METADATA,PARENT_METADATA_NAME, REFERENCE_METADATA, REFERENCE_METADATA_NAME, REFERENCE_METADATA_TYPE)VALUES('1d25aad1420c4ec2aa4b64f8ac09e841','FuelLineLocCd','FIELD','4e26027ebc964bf2b9794c16adccd3cf','Dwell_Type','04f0826a12374c6c9825faab391a21b7','FuelLineLocation','PRIMITIVE');
INSERT INTO PUBLIC.OBJECT_FIELD_METADATA (ID, NAME, METADATA_TYPE, PARENT_METADATA,PARENT_METADATA_NAME, REFERENCE_METADATA, REFERENCE_METADATA_NAME, REFERENCE_METADATA_TYPE)VALUES('8ec81ff577d34bdc9bc7769f03d4e9a6','PublicOfficeInd','FIELD','4e26027ebc964bf2b9794c16adccd3cf','Dwell_Type','4ffb0bcc3ec946d1af3ef883f4c3a4e6','Boolean','PRIMITIVE');
INSERT INTO PUBLIC.OBJECT_FIELD_METADATA (ID, NAME, METADATA_TYPE, PARENT_METADATA,PARENT_METADATA_NAME, REFERENCE_METADATA, REFERENCE_METADATA_NAME, REFERENCE_METADATA_TYPE)VALUES('323f46cbf26d4d2c8db5288bad7361ad','HeatingUnitInfo','MODEL_RELATION','4e26027ebc964bf2b9794c16adccd3cf','Dwell_Type','6415ad11f93b46948e393c6a49a497ec','HeatingUnitInfo_Type','OBJECT');
INSERT INTO PUBLIC.OBJECT_FIELD_METADATA (ID, NAME, METADATA_TYPE, PARENT_METADATA,PARENT_METADATA_NAME, REFERENCE_METADATA, REFERENCE_METADATA_NAME, REFERENCE_METADATA_TYPE)VALUES('4f2bd82a3ac14b2295be61eae7d3be16','EligibilityWindHailUnderwritingAssociationInd','FIELD','4e26027ebc964bf2b9794c16adccd3cf','Dwell_Type','4ffb0bcc3ec946d1af3ef883f4c3a4e6','Boolean','PRIMITIVE');
INSERT INTO PUBLIC.OBJECT_FIELD_METADATA (ID, NAME, METADATA_TYPE, PARENT_METADATA,PARENT_METADATA_NAME, REFERENCE_METADATA, REFERENCE_METADATA_NAME, REFERENCE_METADATA_TYPE)VALUES('ddef83cc097f41828083507cf20be3a6','Coverage','MODEL_RELATION','4e26027ebc964bf2b9794c16adccd3cf','Dwell_Type','d0675b4bbe674c1fa08297c27c3cb675','Coverage_Type','OBJECT');
INSERT INTO PUBLIC.OBJECT_FIELD_METADATA (ID, NAME, METADATA_TYPE, PARENT_METADATA,PARENT_METADATA_NAME, REFERENCE_METADATA, REFERENCE_METADATA_NAME, REFERENCE_METADATA_TYPE)VALUES('e80d86d7fd024226aef11eb60ddf31ad','CommissionRatePct','FIELD','4e26027ebc964bf2b9794c16adccd3cf','Dwell_Type','d68704d271534c0a935a3012147640c4','PercentDecimal','PRIMITIVE');
INSERT INTO PUBLIC.OBJECT_METADATA (ID, NAME, METADATA_TYPE, REFERENCE_METADATA, REFERENCE_METADATA_NAME) VALUES('0069920672474ac0afea799b73eec922','DwellStateSupplement_Type','OBJECT',null,null);
INSERT INTO PUBLIC.OBJECT_FIELD_METADATA (ID, NAME, METADATA_TYPE, PARENT_METADATA,PARENT_METADATA_NAME, REFERENCE_METADATA, REFERENCE_METADATA_NAME, REFERENCE_METADATA_TYPE)VALUES('7217f7e7007e4dc0b4171a098f1984c2','DistanceToBrush','MODEL_RELATION','0069920672474ac0afea799b73eec922','DwellStateSupplement_Type','1df1057b06734b019460d9f8fb0a43b0','MEASUREMENT','OBJECT');
INSERT INTO PUBLIC.OBJECT_FIELD_METADATA (ID, NAME, METADATA_TYPE, PARENT_METADATA,PARENT_METADATA_NAME, REFERENCE_METADATA, REFERENCE_METADATA_NAME, REFERENCE_METADATA_TYPE)VALUES('b77f8d199baf4fbf92aec74c89b10fb8','BrushFireRate','FIELD','0069920672474ac0afea799b73eec922','DwellStateSupplement_Type','c896845db6f640c6bf65093333a64c69','Decimal','PRIMITIVE');
INSERT INTO PUBLIC.PRIMITIVE_METADATA (ID, NAME, METADATA_TYPE) VALUES('5c10809e59324f0aa304329512f04064','C-6','PRIMITIVE');
INSERT INTO PUBLIC.OBJECT_FIELD_METADATA (ID, NAME, METADATA_TYPE, PARENT_METADATA,PARENT_METADATA_NAME, REFERENCE_METADATA, REFERENCE_METADATA_NAME, REFERENCE_METADATA_TYPE)VALUES('ce61f5d970cc40d09d5dba073132a1fd','RiskNumberBrushHazard','FIELD','0069920672474ac0afea799b73eec922','DwellStateSupplement_Type','5c10809e59324f0aa304329512f04064','C-6','PRIMITIVE');
INSERT INTO PUBLIC.OBJECT_FIELD_METADATA (ID, NAME, METADATA_TYPE, PARENT_METADATA,PARENT_METADATA_NAME, REFERENCE_METADATA, REFERENCE_METADATA_NAME, REFERENCE_METADATA_TYPE)VALUES('f1848b67b7d54a0db2b50c72244cf31d','ExposureWarranty','FIELD','0069920672474ac0afea799b73eec922','DwellStateSupplement_Type','838cab4e48a54d0bb23ca5ea9db454ab','Long','PRIMITIVE');
INSERT INTO PUBLIC.OBJECT_FIELD_METADATA (ID, NAME, METADATA_TYPE, PARENT_METADATA,PARENT_METADATA_NAME, REFERENCE_METADATA, REFERENCE_METADATA_NAME, REFERENCE_METADATA_TYPE)VALUES('56678d3028c04b8898f98fa73222fcf9','DwellStateSupplementExt','FIELD','0069920672474ac0afea799b73eec922','DwellStateSupplement_Type',null,null,null);
INSERT INTO PUBLIC.OBJECT_FIELD_METADATA (ID, NAME, METADATA_TYPE, PARENT_METADATA,PARENT_METADATA_NAME, REFERENCE_METADATA, REFERENCE_METADATA_NAME, REFERENCE_METADATA_TYPE)VALUES('ad9de7f975a549b6a8efe4d711191f14','DistanceToOceanOrOtherBodyWater','MODEL_RELATION','0069920672474ac0afea799b73eec922','DwellStateSupplement_Type','1df1057b06734b019460d9f8fb0a43b0','MEASUREMENT','OBJECT');
INSERT INTO PUBLIC.OBJECT_FIELD_METADATA (ID, NAME, METADATA_TYPE, PARENT_METADATA,PARENT_METADATA_NAME, REFERENCE_METADATA, REFERENCE_METADATA_NAME, REFERENCE_METADATA_TYPE)VALUES('6309eea7d3ed44eab46916acce63dbcd','WindPlanInd','FIELD','0069920672474ac0afea799b73eec922','DwellStateSupplement_Type','4ffb0bcc3ec946d1af3ef883f4c3a4e6','Boolean','PRIMITIVE');
INSERT INTO PUBLIC.OBJECT_FIELD_METADATA (ID, NAME, METADATA_TYPE, PARENT_METADATA,PARENT_METADATA_NAME, REFERENCE_METADATA, REFERENCE_METADATA_NAME, REFERENCE_METADATA_TYPE)VALUES('db560313c87843798e75c037aeb31665','ChimneyCd','FIELD','0069920672474ac0afea799b73eec922','DwellStateSupplement_Type','e199aff3bbc640ecb0243a1a1991267d','Chimney','PRIMITIVE');
INSERT INTO PUBLIC.OBJECT_FIELD_METADATA (ID, NAME, METADATA_TYPE, PARENT_METADATA,PARENT_METADATA_NAME, REFERENCE_METADATA, REFERENCE_METADATA_NAME, REFERENCE_METADATA_TYPE)VALUES('7744247f1af54e50acea44807b93bcf8','RuralProtectedInd','FIELD','0069920672474ac0afea799b73eec922','DwellStateSupplement_Type','4ffb0bcc3ec946d1af3ef883f4c3a4e6','Boolean','PRIMITIVE');
INSERT INTO PUBLIC.OBJECT_FIELD_METADATA (ID, NAME, METADATA_TYPE, PARENT_METADATA,PARENT_METADATA_NAME, REFERENCE_METADATA, REFERENCE_METADATA_NAME, REFERENCE_METADATA_TYPE)VALUES('81922c70a8464e1fb639e9e7fe6d1147','ContinuousRenewalInd','FIELD','0069920672474ac0afea799b73eec922','DwellStateSupplement_Type','4ffb0bcc3ec946d1af3ef883f4c3a4e6','Boolean','PRIMITIVE');
INSERT INTO PUBLIC.PRIMITIVE_METADATA (ID, NAME, METADATA_TYPE) VALUES('91df03d270c740d2b5e51baf9e17d73f','C-32','PRIMITIVE');
INSERT INTO PUBLIC.OBJECT_FIELD_METADATA (ID, NAME, METADATA_TYPE, PARENT_METADATA,PARENT_METADATA_NAME, REFERENCE_METADATA, REFERENCE_METADATA_NAME, REFERENCE_METADATA_TYPE)VALUES('1de3f2e361c9492fa09419443db59b31','HydrantMunicipality','FIELD','0069920672474ac0afea799b73eec922','DwellStateSupplement_Type','91df03d270c740d2b5e51baf9e17d73f','C-32','PRIMITIVE');
INSERT INTO PUBLIC.OBJECT_FIELD_METADATA (ID, NAME, METADATA_TYPE, PARENT_METADATA,PARENT_METADATA_NAME, REFERENCE_METADATA, REFERENCE_METADATA_NAME, REFERENCE_METADATA_TYPE)VALUES('5f4494b4468d471db20467a35dc8332b','HydrantLocationCd','FIELD','0069920672474ac0afea799b73eec922','DwellStateSupplement_Type','45246dcfdc2c43918cf3ae5ca95b1b49','LocationType','PRIMITIVE');
INSERT INTO PUBLIC.OBJECT_FIELD_METADATA (ID, NAME, METADATA_TYPE, PARENT_METADATA,PARENT_METADATA_NAME, REFERENCE_METADATA, REFERENCE_METADATA_NAME, REFERENCE_METADATA_TYPE)VALUES('3924dd5d7bdc4fbda76d65f4e962e12b','MineSubsidenceCd','FIELD','0069920672474ac0afea799b73eec922','DwellStateSupplement_Type','dc55357aa2d44ea196c5c73124877b1d','Response','PRIMITIVE');
INSERT INTO PUBLIC.OBJECT_FIELD_METADATA (ID, NAME, METADATA_TYPE, PARENT_METADATA,PARENT_METADATA_NAME, REFERENCE_METADATA, REFERENCE_METADATA_NAME, REFERENCE_METADATA_TYPE)VALUES('782e5e9670f146afb79cd9420f563389','DistanceAboveTideOrFloodPlain','MODEL_RELATION','0069920672474ac0afea799b73eec922','DwellStateSupplement_Type','1df1057b06734b019460d9f8fb0a43b0','MEASUREMENT','OBJECT');
INSERT INTO PUBLIC.PRIMITIVE_METADATA (ID, NAME, METADATA_TYPE) VALUES('e8dfd065c889477e96eec04a71fa9ef1','RuralFireProtectionDistrict','PRIMITIVE');
INSERT INTO PUBLIC.OBJECT_FIELD_METADATA (ID, NAME, METADATA_TYPE, PARENT_METADATA,PARENT_METADATA_NAME, REFERENCE_METADATA, REFERENCE_METADATA_NAME, REFERENCE_METADATA_TYPE)VALUES('e495981f40f04d71b3cc19bb15fd0679','RuralFireProtectionDistrictCd','FIELD','0069920672474ac0afea799b73eec922','DwellStateSupplement_Type','e8dfd065c889477e96eec04a71fa9ef1','RuralFireProtectionDistrict','PRIMITIVE');
INSERT INTO PUBLIC.OBJECT_FIELD_METADATA (ID, NAME, METADATA_TYPE, PARENT_METADATA,PARENT_METADATA_NAME, REFERENCE_METADATA, REFERENCE_METADATA_NAME, REFERENCE_METADATA_TYPE)VALUES('a46b1baec6a1409e8fc5f5afa3c28ae0','KeyRate','FIELD','0069920672474ac0afea799b73eec922','DwellStateSupplement_Type','838cab4e48a54d0bb23ca5ea9db454ab','Long','PRIMITIVE');
INSERT INTO PUBLIC.OBJECT_FIELD_METADATA (ID, NAME, METADATA_TYPE, PARENT_METADATA,PARENT_METADATA_NAME, REFERENCE_METADATA, REFERENCE_METADATA_NAME, REFERENCE_METADATA_TYPE)VALUES('c408c8dad1c94e78b2b45f269d5e6623','InspectionCreditInd','FIELD','0069920672474ac0afea799b73eec922','DwellStateSupplement_Type','4ffb0bcc3ec946d1af3ef883f4c3a4e6','Boolean','PRIMITIVE');
INSERT INTO PUBLIC.OBJECT_FIELD_METADATA (ID, NAME, METADATA_TYPE, PARENT_METADATA,PARENT_METADATA_NAME, REFERENCE_METADATA, REFERENCE_METADATA_NAME, REFERENCE_METADATA_TYPE)VALUES('2cb3282576de49c4b140b6dbf6957bfd','PlaceCd','FIELD','0069920672474ac0afea799b73eec922','DwellStateSupplement_Type','6240ce877a244a73a1253961131c6cc9','IndustryCode_Type','PRIMITIVE');
INSERT INTO PUBLIC.OBJECT_FIELD_METADATA (ID, NAME, METADATA_TYPE, PARENT_METADATA,PARENT_METADATA_NAME, REFERENCE_METADATA, REFERENCE_METADATA_NAME, REFERENCE_METADATA_TYPE)VALUES('3dda53d25426464aa0c342ebec7f76d4','ClassHProtectedWarrantyBInd','FIELD','0069920672474ac0afea799b73eec922','DwellStateSupplement_Type','4ffb0bcc3ec946d1af3ef883f4c3a4e6','Boolean','PRIMITIVE');
INSERT INTO PUBLIC.OBJECT_FIELD_METADATA (ID, NAME, METADATA_TYPE, PARENT_METADATA,PARENT_METADATA_NAME, REFERENCE_METADATA, REFERENCE_METADATA_NAME, REFERENCE_METADATA_TYPE)VALUES('3631736f6a1f49efb4b1e900ea5ff456','BrushFireZoneCd','FIELD','0069920672474ac0afea799b73eec922','DwellStateSupplement_Type','6240ce877a244a73a1253961131c6cc9','IndustryCode_Type','PRIMITIVE');
INSERT INTO PUBLIC.OBJECT_FIELD_METADATA (ID, NAME, METADATA_TYPE, PARENT_METADATA,PARENT_METADATA_NAME, REFERENCE_METADATA, REFERENCE_METADATA_NAME, REFERENCE_METADATA_TYPE)VALUES('96e154fa036f47d78838e7b9d56e5fe7','DwellInsurableAmt','MODEL_RELATION','0069920672474ac0afea799b73eec922','DwellStateSupplement_Type','4fa89203e94a4637baa0484d19b460c5','CURRENCY','OBJECT');
INSERT INTO PUBLIC.OBJECT_FIELD_METADATA (ID, NAME, METADATA_TYPE, PARENT_METADATA,PARENT_METADATA_NAME, REFERENCE_METADATA, REFERENCE_METADATA_NAME, REFERENCE_METADATA_TYPE)VALUES('7d3bea7f7d24424a853fab2c07cba29b','FringeRateInd','FIELD','0069920672474ac0afea799b73eec922','DwellStateSupplement_Type','4ffb0bcc3ec946d1af3ef883f4c3a4e6','Boolean','PRIMITIVE');
INSERT INTO PUBLIC.OBJECT_FIELD_METADATA (ID, NAME, METADATA_TYPE, PARENT_METADATA,PARENT_METADATA_NAME, REFERENCE_METADATA, REFERENCE_METADATA_NAME, REFERENCE_METADATA_TYPE)VALUES('ad54b5006abb417492f385c4c917168c','ClassDApplicableInd','FIELD','0069920672474ac0afea799b73eec922','DwellStateSupplement_Type','4ffb0bcc3ec946d1af3ef883f4c3a4e6','Boolean','PRIMITIVE');
INSERT INTO PUBLIC.PRIMITIVE_METADATA (ID, NAME, METADATA_TYPE) VALUES('5c6625ea5edb4388a5ae2397770a17a2','HydrantType','PRIMITIVE');
INSERT INTO PUBLIC.OBJECT_FIELD_METADATA (ID, NAME, METADATA_TYPE, PARENT_METADATA,PARENT_METADATA_NAME, REFERENCE_METADATA, REFERENCE_METADATA_NAME, REFERENCE_METADATA_TYPE)VALUES('14204695803f4153b616997fa402b14f','HydrantTypeCd','FIELD','0069920672474ac0afea799b73eec922','DwellStateSupplement_Type','5c6625ea5edb4388a5ae2397770a17a2','HydrantType','PRIMITIVE');
INSERT INTO PUBLIC.OBJECT_FIELD_METADATA (ID, NAME, METADATA_TYPE, PARENT_METADATA,PARENT_METADATA_NAME, REFERENCE_METADATA, REFERENCE_METADATA_NAME, REFERENCE_METADATA_TYPE)VALUES('3aa89c6b90584fab840559b933889b52','NumEntrances','FIELD','0069920672474ac0afea799b73eec922','DwellStateSupplement_Type','838cab4e48a54d0bb23ca5ea9db454ab','Long','PRIMITIVE');
INSERT INTO PUBLIC.OBJECT_FIELD_METADATA (ID, NAME, METADATA_TYPE, PARENT_METADATA,PARENT_METADATA_NAME, REFERENCE_METADATA, REFERENCE_METADATA_NAME, REFERENCE_METADATA_TYPE)VALUES('0c4ec8ff35e84aaca0068050ff1f8d95','RatingCd','FIELD','0069920672474ac0afea799b73eec922','DwellStateSupplement_Type','6240ce877a244a73a1253961131c6cc9','IndustryCode_Type','PRIMITIVE');
INSERT INTO PUBLIC.OBJECT_FIELD_METADATA (ID, NAME, METADATA_TYPE, PARENT_METADATA,PARENT_METADATA_NAME, REFERENCE_METADATA, REFERENCE_METADATA_NAME, REFERENCE_METADATA_TYPE)VALUES('9c5d67f0144b44478346905c844651bb','TenantsRelocationExpenseAmt','MODEL_RELATION','0069920672474ac0afea799b73eec922','DwellStateSupplement_Type','4fa89203e94a4637baa0484d19b460c5','CURRENCY','OBJECT');
INSERT INTO PUBLIC.OBJECT_FIELD_METADATA (ID, NAME, METADATA_TYPE, PARENT_METADATA,PARENT_METADATA_NAME, REFERENCE_METADATA, REFERENCE_METADATA_NAME, REFERENCE_METADATA_TYPE)VALUES('2fd66101b2014fc1997e74a0fd92e5ee','FireRecordPct','FIELD','0069920672474ac0afea799b73eec922','DwellStateSupplement_Type','d68704d271534c0a935a3012147640c4','PercentDecimal','PRIMITIVE');
INSERT INTO PUBLIC.OBJECT_FIELD_METADATA (ID, NAME, METADATA_TYPE, PARENT_METADATA,PARENT_METADATA_NAME, REFERENCE_METADATA, REFERENCE_METADATA_NAME, REFERENCE_METADATA_TYPE)VALUES('70a25f49502b4760b35de8df6cd6ffd8','SingleEntryApartmentInd','FIELD','0069920672474ac0afea799b73eec922','DwellStateSupplement_Type','4ffb0bcc3ec946d1af3ef883f4c3a4e6','Boolean','PRIMITIVE');
INSERT INTO PUBLIC.PRIMITIVE_METADATA (ID, NAME, METADATA_TYPE) VALUES('c25b38094f7c4905bfef89ef4de81a85','SeacoastOrOtherBodyOfWaterProximity','PRIMITIVE');
INSERT INTO PUBLIC.OBJECT_FIELD_METADATA (ID, NAME, METADATA_TYPE, PARENT_METADATA,PARENT_METADATA_NAME, REFERENCE_METADATA, REFERENCE_METADATA_NAME, REFERENCE_METADATA_TYPE)VALUES('740581f2446f43dc971e8907fd1912ef','SeacoastOrOtherBodyWaterProximityCd','FIELD','0069920672474ac0afea799b73eec922','DwellStateSupplement_Type','c25b38094f7c4905bfef89ef4de81a85','SeacoastOrOtherBodyOfWaterProximity','PRIMITIVE');
INSERT INTO PUBLIC.OBJECT_FIELD_METADATA (ID, NAME, METADATA_TYPE, PARENT_METADATA,PARENT_METADATA_NAME, REFERENCE_METADATA, REFERENCE_METADATA_NAME, REFERENCE_METADATA_TYPE)VALUES('67f1c86da5c94cb5b7bb9140a5e3d3f3','DwellStateSupplement','MODEL_RELATION','4e26027ebc964bf2b9794c16adccd3cf','Dwell_Type','0069920672474ac0afea799b73eec922','DwellStateSupplement_Type','OBJECT');
INSERT INTO PUBLIC.OBJECT_FIELD_METADATA (ID, NAME, METADATA_TYPE, PARENT_METADATA,PARENT_METADATA_NAME, REFERENCE_METADATA, REFERENCE_METADATA_NAME, REFERENCE_METADATA_TYPE)VALUES('fa1d29b56d004d8bb58349045be02cdd','WiringTypeCd','FIELD','4e26027ebc964bf2b9794c16adccd3cf','Dwell_Type','e4b6b19bd4e544c8926f9a3967d6140d','WiringType','PRIMITIVE');
INSERT INTO PUBLIC.OBJECT_FIELD_METADATA (ID, NAME, METADATA_TYPE, PARENT_METADATA,PARENT_METADATA_NAME, REFERENCE_METADATA, REFERENCE_METADATA_NAME, REFERENCE_METADATA_TYPE)VALUES('8f29fa59f1204ffb9e4c0e5c79c38389','PolicyTypeCd','FIELD','4e26027ebc964bf2b9794c16adccd3cf','Dwell_Type','cf5a77523e8f4cccbdb97be5a12c28c4','PolicyType','PRIMITIVE');
INSERT INTO PUBLIC.OBJECT_FIELD_METADATA (ID, NAME, METADATA_TYPE, PARENT_METADATA,PARENT_METADATA_NAME, REFERENCE_METADATA, REFERENCE_METADATA_NAME, REFERENCE_METADATA_TYPE)VALUES('3ed9ab67488d4ce99bcd12665197a70a','PlumbingConditionCd','FIELD','4e26027ebc964bf2b9794c16adccd3cf','Dwell_Type','7b7fc008d69947e589c856bb3e5e7828','HousekeepingCondition','PRIMITIVE');
INSERT INTO PUBLIC.OBJECT_FIELD_METADATA (ID, NAME, METADATA_TYPE, PARENT_METADATA,PARENT_METADATA_NAME, REFERENCE_METADATA, REFERENCE_METADATA_NAME, REFERENCE_METADATA_TYPE)VALUES('2e5a41a85cdd4192b196d956fb061740','PayorCd','FIELD','4e26027ebc964bf2b9794c16adccd3cf','Dwell_Type','502324f931bf4f5eaca56f7f80f355c0','Payor','PRIMITIVE');
INSERT INTO PUBLIC.OBJECT_FIELD_METADATA (ID, NAME, METADATA_TYPE, PARENT_METADATA,PARENT_METADATA_NAME, REFERENCE_METADATA, REFERENCE_METADATA_NAME, REFERENCE_METADATA_TYPE)VALUES('de80d7c484614fa981355990f181bdaa','ItemIdInfo','MODEL_RELATION','4e26027ebc964bf2b9794c16adccd3cf','Dwell_Type','ba3be0e0317741b08f872c1fca47ad8f','ItemIdInfo_Type','OBJECT');
INSERT INTO PUBLIC.OBJECT_FIELD_METADATA (ID, NAME, METADATA_TYPE, PARENT_METADATA,PARENT_METADATA_NAME, REFERENCE_METADATA, REFERENCE_METADATA_NAME, REFERENCE_METADATA_TYPE)VALUES('6857f785ccc54669841e6cdd8398f58a','DwellExt','FIELD','4e26027ebc964bf2b9794c16adccd3cf','Dwell_Type',null,null,null);
INSERT INTO PUBLIC.OBJECT_FIELD_METADATA (ID, NAME, METADATA_TYPE, PARENT_METADATA,PARENT_METADATA_NAME, REFERENCE_METADATA, REFERENCE_METADATA_NAME, REFERENCE_METADATA_TYPE)VALUES('e15f5f4cb3bb4cdb9a89af62ead3bc99','OtherHeatSourcePrimaryDesc','FIELD','4e26027ebc964bf2b9794c16adccd3cf','Dwell_Type','2344631100044813a5126adcfb93e80d','C-255','PRIMITIVE');
INSERT INTO PUBLIC.OBJECT_FIELD_METADATA (ID, NAME, METADATA_TYPE, PARENT_METADATA,PARENT_METADATA_NAME, REFERENCE_METADATA, REFERENCE_METADATA_NAME, REFERENCE_METADATA_TYPE)VALUES('74e2b65d91324fae9c96f6e307ca5af9','Dwell','MODEL_RELATION','c11eb550b94c4c269e85c4a6e7d6a11a','PersInlandMarineLineBusiness_Type','4e26027ebc964bf2b9794c16adccd3cf','Dwell_Type','OBJECT');
INSERT INTO PUBLIC.OBJECT_FIELD_METADATA (ID, NAME, METADATA_TYPE, PARENT_METADATA,PARENT_METADATA_NAME, REFERENCE_METADATA, REFERENCE_METADATA_NAME, REFERENCE_METADATA_TYPE)VALUES('5f416db769b548ccb9eb9851848ef7eb','NetChangeAmt','MODEL_RELATION','c11eb550b94c4c269e85c4a6e7d6a11a','PersInlandMarineLineBusiness_Type','4fa89203e94a4637baa0484d19b460c5','CURRENCY','OBJECT');
INSERT INTO PUBLIC.OBJECT_FIELD_METADATA (ID, NAME, METADATA_TYPE, PARENT_METADATA,PARENT_METADATA_NAME, REFERENCE_METADATA, REFERENCE_METADATA_NAME, REFERENCE_METADATA_TYPE)VALUES('71f4e76219a346b78e356aa4e0cd0ed5','Coverage','MODEL_RELATION','c11eb550b94c4c269e85c4a6e7d6a11a','PersInlandMarineLineBusiness_Type','d0675b4bbe674c1fa08297c27c3cb675','Coverage_Type','OBJECT');
INSERT INTO PUBLIC.OBJECT_FIELD_METADATA (ID, NAME, METADATA_TYPE, PARENT_METADATA,PARENT_METADATA_NAME, REFERENCE_METADATA, REFERENCE_METADATA_NAME, REFERENCE_METADATA_TYPE)VALUES('70809ebdf87849eba08c042bb0bf581c','PMACd','FIELD','c11eb550b94c4c269e85c4a6e7d6a11a','PersInlandMarineLineBusiness_Type','6240ce877a244a73a1253961131c6cc9','IndustryCode_Type','PRIMITIVE');
INSERT INTO PUBLIC.OBJECT_FIELD_METADATA (ID, NAME, METADATA_TYPE, PARENT_METADATA,PARENT_METADATA_NAME, REFERENCE_METADATA, REFERENCE_METADATA_NAME, REFERENCE_METADATA_TYPE)VALUES('a29117908afc4a3089522670a0ccb7e7','AlarmAndSecurity','MODEL_RELATION','c11eb550b94c4c269e85c4a6e7d6a11a','PersInlandMarineLineBusiness_Type','ddc71afcd2764fd69a8ed87e5449ce50','AlarmAndSecurity_Type','OBJECT');
INSERT INTO PUBLIC.OBJECT_FIELD_METADATA (ID, NAME, METADATA_TYPE, PARENT_METADATA,PARENT_METADATA_NAME, REFERENCE_METADATA, REFERENCE_METADATA_NAME, REFERENCE_METADATA_TYPE)VALUES('3484e9ea10f141369364429d98fc7075','LOBSubCd','FIELD','c11eb550b94c4c269e85c4a6e7d6a11a','PersInlandMarineLineBusiness_Type','8376159ebcf44685b36391928a67e333','LineOfBusinessSubCode','PRIMITIVE');
INSERT INTO PUBLIC.OBJECT_FIELD_METADATA (ID, NAME, METADATA_TYPE, PARENT_METADATA,PARENT_METADATA_NAME, REFERENCE_METADATA, REFERENCE_METADATA_NAME, REFERENCE_METADATA_TYPE)VALUES('e5f97332c3dc4547869be1e9141837db','GroupId','FIELD','c11eb550b94c4c269e85c4a6e7d6a11a','PersInlandMarineLineBusiness_Type','3da4bbbc6bf44d5f941e647b8e8408dc','AssignedIdentifier','PRIMITIVE');
INSERT INTO PUBLIC.OBJECT_FIELD_METADATA (ID, NAME, METADATA_TYPE, PARENT_METADATA,PARENT_METADATA_NAME, REFERENCE_METADATA, REFERENCE_METADATA_NAME, REFERENCE_METADATA_TYPE)VALUES('ecc613e7df7c4c4985e19026f55db020','LOBCd','FIELD','c11eb550b94c4c269e85c4a6e7d6a11a','PersInlandMarineLineBusiness_Type','3b75decf3cfc42c496d4405220659cf0','LineOfBusiness','PRIMITIVE');
INSERT INTO PUBLIC.OBJECT_FIELD_METADATA (ID, NAME, METADATA_TYPE, PARENT_METADATA,PARENT_METADATA_NAME, REFERENCE_METADATA, REFERENCE_METADATA_NAME, REFERENCE_METADATA_TYPE)VALUES('e3a43d0717b34ca9bfb97c831ab06f21','RateEffectiveDt','FIELD','c11eb550b94c4c269e85c4a6e7d6a11a','PersInlandMarineLineBusiness_Type','3b0a2ca6cf3a4fb19718e35aa60287cd','Date','PRIMITIVE');
INSERT INTO PUBLIC.OBJECT_METADATA (ID, NAME, METADATA_TYPE, REFERENCE_METADATA, REFERENCE_METADATA_NAME) VALUES('346b6250d26b498193e1c2e76c13b3e7','PropertySchedule_Type','OBJECT',null,null);
INSERT INTO PUBLIC.PRIMITIVE_METADATA (ID, NAME, METADATA_TYPE) VALUES('368246d7db6541bcb59e6c100060f5db','ValuationMethod','PRIMITIVE');
INSERT INTO PUBLIC.OBJECT_FIELD_METADATA (ID, NAME, METADATA_TYPE, PARENT_METADATA,PARENT_METADATA_NAME, REFERENCE_METADATA, REFERENCE_METADATA_NAME, REFERENCE_METADATA_TYPE)VALUES('52cf7d1f039d4840b5696c7eff7a08be','ItemValuationTypeCd','FIELD','346b6250d26b498193e1c2e76c13b3e7','PropertySchedule_Type','368246d7db6541bcb59e6c100060f5db','ValuationMethod','PRIMITIVE');
INSERT INTO PUBLIC.OBJECT_FIELD_METADATA (ID, NAME, METADATA_TYPE, PARENT_METADATA,PARENT_METADATA_NAME, REFERENCE_METADATA, REFERENCE_METADATA_NAME, REFERENCE_METADATA_TYPE)VALUES('208baac31ce94f9a9433e646e152c8b0','AdditionalInterest','MODEL_RELATION','346b6250d26b498193e1c2e76c13b3e7','PropertySchedule_Type','23a83d5912a54d0ca9b4669826684442','AdditionalInterest_Type','OBJECT');
INSERT INTO PUBLIC.OBJECT_FIELD_METADATA (ID, NAME, METADATA_TYPE, PARENT_METADATA,PARENT_METADATA_NAME, REFERENCE_METADATA, REFERENCE_METADATA_NAME, REFERENCE_METADATA_TYPE)VALUES('43ff83baee474bb783b65b358e69396c','PropertySubClassCd','FIELD','346b6250d26b498193e1c2e76c13b3e7','PropertySchedule_Type','5f72ce5773374e5a82eb31063cd0746f','SubRisk','PRIMITIVE');
INSERT INTO PUBLIC.OBJECT_FIELD_METADATA (ID, NAME, METADATA_TYPE, PARENT_METADATA,PARENT_METADATA_NAME, REFERENCE_METADATA, REFERENCE_METADATA_NAME, REFERENCE_METADATA_TYPE)VALUES('96700f09093c4838a9a7a6c71948ea7e','IsSummaryInd','FIELD','346b6250d26b498193e1c2e76c13b3e7','PropertySchedule_Type','4ffb0bcc3ec946d1af3ef883f4c3a4e6','Boolean','PRIMITIVE');
INSERT INTO PUBLIC.OBJECT_FIELD_METADATA (ID, NAME, METADATA_TYPE, PARENT_METADATA,PARENT_METADATA_NAME, REFERENCE_METADATA, REFERENCE_METADATA_NAME, REFERENCE_METADATA_TYPE)VALUES('92c1ce81d56641cbb1aa38f6abd40b6e','MinPremInd','FIELD','346b6250d26b498193e1c2e76c13b3e7','PropertySchedule_Type','4ffb0bcc3ec946d1af3ef883f4c3a4e6','Boolean','PRIMITIVE');
INSERT INTO PUBLIC.PRIMITIVE_METADATA (ID, NAME, METADATA_TYPE) VALUES('0ba4055a845541cda352c8a28a819d3c','SettlementType','PRIMITIVE');
INSERT INTO PUBLIC.OBJECT_FIELD_METADATA (ID, NAME, METADATA_TYPE, PARENT_METADATA,PARENT_METADATA_NAME, REFERENCE_METADATA, REFERENCE_METADATA_NAME, REFERENCE_METADATA_TYPE)VALUES('0fccc407b5494676814c0d9fd5009021','ValuationTypeCd','FIELD','346b6250d26b498193e1c2e76c13b3e7','PropertySchedule_Type','0ba4055a845541cda352c8a28a819d3c','SettlementType','PRIMITIVE');
INSERT INTO PUBLIC.OBJECT_FIELD_METADATA (ID, NAME, METADATA_TYPE, PARENT_METADATA,PARENT_METADATA_NAME, REFERENCE_METADATA, REFERENCE_METADATA_NAME, REFERENCE_METADATA_TYPE)VALUES('04894ff1c2f1483abe9d1c7eeded79b3','Coverage','MODEL_RELATION','346b6250d26b498193e1c2e76c13b3e7','PropertySchedule_Type','d0675b4bbe674c1fa08297c27c3cb675','Coverage_Type','OBJECT');
INSERT INTO PUBLIC.OBJECT_FIELD_METADATA (ID, NAME, METADATA_TYPE, PARENT_METADATA,PARENT_METADATA_NAME, REFERENCE_METADATA, REFERENCE_METADATA_NAME, REFERENCE_METADATA_TYPE)VALUES('046caedde7e743439ec412cba8708008','PropertyScheduleExt','FIELD','346b6250d26b498193e1c2e76c13b3e7','PropertySchedule_Type',null,null,null);
INSERT INTO PUBLIC.OBJECT_METADATA (ID, NAME, METADATA_TYPE, REFERENCE_METADATA, REFERENCE_METADATA_NAME) VALUES('2889f4f2139147b68dfc87a74630ff87','PropertyScheduleModifications_Type','OBJECT',null,null);
INSERT INTO PUBLIC.OBJECT_FIELD_METADATA (ID, NAME, METADATA_TYPE, PARENT_METADATA,PARENT_METADATA_NAME, REFERENCE_METADATA, REFERENCE_METADATA_NAME, REFERENCE_METADATA_TYPE)VALUES('5d56eba003c6460fb33034367dafe698','ReportingPeriodCd','FIELD','2889f4f2139147b68dfc87a74630ff87','PropertyScheduleModifications_Type','90030f3dd02843e3b982684d2bd6039d','Frequency','PRIMITIVE');
INSERT INTO PUBLIC.OBJECT_FIELD_METADATA (ID, NAME, METADATA_TYPE, PARENT_METADATA,PARENT_METADATA_NAME, REFERENCE_METADATA, REFERENCE_METADATA_NAME, REFERENCE_METADATA_TYPE)VALUES('ededfaddf93d4c8c94f20db651fc260f','ExhibitedInd','FIELD','2889f4f2139147b68dfc87a74630ff87','PropertyScheduleModifications_Type','4ffb0bcc3ec946d1af3ef883f4c3a4e6','Boolean','PRIMITIVE');
INSERT INTO PUBLIC.OBJECT_FIELD_METADATA (ID, NAME, METADATA_TYPE, PARENT_METADATA,PARENT_METADATA_NAME, REFERENCE_METADATA, REFERENCE_METADATA_NAME, REFERENCE_METADATA_TYPE)VALUES('ddec215562844a5182dfa131a43ff435','LeasedInd','FIELD','2889f4f2139147b68dfc87a74630ff87','PropertyScheduleModifications_Type','4ffb0bcc3ec946d1af3ef883f4c3a4e6','Boolean','PRIMITIVE');
INSERT INTO PUBLIC.PRIMITIVE_METADATA (ID, NAME, METADATA_TYPE) VALUES('f7007a2e6d3844ecb91673a645b7ef36','RiskQualifier','PRIMITIVE');
INSERT INTO PUBLIC.OBJECT_FIELD_METADATA (ID, NAME, METADATA_TYPE, PARENT_METADATA,PARENT_METADATA_NAME, REFERENCE_METADATA, REFERENCE_METADATA_NAME, REFERENCE_METADATA_TYPE)VALUES('1d7d918dc4134ff6a1c8a5721e483961','QualifierTypeCd','FIELD','2889f4f2139147b68dfc87a74630ff87','PropertyScheduleModifications_Type','f7007a2e6d3844ecb91673a645b7ef36','RiskQualifier','PRIMITIVE');
INSERT INTO PUBLIC.OBJECT_FIELD_METADATA (ID, NAME, METADATA_TYPE, PARENT_METADATA,PARENT_METADATA_NAME, REFERENCE_METADATA, REFERENCE_METADATA_NAME, REFERENCE_METADATA_TYPE)VALUES('955bb6c84ade4888a6df2db22aeaae77','AvgValuePerUnit','MODEL_RELATION','2889f4f2139147b68dfc87a74630ff87','PropertyScheduleModifications_Type','4fa89203e94a4637baa0484d19b460c5','CURRENCY','OBJECT');
INSERT INTO PUBLIC.OBJECT_FIELD_METADATA (ID, NAME, METADATA_TYPE, PARENT_METADATA,PARENT_METADATA_NAME, REFERENCE_METADATA, REFERENCE_METADATA_NAME, REFERENCE_METADATA_TYPE)VALUES('c07c3375f1e54c63800fd97583264700','ProfessionalCommercialUseInd','FIELD','2889f4f2139147b68dfc87a74630ff87','PropertyScheduleModifications_Type','4ffb0bcc3ec946d1af3ef883f4c3a4e6','Boolean','PRIMITIVE');
INSERT INTO PUBLIC.OBJECT_FIELD_METADATA (ID, NAME, METADATA_TYPE, PARENT_METADATA,PARENT_METADATA_NAME, REFERENCE_METADATA, REFERENCE_METADATA_NAME, REFERENCE_METADATA_TYPE)VALUES('9a934186fdfb454dabc15da598db9b6a','CustomUseInd','FIELD','2889f4f2139147b68dfc87a74630ff87','PropertyScheduleModifications_Type','4ffb0bcc3ec946d1af3ef883f4c3a4e6','Boolean','PRIMITIVE');
INSERT INTO PUBLIC.OBJECT_FIELD_METADATA (ID, NAME, METADATA_TYPE, PARENT_METADATA,PARENT_METADATA_NAME, REFERENCE_METADATA, REFERENCE_METADATA_NAME, REFERENCE_METADATA_TYPE)VALUES('04bd95bd153244c9ab135978d9db60b1','PropertyScheduleModificationsExt','FIELD','2889f4f2139147b68dfc87a74630ff87','PropertyScheduleModifications_Type',null,null,null);
INSERT INTO PUBLIC.OBJECT_FIELD_METADATA (ID, NAME, METADATA_TYPE, PARENT_METADATA,PARENT_METADATA_NAME, REFERENCE_METADATA, REFERENCE_METADATA_NAME, REFERENCE_METADATA_TYPE)VALUES('9c6d0b5937a84e40a74f70a8e65d6442','BlanketInd','FIELD','2889f4f2139147b68dfc87a74630ff87','PropertyScheduleModifications_Type','4ffb0bcc3ec946d1af3ef883f4c3a4e6','Boolean','PRIMITIVE');
INSERT INTO PUBLIC.OBJECT_FIELD_METADATA (ID, NAME, METADATA_TYPE, PARENT_METADATA,PARENT_METADATA_NAME, REFERENCE_METADATA, REFERENCE_METADATA_NAME, REFERENCE_METADATA_TYPE)VALUES('cc15ab080dc84617bf02173884c026c8','Measure','MODEL_RELATION','2889f4f2139147b68dfc87a74630ff87','PropertyScheduleModifications_Type','1df1057b06734b019460d9f8fb0a43b0','MEASUREMENT','OBJECT');
INSERT INTO PUBLIC.OBJECT_FIELD_METADATA (ID, NAME, METADATA_TYPE, PARENT_METADATA,PARENT_METADATA_NAME, REFERENCE_METADATA, REFERENCE_METADATA_NAME, REFERENCE_METADATA_TYPE)VALUES('e4698d983bfa4cad9a43f240c4cde5f3','InVaultInd','FIELD','2889f4f2139147b68dfc87a74630ff87','PropertyScheduleModifications_Type','4ffb0bcc3ec946d1af3ef883f4c3a4e6','Boolean','PRIMITIVE');
INSERT INTO PUBLIC.OBJECT_FIELD_METADATA (ID, NAME, METADATA_TYPE, PARENT_METADATA,PARENT_METADATA_NAME, REFERENCE_METADATA, REFERENCE_METADATA_NAME, REFERENCE_METADATA_TYPE)VALUES('52e11fe16f50442b80dfcdb8373069bb','BlanketNumber','FIELD','2889f4f2139147b68dfc87a74630ff87','PropertyScheduleModifications_Type','838cab4e48a54d0bb23ca5ea9db454ab','Long','PRIMITIVE');
INSERT INTO PUBLIC.OBJECT_FIELD_METADATA (ID, NAME, METADATA_TYPE, PARENT_METADATA,PARENT_METADATA_NAME, REFERENCE_METADATA, REFERENCE_METADATA_NAME, REFERENCE_METADATA_TYPE)VALUES('0793ea210610412587137df95d973611','NumUnits','FIELD','2889f4f2139147b68dfc87a74630ff87','PropertyScheduleModifications_Type','c896845db6f640c6bf65093333a64c69','Decimal','PRIMITIVE');
INSERT INTO PUBLIC.OBJECT_FIELD_METADATA (ID, NAME, METADATA_TYPE, PARENT_METADATA,PARENT_METADATA_NAME, REFERENCE_METADATA, REFERENCE_METADATA_NAME, REFERENCE_METADATA_TYPE)VALUES('dd969509ffff4a2f81ba5942b9cbab25','PropertyScheduleModifications','MODEL_RELATION','346b6250d26b498193e1c2e76c13b3e7','PropertySchedule_Type','2889f4f2139147b68dfc87a74630ff87','PropertyScheduleModifications_Type','OBJECT');
INSERT INTO PUBLIC.OBJECT_FIELD_METADATA (ID, NAME, METADATA_TYPE, PARENT_METADATA,PARENT_METADATA_NAME, REFERENCE_METADATA, REFERENCE_METADATA_NAME, REFERENCE_METADATA_TYPE)VALUES('897feb28766c44bd87c7bb7d57cfca16','IsScheduledInd','FIELD','346b6250d26b498193e1c2e76c13b3e7','PropertySchedule_Type','4ffb0bcc3ec946d1af3ef883f4c3a4e6','Boolean','PRIMITIVE');
INSERT INTO PUBLIC.OBJECT_FIELD_METADATA (ID, NAME, METADATA_TYPE, PARENT_METADATA,PARENT_METADATA_NAME, REFERENCE_METADATA, REFERENCE_METADATA_NAME, REFERENCE_METADATA_TYPE)VALUES('972510e46d6f4ce3bce761bad5e0be72','TerritoryCd','FIELD','346b6250d26b498193e1c2e76c13b3e7','PropertySchedule_Type','6240ce877a244a73a1253961131c6cc9','IndustryCode_Type','PRIMITIVE');
INSERT INTO PUBLIC.OBJECT_FIELD_METADATA (ID, NAME, METADATA_TYPE, PARENT_METADATA,PARENT_METADATA_NAME, REFERENCE_METADATA, REFERENCE_METADATA_NAME, REFERENCE_METADATA_TYPE)VALUES('ed0da55d267e432e9a7b266c6279044b','CoverageAvailable','MODEL_RELATION','346b6250d26b498193e1c2e76c13b3e7','PropertySchedule_Type','d0675b4bbe674c1fa08297c27c3cb675','Coverage_Type','OBJECT');
INSERT INTO PUBLIC.OBJECT_METADATA (ID, NAME, METADATA_TYPE, REFERENCE_METADATA, REFERENCE_METADATA_NAME) VALUES('a1f531c31331460bb28283bb5aad9882','SalesReceiptAppraisal_Type','OBJECT',null,null);
INSERT INTO PUBLIC.OBJECT_FIELD_METADATA (ID, NAME, METADATA_TYPE, PARENT_METADATA,PARENT_METADATA_NAME, REFERENCE_METADATA, REFERENCE_METADATA_NAME, REFERENCE_METADATA_TYPE)VALUES('606200fc813c453082600a11c71e7f85','AppraisalInd','FIELD','a1f531c31331460bb28283bb5aad9882','SalesReceiptAppraisal_Type','4ffb0bcc3ec946d1af3ef883f4c3a4e6','Boolean','PRIMITIVE');
INSERT INTO PUBLIC.OBJECT_FIELD_METADATA (ID, NAME, METADATA_TYPE, PARENT_METADATA,PARENT_METADATA_NAME, REFERENCE_METADATA, REFERENCE_METADATA_NAME, REFERENCE_METADATA_TYPE)VALUES('e5e68d50877d423ab85c9df891b84e35','SalesReceiptNumber','FIELD','a1f531c31331460bb28283bb5aad9882','SalesReceiptAppraisal_Type','43d52c0234024809806a2becf9d18a0f','C-30','PRIMITIVE');
INSERT INTO PUBLIC.OBJECT_FIELD_METADATA (ID, NAME, METADATA_TYPE, PARENT_METADATA,PARENT_METADATA_NAME, REFERENCE_METADATA, REFERENCE_METADATA_NAME, REFERENCE_METADATA_TYPE)VALUES('650e1961baaa4853945608169917b046','PhotoAvailableInd','FIELD','a1f531c31331460bb28283bb5aad9882','SalesReceiptAppraisal_Type','4ffb0bcc3ec946d1af3ef883f4c3a4e6','Boolean','PRIMITIVE');
INSERT INTO PUBLIC.PRIMITIVE_METADATA (ID, NAME, METADATA_TYPE) VALUES('bc6680db555e4a27ad1c398e60c4a100','SalesReceiptAppraisals','PRIMITIVE');
INSERT INTO PUBLIC.OBJECT_FIELD_METADATA (ID, NAME, METADATA_TYPE, PARENT_METADATA,PARENT_METADATA_NAME, REFERENCE_METADATA, REFERENCE_METADATA_NAME, REFERENCE_METADATA_TYPE)VALUES('c17b87c05dfc40ee96119a9cb995bf0d','SalesReceiptAppraisalTypeCd','FIELD','a1f531c31331460bb28283bb5aad9882','SalesReceiptAppraisal_Type','bc6680db555e4a27ad1c398e60c4a100','SalesReceiptAppraisals','PRIMITIVE');
INSERT INTO PUBLIC.OBJECT_FIELD_METADATA (ID, NAME, METADATA_TYPE, PARENT_METADATA,PARENT_METADATA_NAME, REFERENCE_METADATA, REFERENCE_METADATA_NAME, REFERENCE_METADATA_TYPE)VALUES('d7eaabfa240e4e50a4b31435108f8ee7','MiscParty','MODEL_RELATION','a1f531c31331460bb28283bb5aad9882','SalesReceiptAppraisal_Type','0a76585a8ae342d897387f29800d50c8','MiscParty_Type','OBJECT');
INSERT INTO PUBLIC.OBJECT_FIELD_METADATA (ID, NAME, METADATA_TYPE, PARENT_METADATA,PARENT_METADATA_NAME, REFERENCE_METADATA, REFERENCE_METADATA_NAME, REFERENCE_METADATA_TYPE)VALUES('e84ab2db6d424d25b3aea32aab6c286f','SalesReceiptAppraisalExt','FIELD','a1f531c31331460bb28283bb5aad9882','SalesReceiptAppraisal_Type',null,null,null);
INSERT INTO PUBLIC.OBJECT_FIELD_METADATA (ID, NAME, METADATA_TYPE, PARENT_METADATA,PARENT_METADATA_NAME, REFERENCE_METADATA, REFERENCE_METADATA_NAME, REFERENCE_METADATA_TYPE)VALUES('a7f5d2a761c74cbcaeae43184f0fe48c','SalesReceiptAppraisalDt','FIELD','a1f531c31331460bb28283bb5aad9882','SalesReceiptAppraisal_Type','3b0a2ca6cf3a4fb19718e35aa60287cd','Date','PRIMITIVE');
INSERT INTO PUBLIC.OBJECT_FIELD_METADATA (ID, NAME, METADATA_TYPE, PARENT_METADATA,PARENT_METADATA_NAME, REFERENCE_METADATA, REFERENCE_METADATA_NAME, REFERENCE_METADATA_TYPE)VALUES('b8f52eafbd5447848be9157bc1e0946c','SalesReceiptAppraisalAmt','MODEL_RELATION','a1f531c31331460bb28283bb5aad9882','SalesReceiptAppraisal_Type','4fa89203e94a4637baa0484d19b460c5','CURRENCY','OBJECT');
INSERT INTO PUBLIC.OBJECT_FIELD_METADATA (ID, NAME, METADATA_TYPE, PARENT_METADATA,PARENT_METADATA_NAME, REFERENCE_METADATA, REFERENCE_METADATA_NAME, REFERENCE_METADATA_TYPE)VALUES('a2afe373e503462b81ef7739f1d854ed','SalesReceiptAppraisal','MODEL_RELATION','346b6250d26b498193e1c2e76c13b3e7','PropertySchedule_Type','a1f531c31331460bb28283bb5aad9882','SalesReceiptAppraisal_Type','OBJECT');
INSERT INTO PUBLIC.OBJECT_FIELD_METADATA (ID, NAME, METADATA_TYPE, PARENT_METADATA,PARENT_METADATA_NAME, REFERENCE_METADATA, REFERENCE_METADATA_NAME, REFERENCE_METADATA_TYPE)VALUES('7fcad1683dba45b9aeac7f79341451ae','PropertyClassCd','FIELD','346b6250d26b498193e1c2e76c13b3e7','PropertySchedule_Type','492c17f21c824e9eb0941751739aa22d','Risk','PRIMITIVE');
INSERT INTO PUBLIC.OBJECT_FIELD_METADATA (ID, NAME, METADATA_TYPE, PARENT_METADATA,PARENT_METADATA_NAME, REFERENCE_METADATA, REFERENCE_METADATA_NAME, REFERENCE_METADATA_TYPE)VALUES('7b13a4fbff4540a3b7eb610a5fda0efc','PropertyClassCdDesc','FIELD','346b6250d26b498193e1c2e76c13b3e7','PropertySchedule_Type','395c33ebbd5b40f0aee8a4f93dbedf31','C-Infinite','PRIMITIVE');
INSERT INTO PUBLIC.OBJECT_FIELD_METADATA (ID, NAME, METADATA_TYPE, PARENT_METADATA,PARENT_METADATA_NAME, REFERENCE_METADATA, REFERENCE_METADATA_NAME, REFERENCE_METADATA_TYPE)VALUES('0dbbeadc328e44f989891243a5991b17','OffSeasonStorageDesc','FIELD','346b6250d26b498193e1c2e76c13b3e7','PropertySchedule_Type','2344631100044813a5126adcfb93e80d','C-255','PRIMITIVE');
INSERT INTO PUBLIC.OBJECT_FIELD_METADATA (ID, NAME, METADATA_TYPE, PARENT_METADATA,PARENT_METADATA_NAME, REFERENCE_METADATA, REFERENCE_METADATA_NAME, REFERENCE_METADATA_TYPE)VALUES('84ffa334610e40b7a2b25147ec965e5f','ExcludedInd','FIELD','346b6250d26b498193e1c2e76c13b3e7','PropertySchedule_Type','4ffb0bcc3ec946d1af3ef883f4c3a4e6','Boolean','PRIMITIVE');
INSERT INTO PUBLIC.OBJECT_FIELD_METADATA (ID, NAME, METADATA_TYPE, PARENT_METADATA,PARENT_METADATA_NAME, REFERENCE_METADATA, REFERENCE_METADATA_NAME, REFERENCE_METADATA_TYPE)VALUES('f5a491146586405ca5d63f5c41917243','ItemValueAmt','MODEL_RELATION','346b6250d26b498193e1c2e76c13b3e7','PropertySchedule_Type','4fa89203e94a4637baa0484d19b460c5','CURRENCY','OBJECT');
INSERT INTO PUBLIC.OBJECT_FIELD_METADATA (ID, NAME, METADATA_TYPE, PARENT_METADATA,PARENT_METADATA_NAME, REFERENCE_METADATA, REFERENCE_METADATA_NAME, REFERENCE_METADATA_TYPE)VALUES('9a8947cf6c124c0aae6d8cd3eb747148','InSeasonStorageDesc','FIELD','346b6250d26b498193e1c2e76c13b3e7','PropertySchedule_Type','2344631100044813a5126adcfb93e80d','C-255','PRIMITIVE');
INSERT INTO PUBLIC.OBJECT_FIELD_METADATA (ID, NAME, METADATA_TYPE, PARENT_METADATA,PARENT_METADATA_NAME, REFERENCE_METADATA, REFERENCE_METADATA_NAME, REFERENCE_METADATA_TYPE)VALUES('0b435e1a648a410094f19c148d9a65d8','ItemIdInfo','MODEL_RELATION','346b6250d26b498193e1c2e76c13b3e7','PropertySchedule_Type','ba3be0e0317741b08f872c1fca47ad8f','ItemIdInfo_Type','OBJECT');
INSERT INTO PUBLIC.OBJECT_FIELD_METADATA (ID, NAME, METADATA_TYPE, PARENT_METADATA,PARENT_METADATA_NAME, REFERENCE_METADATA, REFERENCE_METADATA_NAME, REFERENCE_METADATA_TYPE)VALUES('390d22c1d0aa4e349a53a535b22b68e2','EquipmentInfo','MODEL_RELATION','346b6250d26b498193e1c2e76c13b3e7','PropertySchedule_Type','b7e06e06a1af42139aabcaba0d3674ac','EquipmentInfo_Type','OBJECT');
INSERT INTO PUBLIC.OBJECT_FIELD_METADATA (ID, NAME, METADATA_TYPE, PARENT_METADATA,PARENT_METADATA_NAME, REFERENCE_METADATA, REFERENCE_METADATA_NAME, REFERENCE_METADATA_TYPE)VALUES('2df6dfce119f4281af4055cb764dcf2a','Link','MODEL_RELATION','346b6250d26b498193e1c2e76c13b3e7','PropertySchedule_Type','366dc9a89db94de3b92abf43ef1bf084','Link_Type','OBJECT');
INSERT INTO PUBLIC.OBJECT_FIELD_METADATA (ID, NAME, METADATA_TYPE, PARENT_METADATA,PARENT_METADATA_NAME, REFERENCE_METADATA, REFERENCE_METADATA_NAME, REFERENCE_METADATA_TYPE)VALUES('fcdd988ab2da43858fa186370d085143','PropertySchedule','MODEL_RELATION','c11eb550b94c4c269e85c4a6e7d6a11a','PersInlandMarineLineBusiness_Type','346b6250d26b498193e1c2e76c13b3e7','PropertySchedule_Type','OBJECT');
INSERT INTO PUBLIC.OBJECT_FIELD_METADATA (ID, NAME, METADATA_TYPE, PARENT_METADATA,PARENT_METADATA_NAME, REFERENCE_METADATA, REFERENCE_METADATA_NAME, REFERENCE_METADATA_TYPE)VALUES('e3c7aae6a1304abda76b6d411e01c3ca','PersInlandMarineLineBusinessExt','FIELD','c11eb550b94c4c269e85c4a6e7d6a11a','PersInlandMarineLineBusiness_Type',null,null,null);
INSERT INTO PUBLIC.OBJECT_FIELD_METADATA (ID, NAME, METADATA_TYPE, PARENT_METADATA,PARENT_METADATA_NAME, REFERENCE_METADATA, REFERENCE_METADATA_NAME, REFERENCE_METADATA_TYPE)VALUES('cb0d24fb95204b46bb469d4422de78d4','PersInlandMarineLineBusiness','MODEL_RELATION','a8485aa8f7a7481b8828e638330f5291','Policy_Type','c11eb550b94c4c269e85c4a6e7d6a11a','PersInlandMarineLineBusiness_Type','MODEL');
INSERT INTO PUBLIC.OBJECT_FIELD_METADATA (ID, NAME, METADATA_TYPE, PARENT_METADATA,PARENT_METADATA_NAME, REFERENCE_METADATA, REFERENCE_METADATA_NAME, REFERENCE_METADATA_TYPE)VALUES('225c35cf62e142c594841a27bf167041','ControllingStateProvCd','FIELD','a8485aa8f7a7481b8828e638330f5291','Policy_Type','6240ce877a244a73a1253961131c6cc9','IndustryCode_Type','PRIMITIVE');
INSERT INTO PUBLIC.OBJECT_FIELD_METADATA (ID, NAME, METADATA_TYPE, PARENT_METADATA,PARENT_METADATA_NAME, REFERENCE_METADATA, REFERENCE_METADATA_NAME, REFERENCE_METADATA_TYPE)VALUES('d99de38ad0a54f71ac98c386c34ea5f1','InsuredRequestsPrintedDocumentsInd','FIELD','a8485aa8f7a7481b8828e638330f5291','Policy_Type','4ffb0bcc3ec946d1af3ef883f4c3a4e6','Boolean','PRIMITIVE');
INSERT INTO PUBLIC.OBJECT_METADATA (ID, NAME, METADATA_TYPE, REFERENCE_METADATA, REFERENCE_METADATA_NAME) VALUES('c70ab52e048c40d888476df6ccd11866','FarmLineBusiness_Type','MODEL',null,null);
INSERT INTO PUBLIC.OBJECT_FIELD_METADATA (ID, NAME, METADATA_TYPE, PARENT_METADATA,PARENT_METADATA_NAME, REFERENCE_METADATA, REFERENCE_METADATA_NAME, REFERENCE_METADATA_TYPE)VALUES('230a55a69c5d431eb0183d2bbe4d1a61','WrittenAmt','MODEL_RELATION','c70ab52e048c40d888476df6ccd11866','FarmLineBusiness_Type','4fa89203e94a4637baa0484d19b460c5','CURRENCY','OBJECT');
INSERT INTO PUBLIC.OBJECT_METADATA (ID, NAME, METADATA_TYPE, REFERENCE_METADATA, REFERENCE_METADATA_NAME) VALUES('e765b97701eb47ad9ce4ce30a43a0726','FarmLiabilityInfo_Type','OBJECT',null,null);
INSERT INTO PUBLIC.OBJECT_FIELD_METADATA (ID, NAME, METADATA_TYPE, PARENT_METADATA,PARENT_METADATA_NAME, REFERENCE_METADATA, REFERENCE_METADATA_NAME, REFERENCE_METADATA_TYPE)VALUES('29a8521562dc45ebae8ed90a2814848c','CoverageAvailable','MODEL_RELATION','e765b97701eb47ad9ce4ce30a43a0726','FarmLiabilityInfo_Type','d0675b4bbe674c1fa08297c27c3cb675','Coverage_Type','OBJECT');
INSERT INTO PUBLIC.OBJECT_METADATA (ID, NAME, METADATA_TYPE, REFERENCE_METADATA, REFERENCE_METADATA_NAME) VALUES('dcd5d0d8bfed4a8ba5c9f6da7fc82afd','EquineLiabilityInfo_Type','OBJECT',null,null);
INSERT INTO PUBLIC.OBJECT_FIELD_METADATA (ID, NAME, METADATA_TYPE, PARENT_METADATA,PARENT_METADATA_NAME, REFERENCE_METADATA, REFERENCE_METADATA_NAME, REFERENCE_METADATA_TYPE)VALUES('81c5eae7717e427eac27f773de86848a','BreedsSoldDesc','FIELD','dcd5d0d8bfed4a8ba5c9f6da7fc82afd','EquineLiabilityInfo_Type','2344631100044813a5126adcfb93e80d','C-255','PRIMITIVE');
INSERT INTO PUBLIC.OBJECT_FIELD_METADATA (ID, NAME, METADATA_TYPE, PARENT_METADATA,PARENT_METADATA_NAME, REFERENCE_METADATA, REFERENCE_METADATA_NAME, REFERENCE_METADATA_TYPE)VALUES('f9f406194c394d3eb121430cf0740e07','RidingFacilitiesInd','FIELD','dcd5d0d8bfed4a8ba5c9f6da7fc82afd','EquineLiabilityInfo_Type','4ffb0bcc3ec946d1af3ef883f4c3a4e6','Boolean','PRIMITIVE');
INSERT INTO PUBLIC.OBJECT_FIELD_METADATA (ID, NAME, METADATA_TYPE, PARENT_METADATA,PARENT_METADATA_NAME, REFERENCE_METADATA, REFERENCE_METADATA_NAME, REFERENCE_METADATA_TYPE)VALUES('30569e85c2634fe0b628691a813fe3c7','RidingInstructionInd','FIELD','dcd5d0d8bfed4a8ba5c9f6da7fc82afd','EquineLiabilityInfo_Type','4ffb0bcc3ec946d1af3ef883f4c3a4e6','Boolean','PRIMITIVE');
INSERT INTO PUBLIC.OBJECT_FIELD_METADATA (ID, NAME, METADATA_TYPE, PARENT_METADATA,PARENT_METADATA_NAME, REFERENCE_METADATA, REFERENCE_METADATA_NAME, REFERENCE_METADATA_TYPE)VALUES('7d5cb560c0cf433db439e4df12f4621d','IndoorRidingFacilitiesInd','FIELD','dcd5d0d8bfed4a8ba5c9f6da7fc82afd','EquineLiabilityInfo_Type','4ffb0bcc3ec946d1af3ef883f4c3a4e6','Boolean','PRIMITIVE');
INSERT INTO PUBLIC.OBJECT_FIELD_METADATA (ID, NAME, METADATA_TYPE, PARENT_METADATA,PARENT_METADATA_NAME, REFERENCE_METADATA, REFERENCE_METADATA_NAME, REFERENCE_METADATA_TYPE)VALUES('77a108be89d646cba320b1b5c2d6389e','TackSalesInd','FIELD','dcd5d0d8bfed4a8ba5c9f6da7fc82afd','EquineLiabilityInfo_Type','4ffb0bcc3ec946d1af3ef883f4c3a4e6','Boolean','PRIMITIVE');
INSERT INTO PUBLIC.OBJECT_FIELD_METADATA (ID, NAME, METADATA_TYPE, PARENT_METADATA,PARENT_METADATA_NAME, REFERENCE_METADATA, REFERENCE_METADATA_NAME, REFERENCE_METADATA_TYPE)VALUES('9bf00682a0bc470bbaf143e8272299a1','TackSalesReceiptsAmt','MODEL_RELATION','dcd5d0d8bfed4a8ba5c9f6da7fc82afd','EquineLiabilityInfo_Type','4fa89203e94a4637baa0484d19b460c5','CURRENCY','OBJECT');
INSERT INTO PUBLIC.OBJECT_FIELD_METADATA (ID, NAME, METADATA_TYPE, PARENT_METADATA,PARENT_METADATA_NAME, REFERENCE_METADATA, REFERENCE_METADATA_NAME, REFERENCE_METADATA_TYPE)VALUES('6c546492da6f4b158d96d36a83e1838b','PastureFencingInd','FIELD','dcd5d0d8bfed4a8ba5c9f6da7fc82afd','EquineLiabilityInfo_Type','4ffb0bcc3ec946d1af3ef883f4c3a4e6','Boolean','PRIMITIVE');
INSERT INTO PUBLIC.OBJECT_FIELD_METADATA (ID, NAME, METADATA_TYPE, PARENT_METADATA,PARENT_METADATA_NAME, REFERENCE_METADATA, REFERENCE_METADATA_NAME, REFERENCE_METADATA_TYPE)VALUES('12c11b7a2a3c43899c528a70ef3f8a84','OutdoorRidingFacilitiesInd','FIELD','dcd5d0d8bfed4a8ba5c9f6da7fc82afd','EquineLiabilityInfo_Type','4ffb0bcc3ec946d1af3ef883f4c3a4e6','Boolean','PRIMITIVE');
INSERT INTO PUBLIC.OBJECT_FIELD_METADATA (ID, NAME, METADATA_TYPE, PARENT_METADATA,PARENT_METADATA_NAME, REFERENCE_METADATA, REFERENCE_METADATA_NAME, REFERENCE_METADATA_TYPE)VALUES('e23a573646f8453582dbf8ce8e7782f6','NumEventParticipants','FIELD','dcd5d0d8bfed4a8ba5c9f6da7fc82afd','EquineLiabilityInfo_Type','838cab4e48a54d0bb23ca5ea9db454ab','Long','PRIMITIVE');
INSERT INTO PUBLIC.OBJECT_FIELD_METADATA (ID, NAME, METADATA_TYPE, PARENT_METADATA,PARENT_METADATA_NAME, REFERENCE_METADATA, REFERENCE_METADATA_NAME, REFERENCE_METADATA_TYPE)VALUES('2bca4d0327cd439cb04aa287a78964f6','MonthlyBoardingRateAmt','MODEL_RELATION','dcd5d0d8bfed4a8ba5c9f6da7fc82afd','EquineLiabilityInfo_Type','4fa89203e94a4637baa0484d19b460c5','CURRENCY','OBJECT');
INSERT INTO PUBLIC.OBJECT_FIELD_METADATA (ID, NAME, METADATA_TYPE, PARENT_METADATA,PARENT_METADATA_NAME, REFERENCE_METADATA, REFERENCE_METADATA_NAME, REFERENCE_METADATA_TYPE)VALUES('babc955d4d2940c4a9a1dab95042b296','NumEventSpectators','FIELD','dcd5d0d8bfed4a8ba5c9f6da7fc82afd','EquineLiabilityInfo_Type','838cab4e48a54d0bb23ca5ea9db454ab','Long','PRIMITIVE');
INSERT INTO PUBLIC.OBJECT_FIELD_METADATA (ID, NAME, METADATA_TYPE, PARENT_METADATA,PARENT_METADATA_NAME, REFERENCE_METADATA, REFERENCE_METADATA_NAME, REFERENCE_METADATA_TYPE)VALUES('fa386f5525414b7fb0eca0bcdfafa159','EventsOnPremisesInd','FIELD','dcd5d0d8bfed4a8ba5c9f6da7fc82afd','EquineLiabilityInfo_Type','4ffb0bcc3ec946d1af3ef883f4c3a4e6','Boolean','PRIMITIVE');
INSERT INTO PUBLIC.OBJECT_FIELD_METADATA (ID, NAME, METADATA_TYPE, PARENT_METADATA,PARENT_METADATA_NAME, REFERENCE_METADATA, REFERENCE_METADATA_NAME, REFERENCE_METADATA_TYPE)VALUES('44a6bc3b399d4b288ba70096c1b533d5','NumRidingInstructionHorses','FIELD','dcd5d0d8bfed4a8ba5c9f6da7fc82afd','EquineLiabilityInfo_Type','838cab4e48a54d0bb23ca5ea9db454ab','Long','PRIMITIVE');
INSERT INTO PUBLIC.OBJECT_FIELD_METADATA (ID, NAME, METADATA_TYPE, PARENT_METADATA,PARENT_METADATA_NAME, REFERENCE_METADATA, REFERENCE_METADATA_NAME, REFERENCE_METADATA_TYPE)VALUES('3d1a419016ee47cd80217baad68597e7','FenceMaintenanceDesc','FIELD','dcd5d0d8bfed4a8ba5c9f6da7fc82afd','EquineLiabilityInfo_Type','2344631100044813a5126adcfb93e80d','C-255','PRIMITIVE');
INSERT INTO PUBLIC.OBJECT_FIELD_METADATA (ID, NAME, METADATA_TYPE, PARENT_METADATA,PARENT_METADATA_NAME, REFERENCE_METADATA, REFERENCE_METADATA_NAME, REFERENCE_METADATA_TYPE)VALUES('6dcdcca44bcb49b98e2ecf0d6d2a16ca','NumTotalStalls','FIELD','dcd5d0d8bfed4a8ba5c9f6da7fc82afd','EquineLiabilityInfo_Type','838cab4e48a54d0bb23ca5ea9db454ab','Long','PRIMITIVE');
INSERT INTO PUBLIC.OBJECT_FIELD_METADATA (ID, NAME, METADATA_TYPE, PARENT_METADATA,PARENT_METADATA_NAME, REFERENCE_METADATA, REFERENCE_METADATA_NAME, REFERENCE_METADATA_TYPE)VALUES('65c674c2aeaa44e7b208ca9c795e5682','FencingDesc','FIELD','dcd5d0d8bfed4a8ba5c9f6da7fc82afd','EquineLiabilityInfo_Type','2344631100044813a5126adcfb93e80d','C-255','PRIMITIVE');
INSERT INTO PUBLIC.OBJECT_FIELD_METADATA (ID, NAME, METADATA_TYPE, PARENT_METADATA,PARENT_METADATA_NAME, REFERENCE_METADATA, REFERENCE_METADATA_NAME, REFERENCE_METADATA_TYPE)VALUES('33b9547b97584bbc914a7f44ef0d02c4','EquineLiabilityInfoExt','FIELD','dcd5d0d8bfed4a8ba5c9f6da7fc82afd','EquineLiabilityInfo_Type',null,null,null);
INSERT INTO PUBLIC.OBJECT_FIELD_METADATA (ID, NAME, METADATA_TYPE, PARENT_METADATA,PARENT_METADATA_NAME, REFERENCE_METADATA, REFERENCE_METADATA_NAME, REFERENCE_METADATA_TYPE)VALUES('55fa695d8cd446f98e79ff5b18347715','OpenFieldRidingFacilitiesInd','FIELD','dcd5d0d8bfed4a8ba5c9f6da7fc82afd','EquineLiabilityInfo_Type','4ffb0bcc3ec946d1af3ef883f4c3a4e6','Boolean','PRIMITIVE');
INSERT INTO PUBLIC.OBJECT_FIELD_METADATA (ID, NAME, METADATA_TYPE, PARENT_METADATA,PARENT_METADATA_NAME, REFERENCE_METADATA, REFERENCE_METADATA_NAME, REFERENCE_METADATA_TYPE)VALUES('17e89d37303147a0ab1868f5409f7ef2','RidingInstructionReceiptsAmt','MODEL_RELATION','dcd5d0d8bfed4a8ba5c9f6da7fc82afd','EquineLiabilityInfo_Type','4fa89203e94a4637baa0484d19b460c5','CURRENCY','OBJECT');
INSERT INTO PUBLIC.OBJECT_FIELD_METADATA (ID, NAME, METADATA_TYPE, PARENT_METADATA,PARENT_METADATA_NAME, REFERENCE_METADATA, REFERENCE_METADATA_NAME, REFERENCE_METADATA_TYPE)VALUES('c610cff80e794fc1899d8553fea5de83','WorkCompInd','FIELD','dcd5d0d8bfed4a8ba5c9f6da7fc82afd','EquineLiabilityInfo_Type','4ffb0bcc3ec946d1af3ef883f4c3a4e6','Boolean','PRIMITIVE');
INSERT INTO PUBLIC.OBJECT_FIELD_METADATA (ID, NAME, METADATA_TYPE, PARENT_METADATA,PARENT_METADATA_NAME, REFERENCE_METADATA, REFERENCE_METADATA_NAME, REFERENCE_METADATA_TYPE)VALUES('6a4c9fc761784f3f939093c7406318a3','ItemsSoldDesc','FIELD','dcd5d0d8bfed4a8ba5c9f6da7fc82afd','EquineLiabilityInfo_Type','2344631100044813a5126adcfb93e80d','C-255','PRIMITIVE');
INSERT INTO PUBLIC.OBJECT_FIELD_METADATA (ID, NAME, METADATA_TYPE, PARENT_METADATA,PARENT_METADATA_NAME, REFERENCE_METADATA, REFERENCE_METADATA_NAME, REFERENCE_METADATA_TYPE)VALUES('44f88570676840fdb2850c1892c6d18c','EventsOffPremisesInd','FIELD','dcd5d0d8bfed4a8ba5c9f6da7fc82afd','EquineLiabilityInfo_Type','4ffb0bcc3ec946d1af3ef883f4c3a4e6','Boolean','PRIMITIVE');
INSERT INTO PUBLIC.OBJECT_FIELD_METADATA (ID, NAME, METADATA_TYPE, PARENT_METADATA,PARENT_METADATA_NAME, REFERENCE_METADATA, REFERENCE_METADATA_NAME, REFERENCE_METADATA_TYPE)VALUES('b814ba1da1e340e2bdde98f2eab71dde','NumSoldHorses','FIELD','dcd5d0d8bfed4a8ba5c9f6da7fc82afd','EquineLiabilityInfo_Type','838cab4e48a54d0bb23ca5ea9db454ab','Long','PRIMITIVE');
INSERT INTO PUBLIC.OBJECT_FIELD_METADATA (ID, NAME, METADATA_TYPE, PARENT_METADATA,PARENT_METADATA_NAME, REFERENCE_METADATA, REFERENCE_METADATA_NAME, REFERENCE_METADATA_TYPE)VALUES('79c6faf03e2d4cf3a48141ea8d99cd2c','NumRidingStudents','FIELD','dcd5d0d8bfed4a8ba5c9f6da7fc82afd','EquineLiabilityInfo_Type','838cab4e48a54d0bb23ca5ea9db454ab','Long','PRIMITIVE');
INSERT INTO PUBLIC.OBJECT_FIELD_METADATA (ID, NAME, METADATA_TYPE, PARENT_METADATA,PARENT_METADATA_NAME, REFERENCE_METADATA, REFERENCE_METADATA_NAME, REFERENCE_METADATA_TYPE)VALUES('ceaf6a12bfca4d16ba418b7c96c9e4f8','TotallyFencedInd','FIELD','dcd5d0d8bfed4a8ba5c9f6da7fc82afd','EquineLiabilityInfo_Type','4ffb0bcc3ec946d1af3ef883f4c3a4e6','Boolean','PRIMITIVE');
INSERT INTO PUBLIC.OBJECT_FIELD_METADATA (ID, NAME, METADATA_TYPE, PARENT_METADATA,PARENT_METADATA_NAME, REFERENCE_METADATA, REFERENCE_METADATA_NAME, REFERENCE_METADATA_TYPE)VALUES('fedb958a49794f6e96c6ebd21691cbc6','FenceConditionDesc','FIELD','dcd5d0d8bfed4a8ba5c9f6da7fc82afd','EquineLiabilityInfo_Type','2344631100044813a5126adcfb93e80d','C-255','PRIMITIVE');
INSERT INTO PUBLIC.OBJECT_FIELD_METADATA (ID, NAME, METADATA_TYPE, PARENT_METADATA,PARENT_METADATA_NAME, REFERENCE_METADATA, REFERENCE_METADATA_NAME, REFERENCE_METADATA_TYPE)VALUES('7751b04f4b0a4ad08847ffe5de202744','TrailRidingFacilitiesInd','FIELD','dcd5d0d8bfed4a8ba5c9f6da7fc82afd','EquineLiabilityInfo_Type','4ffb0bcc3ec946d1af3ef883f4c3a4e6','Boolean','PRIMITIVE');
INSERT INTO PUBLIC.OBJECT_FIELD_METADATA (ID, NAME, METADATA_TYPE, PARENT_METADATA,PARENT_METADATA_NAME, REFERENCE_METADATA, REFERENCE_METADATA_NAME, REFERENCE_METADATA_TYPE)VALUES('970971fcaf63460785925ebd9480661f','EventEntrantReleasesInd','FIELD','dcd5d0d8bfed4a8ba5c9f6da7fc82afd','EquineLiabilityInfo_Type','4ffb0bcc3ec946d1af3ef883f4c3a4e6','Boolean','PRIMITIVE');
INSERT INTO PUBLIC.OBJECT_FIELD_METADATA (ID, NAME, METADATA_TYPE, PARENT_METADATA,PARENT_METADATA_NAME, REFERENCE_METADATA, REFERENCE_METADATA_NAME, REFERENCE_METADATA_TYPE)VALUES('54f197326ebd4707b1c861779057ab91','NumEventsAnnually','FIELD','dcd5d0d8bfed4a8ba5c9f6da7fc82afd','EquineLiabilityInfo_Type','838cab4e48a54d0bb23ca5ea9db454ab','Long','PRIMITIVE');
INSERT INTO PUBLIC.OBJECT_FIELD_METADATA (ID, NAME, METADATA_TYPE, PARENT_METADATA,PARENT_METADATA_NAME, REFERENCE_METADATA, REFERENCE_METADATA_NAME, REFERENCE_METADATA_TYPE)VALUES('fd592973be2d470f9fafd658cbb45c8e','NumOnPremiseIndependentTrainers','FIELD','dcd5d0d8bfed4a8ba5c9f6da7fc82afd','EquineLiabilityInfo_Type','838cab4e48a54d0bb23ca5ea9db454ab','Long','PRIMITIVE');
INSERT INTO PUBLIC.OBJECT_FIELD_METADATA (ID, NAME, METADATA_TYPE, PARENT_METADATA,PARENT_METADATA_NAME, REFERENCE_METADATA, REFERENCE_METADATA_NAME, REFERENCE_METADATA_TYPE)VALUES('490bade208864bbaab2ba7cc3ccd3deb','OtherOperationsDesc','FIELD','dcd5d0d8bfed4a8ba5c9f6da7fc82afd','EquineLiabilityInfo_Type','2344631100044813a5126adcfb93e80d','C-255','PRIMITIVE');
INSERT INTO PUBLIC.OBJECT_FIELD_METADATA (ID, NAME, METADATA_TYPE, PARENT_METADATA,PARENT_METADATA_NAME, REFERENCE_METADATA, REFERENCE_METADATA_NAME, REFERENCE_METADATA_TYPE)VALUES('da4d07c031a64ae5af60dc954fe22741','NumPublicEvents','FIELD','dcd5d0d8bfed4a8ba5c9f6da7fc82afd','EquineLiabilityInfo_Type','838cab4e48a54d0bb23ca5ea9db454ab','Long','PRIMITIVE');
INSERT INTO PUBLIC.OBJECT_FIELD_METADATA (ID, NAME, METADATA_TYPE, PARENT_METADATA,PARENT_METADATA_NAME, REFERENCE_METADATA, REFERENCE_METADATA_NAME, REFERENCE_METADATA_TYPE)VALUES('002c8bdea93c4613b176e58f813471bd','EquineLiabilityInfo','MODEL_RELATION','e765b97701eb47ad9ce4ce30a43a0726','FarmLiabilityInfo_Type','dcd5d0d8bfed4a8ba5c9f6da7fc82afd','EquineLiabilityInfo_Type','OBJECT');
INSERT INTO PUBLIC.OBJECT_FIELD_METADATA (ID, NAME, METADATA_TYPE, PARENT_METADATA,PARENT_METADATA_NAME, REFERENCE_METADATA, REFERENCE_METADATA_NAME, REFERENCE_METADATA_TYPE)VALUES('393610bdeb0b43f0ac21b1b5da7e9d21','FarmLiabilityInfoExt','FIELD','e765b97701eb47ad9ce4ce30a43a0726','FarmLiabilityInfo_Type',null,null,null);
INSERT INTO PUBLIC.OBJECT_FIELD_METADATA (ID, NAME, METADATA_TYPE, PARENT_METADATA,PARENT_METADATA_NAME, REFERENCE_METADATA, REFERENCE_METADATA_NAME, REFERENCE_METADATA_TYPE)VALUES('993d8361647f48858ef7bf2a36352fb0','AdditionalInterest','MODEL_RELATION','e765b97701eb47ad9ce4ce30a43a0726','FarmLiabilityInfo_Type','23a83d5912a54d0ca9b4669826684442','AdditionalInterest_Type','OBJECT');
INSERT INTO PUBLIC.OBJECT_FIELD_METADATA (ID, NAME, METADATA_TYPE, PARENT_METADATA,PARENT_METADATA_NAME, REFERENCE_METADATA, REFERENCE_METADATA_NAME, REFERENCE_METADATA_TYPE)VALUES('6c9914f179ea4d00bab2994903f226b4','ExposureInfo','MODEL_RELATION','e765b97701eb47ad9ce4ce30a43a0726','FarmLiabilityInfo_Type','d2af9d5366414e609acfaad3e91bda61','ExposureInfo_Type','OBJECT');
INSERT INTO PUBLIC.OBJECT_FIELD_METADATA (ID, NAME, METADATA_TYPE, PARENT_METADATA,PARENT_METADATA_NAME, REFERENCE_METADATA, REFERENCE_METADATA_NAME, REFERENCE_METADATA_TYPE)VALUES('44f2c5a4e40549c6839df1f44b4268ba','Coverage','MODEL_RELATION','e765b97701eb47ad9ce4ce30a43a0726','FarmLiabilityInfo_Type','d0675b4bbe674c1fa08297c27c3cb675','Coverage_Type','OBJECT');
INSERT INTO PUBLIC.OBJECT_FIELD_METADATA (ID, NAME, METADATA_TYPE, PARENT_METADATA,PARENT_METADATA_NAME, REFERENCE_METADATA, REFERENCE_METADATA_NAME, REFERENCE_METADATA_TYPE)VALUES('122f9eb610e7481689302925d8987c7e','ItemIdInfo','MODEL_RELATION','e765b97701eb47ad9ce4ce30a43a0726','FarmLiabilityInfo_Type','ba3be0e0317741b08f872c1fca47ad8f','ItemIdInfo_Type','OBJECT');
INSERT INTO PUBLIC.OBJECT_FIELD_METADATA (ID, NAME, METADATA_TYPE, PARENT_METADATA,PARENT_METADATA_NAME, REFERENCE_METADATA, REFERENCE_METADATA_NAME, REFERENCE_METADATA_TYPE)VALUES('4cf4da636e9243c5b153a39bec77ee5b','QuestionAnswer','MODEL_RELATION','e765b97701eb47ad9ce4ce30a43a0726','FarmLiabilityInfo_Type','152fefd4f3054b68b490c1af5c9c284c','QuestionAnswer_Type','OBJECT');
INSERT INTO PUBLIC.OBJECT_FIELD_METADATA (ID, NAME, METADATA_TYPE, PARENT_METADATA,PARENT_METADATA_NAME, REFERENCE_METADATA, REFERENCE_METADATA_NAME, REFERENCE_METADATA_TYPE)VALUES('a8c28495476740cfbb9e91105b2038dd','Link','MODEL_RELATION','e765b97701eb47ad9ce4ce30a43a0726','FarmLiabilityInfo_Type','366dc9a89db94de3b92abf43ef1bf084','Link_Type','OBJECT');
INSERT INTO PUBLIC.OBJECT_FIELD_METADATA (ID, NAME, METADATA_TYPE, PARENT_METADATA,PARENT_METADATA_NAME, REFERENCE_METADATA, REFERENCE_METADATA_NAME, REFERENCE_METADATA_TYPE)VALUES('144084ab2b234219ac646801c3988a1a','FarmLiabilityInfo','MODEL_RELATION','c70ab52e048c40d888476df6ccd11866','FarmLineBusiness_Type','e765b97701eb47ad9ce4ce30a43a0726','FarmLiabilityInfo_Type','OBJECT');
INSERT INTO PUBLIC.OBJECT_FIELD_METADATA (ID, NAME, METADATA_TYPE, PARENT_METADATA,PARENT_METADATA_NAME, REFERENCE_METADATA, REFERENCE_METADATA_NAME, REFERENCE_METADATA_TYPE)VALUES('b96df947e3c0445cb62a7bcd5b807d19','HazardGradeInfo','MODEL_RELATION','c70ab52e048c40d888476df6ccd11866','FarmLineBusiness_Type','27cb6123ae2a4e5da40275f0c5716a86','HazardGradeInfo_Type','OBJECT');
INSERT INTO PUBLIC.OBJECT_FIELD_METADATA (ID, NAME, METADATA_TYPE, PARENT_METADATA,PARENT_METADATA_NAME, REFERENCE_METADATA, REFERENCE_METADATA_NAME, REFERENCE_METADATA_TYPE)VALUES('c83cd50e77e64bd28899d24074f4cd04','Driver','MODEL_RELATION','c70ab52e048c40d888476df6ccd11866','FarmLineBusiness_Type','a642f88f7cbb45dcb8077b7cc5d6dc67','Driver_Type','OBJECT');
INSERT INTO PUBLIC.OBJECT_FIELD_METADATA (ID, NAME, METADATA_TYPE, PARENT_METADATA,PARENT_METADATA_NAME, REFERENCE_METADATA, REFERENCE_METADATA_NAME, REFERENCE_METADATA_TYPE)VALUES('6bdab1c28dbf406393a6cb21b6e36fa4','MinPremAmt','MODEL_RELATION','c70ab52e048c40d888476df6ccd11866','FarmLineBusiness_Type','4fa89203e94a4637baa0484d19b460c5','CURRENCY','OBJECT');
INSERT INTO PUBLIC.OBJECT_METADATA (ID, NAME, METADATA_TYPE, REFERENCE_METADATA, REFERENCE_METADATA_NAME) VALUES('bd48005bfdbe4fc297e180c71adb666a','VehInfo_Type','OBJECT',null,null);
INSERT INTO PUBLIC.OBJECT_FIELD_METADATA (ID, NAME, METADATA_TYPE, PARENT_METADATA,PARENT_METADATA_NAME, REFERENCE_METADATA, REFERENCE_METADATA_NAME, REFERENCE_METADATA_TYPE)VALUES('256e1dec7107437287c219ae52e3d91c','WrittenAmt','MODEL_RELATION','bd48005bfdbe4fc297e180c71adb666a','VehInfo_Type','4fa89203e94a4637baa0484d19b460c5','CURRENCY','OBJECT');
INSERT INTO PUBLIC.OBJECT_FIELD_METADATA (ID, NAME, METADATA_TYPE, PARENT_METADATA,PARENT_METADATA_NAME, REFERENCE_METADATA, REFERENCE_METADATA_NAME, REFERENCE_METADATA_TYPE)VALUES('117c98b6858d48dbbccb133faf7b4f15','NumDaysDrivenPerWeek','FIELD','bd48005bfdbe4fc297e180c71adb666a','VehInfo_Type','838cab4e48a54d0bb23ca5ea9db454ab','Long','PRIMITIVE');
INSERT INTO PUBLIC.OBJECT_FIELD_METADATA (ID, NAME, METADATA_TYPE, PARENT_METADATA,PARENT_METADATA_NAME, REFERENCE_METADATA, REFERENCE_METADATA_NAME, REFERENCE_METADATA_TYPE)VALUES('b435275792ed48f79e0f959630705905','GrossVehWeight','MODEL_RELATION','bd48005bfdbe4fc297e180c71adb666a','VehInfo_Type','1df1057b06734b019460d9f8fb0a43b0','MEASUREMENT','OBJECT');
INSERT INTO PUBLIC.OBJECT_FIELD_METADATA (ID, NAME, METADATA_TYPE, PARENT_METADATA,PARENT_METADATA_NAME, REFERENCE_METADATA, REFERENCE_METADATA_NAME, REFERENCE_METADATA_TYPE)VALUES('15eb0dfb093e406786b08dcd7ab1c11a','VehTypeCd','FIELD','bd48005bfdbe4fc297e180c71adb666a','VehInfo_Type','f6c0212d5a4a4ffeb31ad55a6a7b5291','VehicleType','PRIMITIVE');
INSERT INTO PUBLIC.OBJECT_FIELD_METADATA (ID, NAME, METADATA_TYPE, PARENT_METADATA,PARENT_METADATA_NAME, REFERENCE_METADATA, REFERENCE_METADATA_NAME, REFERENCE_METADATA_TYPE)VALUES('68c023b5f63a427e805f7f328bec83e2','ExistingUnrepairedDamageDesc','FIELD','bd48005bfdbe4fc297e180c71adb666a','VehInfo_Type','2344631100044813a5126adcfb93e80d','C-255','PRIMITIVE');
INSERT INTO PUBLIC.OBJECT_FIELD_METADATA (ID, NAME, METADATA_TYPE, PARENT_METADATA,PARENT_METADATA_NAME, REFERENCE_METADATA, REFERENCE_METADATA_NAME, REFERENCE_METADATA_TYPE)VALUES('57c5c1fd5fbe403fa1a6bf3faf1fc27a','VehInfoExt','FIELD','bd48005bfdbe4fc297e180c71adb666a','VehInfo_Type',null,null,null);
INSERT INTO PUBLIC.OBJECT_FIELD_METADATA (ID, NAME, METADATA_TYPE, PARENT_METADATA,PARENT_METADATA_NAME, REFERENCE_METADATA, REFERENCE_METADATA_NAME, REFERENCE_METADATA_TYPE)VALUES('2697b955bd67452797ba2c7ca55155f4','InspectionInfo','MODEL_RELATION','bd48005bfdbe4fc297e180c71adb666a','VehInfo_Type','18eb9d0ffdad4e7e891e3297da8c3986','InspectionInfo_Type','OBJECT');
INSERT INTO PUBLIC.OBJECT_FIELD_METADATA (ID, NAME, METADATA_TYPE, PARENT_METADATA,PARENT_METADATA_NAME, REFERENCE_METADATA, REFERENCE_METADATA_NAME, REFERENCE_METADATA_TYPE)VALUES('71519ec6cc7348b7a052c82fe52f4c17','TerritoryCd','FIELD','bd48005bfdbe4fc297e180c71adb666a','VehInfo_Type','6240ce877a244a73a1253961131c6cc9','IndustryCode_Type','PRIMITIVE');
INSERT INTO PUBLIC.OBJECT_FIELD_METADATA (ID, NAME, METADATA_TYPE, PARENT_METADATA,PARENT_METADATA_NAME, REFERENCE_METADATA, REFERENCE_METADATA_NAME, REFERENCE_METADATA_TYPE)VALUES('339f30221d0b4b1bad400269d7ec4f8c','ModelCd','FIELD','bd48005bfdbe4fc297e180c71adb666a','VehInfo_Type','6240ce877a244a73a1253961131c6cc9','IndustryCode_Type','PRIMITIVE');
INSERT INTO PUBLIC.OBJECT_FIELD_METADATA (ID, NAME, METADATA_TYPE, PARENT_METADATA,PARENT_METADATA_NAME, REFERENCE_METADATA, REFERENCE_METADATA_NAME, REFERENCE_METADATA_TYPE)VALUES('d5c50df0da7845599f904f98fa969571','Registration','MODEL_RELATION','bd48005bfdbe4fc297e180c71adb666a','VehInfo_Type','1f54c746f68040a5ae5875642bcffcf7','Registration_Type','OBJECT');
INSERT INTO PUBLIC.OBJECT_FIELD_METADATA (ID, NAME, METADATA_TYPE, PARENT_METADATA,PARENT_METADATA_NAME, REFERENCE_METADATA, REFERENCE_METADATA_NAME, REFERENCE_METADATA_TYPE)VALUES('c88d2d2c051940539da10f158b4d0671','Manufacturer','FIELD','bd48005bfdbe4fc297e180c71adb666a','VehInfo_Type','4aa23ceca9374701b7716d432173c7c2','C-50','PRIMITIVE');
INSERT INTO PUBLIC.OBJECT_FIELD_METADATA (ID, NAME, METADATA_TYPE, PARENT_METADATA,PARENT_METADATA_NAME, REFERENCE_METADATA, REFERENCE_METADATA_NAME, REFERENCE_METADATA_TYPE)VALUES('21a5c20f1dd0456889fcf517cacbb5d1','EngineSerialNumber','FIELD','bd48005bfdbe4fc297e180c71adb666a','VehInfo_Type','4aa23ceca9374701b7716d432173c7c2','C-50','PRIMITIVE');
INSERT INTO PUBLIC.OBJECT_METADATA (ID, NAME, METADATA_TYPE, REFERENCE_METADATA, REFERENCE_METADATA_NAME) VALUES('65dc16dca5694550b485fd2a2ed116cc','CommlVehInfo_Type','OBJECT',null,null);
INSERT INTO PUBLIC.OBJECT_METADATA (ID, NAME, METADATA_TYPE, REFERENCE_METADATA, REFERENCE_METADATA_NAME) VALUES('e24ae7322aa64bf2b762d5721d71892a','CommlVehSupplement_Type','OBJECT',null,null);
INSERT INTO PUBLIC.OBJECT_FIELD_METADATA (ID, NAME, METADATA_TYPE, PARENT_METADATA,PARENT_METADATA_NAME, REFERENCE_METADATA, REFERENCE_METADATA_NAME, REFERENCE_METADATA_TYPE)VALUES('21fbf47143a040b1a8464e7689f73b29','FleetInd','FIELD','e24ae7322aa64bf2b762d5721d71892a','CommlVehSupplement_Type','4ffb0bcc3ec946d1af3ef883f4c3a4e6','Boolean','PRIMITIVE');
INSERT INTO PUBLIC.OBJECT_FIELD_METADATA (ID, NAME, METADATA_TYPE, PARENT_METADATA,PARENT_METADATA_NAME, REFERENCE_METADATA, REFERENCE_METADATA_NAME, REFERENCE_METADATA_TYPE)VALUES('8120b97f814f4b7195a9dbc97cd55fea','MotorCarrierActInd','FIELD','e24ae7322aa64bf2b762d5721d71892a','CommlVehSupplement_Type','4ffb0bcc3ec946d1af3ef883f4c3a4e6','Boolean','PRIMITIVE');
INSERT INTO PUBLIC.OBJECT_FIELD_METADATA (ID, NAME, METADATA_TYPE, PARENT_METADATA,PARENT_METADATA_NAME, REFERENCE_METADATA, REFERENCE_METADATA_NAME, REFERENCE_METADATA_TYPE)VALUES('604d81eeb7e04034ac9541e0ed153133','FinancedAmt','MODEL_RELATION','e24ae7322aa64bf2b762d5721d71892a','CommlVehSupplement_Type','4fa89203e94a4637baa0484d19b460c5','CURRENCY','OBJECT');
INSERT INTO PUBLIC.OBJECT_FIELD_METADATA (ID, NAME, METADATA_TYPE, PARENT_METADATA,PARENT_METADATA_NAME, REFERENCE_METADATA, REFERENCE_METADATA_NAME, REFERENCE_METADATA_TYPE)VALUES('6931ba16988b440b96efa9cde5ec2343','RatingCreditCd','FIELD','e24ae7322aa64bf2b762d5721d71892a','CommlVehSupplement_Type','95d66cc5fb4849db8ff827e892c753b4','Coverages','PRIMITIVE');
INSERT INTO PUBLIC.OBJECT_FIELD_METADATA (ID, NAME, METADATA_TYPE, PARENT_METADATA,PARENT_METADATA_NAME, REFERENCE_METADATA, REFERENCE_METADATA_NAME, REFERENCE_METADATA_TYPE)VALUES('65ab5813d7f34ccdac7b037996c1005a','LengthTimeVehLeased','MODEL_RELATION','e24ae7322aa64bf2b762d5721d71892a','CommlVehSupplement_Type','1df1057b06734b019460d9f8fb0a43b0','MEASUREMENT','OBJECT');
INSERT INTO PUBLIC.OBJECT_FIELD_METADATA (ID, NAME, METADATA_TYPE, PARENT_METADATA,PARENT_METADATA_NAME, REFERENCE_METADATA, REFERENCE_METADATA_NAME, REFERENCE_METADATA_TYPE)VALUES('1f9a0036fb7c44e3a6e99703ba37a177','SpecialClassCd','FIELD','e24ae7322aa64bf2b762d5721d71892a','CommlVehSupplement_Type','6240ce877a244a73a1253961131c6cc9','IndustryCode_Type','PRIMITIVE');
INSERT INTO PUBLIC.OBJECT_FIELD_METADATA (ID, NAME, METADATA_TYPE, PARENT_METADATA,PARENT_METADATA_NAME, REFERENCE_METADATA, REFERENCE_METADATA_NAME, REFERENCE_METADATA_TYPE)VALUES('71f5917f588145df9d4b376b50bce65d','CommlVehSupplementExt','FIELD','e24ae7322aa64bf2b762d5721d71892a','CommlVehSupplement_Type',null,null,null);
INSERT INTO PUBLIC.OBJECT_FIELD_METADATA (ID, NAME, METADATA_TYPE, PARENT_METADATA,PARENT_METADATA_NAME, REFERENCE_METADATA, REFERENCE_METADATA_NAME, REFERENCE_METADATA_TYPE)VALUES('f68b78b91318481389675c32023efc4b','NearZoneCd','FIELD','e24ae7322aa64bf2b762d5721d71892a','CommlVehSupplement_Type','6240ce877a244a73a1253961131c6cc9','IndustryCode_Type','PRIMITIVE');
INSERT INTO PUBLIC.OBJECT_FIELD_METADATA (ID, NAME, METADATA_TYPE, PARENT_METADATA,PARENT_METADATA_NAME, REFERENCE_METADATA, REFERENCE_METADATA_NAME, REFERENCE_METADATA_TYPE)VALUES('955b204908a44366a85bed8f1eb8f65e','RadiusUse','MODEL_RELATION','e24ae7322aa64bf2b762d5721d71892a','CommlVehSupplement_Type','1df1057b06734b019460d9f8fb0a43b0','MEASUREMENT','OBJECT');
INSERT INTO PUBLIC.OBJECT_FIELD_METADATA (ID, NAME, METADATA_TYPE, PARENT_METADATA,PARENT_METADATA_NAME, REFERENCE_METADATA, REFERENCE_METADATA_NAME, REFERENCE_METADATA_TYPE)VALUES('39c4167ab4f144bd91b03a7441fb73ed','SeatingCapacity','FIELD','e24ae7322aa64bf2b762d5721d71892a','CommlVehSupplement_Type','838cab4e48a54d0bb23ca5ea9db454ab','Long','PRIMITIVE');
INSERT INTO PUBLIC.OBJECT_FIELD_METADATA (ID, NAME, METADATA_TYPE, PARENT_METADATA,PARENT_METADATA_NAME, REFERENCE_METADATA, REFERENCE_METADATA_NAME, REFERENCE_METADATA_TYPE)VALUES('f471d1055b774395be8fd003e61040de','PrimaryClassCd','FIELD','e24ae7322aa64bf2b762d5721d71892a','CommlVehSupplement_Type','6240ce877a244a73a1253961131c6cc9','IndustryCode_Type','PRIMITIVE');
INSERT INTO PUBLIC.OBJECT_FIELD_METADATA (ID, NAME, METADATA_TYPE, PARENT_METADATA,PARENT_METADATA_NAME, REFERENCE_METADATA, REFERENCE_METADATA_NAME, REFERENCE_METADATA_TYPE)VALUES('1865ca133f944a5298ee2d43b3a91953','Addr','MODEL_RELATION','e24ae7322aa64bf2b762d5721d71892a','CommlVehSupplement_Type','759d14d8f09b4177b35c09e2f3403b97','Addr_Type','OBJECT');
INSERT INTO PUBLIC.OBJECT_FIELD_METADATA (ID, NAME, METADATA_TYPE, PARENT_METADATA,PARENT_METADATA_NAME, REFERENCE_METADATA, REFERENCE_METADATA_NAME, REFERENCE_METADATA_TYPE)VALUES('d7e692ff2a794eb289ac8a78f6e4f33e','NewVehInd','FIELD','e24ae7322aa64bf2b762d5721d71892a','CommlVehSupplement_Type','4ffb0bcc3ec946d1af3ef883f4c3a4e6','Boolean','PRIMITIVE');
INSERT INTO PUBLIC.OBJECT_FIELD_METADATA (ID, NAME, METADATA_TYPE, PARENT_METADATA,PARENT_METADATA_NAME, REFERENCE_METADATA, REFERENCE_METADATA_NAME, REFERENCE_METADATA_TYPE)VALUES('c4979fed805f4511bcd5cbea3f1a381d','LengthTimeVehInUse','MODEL_RELATION','e24ae7322aa64bf2b762d5721d71892a','CommlVehSupplement_Type','1df1057b06734b019460d9f8fb0a43b0','MEASUREMENT','OBJECT');
INSERT INTO PUBLIC.OBJECT_FIELD_METADATA (ID, NAME, METADATA_TYPE, PARENT_METADATA,PARENT_METADATA_NAME, REFERENCE_METADATA, REFERENCE_METADATA_NAME, REFERENCE_METADATA_TYPE)VALUES('e93ee9a009774ef9bb3e3ee8edcad749','SelfPropelledVehInd','FIELD','e24ae7322aa64bf2b762d5721d71892a','CommlVehSupplement_Type','4ffb0bcc3ec946d1af3ef883f4c3a4e6','Boolean','PRIMITIVE');
INSERT INTO PUBLIC.OBJECT_FIELD_METADATA (ID, NAME, METADATA_TYPE, PARENT_METADATA,PARENT_METADATA_NAME, REFERENCE_METADATA, REFERENCE_METADATA_NAME, REFERENCE_METADATA_TYPE)VALUES('7c25e656e299472cb17fdd98ad2eced5','VehUseCd','FIELD','e24ae7322aa64bf2b762d5721d71892a','CommlVehSupplement_Type','a35f56cba7d24ceca32460db3e1c2e36','VehicleUse','PRIMITIVE');
INSERT INTO PUBLIC.OBJECT_FIELD_METADATA (ID, NAME, METADATA_TYPE, PARENT_METADATA,PARENT_METADATA_NAME, REFERENCE_METADATA, REFERENCE_METADATA_NAME, REFERENCE_METADATA_TYPE)VALUES('c4ff6ec04dde43128aed4d6aebcaf29b','RadiusUseTypeCd','FIELD','e24ae7322aa64bf2b762d5721d71892a','CommlVehSupplement_Type','6f6677d7db5845c5a698e4c889a42bcd','RadiusUseType','PRIMITIVE');
INSERT INTO PUBLIC.OBJECT_FIELD_METADATA (ID, NAME, METADATA_TYPE, PARENT_METADATA,PARENT_METADATA_NAME, REFERENCE_METADATA, REFERENCE_METADATA_NAME, REFERENCE_METADATA_TYPE)VALUES('e552bf6cf268485f97dfbe4bb233652e','UseLeasedVehDesc','FIELD','e24ae7322aa64bf2b762d5721d71892a','CommlVehSupplement_Type','2344631100044813a5126adcfb93e80d','C-255','PRIMITIVE');
INSERT INTO PUBLIC.OBJECT_FIELD_METADATA (ID, NAME, METADATA_TYPE, PARENT_METADATA,PARENT_METADATA_NAME, REFERENCE_METADATA, REFERENCE_METADATA_NAME, REFERENCE_METADATA_TYPE)VALUES('97dcdd1d68c14e369ed278f7cd595f62','PurchaseDt','FIELD','e24ae7322aa64bf2b762d5721d71892a','CommlVehSupplement_Type','3b0a2ca6cf3a4fb19718e35aa60287cd','Date','PRIMITIVE');
INSERT INTO PUBLIC.OBJECT_FIELD_METADATA (ID, NAME, METADATA_TYPE, PARENT_METADATA,PARENT_METADATA_NAME, REFERENCE_METADATA, REFERENCE_METADATA_NAME, REFERENCE_METADATA_TYPE)VALUES('fd5a6af4e9394f3da9c77a6ed4612713','QuestionAnswer','MODEL_RELATION','e24ae7322aa64bf2b762d5721d71892a','CommlVehSupplement_Type','152fefd4f3054b68b490c1af5c9c284c','QuestionAnswer_Type','OBJECT');
INSERT INTO PUBLIC.OBJECT_FIELD_METADATA (ID, NAME, METADATA_TYPE, PARENT_METADATA,PARENT_METADATA_NAME, REFERENCE_METADATA, REFERENCE_METADATA_NAME, REFERENCE_METADATA_TYPE)VALUES('c184811477784f3e8dc51ad9643b1a71','PrimaryRatingFactorPhysicalDamage','FIELD','e24ae7322aa64bf2b762d5721d71892a','CommlVehSupplement_Type','c896845db6f640c6bf65093333a64c69','Decimal','PRIMITIVE');
INSERT INTO PUBLIC.OBJECT_FIELD_METADATA (ID, NAME, METADATA_TYPE, PARENT_METADATA,PARENT_METADATA_NAME, REFERENCE_METADATA, REFERENCE_METADATA_NAME, REFERENCE_METADATA_TYPE)VALUES('76a12a03f94d4871ad5e04ea39ec3765','OperatorExperienceRestrictionCd','FIELD','e24ae7322aa64bf2b762d5721d71892a','CommlVehSupplement_Type','0125f3a3cddb43aea07b9b4d3a8bf767','OperatorExperienceRestriction','PRIMITIVE');
INSERT INTO PUBLIC.OBJECT_FIELD_METADATA (ID, NAME, METADATA_TYPE, PARENT_METADATA,PARENT_METADATA_NAME, REFERENCE_METADATA, REFERENCE_METADATA_NAME, REFERENCE_METADATA_TYPE)VALUES('643884ffc32a4dc2a06441e22026d3f5','IndividualLiabilityForVolunteerInd','FIELD','e24ae7322aa64bf2b762d5721d71892a','CommlVehSupplement_Type','4ffb0bcc3ec946d1af3ef883f4c3a4e6','Boolean','PRIMITIVE');
INSERT INTO PUBLIC.OBJECT_FIELD_METADATA (ID, NAME, METADATA_TYPE, PARENT_METADATA,PARENT_METADATA_NAME, REFERENCE_METADATA, REFERENCE_METADATA_NAME, REFERENCE_METADATA_TYPE)VALUES('ac3913c0d7084b8088a9778b927eafde','LeasedAmt','MODEL_RELATION','e24ae7322aa64bf2b762d5721d71892a','CommlVehSupplement_Type','4fa89203e94a4637baa0484d19b460c5','CURRENCY','OBJECT');
INSERT INTO PUBLIC.OBJECT_FIELD_METADATA (ID, NAME, METADATA_TYPE, PARENT_METADATA,PARENT_METADATA_NAME, REFERENCE_METADATA, REFERENCE_METADATA_NAME, REFERENCE_METADATA_TYPE)VALUES('2710dfa4fc7c43a6b53b540f46469543','ReplacedVehIdentificationNumber','FIELD','e24ae7322aa64bf2b762d5721d71892a','CommlVehSupplement_Type','3869bfeb4b5f47c0b4e159b3cfde6d71','C-25','PRIMITIVE');
INSERT INTO PUBLIC.OBJECT_FIELD_METADATA (ID, NAME, METADATA_TYPE, PARENT_METADATA,PARENT_METADATA_NAME, REFERENCE_METADATA, REFERENCE_METADATA_NAME, REFERENCE_METADATA_TYPE)VALUES('c767424efde04e89a8e49f2e993ccc54','DMVTransactionCd','FIELD','e24ae7322aa64bf2b762d5721d71892a','CommlVehSupplement_Type','6240ce877a244a73a1253961131c6cc9','IndustryCode_Type','PRIMITIVE');
INSERT INTO PUBLIC.OBJECT_FIELD_METADATA (ID, NAME, METADATA_TYPE, PARENT_METADATA,PARENT_METADATA_NAME, REFERENCE_METADATA, REFERENCE_METADATA_NAME, REFERENCE_METADATA_TYPE)VALUES('f92140c55084430483b9005866568110','PrimaryRatingFactorLiability','FIELD','e24ae7322aa64bf2b762d5721d71892a','CommlVehSupplement_Type','c896845db6f640c6bf65093333a64c69','Decimal','PRIMITIVE');
INSERT INTO PUBLIC.OBJECT_FIELD_METADATA (ID, NAME, METADATA_TYPE, PARENT_METADATA,PARENT_METADATA_NAME, REFERENCE_METADATA, REFERENCE_METADATA_NAME, REFERENCE_METADATA_TYPE)VALUES('8c07efcbf1014ce6a15d630a127dac5b','SecondaryRatingFactor','FIELD','e24ae7322aa64bf2b762d5721d71892a','CommlVehSupplement_Type','c896845db6f640c6bf65093333a64c69','Decimal','PRIMITIVE');
INSERT INTO PUBLIC.OBJECT_FIELD_METADATA (ID, NAME, METADATA_TYPE, PARENT_METADATA,PARENT_METADATA_NAME, REFERENCE_METADATA, REFERENCE_METADATA_NAME, REFERENCE_METADATA_TYPE)VALUES('aafba7450c5b4bd79030713cbdc8a874','VehAlteredInd','FIELD','e24ae7322aa64bf2b762d5721d71892a','CommlVehSupplement_Type','4ffb0bcc3ec946d1af3ef883f4c3a4e6','Boolean','PRIMITIVE');
INSERT INTO PUBLIC.OBJECT_FIELD_METADATA (ID, NAME, METADATA_TYPE, PARENT_METADATA,PARENT_METADATA_NAME, REFERENCE_METADATA, REFERENCE_METADATA_NAME, REFERENCE_METADATA_TYPE)VALUES('5b301375265a42a1961617d802223c09','NumDrivingInstructors','FIELD','e24ae7322aa64bf2b762d5721d71892a','CommlVehSupplement_Type','838cab4e48a54d0bb23ca5ea9db454ab','Long','PRIMITIVE');
INSERT INTO PUBLIC.OBJECT_FIELD_METADATA (ID, NAME, METADATA_TYPE, PARENT_METADATA,PARENT_METADATA_NAME, REFERENCE_METADATA, REFERENCE_METADATA_NAME, REFERENCE_METADATA_TYPE)VALUES('7ed276fad5734b048b5a8e4c2e91ddce','TaxCodeInfo','MODEL_RELATION','e24ae7322aa64bf2b762d5721d71892a','CommlVehSupplement_Type','20d8174db8aa43d2ba6a6e9c69d43a94','TaxCodeInfo_Type','OBJECT');
INSERT INTO PUBLIC.OBJECT_FIELD_METADATA (ID, NAME, METADATA_TYPE, PARENT_METADATA,PARENT_METADATA_NAME, REFERENCE_METADATA, REFERENCE_METADATA_NAME, REFERENCE_METADATA_TYPE)VALUES('3073f4b807334296a20b918a85db1e92','ZoneCombinationCd','FIELD','e24ae7322aa64bf2b762d5721d71892a','CommlVehSupplement_Type','6240ce877a244a73a1253961131c6cc9','IndustryCode_Type','PRIMITIVE');
INSERT INTO PUBLIC.OBJECT_FIELD_METADATA (ID, NAME, METADATA_TYPE, PARENT_METADATA,PARENT_METADATA_NAME, REFERENCE_METADATA, REFERENCE_METADATA_NAME, REFERENCE_METADATA_TYPE)VALUES('ae742812fb08452da53edee1bbe2f905','SpecialUseCd','FIELD','e24ae7322aa64bf2b762d5721d71892a','CommlVehSupplement_Type','028da2b3786341579fa3645139edb690','VehicleSpecialUse','PRIMITIVE');
INSERT INTO PUBLIC.OBJECT_FIELD_METADATA (ID, NAME, METADATA_TYPE, PARENT_METADATA,PARENT_METADATA_NAME, REFERENCE_METADATA, REFERENCE_METADATA_NAME, REFERENCE_METADATA_TYPE)VALUES('e069d5c3e1f348fd815894afc1656cba','CarpoolInd','FIELD','e24ae7322aa64bf2b762d5721d71892a','CommlVehSupplement_Type','4ffb0bcc3ec946d1af3ef883f4c3a4e6','Boolean','PRIMITIVE');
INSERT INTO PUBLIC.OBJECT_FIELD_METADATA (ID, NAME, METADATA_TYPE, PARENT_METADATA,PARENT_METADATA_NAME, REFERENCE_METADATA, REFERENCE_METADATA_NAME, REFERENCE_METADATA_TYPE)VALUES('c0394a1b18b34896a3558b04515b4cae','OptionCd','FIELD','e24ae7322aa64bf2b762d5721d71892a','CommlVehSupplement_Type','0f95b02b7be34210bab4d1afdc01cfb2','CoverageOption','PRIMITIVE');
INSERT INTO PUBLIC.OBJECT_FIELD_METADATA (ID, NAME, METADATA_TYPE, PARENT_METADATA,PARENT_METADATA_NAME, REFERENCE_METADATA, REFERENCE_METADATA_NAME, REFERENCE_METADATA_TYPE)VALUES('dbba8b2387594406b75113441bfff5fb','SecondaryClassCd','FIELD','e24ae7322aa64bf2b762d5721d71892a','CommlVehSupplement_Type','6240ce877a244a73a1253961131c6cc9','IndustryCode_Type','PRIMITIVE');
INSERT INTO PUBLIC.OBJECT_FIELD_METADATA (ID, NAME, METADATA_TYPE, PARENT_METADATA,PARENT_METADATA_NAME, REFERENCE_METADATA, REFERENCE_METADATA_NAME, REFERENCE_METADATA_TYPE)VALUES('3ae70aaa0daf442da0ff502c5d29ddc9','FarmRanchInd','FIELD','e24ae7322aa64bf2b762d5721d71892a','CommlVehSupplement_Type','4ffb0bcc3ec946d1af3ef883f4c3a4e6','Boolean','PRIMITIVE');
INSERT INTO PUBLIC.OBJECT_FIELD_METADATA (ID, NAME, METADATA_TYPE, PARENT_METADATA,PARENT_METADATA_NAME, REFERENCE_METADATA, REFERENCE_METADATA_NAME, REFERENCE_METADATA_TYPE)VALUES('2a8008bc5af843a5bc5d39a2b3703fc4','FarZoneCd','FIELD','e24ae7322aa64bf2b762d5721d71892a','CommlVehSupplement_Type','6240ce877a244a73a1253961131c6cc9','IndustryCode_Type','PRIMITIVE');
INSERT INTO PUBLIC.OBJECT_FIELD_METADATA (ID, NAME, METADATA_TYPE, PARENT_METADATA,PARENT_METADATA_NAME, REFERENCE_METADATA, REFERENCE_METADATA_NAME, REFERENCE_METADATA_TYPE)VALUES('e04cd0e351044112add7f15f57162641','VehLeasedCd','FIELD','e24ae7322aa64bf2b762d5721d71892a','CommlVehSupplement_Type','f1ef7348e0534bbdba507e86f70bbaa7','VehicleLeased','PRIMITIVE');
INSERT INTO PUBLIC.OBJECT_FIELD_METADATA (ID, NAME, METADATA_TYPE, PARENT_METADATA,PARENT_METADATA_NAME, REFERENCE_METADATA, REFERENCE_METADATA_NAME, REFERENCE_METADATA_TYPE)VALUES('f625c869876d43948f0f99235ba81b07','PresentValueAmt','MODEL_RELATION','e24ae7322aa64bf2b762d5721d71892a','CommlVehSupplement_Type','4fa89203e94a4637baa0484d19b460c5','CURRENCY','OBJECT');
INSERT INTO PUBLIC.OBJECT_FIELD_METADATA (ID, NAME, METADATA_TYPE, PARENT_METADATA,PARENT_METADATA_NAME, REFERENCE_METADATA, REFERENCE_METADATA_NAME, REFERENCE_METADATA_TYPE)VALUES('6e77cdd2ff2e43b48b2ad798aa1ef705','DualControlsInd','FIELD','e24ae7322aa64bf2b762d5721d71892a','CommlVehSupplement_Type','4ffb0bcc3ec946d1af3ef883f4c3a4e6','Boolean','PRIMITIVE');
INSERT INTO PUBLIC.OBJECT_FIELD_METADATA (ID, NAME, METADATA_TYPE, PARENT_METADATA,PARENT_METADATA_NAME, REFERENCE_METADATA, REFERENCE_METADATA_NAME, REFERENCE_METADATA_TYPE)VALUES('8eeca0ad4e00450ab0ece19367ee8175','EmployeeOperatedInd','FIELD','e24ae7322aa64bf2b762d5721d71892a','CommlVehSupplement_Type','4ffb0bcc3ec946d1af3ef883f4c3a4e6','Boolean','PRIMITIVE');
INSERT INTO PUBLIC.OBJECT_FIELD_METADATA (ID, NAME, METADATA_TYPE, PARENT_METADATA,PARENT_METADATA_NAME, REFERENCE_METADATA, REFERENCE_METADATA_NAME, REFERENCE_METADATA_TYPE)VALUES('e3a1a045325c4b0caf5a5dcd713a38c4','AnnualLeaseReceiptsAmt','MODEL_RELATION','e24ae7322aa64bf2b762d5721d71892a','CommlVehSupplement_Type','4fa89203e94a4637baa0484d19b460c5','CURRENCY','OBJECT');
INSERT INTO PUBLIC.OBJECT_FIELD_METADATA (ID, NAME, METADATA_TYPE, PARENT_METADATA,PARENT_METADATA_NAME, REFERENCE_METADATA, REFERENCE_METADATA_NAME, REFERENCE_METADATA_TYPE)VALUES('8b378351cfaa470b8bdd28bce79ff012','CommlVehSupplement','MODEL_RELATION','65dc16dca5694550b485fd2a2ed116cc','CommlVehInfo_Type','e24ae7322aa64bf2b762d5721d71892a','CommlVehSupplement_Type','OBJECT');
INSERT INTO PUBLIC.OBJECT_FIELD_METADATA (ID, NAME, METADATA_TYPE, PARENT_METADATA,PARENT_METADATA_NAME, REFERENCE_METADATA, REFERENCE_METADATA_NAME, REFERENCE_METADATA_TYPE)VALUES('74b20abc46244ac2bae075c74c584708','CommlCoverage','MODEL_RELATION','65dc16dca5694550b485fd2a2ed116cc','CommlVehInfo_Type','d0675b4bbe674c1fa08297c27c3cb675','Coverage_Type','OBJECT');
INSERT INTO PUBLIC.OBJECT_FIELD_METADATA (ID, NAME, METADATA_TYPE, PARENT_METADATA,PARENT_METADATA_NAME, REFERENCE_METADATA, REFERENCE_METADATA_NAME, REFERENCE_METADATA_TYPE)VALUES('366932b1ee594290a9e43b59b947795a','CoverageAvailable','MODEL_RELATION','65dc16dca5694550b485fd2a2ed116cc','CommlVehInfo_Type','d0675b4bbe674c1fa08297c27c3cb675','Coverage_Type','OBJECT');
INSERT INTO PUBLIC.OBJECT_FIELD_METADATA (ID, NAME, METADATA_TYPE, PARENT_METADATA,PARENT_METADATA_NAME, REFERENCE_METADATA, REFERENCE_METADATA_NAME, REFERENCE_METADATA_TYPE)VALUES('433894540cf2469b87c709c49b4b4699','CreditOrSurcharge','MODEL_RELATION','65dc16dca5694550b485fd2a2ed116cc','CommlVehInfo_Type','ac7618a3e7974e27b3a4f0a5f2a22a98','PCCREDITSURCHARGE','OBJECT');
INSERT INTO PUBLIC.OBJECT_FIELD_METADATA (ID, NAME, METADATA_TYPE, PARENT_METADATA,PARENT_METADATA_NAME, REFERENCE_METADATA, REFERENCE_METADATA_NAME, REFERENCE_METADATA_TYPE)VALUES('da90f6c0e9894422a29e989d7345d090','CommlVehInfoExt','FIELD','65dc16dca5694550b485fd2a2ed116cc','CommlVehInfo_Type',null,null,null);
INSERT INTO PUBLIC.OBJECT_FIELD_METADATA (ID, NAME, METADATA_TYPE, PARENT_METADATA,PARENT_METADATA_NAME, REFERENCE_METADATA, REFERENCE_METADATA_NAME, REFERENCE_METADATA_TYPE)VALUES('2fd4583ccef849cd9ca6563979e5b69d','Coverage','MODEL_RELATION','65dc16dca5694550b485fd2a2ed116cc','CommlVehInfo_Type','d0675b4bbe674c1fa08297c27c3cb675','Coverage_Type','OBJECT');
INSERT INTO PUBLIC.OBJECT_FIELD_METADATA (ID, NAME, METADATA_TYPE, PARENT_METADATA,PARENT_METADATA_NAME, REFERENCE_METADATA, REFERENCE_METADATA_NAME, REFERENCE_METADATA_TYPE)VALUES('153a3f6a2d984dfc956f836da439a18e','CommlVehInfo','MODEL_RELATION','bd48005bfdbe4fc297e180c71adb666a','VehInfo_Type','65dc16dca5694550b485fd2a2ed116cc','CommlVehInfo_Type','OBJECT');
INSERT INTO PUBLIC.OBJECT_FIELD_METADATA (ID, NAME, METADATA_TYPE, PARENT_METADATA,PARENT_METADATA_NAME, REFERENCE_METADATA, REFERENCE_METADATA_NAME, REFERENCE_METADATA_TYPE)VALUES('d203d45510dd4cac99fd1bdb29afdba2','PurchaseDt','FIELD','bd48005bfdbe4fc297e180c71adb666a','VehInfo_Type','3b0a2ca6cf3a4fb19718e35aa60287cd','Date','PRIMITIVE');
INSERT INTO PUBLIC.OBJECT_FIELD_METADATA (ID, NAME, METADATA_TYPE, PARENT_METADATA,PARENT_METADATA_NAME, REFERENCE_METADATA, REFERENCE_METADATA_NAME, REFERENCE_METADATA_TYPE)VALUES('a7a0020eee8a4d9db652813e89cac279','LeasedDt','FIELD','bd48005bfdbe4fc297e180c71adb666a','VehInfo_Type','3b0a2ca6cf3a4fb19718e35aa60287cd','Date','PRIMITIVE');
INSERT INTO PUBLIC.OBJECT_FIELD_METADATA (ID, NAME, METADATA_TYPE, PARENT_METADATA,PARENT_METADATA_NAME, REFERENCE_METADATA, REFERENCE_METADATA_NAME, REFERENCE_METADATA_TYPE)VALUES('d4772c3e1c4045ec9f319375a93d07b1','Color','FIELD','bd48005bfdbe4fc297e180c71adb666a','VehInfo_Type','3869bfeb4b5f47c0b4e159b3cfde6d71','C-25','PRIMITIVE');
INSERT INTO PUBLIC.OBJECT_FIELD_METADATA (ID, NAME, METADATA_TYPE, PARENT_METADATA,PARENT_METADATA_NAME, REFERENCE_METADATA, REFERENCE_METADATA_NAME, REFERENCE_METADATA_TYPE)VALUES('e95e6af541e34d0e82182a55c7c72824','ItemModificationInfo','MODEL_RELATION','bd48005bfdbe4fc297e180c71adb666a','VehInfo_Type','b014ec467cff464592373a481cf41dfb','ItemModificationInfo_Type','OBJECT');
INSERT INTO PUBLIC.OBJECT_FIELD_METADATA (ID, NAME, METADATA_TYPE, PARENT_METADATA,PARENT_METADATA_NAME, REFERENCE_METADATA, REFERENCE_METADATA_NAME, REFERENCE_METADATA_TYPE)VALUES('8ad907e2adf2465ab62e83ae2873b129','TransmissionSerialNumber','FIELD','bd48005bfdbe4fc297e180c71adb666a','VehInfo_Type','4aa23ceca9374701b7716d432173c7c2','C-50','PRIMITIVE');
INSERT INTO PUBLIC.OBJECT_FIELD_METADATA (ID, NAME, METADATA_TYPE, PARENT_METADATA,PARENT_METADATA_NAME, REFERENCE_METADATA, REFERENCE_METADATA_NAME, REFERENCE_METADATA_TYPE)VALUES('2183b2382dc24e5b9a07857d3a5e6565','NetChangeAmt','MODEL_RELATION','bd48005bfdbe4fc297e180c71adb666a','VehInfo_Type','4fa89203e94a4637baa0484d19b460c5','CURRENCY','OBJECT');
INSERT INTO PUBLIC.OBJECT_FIELD_METADATA (ID, NAME, METADATA_TYPE, PARENT_METADATA,PARENT_METADATA_NAME, REFERENCE_METADATA, REFERENCE_METADATA_NAME, REFERENCE_METADATA_TYPE)VALUES('a94d8ef2119649cfa6a52d883d99fed9','VehBodyTypeDesc','FIELD','bd48005bfdbe4fc297e180c71adb666a','VehInfo_Type','2344631100044813a5126adcfb93e80d','C-255','PRIMITIVE');
INSERT INTO PUBLIC.OBJECT_FIELD_METADATA (ID, NAME, METADATA_TYPE, PARENT_METADATA,PARENT_METADATA_NAME, REFERENCE_METADATA, REFERENCE_METADATA_NAME, REFERENCE_METADATA_TYPE)VALUES('30d1e7f495c1434b92da0a488a33653f','VehSymbolCd','FIELD','bd48005bfdbe4fc297e180c71adb666a','VehInfo_Type','6240ce877a244a73a1253961131c6cc9','IndustryCode_Type','PRIMITIVE');
INSERT INTO PUBLIC.OBJECT_FIELD_METADATA (ID, NAME, METADATA_TYPE, PARENT_METADATA,PARENT_METADATA_NAME, REFERENCE_METADATA, REFERENCE_METADATA_NAME, REFERENCE_METADATA_TYPE)VALUES('27774663e10b4e2da71b13ab3cebdb41','ExistingUnrepairedDamageInfo','MODEL_RELATION','bd48005bfdbe4fc297e180c71adb666a','VehInfo_Type','196948f7bce146269fec319bda4ba3ef','ExistingUnrepairedDamageInfo_Type','OBJECT');
INSERT INTO PUBLIC.OBJECT_FIELD_METADATA (ID, NAME, METADATA_TYPE, PARENT_METADATA,PARENT_METADATA_NAME, REFERENCE_METADATA, REFERENCE_METADATA_NAME, REFERENCE_METADATA_TYPE)VALUES('c063f36ace294c5e927ac4d57c5be2c7','NumDaysOccupiedPerYr','FIELD','bd48005bfdbe4fc297e180c71adb666a','VehInfo_Type','838cab4e48a54d0bb23ca5ea9db454ab','Long','PRIMITIVE');
INSERT INTO PUBLIC.OBJECT_FIELD_METADATA (ID, NAME, METADATA_TYPE, PARENT_METADATA,PARENT_METADATA_NAME, REFERENCE_METADATA, REFERENCE_METADATA_NAME, REFERENCE_METADATA_TYPE)VALUES('58f79beb47f84934b94aacea3e58347a','Link','MODEL_RELATION','bd48005bfdbe4fc297e180c71adb666a','VehInfo_Type','366dc9a89db94de3b92abf43ef1bf084','Link_Type','OBJECT');
INSERT INTO PUBLIC.OBJECT_FIELD_METADATA (ID, NAME, METADATA_TYPE, PARENT_METADATA,PARENT_METADATA_NAME, REFERENCE_METADATA, REFERENCE_METADATA_NAME, REFERENCE_METADATA_TYPE)VALUES('279186e05e1745ed8eacb116d61f21b5','VehRateGroupInfo','MODEL_RELATION','bd48005bfdbe4fc297e180c71adb666a','VehInfo_Type','984917bf8fc24a90b162f55dbc7a3535','VehRateGroupInfo_Type','OBJECT');
INSERT INTO PUBLIC.OBJECT_FIELD_METADATA (ID, NAME, METADATA_TYPE, PARENT_METADATA,PARENT_METADATA_NAME, REFERENCE_METADATA, REFERENCE_METADATA_NAME, REFERENCE_METADATA_TYPE)VALUES('312c88577a944f62bc5982c53c68f987','VehBodyTypeCd','FIELD','bd48005bfdbe4fc297e180c71adb666a','VehInfo_Type','bffd6f81bef947abb7faeb2fb50c3922','VehicleBodyType','PRIMITIVE');
INSERT INTO PUBLIC.OBJECT_FIELD_METADATA (ID, NAME, METADATA_TYPE, PARENT_METADATA,PARENT_METADATA_NAME, REFERENCE_METADATA, REFERENCE_METADATA_NAME, REFERENCE_METADATA_TYPE)VALUES('3a2e5db9d4cd4c02a99f2490cfb64756','PurchasePriceAmt','MODEL_RELATION','bd48005bfdbe4fc297e180c71adb666a','VehInfo_Type','4fa89203e94a4637baa0484d19b460c5','CURRENCY','OBJECT');
INSERT INTO PUBLIC.OBJECT_FIELD_METADATA (ID, NAME, METADATA_TYPE, PARENT_METADATA,PARENT_METADATA_NAME, REFERENCE_METADATA, REFERENCE_METADATA_NAME, REFERENCE_METADATA_TYPE)VALUES('cb50e766c2bc4e5998c9243bb2f93c53','EstimatedAnnualDistance','MODEL_RELATION','bd48005bfdbe4fc297e180c71adb666a','VehInfo_Type','1df1057b06734b019460d9f8fb0a43b0','MEASUREMENT','OBJECT');
INSERT INTO PUBLIC.OBJECT_FIELD_METADATA (ID, NAME, METADATA_TYPE, PARENT_METADATA,PARENT_METADATA_NAME, REFERENCE_METADATA, REFERENCE_METADATA_NAME, REFERENCE_METADATA_TYPE)VALUES('5846bdd9ee70474ba8b77e4e266ae5a1','ColorCd','FIELD','bd48005bfdbe4fc297e180c71adb666a','VehInfo_Type','6240ce877a244a73a1253961131c6cc9','IndustryCode_Type','PRIMITIVE');
INSERT INTO PUBLIC.OBJECT_FIELD_METADATA (ID, NAME, METADATA_TYPE, PARENT_METADATA,PARENT_METADATA_NAME, REFERENCE_METADATA, REFERENCE_METADATA_NAME, REFERENCE_METADATA_TYPE)VALUES('8e8a1630778641d3a9d839a474b42e5f','Horsepower','MODEL_RELATION','bd48005bfdbe4fc297e180c71adb666a','VehInfo_Type','1df1057b06734b019460d9f8fb0a43b0','MEASUREMENT','OBJECT');
INSERT INTO PUBLIC.OBJECT_FIELD_METADATA (ID, NAME, METADATA_TYPE, PARENT_METADATA,PARENT_METADATA_NAME, REFERENCE_METADATA, REFERENCE_METADATA_NAME, REFERENCE_METADATA_TYPE)VALUES('dbca1b80ee9f4c23be1ee55bf06929b9','FullTermAmt','MODEL_RELATION','bd48005bfdbe4fc297e180c71adb666a','VehInfo_Type','4fa89203e94a4637baa0484d19b460c5','CURRENCY','OBJECT');
INSERT INTO PUBLIC.OBJECT_FIELD_METADATA (ID, NAME, METADATA_TYPE, PARENT_METADATA,PARENT_METADATA_NAME, REFERENCE_METADATA, REFERENCE_METADATA_NAME, REFERENCE_METADATA_TYPE)VALUES('4e32729c78b94d16b6afd8218f54df4e','ManufacturerCd','FIELD','bd48005bfdbe4fc297e180c71adb666a','VehInfo_Type','6240ce877a244a73a1253961131c6cc9','IndustryCode_Type','PRIMITIVE');
INSERT INTO PUBLIC.OBJECT_FIELD_METADATA (ID, NAME, METADATA_TYPE, PARENT_METADATA,PARENT_METADATA_NAME, REFERENCE_METADATA, REFERENCE_METADATA_NAME, REFERENCE_METADATA_TYPE)VALUES('547cc6aeedf14d35ab73aefa6a1f0399','NumCylinders','FIELD','bd48005bfdbe4fc297e180c71adb666a','VehInfo_Type','838cab4e48a54d0bb23ca5ea9db454ab','Long','PRIMITIVE');
INSERT INTO PUBLIC.OBJECT_FIELD_METADATA (ID, NAME, METADATA_TYPE, PARENT_METADATA,PARENT_METADATA_NAME, REFERENCE_METADATA, REFERENCE_METADATA_NAME, REFERENCE_METADATA_TYPE)VALUES('03bf9d43384049bd892fc47d01b3a29a','CombinedVehWeight','MODEL_RELATION','bd48005bfdbe4fc297e180c71adb666a','VehInfo_Type','1df1057b06734b019460d9f8fb0a43b0','MEASUREMENT','OBJECT');
INSERT INTO PUBLIC.OBJECT_FIELD_METADATA (ID, NAME, METADATA_TYPE, PARENT_METADATA,PARENT_METADATA_NAME, REFERENCE_METADATA, REFERENCE_METADATA_NAME, REFERENCE_METADATA_TYPE)VALUES('711d451ff20b42d7bd4efd011880cffd','Width','MODEL_RELATION','bd48005bfdbe4fc297e180c71adb666a','VehInfo_Type','1df1057b06734b019460d9f8fb0a43b0','MEASUREMENT','OBJECT');
INSERT INTO PUBLIC.OBJECT_FIELD_METADATA (ID, NAME, METADATA_TYPE, PARENT_METADATA,PARENT_METADATA_NAME, REFERENCE_METADATA, REFERENCE_METADATA_NAME, REFERENCE_METADATA_TYPE)VALUES('5c8902ac0b3f4749b092e227075a4d01','NumTotalVehRatingPoints','FIELD','bd48005bfdbe4fc297e180c71adb666a','VehInfo_Type','838cab4e48a54d0bb23ca5ea9db454ab','Long','PRIMITIVE');
INSERT INTO PUBLIC.OBJECT_FIELD_METADATA (ID, NAME, METADATA_TYPE, PARENT_METADATA,PARENT_METADATA_NAME, REFERENCE_METADATA, REFERENCE_METADATA_NAME, REFERENCE_METADATA_TYPE)VALUES('21444556b7724e21a2e3e95630b97693','LeasedVehInd','FIELD','bd48005bfdbe4fc297e180c71adb666a','VehInfo_Type','4ffb0bcc3ec946d1af3ef883f4c3a4e6','Boolean','PRIMITIVE');
INSERT INTO PUBLIC.OBJECT_FIELD_METADATA (ID, NAME, METADATA_TYPE, PARENT_METADATA,PARENT_METADATA_NAME, REFERENCE_METADATA, REFERENCE_METADATA_NAME, REFERENCE_METADATA_TYPE)VALUES('9255ce9fe6ac4379a71db37fe7c1f09a','DrivenByCoWorkersInd','FIELD','bd48005bfdbe4fc297e180c71adb666a','VehInfo_Type','4ffb0bcc3ec946d1af3ef883f4c3a4e6','Boolean','PRIMITIVE');
INSERT INTO PUBLIC.OBJECT_FIELD_METADATA (ID, NAME, METADATA_TYPE, PARENT_METADATA,PARENT_METADATA_NAME, REFERENCE_METADATA, REFERENCE_METADATA_NAME, REFERENCE_METADATA_TYPE)VALUES('30066e95958144908b7502c15d5966ca','AdditionalInterest','MODEL_RELATION','bd48005bfdbe4fc297e180c71adb666a','VehInfo_Type','23a83d5912a54d0ca9b4669826684442','AdditionalInterest_Type','OBJECT');
INSERT INTO PUBLIC.OBJECT_FIELD_METADATA (ID, NAME, METADATA_TYPE, PARENT_METADATA,PARENT_METADATA_NAME, REFERENCE_METADATA, REFERENCE_METADATA_NAME, REFERENCE_METADATA_TYPE)VALUES('738ac5a5ed7d43b5b54b7c5198e53fa9','TonRatingCapacityCd','FIELD','bd48005bfdbe4fc297e180c71adb666a','VehInfo_Type','baf63d283aaf4967ac2c12ad0bec83b2','TonRatingCapacity','PRIMITIVE');
INSERT INTO PUBLIC.OBJECT_FIELD_METADATA (ID, NAME, METADATA_TYPE, PARENT_METADATA,PARENT_METADATA_NAME, REFERENCE_METADATA, REFERENCE_METADATA_NAME, REFERENCE_METADATA_TYPE)VALUES('002ad3d2e6cb422493d2f30f2781c7c0','CostNewAmt','MODEL_RELATION','bd48005bfdbe4fc297e180c71adb666a','VehInfo_Type','4fa89203e94a4637baa0484d19b460c5','CURRENCY','OBJECT');
INSERT INTO PUBLIC.OBJECT_FIELD_METADATA (ID, NAME, METADATA_TYPE, PARENT_METADATA,PARENT_METADATA_NAME, REFERENCE_METADATA, REFERENCE_METADATA_NAME, REFERENCE_METADATA_TYPE)VALUES('ff1e642a45b54a9895d2307e7a1a8e79','ColorInterior','FIELD','bd48005bfdbe4fc297e180c71adb666a','VehInfo_Type','3869bfeb4b5f47c0b4e159b3cfde6d71','C-25','PRIMITIVE');
INSERT INTO PUBLIC.OBJECT_FIELD_METADATA (ID, NAME, METADATA_TYPE, PARENT_METADATA,PARENT_METADATA_NAME, REFERENCE_METADATA, REFERENCE_METADATA_NAME, REFERENCE_METADATA_TYPE)VALUES('0aa7c51492484921b5f1278c966241e3','Displacement','MODEL_RELATION','bd48005bfdbe4fc297e180c71adb666a','VehInfo_Type','1df1057b06734b019460d9f8fb0a43b0','MEASUREMENT','OBJECT');
INSERT INTO PUBLIC.OBJECT_FIELD_METADATA (ID, NAME, METADATA_TYPE, PARENT_METADATA,PARENT_METADATA_NAME, REFERENCE_METADATA, REFERENCE_METADATA_NAME, REFERENCE_METADATA_TYPE)VALUES('95ea87da0e3149dfa611103afd1027c7','ChassisSerialNumber','FIELD','bd48005bfdbe4fc297e180c71adb666a','VehInfo_Type','4aa23ceca9374701b7716d432173c7c2','C-50','PRIMITIVE');
INSERT INTO PUBLIC.OBJECT_METADATA (ID, NAME, METADATA_TYPE, REFERENCE_METADATA, REFERENCE_METADATA_NAME) VALUES('5f3b7f72c2c64dd7ac45816a6bde7e87','PersVehInfo_Type','OBJECT',null,null);
INSERT INTO PUBLIC.OBJECT_FIELD_METADATA (ID, NAME, METADATA_TYPE, PARENT_METADATA,PARENT_METADATA_NAME, REFERENCE_METADATA, REFERENCE_METADATA_NAME, REFERENCE_METADATA_TYPE)VALUES('6a8659411dae4a52ae010b9523b8402a','TerritoryCodeCommutingDestinationCd','FIELD','5f3b7f72c2c64dd7ac45816a6bde7e87','PersVehInfo_Type','6240ce877a244a73a1253961131c6cc9','IndustryCode_Type','PRIMITIVE');
INSERT INTO PUBLIC.OBJECT_FIELD_METADATA (ID, NAME, METADATA_TYPE, PARENT_METADATA,PARENT_METADATA_NAME, REFERENCE_METADATA, REFERENCE_METADATA_NAME, REFERENCE_METADATA_TYPE)VALUES('e35b04ed351f4be69a12836d73810edd','AlterationsAmt','MODEL_RELATION','5f3b7f72c2c64dd7ac45816a6bde7e87','PersVehInfo_Type','4fa89203e94a4637baa0484d19b460c5','CURRENCY','OBJECT');
INSERT INTO PUBLIC.OBJECT_FIELD_METADATA (ID, NAME, METADATA_TYPE, PARENT_METADATA,PARENT_METADATA_NAME, REFERENCE_METADATA, REFERENCE_METADATA_NAME, REFERENCE_METADATA_TYPE)VALUES('2ea62e3055eb4137a8e27964db2a8906','NonOwnedVehInd','FIELD','5f3b7f72c2c64dd7ac45816a6bde7e87','PersVehInfo_Type','4ffb0bcc3ec946d1af3ef883f4c3a4e6','Boolean','PRIMITIVE');
INSERT INTO PUBLIC.OBJECT_FIELD_METADATA (ID, NAME, METADATA_TYPE, PARENT_METADATA,PARENT_METADATA_NAME, REFERENCE_METADATA, REFERENCE_METADATA_NAME, REFERENCE_METADATA_TYPE)VALUES('121581e3ee404607b0fe201f3cb13d60','GaragingCd','FIELD','5f3b7f72c2c64dd7ac45816a6bde7e87','PersVehInfo_Type','474fcc41ee5d47ba8feec720ff38349c','Garaging','PRIMITIVE');
INSERT INTO PUBLIC.OBJECT_FIELD_METADATA (ID, NAME, METADATA_TYPE, PARENT_METADATA,PARENT_METADATA_NAME, REFERENCE_METADATA, REFERENCE_METADATA_NAME, REFERENCE_METADATA_TYPE)VALUES('a20f58538add40b8b96ec18ec6899d50','PhysicalDamageRateClassCd','FIELD','5f3b7f72c2c64dd7ac45816a6bde7e87','PersVehInfo_Type','6240ce877a244a73a1253961131c6cc9','IndustryCode_Type','PRIMITIVE');
INSERT INTO PUBLIC.OBJECT_FIELD_METADATA (ID, NAME, METADATA_TYPE, PARENT_METADATA,PARENT_METADATA_NAME, REFERENCE_METADATA, REFERENCE_METADATA_NAME, REFERENCE_METADATA_TYPE)VALUES('ee5a58e35d7c4da394be770d0ffa9832','MultiCarDiscountInd','FIELD','5f3b7f72c2c64dd7ac45816a6bde7e87','PersVehInfo_Type','4ffb0bcc3ec946d1af3ef883f4c3a4e6','Boolean','PRIMITIVE');
INSERT INTO PUBLIC.OBJECT_FIELD_METADATA (ID, NAME, METADATA_TYPE, PARENT_METADATA,PARENT_METADATA_NAME, REFERENCE_METADATA, REFERENCE_METADATA_NAME, REFERENCE_METADATA_TYPE)VALUES('6fbc5e4a521c46f9a5e7897696baafb0','ExistingUnrepairedDamageInd','FIELD','5f3b7f72c2c64dd7ac45816a6bde7e87','PersVehInfo_Type','4ffb0bcc3ec946d1af3ef883f4c3a4e6','Boolean','PRIMITIVE');
INSERT INTO PUBLIC.OBJECT_FIELD_METADATA (ID, NAME, METADATA_TYPE, PARENT_METADATA,PARENT_METADATA_NAME, REFERENCE_METADATA, REFERENCE_METADATA_NAME, REFERENCE_METADATA_TYPE)VALUES('e225c0dce67448e2a8a3436d2393c082','TractionControlInd','FIELD','5f3b7f72c2c64dd7ac45816a6bde7e87','PersVehInfo_Type','4ffb0bcc3ec946d1af3ef883f4c3a4e6','Boolean','PRIMITIVE');
INSERT INTO PUBLIC.OBJECT_FIELD_METADATA (ID, NAME, METADATA_TYPE, PARENT_METADATA,PARENT_METADATA_NAME, REFERENCE_METADATA, REFERENCE_METADATA_NAME, REFERENCE_METADATA_TYPE)VALUES('9a7e5cd5bbce43b89c4e67eff0af4f1b','NewVehInd','FIELD','5f3b7f72c2c64dd7ac45816a6bde7e87','PersVehInfo_Type','4ffb0bcc3ec946d1af3ef883f4c3a4e6','Boolean','PRIMITIVE');
INSERT INTO PUBLIC.OBJECT_FIELD_METADATA (ID, NAME, METADATA_TYPE, PARENT_METADATA,PARENT_METADATA_NAME, REFERENCE_METADATA, REFERENCE_METADATA_NAME, REFERENCE_METADATA_TYPE)VALUES('2c97542092244c26ba757a511b7e0022','CoverageAvailable','MODEL_RELATION','5f3b7f72c2c64dd7ac45816a6bde7e87','PersVehInfo_Type','d0675b4bbe674c1fa08297c27c3cb675','Coverage_Type','OBJECT');
INSERT INTO PUBLIC.OBJECT_FIELD_METADATA (ID, NAME, METADATA_TYPE, PARENT_METADATA,PARENT_METADATA_NAME, REFERENCE_METADATA, REFERENCE_METADATA_NAME, REFERENCE_METADATA_TYPE)VALUES('c7d69f2f6cae47a5b18707d7b9d7aa39','SeenCarInd','FIELD','5f3b7f72c2c64dd7ac45816a6bde7e87','PersVehInfo_Type','4ffb0bcc3ec946d1af3ef883f4c3a4e6','Boolean','PRIMITIVE');
INSERT INTO PUBLIC.OBJECT_FIELD_METADATA (ID, NAME, METADATA_TYPE, PARENT_METADATA,PARENT_METADATA_NAME, REFERENCE_METADATA, REFERENCE_METADATA_NAME, REFERENCE_METADATA_TYPE)VALUES('02bf36224a4b4353a3fd8b781da3193c','MaximumSpeed','MODEL_RELATION','5f3b7f72c2c64dd7ac45816a6bde7e87','PersVehInfo_Type','1df1057b06734b019460d9f8fb0a43b0','MEASUREMENT','OBJECT');
INSERT INTO PUBLIC.OBJECT_FIELD_METADATA (ID, NAME, METADATA_TYPE, PARENT_METADATA,PARENT_METADATA_NAME, REFERENCE_METADATA, REFERENCE_METADATA_NAME, REFERENCE_METADATA_TYPE)VALUES('4b22e563503a41faa8950855a407fc87','SeatBeltTypeCd','FIELD','5f3b7f72c2c64dd7ac45816a6bde7e87','PersVehInfo_Type','0b7d7393bb474a149bd461a43d5157ad','SeatBeltType','PRIMITIVE');
INSERT INTO PUBLIC.OBJECT_FIELD_METADATA (ID, NAME, METADATA_TYPE, PARENT_METADATA,PARENT_METADATA_NAME, REFERENCE_METADATA, REFERENCE_METADATA_NAME, REFERENCE_METADATA_TYPE)VALUES('701799e753ed469c8f776bc6c588f237','DistanceOneWay','MODEL_RELATION','5f3b7f72c2c64dd7ac45816a6bde7e87','PersVehInfo_Type','1df1057b06734b019460d9f8fb0a43b0','MEASUREMENT','OBJECT');
INSERT INTO PUBLIC.OBJECT_FIELD_METADATA (ID, NAME, METADATA_TYPE, PARENT_METADATA,PARENT_METADATA_NAME, REFERENCE_METADATA, REFERENCE_METADATA_NAME, REFERENCE_METADATA_TYPE)VALUES('37ce8937e000403ea6bad55026e9e047','VehUseCd','FIELD','5f3b7f72c2c64dd7ac45816a6bde7e87','PersVehInfo_Type','a35f56cba7d24ceca32460db3e1c2e36','VehicleUse','PRIMITIVE');
INSERT INTO PUBLIC.OBJECT_FIELD_METADATA (ID, NAME, METADATA_TYPE, PARENT_METADATA,PARENT_METADATA_NAME, REFERENCE_METADATA, REFERENCE_METADATA_NAME, REFERENCE_METADATA_TYPE)VALUES('25cbbcac0d85473e9a04f3884eb9eb6d','VehInspectionStatusCd','FIELD','5f3b7f72c2c64dd7ac45816a6bde7e87','PersVehInfo_Type','86f96761088c4bc3955d84cff9cc7a3d','VehicleInspectionStatus','PRIMITIVE');
INSERT INTO PUBLIC.OBJECT_FIELD_METADATA (ID, NAME, METADATA_TYPE, PARENT_METADATA,PARENT_METADATA_NAME, REFERENCE_METADATA, REFERENCE_METADATA_NAME, REFERENCE_METADATA_TYPE)VALUES('f415b97c25d845bfa8d755faa1af8d08','PersVehInfoExt','FIELD','5f3b7f72c2c64dd7ac45816a6bde7e87','PersVehInfo_Type',null,null,null);
INSERT INTO PUBLIC.OBJECT_FIELD_METADATA (ID, NAME, METADATA_TYPE, PARENT_METADATA,PARENT_METADATA_NAME, REFERENCE_METADATA, REFERENCE_METADATA_NAME, REFERENCE_METADATA_TYPE)VALUES('3c08c476bc4043279b7741bcd7e552ee','NumAxles','FIELD','5f3b7f72c2c64dd7ac45816a6bde7e87','PersVehInfo_Type','838cab4e48a54d0bb23ca5ea9db454ab','Long','PRIMITIVE');
INSERT INTO PUBLIC.OBJECT_FIELD_METADATA (ID, NAME, METADATA_TYPE, PARENT_METADATA,PARENT_METADATA_NAME, REFERENCE_METADATA, REFERENCE_METADATA_NAME, REFERENCE_METADATA_TYPE)VALUES('83e6123ed86a4135af34393347c5d3f1','QuestionAnswer','MODEL_RELATION','5f3b7f72c2c64dd7ac45816a6bde7e87','PersVehInfo_Type','152fefd4f3054b68b490c1af5c9c284c','QuestionAnswer_Type','OBJECT');
INSERT INTO PUBLIC.OBJECT_FIELD_METADATA (ID, NAME, METADATA_TYPE, PARENT_METADATA,PARENT_METADATA_NAME, REFERENCE_METADATA, REFERENCE_METADATA_NAME, REFERENCE_METADATA_TYPE)VALUES('75d49d3c1e51425ea835a3fe39f7c373','RateClassCd','FIELD','5f3b7f72c2c64dd7ac45816a6bde7e87','PersVehInfo_Type','6240ce877a244a73a1253961131c6cc9','IndustryCode_Type','PRIMITIVE');
INSERT INTO PUBLIC.OBJECT_FIELD_METADATA (ID, NAME, METADATA_TYPE, PARENT_METADATA,PARENT_METADATA_NAME, REFERENCE_METADATA, REFERENCE_METADATA_NAME, REFERENCE_METADATA_TYPE)VALUES('ee61cccde9194db59d1456e323233cf1','AlteredInd','FIELD','5f3b7f72c2c64dd7ac45816a6bde7e87','PersVehInfo_Type','4ffb0bcc3ec946d1af3ef883f4c3a4e6','Boolean','PRIMITIVE');
INSERT INTO PUBLIC.OBJECT_FIELD_METADATA (ID, NAME, METADATA_TYPE, PARENT_METADATA,PARENT_METADATA_NAME, REFERENCE_METADATA, REFERENCE_METADATA_NAME, REFERENCE_METADATA_TYPE)VALUES('15b7a25a763443dea80c109423695b77','AntiLockBrakeCd','FIELD','5f3b7f72c2c64dd7ac45816a6bde7e87','PersVehInfo_Type','6240ce877a244a73a1253961131c6cc9','IndustryCode_Type','PRIMITIVE');
INSERT INTO PUBLIC.OBJECT_FIELD_METADATA (ID, NAME, METADATA_TYPE, PARENT_METADATA,PARENT_METADATA_NAME, REFERENCE_METADATA, REFERENCE_METADATA_NAME, REFERENCE_METADATA_TYPE)VALUES('f7177569085f4dcda392e97a18cc9e8d','RegisteredVehInd','FIELD','5f3b7f72c2c64dd7ac45816a6bde7e87','PersVehInfo_Type','4ffb0bcc3ec946d1af3ef883f4c3a4e6','Boolean','PRIMITIVE');
INSERT INTO PUBLIC.OBJECT_FIELD_METADATA (ID, NAME, METADATA_TYPE, PARENT_METADATA,PARENT_METADATA_NAME, REFERENCE_METADATA, REFERENCE_METADATA_NAME, REFERENCE_METADATA_TYPE)VALUES('71271b59d6744b77bff14c38d135473f','PricingCd','FIELD','5f3b7f72c2c64dd7ac45816a6bde7e87','PersVehInfo_Type','6240ce877a244a73a1253961131c6cc9','IndustryCode_Type','PRIMITIVE');
INSERT INTO PUBLIC.OBJECT_FIELD_METADATA (ID, NAME, METADATA_TYPE, PARENT_METADATA,PARENT_METADATA_NAME, REFERENCE_METADATA, REFERENCE_METADATA_NAME, REFERENCE_METADATA_TYPE)VALUES('fcfa01c4c7224ffea88f35b08fecfb33','Coverage','MODEL_RELATION','5f3b7f72c2c64dd7ac45816a6bde7e87','PersVehInfo_Type','d0675b4bbe674c1fa08297c27c3cb675','Coverage_Type','OBJECT');
INSERT INTO PUBLIC.OBJECT_FIELD_METADATA (ID, NAME, METADATA_TYPE, PARENT_METADATA,PARENT_METADATA_NAME, REFERENCE_METADATA, REFERENCE_METADATA_NAME, REFERENCE_METADATA_TYPE)VALUES('027e5f7eea8a416ba932c362fc7162eb','PrincipalOperatorInd','FIELD','5f3b7f72c2c64dd7ac45816a6bde7e87','PersVehInfo_Type','4ffb0bcc3ec946d1af3ef883f4c3a4e6','Boolean','PRIMITIVE');
INSERT INTO PUBLIC.OBJECT_FIELD_METADATA (ID, NAME, METADATA_TYPE, PARENT_METADATA,PARENT_METADATA_NAME, REFERENCE_METADATA, REFERENCE_METADATA_NAME, REFERENCE_METADATA_TYPE)VALUES('a0d0414f218649a2a97e9c673f2ad029','OdometerReading','MODEL_RELATION','5f3b7f72c2c64dd7ac45816a6bde7e87','PersVehInfo_Type','1df1057b06734b019460d9f8fb0a43b0','MEASUREMENT','OBJECT');
INSERT INTO PUBLIC.OBJECT_FIELD_METADATA (ID, NAME, METADATA_TYPE, PARENT_METADATA,PARENT_METADATA_NAME, REFERENCE_METADATA, REFERENCE_METADATA_NAME, REFERENCE_METADATA_TYPE)VALUES('3b0e13f6fdd6437085e712f3de929b51','VehSalvageTitleNumber','FIELD','5f3b7f72c2c64dd7ac45816a6bde7e87','PersVehInfo_Type','53b4c891108f4c4a9001ecd3b6a9fa11','C-15','PRIMITIVE');
INSERT INTO PUBLIC.OBJECT_FIELD_METADATA (ID, NAME, METADATA_TYPE, PARENT_METADATA,PARENT_METADATA_NAME, REFERENCE_METADATA, REFERENCE_METADATA_NAME, REFERENCE_METADATA_TYPE)VALUES('dee23a30f0ed479d96f848442ab32bc6','ResidualMarketFacilityInd','FIELD','5f3b7f72c2c64dd7ac45816a6bde7e87','PersVehInfo_Type','4ffb0bcc3ec946d1af3ef883f4c3a4e6','Boolean','PRIMITIVE');
INSERT INTO PUBLIC.OBJECT_FIELD_METADATA (ID, NAME, METADATA_TYPE, PARENT_METADATA,PARENT_METADATA_NAME, REFERENCE_METADATA, REFERENCE_METADATA_NAME, REFERENCE_METADATA_TYPE)VALUES('87258c8c62a844039f648970c2f77576','NumYouthfulOperators','FIELD','5f3b7f72c2c64dd7ac45816a6bde7e87','PersVehInfo_Type','838cab4e48a54d0bb23ca5ea9db454ab','Long','PRIMITIVE');
INSERT INTO PUBLIC.OBJECT_FIELD_METADATA (ID, NAME, METADATA_TYPE, PARENT_METADATA,PARENT_METADATA_NAME, REFERENCE_METADATA, REFERENCE_METADATA_NAME, REFERENCE_METADATA_TYPE)VALUES('990e80a110e64588bad4bf57b2c8e4da','AirBagTypeCd','FIELD','5f3b7f72c2c64dd7ac45816a6bde7e87','PersVehInfo_Type','a6a90fde911049ac956c3721713a8692','AirBagType','PRIMITIVE');
INSERT INTO PUBLIC.OBJECT_FIELD_METADATA (ID, NAME, METADATA_TYPE, PARENT_METADATA,PARENT_METADATA_NAME, REFERENCE_METADATA, REFERENCE_METADATA_NAME, REFERENCE_METADATA_TYPE)VALUES('72b1a14cad92419b8a5885633a609aa4','CarpoolInd','FIELD','5f3b7f72c2c64dd7ac45816a6bde7e87','PersVehInfo_Type','4ffb0bcc3ec946d1af3ef883f4c3a4e6','Boolean','PRIMITIVE');
INSERT INTO PUBLIC.OBJECT_FIELD_METADATA (ID, NAME, METADATA_TYPE, PARENT_METADATA,PARENT_METADATA_NAME, REFERENCE_METADATA, REFERENCE_METADATA_NAME, REFERENCE_METADATA_TYPE)VALUES('8a856a437f6a4638ba36d869224003f9','EngineTypeCd','FIELD','5f3b7f72c2c64dd7ac45816a6bde7e87','PersVehInfo_Type','90bde8efd3d34348aa46e8daa8f8ec86','EngineType','PRIMITIVE');
INSERT INTO PUBLIC.OBJECT_FIELD_METADATA (ID, NAME, METADATA_TYPE, PARENT_METADATA,PARENT_METADATA_NAME, REFERENCE_METADATA, REFERENCE_METADATA_NAME, REFERENCE_METADATA_TYPE)VALUES('39c85e1b506346e2871d1ebe8d506b48','VehPerformanceCd','FIELD','5f3b7f72c2c64dd7ac45816a6bde7e87','PersVehInfo_Type','c73730b3ee57437cbc81d6c328e88dd6','VehiclePerformance','PRIMITIVE');
INSERT INTO PUBLIC.OBJECT_FIELD_METADATA (ID, NAME, METADATA_TYPE, PARENT_METADATA,PARENT_METADATA_NAME, REFERENCE_METADATA, REFERENCE_METADATA_NAME, REFERENCE_METADATA_TYPE)VALUES('0ae50d993fe343d5bbd21e7e3bc09502','Length','MODEL_RELATION','5f3b7f72c2c64dd7ac45816a6bde7e87','PersVehInfo_Type','1df1057b06734b019460d9f8fb0a43b0','MEASUREMENT','OBJECT');
INSERT INTO PUBLIC.OBJECT_FIELD_METADATA (ID, NAME, METADATA_TYPE, PARENT_METADATA,PARENT_METADATA_NAME, REFERENCE_METADATA, REFERENCE_METADATA_NAME, REFERENCE_METADATA_TYPE)VALUES('57c3f1c340ef48119a2d7e031dd44c1e','DaytimeRunningLightInd','FIELD','5f3b7f72c2c64dd7ac45816a6bde7e87','PersVehInfo_Type','4ffb0bcc3ec946d1af3ef883f4c3a4e6','Boolean','PRIMITIVE');
INSERT INTO PUBLIC.OBJECT_FIELD_METADATA (ID, NAME, METADATA_TYPE, PARENT_METADATA,PARENT_METADATA_NAME, REFERENCE_METADATA, REFERENCE_METADATA_NAME, REFERENCE_METADATA_TYPE)VALUES('9abb8a47b8894d17a7195e73135aae9f','FourWheelDriveInd','FIELD','5f3b7f72c2c64dd7ac45816a6bde7e87','PersVehInfo_Type','4ffb0bcc3ec946d1af3ef883f4c3a4e6','Boolean','PRIMITIVE');
INSERT INTO PUBLIC.OBJECT_FIELD_METADATA (ID, NAME, METADATA_TYPE, PARENT_METADATA,PARENT_METADATA_NAME, REFERENCE_METADATA, REFERENCE_METADATA_NAME, REFERENCE_METADATA_TYPE)VALUES('4bf63296fea54533ba29a70cb9550922','LengthTimePerMonth','MODEL_RELATION','5f3b7f72c2c64dd7ac45816a6bde7e87','PersVehInfo_Type','1df1057b06734b019460d9f8fb0a43b0','MEASUREMENT','OBJECT');
INSERT INTO PUBLIC.OBJECT_FIELD_METADATA (ID, NAME, METADATA_TYPE, PARENT_METADATA,PARENT_METADATA_NAME, REFERENCE_METADATA, REFERENCE_METADATA_NAME, REFERENCE_METADATA_TYPE)VALUES('735156540fc7444695a7d4d0a712b014','BumperDiscountInd','FIELD','5f3b7f72c2c64dd7ac45816a6bde7e87','PersVehInfo_Type','4ffb0bcc3ec946d1af3ef883f4c3a4e6','Boolean','PRIMITIVE');
INSERT INTO PUBLIC.OBJECT_FIELD_METADATA (ID, NAME, METADATA_TYPE, PARENT_METADATA,PARENT_METADATA_NAME, REFERENCE_METADATA, REFERENCE_METADATA_NAME, REFERENCE_METADATA_TYPE)VALUES('055f42c1235f4a5b8c87d235068a6863','DamageabilityCd','FIELD','5f3b7f72c2c64dd7ac45816a6bde7e87','PersVehInfo_Type','1b8130b797b94ad9abd10296e132e693','VehicleDamageability','PRIMITIVE');
INSERT INTO PUBLIC.OBJECT_FIELD_METADATA (ID, NAME, METADATA_TYPE, PARENT_METADATA,PARENT_METADATA_NAME, REFERENCE_METADATA, REFERENCE_METADATA_NAME, REFERENCE_METADATA_TYPE)VALUES('00b49abf433948f688ce19d82f086885','PersVehInfo','MODEL_RELATION','bd48005bfdbe4fc297e180c71adb666a','VehInfo_Type','5f3b7f72c2c64dd7ac45816a6bde7e87','PersVehInfo_Type','OBJECT');
INSERT INTO PUBLIC.OBJECT_FIELD_METADATA (ID, NAME, METADATA_TYPE, PARENT_METADATA,PARENT_METADATA_NAME, REFERENCE_METADATA, REFERENCE_METADATA_NAME, REFERENCE_METADATA_TYPE)VALUES('44808931120741bcb9f3f55315b909da','AntiTheftDeviceInfo','MODEL_RELATION','bd48005bfdbe4fc297e180c71adb666a','VehInfo_Type','d5a2d6f22ff94174a728b34efbb2a9b9','AntiTheftDeviceInfo_Type','OBJECT');
INSERT INTO PUBLIC.OBJECT_FIELD_METADATA (ID, NAME, METADATA_TYPE, PARENT_METADATA,PARENT_METADATA_NAME, REFERENCE_METADATA, REFERENCE_METADATA_NAME, REFERENCE_METADATA_TYPE)VALUES('073e22bf0b494f49a6e0526633665745','VehLength','MODEL_RELATION','bd48005bfdbe4fc297e180c71adb666a','VehInfo_Type','1df1057b06734b019460d9f8fb0a43b0','MEASUREMENT','OBJECT');
INSERT INTO PUBLIC.OBJECT_FIELD_METADATA (ID, NAME, METADATA_TYPE, PARENT_METADATA,PARENT_METADATA_NAME, REFERENCE_METADATA, REFERENCE_METADATA_NAME, REFERENCE_METADATA_TYPE)VALUES('1f0e046b8be54f61ac51caa530bcf500','VehIdentificationNumber','FIELD','bd48005bfdbe4fc297e180c71adb666a','VehInfo_Type','3869bfeb4b5f47c0b4e159b3cfde6d71','C-25','PRIMITIVE');
INSERT INTO PUBLIC.OBJECT_FIELD_METADATA (ID, NAME, METADATA_TYPE, PARENT_METADATA,PARENT_METADATA_NAME, REFERENCE_METADATA, REFERENCE_METADATA_NAME, REFERENCE_METADATA_TYPE)VALUES('baec45de255e4c7d9161b576fd294c84','RateSubClassCd','FIELD','bd48005bfdbe4fc297e180c71adb666a','VehInfo_Type','6240ce877a244a73a1253961131c6cc9','IndustryCode_Type','PRIMITIVE');
INSERT INTO PUBLIC.OBJECT_FIELD_METADATA (ID, NAME, METADATA_TYPE, PARENT_METADATA,PARENT_METADATA_NAME, REFERENCE_METADATA, REFERENCE_METADATA_NAME, REFERENCE_METADATA_TYPE)VALUES('3c362418d8d94324babbd81338ec93db','POLKRestraintDeviceCd','FIELD','bd48005bfdbe4fc297e180c71adb666a','VehInfo_Type','6240ce877a244a73a1253961131c6cc9','IndustryCode_Type','PRIMITIVE');
INSERT INTO PUBLIC.OBJECT_FIELD_METADATA (ID, NAME, METADATA_TYPE, PARENT_METADATA,PARENT_METADATA_NAME, REFERENCE_METADATA, REFERENCE_METADATA_NAME, REFERENCE_METADATA_TYPE)VALUES('4d14c011328f4de2b8bd39232c19529a','HighTheftInd','FIELD','bd48005bfdbe4fc297e180c71adb666a','VehInfo_Type','4ffb0bcc3ec946d1af3ef883f4c3a4e6','Boolean','PRIMITIVE');
INSERT INTO PUBLIC.OBJECT_FIELD_METADATA (ID, NAME, METADATA_TYPE, PARENT_METADATA,PARENT_METADATA_NAME, REFERENCE_METADATA, REFERENCE_METADATA_NAME, REFERENCE_METADATA_TYPE)VALUES('1117f10d047649b6a5823db0897e5221','Model','FIELD','bd48005bfdbe4fc297e180c71adb666a','VehInfo_Type','4aa23ceca9374701b7716d432173c7c2','C-50','PRIMITIVE');
INSERT INTO PUBLIC.OBJECT_FIELD_METADATA (ID, NAME, METADATA_TYPE, PARENT_METADATA,PARENT_METADATA_NAME, REFERENCE_METADATA, REFERENCE_METADATA_NAME, REFERENCE_METADATA_TYPE)VALUES('dcf9a679ef754a1e822cf1f07caa2664','ModelYear','FIELD','bd48005bfdbe4fc297e180c71adb666a','VehInfo_Type','838cab4e48a54d0bb23ca5ea9db454ab','Long','PRIMITIVE');
INSERT INTO PUBLIC.OBJECT_FIELD_METADATA (ID, NAME, METADATA_TYPE, PARENT_METADATA,PARENT_METADATA_NAME, REFERENCE_METADATA, REFERENCE_METADATA_NAME, REFERENCE_METADATA_TYPE)VALUES('85e8019d01bf4d98a0f556996b1ae8c0','ItemIdInfo','MODEL_RELATION','bd48005bfdbe4fc297e180c71adb666a','VehInfo_Type','ba3be0e0317741b08f872c1fca47ad8f','ItemIdInfo_Type','OBJECT');
INSERT INTO PUBLIC.OBJECT_FIELD_METADATA (ID, NAME, METADATA_TYPE, PARENT_METADATA,PARENT_METADATA_NAME, REFERENCE_METADATA, REFERENCE_METADATA_NAME, REFERENCE_METADATA_TYPE)VALUES('b3b350bcf0fe4cb9b06d5ae745d27d62','VehInfo','MODEL_RELATION','c70ab52e048c40d888476df6ccd11866','FarmLineBusiness_Type','bd48005bfdbe4fc297e180c71adb666a','VehInfo_Type','OBJECT');
INSERT INTO PUBLIC.OBJECT_FIELD_METADATA (ID, NAME, METADATA_TYPE, PARENT_METADATA,PARENT_METADATA_NAME, REFERENCE_METADATA, REFERENCE_METADATA_NAME, REFERENCE_METADATA_TYPE)VALUES('b6f6caf28a164f17b48a4eef8b21df2a','CurrentTermAmt','MODEL_RELATION','c70ab52e048c40d888476df6ccd11866','FarmLineBusiness_Type','4fa89203e94a4637baa0484d19b460c5','CURRENCY','OBJECT');
INSERT INTO PUBLIC.OBJECT_FIELD_METADATA (ID, NAME, METADATA_TYPE, PARENT_METADATA,PARENT_METADATA_NAME, REFERENCE_METADATA, REFERENCE_METADATA_NAME, REFERENCE_METADATA_TYPE)VALUES('0b404f6ea8b646d291c45a0de2b3e755','CompanyProductCd','FIELD','c70ab52e048c40d888476df6ccd11866','FarmLineBusiness_Type','6240ce877a244a73a1253961131c6cc9','IndustryCode_Type','PRIMITIVE');
INSERT INTO PUBLIC.OBJECT_FIELD_METADATA (ID, NAME, METADATA_TYPE, PARENT_METADATA,PARENT_METADATA_NAME, REFERENCE_METADATA, REFERENCE_METADATA_NAME, REFERENCE_METADATA_TYPE)VALUES('a08d063e19c341cf9ba838bceb0be385','Vehicle','MODEL_RELATION','c70ab52e048c40d888476df6ccd11866','FarmLineBusiness_Type','4c397cbda142445eb986a2c13d1482b8','Vehicle_Type','OBJECT');
INSERT INTO PUBLIC.OBJECT_FIELD_METADATA (ID, NAME, METADATA_TYPE, PARENT_METADATA,PARENT_METADATA_NAME, REFERENCE_METADATA, REFERENCE_METADATA_NAME, REFERENCE_METADATA_TYPE)VALUES('a2ab4201639540af84fc17eeaf67d238','CoverageAvailable','MODEL_RELATION','c70ab52e048c40d888476df6ccd11866','FarmLineBusiness_Type','d0675b4bbe674c1fa08297c27c3cb675','Coverage_Type','OBJECT');
INSERT INTO PUBLIC.OBJECT_FIELD_METADATA (ID, NAME, METADATA_TYPE, PARENT_METADATA,PARENT_METADATA_NAME, REFERENCE_METADATA, REFERENCE_METADATA_NAME, REFERENCE_METADATA_TYPE)VALUES('55d0a8eff20f4bca9b4dffd5c1fc716e','HazardGradeCd','FIELD','c70ab52e048c40d888476df6ccd11866','FarmLineBusiness_Type','6240ce877a244a73a1253961131c6cc9','IndustryCode_Type','PRIMITIVE');
INSERT INTO PUBLIC.OBJECT_METADATA (ID, NAME, METADATA_TYPE, REFERENCE_METADATA, REFERENCE_METADATA_NAME) VALUES('f4fe52ea0f8b4f9cb071dcec5e329738','WatercraftAccessory_Type','OBJECT',null,null);
INSERT INTO PUBLIC.OBJECT_FIELD_METADATA (ID, NAME, METADATA_TYPE, PARENT_METADATA,PARENT_METADATA_NAME, REFERENCE_METADATA, REFERENCE_METADATA_NAME, REFERENCE_METADATA_TYPE)VALUES('11d99d6f79fb4d05a9a3f19c4f1aeb4b','ProtectedSpaceDesc','FIELD','f4fe52ea0f8b4f9cb071dcec5e329738','WatercraftAccessory_Type','2344631100044813a5126adcfb93e80d','C-255','PRIMITIVE');
INSERT INTO PUBLIC.OBJECT_FIELD_METADATA (ID, NAME, METADATA_TYPE, PARENT_METADATA,PARENT_METADATA_NAME, REFERENCE_METADATA, REFERENCE_METADATA_NAME, REFERENCE_METADATA_TYPE)VALUES('bde65fbab5064725a6c4a22c4c33bd19','ItemDefinition','MODEL_RELATION','f4fe52ea0f8b4f9cb071dcec5e329738','WatercraftAccessory_Type','d83ce2808c974daaa8d801a8af3b5cb2','ItemDefinition_Type','OBJECT');
INSERT INTO PUBLIC.OBJECT_FIELD_METADATA (ID, NAME, METADATA_TYPE, PARENT_METADATA,PARENT_METADATA_NAME, REFERENCE_METADATA, REFERENCE_METADATA_NAME, REFERENCE_METADATA_TYPE)VALUES('c37247c758594f05b2bfb3dd0b34a077','TerritoryCd','FIELD','f4fe52ea0f8b4f9cb071dcec5e329738','WatercraftAccessory_Type','6240ce877a244a73a1253961131c6cc9','IndustryCode_Type','PRIMITIVE');
INSERT INTO PUBLIC.OBJECT_FIELD_METADATA (ID, NAME, METADATA_TYPE, PARENT_METADATA,PARENT_METADATA_NAME, REFERENCE_METADATA, REFERENCE_METADATA_NAME, REFERENCE_METADATA_TYPE)VALUES('f91ed03fcde8466ab16e13dc57f675b1','PurchasePriceAmt','MODEL_RELATION','f4fe52ea0f8b4f9cb071dcec5e329738','WatercraftAccessory_Type','4fa89203e94a4637baa0484d19b460c5','CURRENCY','OBJECT');
INSERT INTO PUBLIC.OBJECT_FIELD_METADATA (ID, NAME, METADATA_TYPE, PARENT_METADATA,PARENT_METADATA_NAME, REFERENCE_METADATA, REFERENCE_METADATA_NAME, REFERENCE_METADATA_TYPE)VALUES('b959086ed6554b16a1f9aba4d3a80404','CoverageAvailable','MODEL_RELATION','f4fe52ea0f8b4f9cb071dcec5e329738','WatercraftAccessory_Type','d0675b4bbe674c1fa08297c27c3cb675','Coverage_Type','OBJECT');
INSERT INTO PUBLIC.OBJECT_FIELD_METADATA (ID, NAME, METADATA_TYPE, PARENT_METADATA,PARENT_METADATA_NAME, REFERENCE_METADATA, REFERENCE_METADATA_NAME, REFERENCE_METADATA_TYPE)VALUES('c7a600de4f614d75a232dedbcf14a1ee','AutomaticTriggerInd','FIELD','f4fe52ea0f8b4f9cb071dcec5e329738','WatercraftAccessory_Type','4ffb0bcc3ec946d1af3ef883f4c3a4e6','Boolean','PRIMITIVE');
INSERT INTO PUBLIC.OBJECT_FIELD_METADATA (ID, NAME, METADATA_TYPE, PARENT_METADATA,PARENT_METADATA_NAME, REFERENCE_METADATA, REFERENCE_METADATA_NAME, REFERENCE_METADATA_TYPE)VALUES('a3d105ca5ffe41c398ca21b8eb29f37a','Horsepower','MODEL_RELATION','f4fe52ea0f8b4f9cb071dcec5e329738','WatercraftAccessory_Type','1df1057b06734b019460d9f8fb0a43b0','MEASUREMENT','OBJECT');
INSERT INTO PUBLIC.OBJECT_FIELD_METADATA (ID, NAME, METADATA_TYPE, PARENT_METADATA,PARENT_METADATA_NAME, REFERENCE_METADATA, REFERENCE_METADATA_NAME, REFERENCE_METADATA_TYPE)VALUES('222a399b316445598ec426eddcb2447e','PurchaseDt','FIELD','f4fe52ea0f8b4f9cb071dcec5e329738','WatercraftAccessory_Type','3b0a2ca6cf3a4fb19718e35aa60287cd','Date','PRIMITIVE');
INSERT INTO PUBLIC.OBJECT_FIELD_METADATA (ID, NAME, METADATA_TYPE, PARENT_METADATA,PARENT_METADATA_NAME, REFERENCE_METADATA, REFERENCE_METADATA_NAME, REFERENCE_METADATA_TYPE)VALUES('48f8045f02a3409ba0a82afbe910f075','NumUnits','FIELD','f4fe52ea0f8b4f9cb071dcec5e329738','WatercraftAccessory_Type','c896845db6f640c6bf65093333a64c69','Decimal','PRIMITIVE');
INSERT INTO PUBLIC.OBJECT_FIELD_METADATA (ID, NAME, METADATA_TYPE, PARENT_METADATA,PARENT_METADATA_NAME, REFERENCE_METADATA, REFERENCE_METADATA_NAME, REFERENCE_METADATA_TYPE)VALUES('8a3c827ff0054e20b88c65c5ab865cd3','Speed','MODEL_RELATION','f4fe52ea0f8b4f9cb071dcec5e329738','WatercraftAccessory_Type','1df1057b06734b019460d9f8fb0a43b0','MEASUREMENT','OBJECT');
INSERT INTO PUBLIC.PRIMITIVE_METADATA (ID, NAME, METADATA_TYPE) VALUES('4b281bc34e194fa186c18f3a93b7335c','WaterUnitType','PRIMITIVE');
INSERT INTO PUBLIC.OBJECT_FIELD_METADATA (ID, NAME, METADATA_TYPE, PARENT_METADATA,PARENT_METADATA_NAME, REFERENCE_METADATA, REFERENCE_METADATA_NAME, REFERENCE_METADATA_TYPE)VALUES('e25aaf416a7b4010a150461abd7ac646','WaterUnitTypeCd','FIELD','f4fe52ea0f8b4f9cb071dcec5e329738','WatercraftAccessory_Type','4b281bc34e194fa186c18f3a93b7335c','WaterUnitType','PRIMITIVE');
INSERT INTO PUBLIC.OBJECT_FIELD_METADATA (ID, NAME, METADATA_TYPE, PARENT_METADATA,PARENT_METADATA_NAME, REFERENCE_METADATA, REFERENCE_METADATA_NAME, REFERENCE_METADATA_TYPE)VALUES('b05fa1b26c44445b96036574bafb7ebd','MinPremInd','FIELD','f4fe52ea0f8b4f9cb071dcec5e329738','WatercraftAccessory_Type','4ffb0bcc3ec946d1af3ef883f4c3a4e6','Boolean','PRIMITIVE');
INSERT INTO PUBLIC.OBJECT_FIELD_METADATA (ID, NAME, METADATA_TYPE, PARENT_METADATA,PARENT_METADATA_NAME, REFERENCE_METADATA, REFERENCE_METADATA_NAME, REFERENCE_METADATA_TYPE)VALUES('7d6faf04b9ec42a5ad3025da30a18636','NumTrailerAxles','FIELD','f4fe52ea0f8b4f9cb071dcec5e329738','WatercraftAccessory_Type','838cab4e48a54d0bb23ca5ea9db454ab','Long','PRIMITIVE');
INSERT INTO PUBLIC.OBJECT_FIELD_METADATA (ID, NAME, METADATA_TYPE, PARENT_METADATA,PARENT_METADATA_NAME, REFERENCE_METADATA, REFERENCE_METADATA_NAME, REFERENCE_METADATA_TYPE)VALUES('9498b02cab8e4c43b3d2fc469f51cbf7','CostNewAmt','MODEL_RELATION','f4fe52ea0f8b4f9cb071dcec5e329738','WatercraftAccessory_Type','4fa89203e94a4637baa0484d19b460c5','CURRENCY','OBJECT');
INSERT INTO PUBLIC.OBJECT_FIELD_METADATA (ID, NAME, METADATA_TYPE, PARENT_METADATA,PARENT_METADATA_NAME, REFERENCE_METADATA, REFERENCE_METADATA_NAME, REFERENCE_METADATA_TYPE)VALUES('33d2dc177a5f44b1ad56e3f6ee60140a','Coverage','MODEL_RELATION','f4fe52ea0f8b4f9cb071dcec5e329738','WatercraftAccessory_Type','d0675b4bbe674c1fa08297c27c3cb675','Coverage_Type','OBJECT');
INSERT INTO PUBLIC.OBJECT_FIELD_METADATA (ID, NAME, METADATA_TYPE, PARENT_METADATA,PARENT_METADATA_NAME, REFERENCE_METADATA, REFERENCE_METADATA_NAME, REFERENCE_METADATA_TYPE)VALUES('9a2f1fabea54493aa92f3e24346279dd','WeightCapacity','MODEL_RELATION','f4fe52ea0f8b4f9cb071dcec5e329738','WatercraftAccessory_Type','1df1057b06734b019460d9f8fb0a43b0','MEASUREMENT','OBJECT');
INSERT INTO PUBLIC.OBJECT_FIELD_METADATA (ID, NAME, METADATA_TYPE, PARENT_METADATA,PARENT_METADATA_NAME, REFERENCE_METADATA, REFERENCE_METADATA_NAME, REFERENCE_METADATA_TYPE)VALUES('2a6b49afce624d0b857596cab9457970','InspectionDt','FIELD','f4fe52ea0f8b4f9cb071dcec5e329738','WatercraftAccessory_Type','3b0a2ca6cf3a4fb19718e35aa60287cd','Date','PRIMITIVE');
INSERT INTO PUBLIC.PRIMITIVE_METADATA (ID, NAME, METADATA_TYPE) VALUES('83498617a616421dbba08cac38017a81','WatersNavigated','PRIMITIVE');
INSERT INTO PUBLIC.OBJECT_FIELD_METADATA (ID, NAME, METADATA_TYPE, PARENT_METADATA,PARENT_METADATA_NAME, REFERENCE_METADATA, REFERENCE_METADATA_NAME, REFERENCE_METADATA_TYPE)VALUES('3f94e60f6303417587a08f1d3f1d6cf7','WatersNavigatedCd','FIELD','f4fe52ea0f8b4f9cb071dcec5e329738','WatercraftAccessory_Type','83498617a616421dbba08cac38017a81','WatersNavigated','PRIMITIVE');
INSERT INTO PUBLIC.PRIMITIVE_METADATA (ID, NAME, METADATA_TYPE) VALUES('53301853ea70479abe219fe8e8fb84bc','PropulsionType','PRIMITIVE');
INSERT INTO PUBLIC.OBJECT_FIELD_METADATA (ID, NAME, METADATA_TYPE, PARENT_METADATA,PARENT_METADATA_NAME, REFERENCE_METADATA, REFERENCE_METADATA_NAME, REFERENCE_METADATA_TYPE)VALUES('5fda15badf7346219cdfddaecd6bef4f','PropulsionTypeCd','FIELD','f4fe52ea0f8b4f9cb071dcec5e329738','WatercraftAccessory_Type','53301853ea70479abe219fe8e8fb84bc','PropulsionType','PRIMITIVE');
INSERT INTO PUBLIC.PRIMITIVE_METADATA (ID, NAME, METADATA_TYPE) VALUES('cdefaebf8a364d85bbfa6e9eebd6d365','EquipmentType','PRIMITIVE');
INSERT INTO PUBLIC.OBJECT_FIELD_METADATA (ID, NAME, METADATA_TYPE, PARENT_METADATA,PARENT_METADATA_NAME, REFERENCE_METADATA, REFERENCE_METADATA_NAME, REFERENCE_METADATA_TYPE)VALUES('f644a0faee934903a417b700fcd188f2','EquipmentTypeCd','FIELD','f4fe52ea0f8b4f9cb071dcec5e329738','WatercraftAccessory_Type','cdefaebf8a364d85bbfa6e9eebd6d365','EquipmentType','PRIMITIVE');
INSERT INTO PUBLIC.OBJECT_FIELD_METADATA (ID, NAME, METADATA_TYPE, PARENT_METADATA,PARENT_METADATA_NAME, REFERENCE_METADATA, REFERENCE_METADATA_NAME, REFERENCE_METADATA_TYPE)VALUES('e896a17c2d6c41e48e5249b0c264fd24','Length','MODEL_RELATION','f4fe52ea0f8b4f9cb071dcec5e329738','WatercraftAccessory_Type','1df1057b06734b019460d9f8fb0a43b0','MEASUREMENT','OBJECT');
INSERT INTO PUBLIC.OBJECT_FIELD_METADATA (ID, NAME, METADATA_TYPE, PARENT_METADATA,PARENT_METADATA_NAME, REFERENCE_METADATA, REFERENCE_METADATA_NAME, REFERENCE_METADATA_TYPE)VALUES('cf6d481ac72e4b558a39271507afa52b','FuelTypeCd','FIELD','f4fe52ea0f8b4f9cb071dcec5e329738','WatercraftAccessory_Type','a217a5df1c5e4217967a13b61d66c0e5','FuelType','PRIMITIVE');
INSERT INTO PUBLIC.OBJECT_FIELD_METADATA (ID, NAME, METADATA_TYPE, PARENT_METADATA,PARENT_METADATA_NAME, REFERENCE_METADATA, REFERENCE_METADATA_NAME, REFERENCE_METADATA_TYPE)VALUES('2ef0a2d501f44763b08c8b31149f6122','WatercraftAccessoryExt','FIELD','f4fe52ea0f8b4f9cb071dcec5e329738','WatercraftAccessory_Type',null,null,null);
INSERT INTO PUBLIC.OBJECT_FIELD_METADATA (ID, NAME, METADATA_TYPE, PARENT_METADATA,PARENT_METADATA_NAME, REFERENCE_METADATA, REFERENCE_METADATA_NAME, REFERENCE_METADATA_TYPE)VALUES('537ef5c26dac49c381b59fe4fbe0ccef','PresentValueAmt','MODEL_RELATION','f4fe52ea0f8b4f9cb071dcec5e329738','WatercraftAccessory_Type','4fa89203e94a4637baa0484d19b460c5','CURRENCY','OBJECT');
INSERT INTO PUBLIC.OBJECT_FIELD_METADATA (ID, NAME, METADATA_TYPE, PARENT_METADATA,PARENT_METADATA_NAME, REFERENCE_METADATA, REFERENCE_METADATA_NAME, REFERENCE_METADATA_TYPE)VALUES('64ad108e9f614f378d9f6322724bf34e','ItemIdInfo','MODEL_RELATION','f4fe52ea0f8b4f9cb071dcec5e329738','WatercraftAccessory_Type','ba3be0e0317741b08f872c1fca47ad8f','ItemIdInfo_Type','OBJECT');
INSERT INTO PUBLIC.OBJECT_FIELD_METADATA (ID, NAME, METADATA_TYPE, PARENT_METADATA,PARENT_METADATA_NAME, REFERENCE_METADATA, REFERENCE_METADATA_NAME, REFERENCE_METADATA_TYPE)VALUES('a0e78ca783aa4731874ea734f1e77c90','Link','MODEL_RELATION','f4fe52ea0f8b4f9cb071dcec5e329738','WatercraftAccessory_Type','366dc9a89db94de3b92abf43ef1bf084','Link_Type','OBJECT');
INSERT INTO PUBLIC.OBJECT_FIELD_METADATA (ID, NAME, METADATA_TYPE, PARENT_METADATA,PARENT_METADATA_NAME, REFERENCE_METADATA, REFERENCE_METADATA_NAME, REFERENCE_METADATA_TYPE)VALUES('cb7e257665274f05ba5cc7f14382993c','WatercraftAccessory','MODEL_RELATION','c70ab52e048c40d888476df6ccd11866','FarmLineBusiness_Type','f4fe52ea0f8b4f9cb071dcec5e329738','WatercraftAccessory_Type','OBJECT');
INSERT INTO PUBLIC.OBJECT_METADATA (ID, NAME, METADATA_TYPE, REFERENCE_METADATA, REFERENCE_METADATA_NAME) VALUES('f8285dd782004146b4a6e4763dcd9e9b','Structure_Type','OBJECT',null,null);
INSERT INTO PUBLIC.OBJECT_FIELD_METADATA (ID, NAME, METADATA_TYPE, PARENT_METADATA,PARENT_METADATA_NAME, REFERENCE_METADATA, REFERENCE_METADATA_NAME, REFERENCE_METADATA_TYPE)VALUES('adffe3e15719486f85acef6bd112fee3','BldgFeatures','MODEL_RELATION','f8285dd782004146b4a6e4763dcd9e9b','Structure_Type','b76c1d3fb01f4e5583f9ff07ff773c0b','BldgFeatures_Type','OBJECT');
INSERT INTO PUBLIC.OBJECT_FIELD_METADATA (ID, NAME, METADATA_TYPE, PARENT_METADATA,PARENT_METADATA_NAME, REFERENCE_METADATA, REFERENCE_METADATA_NAME, REFERENCE_METADATA_TYPE)VALUES('b26e77d912564653b0f76ac2abf0253c','InspectionInfo','MODEL_RELATION','f8285dd782004146b4a6e4763dcd9e9b','Structure_Type','18eb9d0ffdad4e7e891e3297da8c3986','InspectionInfo_Type','OBJECT');
INSERT INTO PUBLIC.OBJECT_FIELD_METADATA (ID, NAME, METADATA_TYPE, PARENT_METADATA,PARENT_METADATA_NAME, REFERENCE_METADATA, REFERENCE_METADATA_NAME, REFERENCE_METADATA_TYPE)VALUES('6f797def804e45d6b0a320a7b1dcaf45','StructureAddition','MODEL_RELATION','f8285dd782004146b4a6e4763dcd9e9b','Structure_Type','ae038e2680b54264a028cc35f3564c72','StructureAddition_Type','OBJECT');
INSERT INTO PUBLIC.OBJECT_FIELD_METADATA (ID, NAME, METADATA_TYPE, PARENT_METADATA,PARENT_METADATA_NAME, REFERENCE_METADATA, REFERENCE_METADATA_NAME, REFERENCE_METADATA_TYPE)VALUES('f386a28c8e074407ad054783c596bb71','CoverageAvailable','MODEL_RELATION','f8285dd782004146b4a6e4763dcd9e9b','Structure_Type','d0675b4bbe674c1fa08297c27c3cb675','Coverage_Type','OBJECT');
INSERT INTO PUBLIC.OBJECT_FIELD_METADATA (ID, NAME, METADATA_TYPE, PARENT_METADATA,PARENT_METADATA_NAME, REFERENCE_METADATA, REFERENCE_METADATA_NAME, REFERENCE_METADATA_TYPE)VALUES('d793e5b7c06b4308a4860584d850e41e','StructureTypeCd','FIELD','f8285dd782004146b4a6e4763dcd9e9b','Structure_Type','b2c1f82479da45bc99a19dfce562fd6b','StructureType','PRIMITIVE');
INSERT INTO PUBLIC.OBJECT_FIELD_METADATA (ID, NAME, METADATA_TYPE, PARENT_METADATA,PARENT_METADATA_NAME, REFERENCE_METADATA, REFERENCE_METADATA_NAME, REFERENCE_METADATA_TYPE)VALUES('9833be2a486343b8ba5ae3948732fd8b','StructureUseDesc','FIELD','f8285dd782004146b4a6e4763dcd9e9b','Structure_Type','2344631100044813a5126adcfb93e80d','C-255','PRIMITIVE');
INSERT INTO PUBLIC.OBJECT_FIELD_METADATA (ID, NAME, METADATA_TYPE, PARENT_METADATA,PARENT_METADATA_NAME, REFERENCE_METADATA, REFERENCE_METADATA_NAME, REFERENCE_METADATA_TYPE)VALUES('142f06b7a5574f04a74a277aa974b466','BldgExposures','MODEL_RELATION','f8285dd782004146b4a6e4763dcd9e9b','Structure_Type','7ce56e29eb1541f482fa92121cbe7b75','PROXIMITY','OBJECT');
INSERT INTO PUBLIC.OBJECT_FIELD_METADATA (ID, NAME, METADATA_TYPE, PARENT_METADATA,PARENT_METADATA_NAME, REFERENCE_METADATA, REFERENCE_METADATA_NAME, REFERENCE_METADATA_TYPE)VALUES('e103835f9c224f42b71abab18597c072','StructureDesc','FIELD','f8285dd782004146b4a6e4763dcd9e9b','Structure_Type','2344631100044813a5126adcfb93e80d','C-255','PRIMITIVE');
INSERT INTO PUBLIC.OBJECT_FIELD_METADATA (ID, NAME, METADATA_TYPE, PARENT_METADATA,PARENT_METADATA_NAME, REFERENCE_METADATA, REFERENCE_METADATA_NAME, REFERENCE_METADATA_TYPE)VALUES('a283a6773d844d4db484611cd7a5e71d','Height','MODEL_RELATION','f8285dd782004146b4a6e4763dcd9e9b','Structure_Type','1df1057b06734b019460d9f8fb0a43b0','MEASUREMENT','OBJECT');
INSERT INTO PUBLIC.OBJECT_FIELD_METADATA (ID, NAME, METADATA_TYPE, PARENT_METADATA,PARENT_METADATA_NAME, REFERENCE_METADATA, REFERENCE_METADATA_NAME, REFERENCE_METADATA_TYPE)VALUES('55d60163654440e1a57cdcbcbc758c1f','StructureConditionCd','FIELD','f8285dd782004146b4a6e4763dcd9e9b','Structure_Type','ab52e3c8ac834f0698679d12e81aa2fe','StructureCondition','PRIMITIVE');
INSERT INTO PUBLIC.OBJECT_FIELD_METADATA (ID, NAME, METADATA_TYPE, PARENT_METADATA,PARENT_METADATA_NAME, REFERENCE_METADATA, REFERENCE_METADATA_NAME, REFERENCE_METADATA_TYPE)VALUES('8df0fd6e95da4eab96a36ed3fd304353','Width','MODEL_RELATION','f8285dd782004146b4a6e4763dcd9e9b','Structure_Type','1df1057b06734b019460d9f8fb0a43b0','MEASUREMENT','OBJECT');
INSERT INTO PUBLIC.OBJECT_FIELD_METADATA (ID, NAME, METADATA_TYPE, PARENT_METADATA,PARENT_METADATA_NAME, REFERENCE_METADATA, REFERENCE_METADATA_NAME, REFERENCE_METADATA_TYPE)VALUES('a4b223d3e39d460fb27b844e1450812a','QuestionAnswer','MODEL_RELATION','f8285dd782004146b4a6e4763dcd9e9b','Structure_Type','152fefd4f3054b68b490c1af5c9c284c','QuestionAnswer_Type','OBJECT');
INSERT INTO PUBLIC.OBJECT_FIELD_METADATA (ID, NAME, METADATA_TYPE, PARENT_METADATA,PARENT_METADATA_NAME, REFERENCE_METADATA, REFERENCE_METADATA_NAME, REFERENCE_METADATA_TYPE)VALUES('7ebe8c56a0304dfc9d47b7c07e3acb49','BldgImprovements','MODEL_RELATION','f8285dd782004146b4a6e4763dcd9e9b','Structure_Type','ff19cc90fdef466c857168b470329a3d','BldgImprovements_Type','OBJECT');
INSERT INTO PUBLIC.OBJECT_FIELD_METADATA (ID, NAME, METADATA_TYPE, PARENT_METADATA,PARENT_METADATA_NAME, REFERENCE_METADATA, REFERENCE_METADATA_NAME, REFERENCE_METADATA_TYPE)VALUES('fbf7cde533f946078ac05414bd13afdf','NumUnits','FIELD','f8285dd782004146b4a6e4763dcd9e9b','Structure_Type','c896845db6f640c6bf65093333a64c69','Decimal','PRIMITIVE');
INSERT INTO PUBLIC.OBJECT_FIELD_METADATA (ID, NAME, METADATA_TYPE, PARENT_METADATA,PARENT_METADATA_NAME, REFERENCE_METADATA, REFERENCE_METADATA_NAME, REFERENCE_METADATA_TYPE)VALUES('8b7c10abb5184eefb7fec3660b06545e','Construction','MODEL_RELATION','f8285dd782004146b4a6e4763dcd9e9b','Structure_Type','66b2df29282548888a6c5122221caafe','Construction_Type','OBJECT');
INSERT INTO PUBLIC.OBJECT_FIELD_METADATA (ID, NAME, METADATA_TYPE, PARENT_METADATA,PARENT_METADATA_NAME, REFERENCE_METADATA, REFERENCE_METADATA_NAME, REFERENCE_METADATA_TYPE)VALUES('c3527a44a7b44ebf81af8171bdb841c3','BldgProtection','MODEL_RELATION','f8285dd782004146b4a6e4763dcd9e9b','Structure_Type','28a61d7effea4851965cd3af118e3ce8','BldgProtection_Type','OBJECT');
INSERT INTO PUBLIC.OBJECT_FIELD_METADATA (ID, NAME, METADATA_TYPE, PARENT_METADATA,PARENT_METADATA_NAME, REFERENCE_METADATA, REFERENCE_METADATA_NAME, REFERENCE_METADATA_TYPE)VALUES('c36bb261e9f5455886d4915a82865edc','RatingTypeCd','FIELD','f8285dd782004146b4a6e4763dcd9e9b','Structure_Type','ff7deeb7da0b4662a83e1c20caf0a70b','RatingType','PRIMITIVE');
INSERT INTO PUBLIC.OBJECT_FIELD_METADATA (ID, NAME, METADATA_TYPE, PARENT_METADATA,PARENT_METADATA_NAME, REFERENCE_METADATA, REFERENCE_METADATA_NAME, REFERENCE_METADATA_TYPE)VALUES('65f9b31144b04d7ab71f20d24bf650c6','HeatingUnitInfo','MODEL_RELATION','f8285dd782004146b4a6e4763dcd9e9b','Structure_Type','6415ad11f93b46948e393c6a49a497ec','HeatingUnitInfo_Type','OBJECT');
INSERT INTO PUBLIC.OBJECT_FIELD_METADATA (ID, NAME, METADATA_TYPE, PARENT_METADATA,PARENT_METADATA_NAME, REFERENCE_METADATA, REFERENCE_METADATA_NAME, REFERENCE_METADATA_TYPE)VALUES('454214dd35ea4a0796da78f58af135c8','LengthTimeOccupancyType','MODEL_RELATION','f8285dd782004146b4a6e4763dcd9e9b','Structure_Type','1df1057b06734b019460d9f8fb0a43b0','MEASUREMENT','OBJECT');
INSERT INTO PUBLIC.OBJECT_FIELD_METADATA (ID, NAME, METADATA_TYPE, PARENT_METADATA,PARENT_METADATA_NAME, REFERENCE_METADATA, REFERENCE_METADATA_NAME, REFERENCE_METADATA_TYPE)VALUES('d4a2e763608f45c8a3f809b59506f8c0','Coverage','MODEL_RELATION','f8285dd782004146b4a6e4763dcd9e9b','Structure_Type','d0675b4bbe674c1fa08297c27c3cb675','Coverage_Type','OBJECT');
INSERT INTO PUBLIC.OBJECT_FIELD_METADATA (ID, NAME, METADATA_TYPE, PARENT_METADATA,PARENT_METADATA_NAME, REFERENCE_METADATA, REFERENCE_METADATA_NAME, REFERENCE_METADATA_TYPE)VALUES('82ea107439f4414791cc0bb54593e017','AlarmAndSecurity','MODEL_RELATION','f8285dd782004146b4a6e4763dcd9e9b','Structure_Type','ddc71afcd2764fd69a8ed87e5449ce50','AlarmAndSecurity_Type','OBJECT');
INSERT INTO PUBLIC.OBJECT_FIELD_METADATA (ID, NAME, METADATA_TYPE, PARENT_METADATA,PARENT_METADATA_NAME, REFERENCE_METADATA, REFERENCE_METADATA_NAME, REFERENCE_METADATA_TYPE)VALUES('d8c21b6a58a047ddb3249dd53d96b0f9','StorageTankInfo','MODEL_RELATION','f8285dd782004146b4a6e4763dcd9e9b','Structure_Type','1a5e6708c5e6430f8653d356943bc215','StorageTankInfo_Type','OBJECT');
INSERT INTO PUBLIC.OBJECT_FIELD_METADATA (ID, NAME, METADATA_TYPE, PARENT_METADATA,PARENT_METADATA_NAME, REFERENCE_METADATA, REFERENCE_METADATA_NAME, REFERENCE_METADATA_TYPE)VALUES('19d7b33197c344108e26a5bd0d54a7ae','OccupancyTypeCd','FIELD','f8285dd782004146b4a6e4763dcd9e9b','Structure_Type','809efe8cb0f24b1eafadcf1f59f688b8','OccupancyType','PRIMITIVE');
INSERT INTO PUBLIC.OBJECT_FIELD_METADATA (ID, NAME, METADATA_TYPE, PARENT_METADATA,PARENT_METADATA_NAME, REFERENCE_METADATA, REFERENCE_METADATA_NAME, REFERENCE_METADATA_TYPE)VALUES('018c354ba0564b87b756b23f0b68e23d','DiagramItemId','FIELD','f8285dd782004146b4a6e4763dcd9e9b','Structure_Type','3da4bbbc6bf44d5f941e647b8e8408dc','AssignedIdentifier','PRIMITIVE');
INSERT INTO PUBLIC.OBJECT_FIELD_METADATA (ID, NAME, METADATA_TYPE, PARENT_METADATA,PARENT_METADATA_NAME, REFERENCE_METADATA, REFERENCE_METADATA_NAME, REFERENCE_METADATA_TYPE)VALUES('4d218a28dcd4426895afe74b4004a20a','Length','MODEL_RELATION','f8285dd782004146b4a6e4763dcd9e9b','Structure_Type','1df1057b06734b019460d9f8fb0a43b0','MEASUREMENT','OBJECT');
INSERT INTO PUBLIC.OBJECT_FIELD_METADATA (ID, NAME, METADATA_TYPE, PARENT_METADATA,PARENT_METADATA_NAME, REFERENCE_METADATA, REFERENCE_METADATA_NAME, REFERENCE_METADATA_TYPE)VALUES('b831a0f42d194a069be9e8b8d6ed89b3','StructureExt','FIELD','f8285dd782004146b4a6e4763dcd9e9b','Structure_Type',null,null,null);
INSERT INTO PUBLIC.OBJECT_FIELD_METADATA (ID, NAME, METADATA_TYPE, PARENT_METADATA,PARENT_METADATA_NAME, REFERENCE_METADATA, REFERENCE_METADATA_NAME, REFERENCE_METADATA_TYPE)VALUES('45ea39d3b66a40ea8831605de476f5b8','ExcludedInd','FIELD','f8285dd782004146b4a6e4763dcd9e9b','Structure_Type','4ffb0bcc3ec946d1af3ef883f4c3a4e6','Boolean','PRIMITIVE');
INSERT INTO PUBLIC.OBJECT_FIELD_METADATA (ID, NAME, METADATA_TYPE, PARENT_METADATA,PARENT_METADATA_NAME, REFERENCE_METADATA, REFERENCE_METADATA_NAME, REFERENCE_METADATA_TYPE)VALUES('846e02ef3ed641caa780805007de4899','ItemIdInfo','MODEL_RELATION','f8285dd782004146b4a6e4763dcd9e9b','Structure_Type','ba3be0e0317741b08f872c1fca47ad8f','ItemIdInfo_Type','OBJECT');
INSERT INTO PUBLIC.OBJECT_FIELD_METADATA (ID, NAME, METADATA_TYPE, PARENT_METADATA,PARENT_METADATA_NAME, REFERENCE_METADATA, REFERENCE_METADATA_NAME, REFERENCE_METADATA_TYPE)VALUES('8ebde0156bce4387b91a8a8ade90c6e3','Link','MODEL_RELATION','f8285dd782004146b4a6e4763dcd9e9b','Structure_Type','366dc9a89db94de3b92abf43ef1bf084','Link_Type','OBJECT');
INSERT INTO PUBLIC.OBJECT_FIELD_METADATA (ID, NAME, METADATA_TYPE, PARENT_METADATA,PARENT_METADATA_NAME, REFERENCE_METADATA, REFERENCE_METADATA_NAME, REFERENCE_METADATA_TYPE)VALUES('cfcf239987a14bf9b994ec7155af5f15','Structure','MODEL_RELATION','c70ab52e048c40d888476df6ccd11866','FarmLineBusiness_Type','f8285dd782004146b4a6e4763dcd9e9b','Structure_Type','OBJECT');
INSERT INTO PUBLIC.OBJECT_FIELD_METADATA (ID, NAME, METADATA_TYPE, PARENT_METADATA,PARENT_METADATA_NAME, REFERENCE_METADATA, REFERENCE_METADATA_NAME, REFERENCE_METADATA_TYPE)VALUES('2e152b167f5343e2a4df5045f81de897','QuestionAnswer','MODEL_RELATION','c70ab52e048c40d888476df6ccd11866','FarmLineBusiness_Type','152fefd4f3054b68b490c1af5c9c284c','QuestionAnswer_Type','OBJECT');
INSERT INTO PUBLIC.OBJECT_FIELD_METADATA (ID, NAME, METADATA_TYPE, PARENT_METADATA,PARENT_METADATA_NAME, REFERENCE_METADATA, REFERENCE_METADATA_NAME, REFERENCE_METADATA_TYPE)VALUES('b50ef65a9d694e2fa7b6af354af5c8d1','NAICCd','FIELD','c70ab52e048c40d888476df6ccd11866','FarmLineBusiness_Type','6240ce877a244a73a1253961131c6cc9','IndustryCode_Type','PRIMITIVE');
INSERT INTO PUBLIC.OBJECT_FIELD_METADATA (ID, NAME, METADATA_TYPE, PARENT_METADATA,PARENT_METADATA_NAME, REFERENCE_METADATA, REFERENCE_METADATA_NAME, REFERENCE_METADATA_TYPE)VALUES('2701359700524312be1a4a6f75305235','AdditionalInterest','MODEL_RELATION','c70ab52e048c40d888476df6ccd11866','FarmLineBusiness_Type','23a83d5912a54d0ca9b4669826684442','AdditionalInterest_Type','OBJECT');
INSERT INTO PUBLIC.OBJECT_FIELD_METADATA (ID, NAME, METADATA_TYPE, PARENT_METADATA,PARENT_METADATA_NAME, REFERENCE_METADATA, REFERENCE_METADATA_NAME, REFERENCE_METADATA_TYPE)VALUES('b22d0fe6e97d4d818a0288c03a6d083c','AuditInfo','MODEL_RELATION','c70ab52e048c40d888476df6ccd11866','FarmLineBusiness_Type','cafd893cc1ec4101a8df78b1c1a8c82e','AuditInfo_Type','OBJECT');
INSERT INTO PUBLIC.OBJECT_FIELD_METADATA (ID, NAME, METADATA_TYPE, PARENT_METADATA,PARENT_METADATA_NAME, REFERENCE_METADATA, REFERENCE_METADATA_NAME, REFERENCE_METADATA_TYPE)VALUES('78336985088749e1b09d38d863b2a20e','MinPremInd','FIELD','c70ab52e048c40d888476df6ccd11866','FarmLineBusiness_Type','4ffb0bcc3ec946d1af3ef883f4c3a4e6','Boolean','PRIMITIVE');
INSERT INTO PUBLIC.OBJECT_FIELD_METADATA (ID, NAME, METADATA_TYPE, PARENT_METADATA,PARENT_METADATA_NAME, REFERENCE_METADATA, REFERENCE_METADATA_NAME, REFERENCE_METADATA_TYPE)VALUES('609c61694ccd4975b24230de177f097d','Dwell','MODEL_RELATION','c70ab52e048c40d888476df6ccd11866','FarmLineBusiness_Type','4e26027ebc964bf2b9794c16adccd3cf','Dwell_Type','OBJECT');
INSERT INTO PUBLIC.OBJECT_FIELD_METADATA (ID, NAME, METADATA_TYPE, PARENT_METADATA,PARENT_METADATA_NAME, REFERENCE_METADATA, REFERENCE_METADATA_NAME, REFERENCE_METADATA_TYPE)VALUES('1dc8725bd405462e90f08c6cf7791aa7','NetChangeAmt','MODEL_RELATION','c70ab52e048c40d888476df6ccd11866','FarmLineBusiness_Type','4fa89203e94a4637baa0484d19b460c5','CURRENCY','OBJECT');
INSERT INTO PUBLIC.OBJECT_FIELD_METADATA (ID, NAME, METADATA_TYPE, PARENT_METADATA,PARENT_METADATA_NAME, REFERENCE_METADATA, REFERENCE_METADATA_NAME, REFERENCE_METADATA_TYPE)VALUES('0616048833bb451785d2620f56ee5289','Coverage','MODEL_RELATION','c70ab52e048c40d888476df6ccd11866','FarmLineBusiness_Type','d0675b4bbe674c1fa08297c27c3cb675','Coverage_Type','OBJECT');
INSERT INTO PUBLIC.OBJECT_FIELD_METADATA (ID, NAME, METADATA_TYPE, PARENT_METADATA,PARENT_METADATA_NAME, REFERENCE_METADATA, REFERENCE_METADATA_NAME, REFERENCE_METADATA_TYPE)VALUES('96e07417d00c406c81e7f84b55c61a9f','PMACd','FIELD','c70ab52e048c40d888476df6ccd11866','FarmLineBusiness_Type','6240ce877a244a73a1253961131c6cc9','IndustryCode_Type','PRIMITIVE');
INSERT INTO PUBLIC.OBJECT_FIELD_METADATA (ID, NAME, METADATA_TYPE, PARENT_METADATA,PARENT_METADATA_NAME, REFERENCE_METADATA, REFERENCE_METADATA_NAME, REFERENCE_METADATA_TYPE)VALUES('a46a942f2f45499c91aee428942680e9','LOBSubCd','FIELD','c70ab52e048c40d888476df6ccd11866','FarmLineBusiness_Type','8376159ebcf44685b36391928a67e333','LineOfBusinessSubCode','PRIMITIVE');
INSERT INTO PUBLIC.OBJECT_FIELD_METADATA (ID, NAME, METADATA_TYPE, PARENT_METADATA,PARENT_METADATA_NAME, REFERENCE_METADATA, REFERENCE_METADATA_NAME, REFERENCE_METADATA_TYPE)VALUES('2e51066d79aa472782b0e182aa77ed01','GroupId','FIELD','c70ab52e048c40d888476df6ccd11866','FarmLineBusiness_Type','3da4bbbc6bf44d5f941e647b8e8408dc','AssignedIdentifier','PRIMITIVE');
INSERT INTO PUBLIC.OBJECT_FIELD_METADATA (ID, NAME, METADATA_TYPE, PARENT_METADATA,PARENT_METADATA_NAME, REFERENCE_METADATA, REFERENCE_METADATA_NAME, REFERENCE_METADATA_TYPE)VALUES('ccbc654d462d49789447a4cb31cadc1d','LOBCd','FIELD','c70ab52e048c40d888476df6ccd11866','FarmLineBusiness_Type','3b75decf3cfc42c496d4405220659cf0','LineOfBusiness','PRIMITIVE');
INSERT INTO PUBLIC.OBJECT_FIELD_METADATA (ID, NAME, METADATA_TYPE, PARENT_METADATA,PARENT_METADATA_NAME, REFERENCE_METADATA, REFERENCE_METADATA_NAME, REFERENCE_METADATA_TYPE)VALUES('1e256624889c465ba92a92f3f545cc58','RateEffectiveDt','FIELD','c70ab52e048c40d888476df6ccd11866','FarmLineBusiness_Type','3b0a2ca6cf3a4fb19718e35aa60287cd','Date','PRIMITIVE');
INSERT INTO PUBLIC.OBJECT_FIELD_METADATA (ID, NAME, METADATA_TYPE, PARENT_METADATA,PARENT_METADATA_NAME, REFERENCE_METADATA, REFERENCE_METADATA_NAME, REFERENCE_METADATA_TYPE)VALUES('a9d338c3e36b4b04be13f4453705541c','PersDriver','MODEL_RELATION','c70ab52e048c40d888476df6ccd11866','FarmLineBusiness_Type','a642f88f7cbb45dcb8077b7cc5d6dc67','Driver_Type','OBJECT');
INSERT INTO PUBLIC.OBJECT_FIELD_METADATA (ID, NAME, METADATA_TYPE, PARENT_METADATA,PARENT_METADATA_NAME, REFERENCE_METADATA, REFERENCE_METADATA_NAME, REFERENCE_METADATA_TYPE)VALUES('6a4a04b2ee7148b797f502475c8bb2a2','PropertySchedule','MODEL_RELATION','c70ab52e048c40d888476df6ccd11866','FarmLineBusiness_Type','346b6250d26b498193e1c2e76c13b3e7','PropertySchedule_Type','OBJECT');
INSERT INTO PUBLIC.OBJECT_METADATA (ID, NAME, METADATA_TYPE, REFERENCE_METADATA, REFERENCE_METADATA_NAME) VALUES('5a7ffcbfe09547a1a2add7327f0af9a7','Watercraft_Type','OBJECT',null,null);
INSERT INTO PUBLIC.OBJECT_METADATA (ID, NAME, METADATA_TYPE, REFERENCE_METADATA, REFERENCE_METADATA_NAME) VALUES('f0d7363c8d3947228146661d66649e24','CharterInfo_Type','OBJECT',null,null);
INSERT INTO PUBLIC.OBJECT_FIELD_METADATA (ID, NAME, METADATA_TYPE, PARENT_METADATA,PARENT_METADATA_NAME, REFERENCE_METADATA, REFERENCE_METADATA_NAME, REFERENCE_METADATA_TYPE)VALUES('0a36dc4370304bc18208fae4d4d8964f','VoyageInd','FIELD','f0d7363c8d3947228146661d66649e24','CharterInfo_Type','4ffb0bcc3ec946d1af3ef883f4c3a4e6','Boolean','PRIMITIVE');
INSERT INTO PUBLIC.OBJECT_FIELD_METADATA (ID, NAME, METADATA_TYPE, PARENT_METADATA,PARENT_METADATA_NAME, REFERENCE_METADATA, REFERENCE_METADATA_NAME, REFERENCE_METADATA_TYPE)VALUES('7e1f056270ad46c89587953e1f7198de','NumCharters','FIELD','f0d7363c8d3947228146661d66649e24','CharterInfo_Type','838cab4e48a54d0bb23ca5ea9db454ab','Long','PRIMITIVE');
INSERT INTO PUBLIC.OBJECT_FIELD_METADATA (ID, NAME, METADATA_TYPE, PARENT_METADATA,PARENT_METADATA_NAME, REFERENCE_METADATA, REFERENCE_METADATA_NAME, REFERENCE_METADATA_TYPE)VALUES('dfebc35bdcbb44e9bb7e066627c51043','DestinationDesc','FIELD','f0d7363c8d3947228146661d66649e24','CharterInfo_Type','395c33ebbd5b40f0aee8a4f93dbedf31','C-Infinite','PRIMITIVE');
INSERT INTO PUBLIC.OBJECT_FIELD_METADATA (ID, NAME, METADATA_TYPE, PARENT_METADATA,PARENT_METADATA_NAME, REFERENCE_METADATA, REFERENCE_METADATA_NAME, REFERENCE_METADATA_TYPE)VALUES('e3be748805e640debbbe251ab054537b','TimeCharterInd','FIELD','f0d7363c8d3947228146661d66649e24','CharterInfo_Type','4ffb0bcc3ec946d1af3ef883f4c3a4e6','Boolean','PRIMITIVE');
INSERT INTO PUBLIC.OBJECT_FIELD_METADATA (ID, NAME, METADATA_TYPE, PARENT_METADATA,PARENT_METADATA_NAME, REFERENCE_METADATA, REFERENCE_METADATA_NAME, REFERENCE_METADATA_TYPE)VALUES('6845b957891c417b8a2f6653fee632d0','AgreementDesc','FIELD','f0d7363c8d3947228146661d66649e24','CharterInfo_Type','395c33ebbd5b40f0aee8a4f93dbedf31','C-Infinite','PRIMITIVE');
INSERT INTO PUBLIC.OBJECT_FIELD_METADATA (ID, NAME, METADATA_TYPE, PARENT_METADATA,PARENT_METADATA_NAME, REFERENCE_METADATA, REFERENCE_METADATA_NAME, REFERENCE_METADATA_TYPE)VALUES('31e67492deda47a9922ac4440fbd4a3f','DurationPeriod','MODEL_RELATION','f0d7363c8d3947228146661d66649e24','CharterInfo_Type','1df1057b06734b019460d9f8fb0a43b0','MEASUREMENT','OBJECT');
INSERT INTO PUBLIC.OBJECT_FIELD_METADATA (ID, NAME, METADATA_TYPE, PARENT_METADATA,PARENT_METADATA_NAME, REFERENCE_METADATA, REFERENCE_METADATA_NAME, REFERENCE_METADATA_TYPE)VALUES('dd0679d90c314f9e8b9b87147bf17095','AlcoholServedInd','FIELD','f0d7363c8d3947228146661d66649e24','CharterInfo_Type','4ffb0bcc3ec946d1af3ef883f4c3a4e6','Boolean','PRIMITIVE');
INSERT INTO PUBLIC.OBJECT_FIELD_METADATA (ID, NAME, METADATA_TYPE, PARENT_METADATA,PARENT_METADATA_NAME, REFERENCE_METADATA, REFERENCE_METADATA_NAME, REFERENCE_METADATA_TYPE)VALUES('d6e5c9ac33b4441cae87987b90a45616','Purpose','FIELD','f0d7363c8d3947228146661d66649e24','CharterInfo_Type','395c33ebbd5b40f0aee8a4f93dbedf31','C-Infinite','PRIMITIVE');
INSERT INTO PUBLIC.OBJECT_FIELD_METADATA (ID, NAME, METADATA_TYPE, PARENT_METADATA,PARENT_METADATA_NAME, REFERENCE_METADATA, REFERENCE_METADATA_NAME, REFERENCE_METADATA_TYPE)VALUES('2ff8fda6b0c34317bae47ab493618489','BareInd','FIELD','f0d7363c8d3947228146661d66649e24','CharterInfo_Type','4ffb0bcc3ec946d1af3ef883f4c3a4e6','Boolean','PRIMITIVE');
INSERT INTO PUBLIC.OBJECT_FIELD_METADATA (ID, NAME, METADATA_TYPE, PARENT_METADATA,PARENT_METADATA_NAME, REFERENCE_METADATA, REFERENCE_METADATA_NAME, REFERENCE_METADATA_TYPE)VALUES('8855b46b7af4405fb07467a454e56bad','FrequencyCd','FIELD','f0d7363c8d3947228146661d66649e24','CharterInfo_Type','90030f3dd02843e3b982684d2bd6039d','Frequency','PRIMITIVE');
INSERT INTO PUBLIC.OBJECT_FIELD_METADATA (ID, NAME, METADATA_TYPE, PARENT_METADATA,PARENT_METADATA_NAME, REFERENCE_METADATA, REFERENCE_METADATA_NAME, REFERENCE_METADATA_TYPE)VALUES('81d64b2dd37644129c340c6631a7b916','LengthTimeExperience','MODEL_RELATION','f0d7363c8d3947228146661d66649e24','CharterInfo_Type','1df1057b06734b019460d9f8fb0a43b0','MEASUREMENT','OBJECT');
INSERT INTO PUBLIC.OBJECT_FIELD_METADATA (ID, NAME, METADATA_TYPE, PARENT_METADATA,PARENT_METADATA_NAME, REFERENCE_METADATA, REFERENCE_METADATA_NAME, REFERENCE_METADATA_TYPE)VALUES('c94aec45df5443e4b971a3d5de554e87','CharterInfoExt','FIELD','f0d7363c8d3947228146661d66649e24','CharterInfo_Type',null,null,null);
INSERT INTO PUBLIC.OBJECT_FIELD_METADATA (ID, NAME, METADATA_TYPE, PARENT_METADATA,PARENT_METADATA_NAME, REFERENCE_METADATA, REFERENCE_METADATA_NAME, REFERENCE_METADATA_TYPE)VALUES('a80c14c557534ca583fe104f4fb61bb5','CharterInfo','MODEL_RELATION','5a7ffcbfe09547a1a2add7327f0af9a7','Watercraft_Type','f0d7363c8d3947228146661d66649e24','CharterInfo_Type','OBJECT');
INSERT INTO PUBLIC.OBJECT_FIELD_METADATA (ID, NAME, METADATA_TYPE, PARENT_METADATA,PARENT_METADATA_NAME, REFERENCE_METADATA, REFERENCE_METADATA_NAME, REFERENCE_METADATA_TYPE)VALUES('f85889c8451e451690540d1ae66ddcc9','NumPartTimeCrew','FIELD','5a7ffcbfe09547a1a2add7327f0af9a7','Watercraft_Type','838cab4e48a54d0bb23ca5ea9db454ab','Long','PRIMITIVE');
INSERT INTO PUBLIC.OBJECT_FIELD_METADATA (ID, NAME, METADATA_TYPE, PARENT_METADATA,PARENT_METADATA_NAME, REFERENCE_METADATA, REFERENCE_METADATA_NAME, REFERENCE_METADATA_TYPE)VALUES('20c19e3ae28247e5ad8eaa7c4c3e81ad','WatercraftExt','FIELD','5a7ffcbfe09547a1a2add7327f0af9a7','Watercraft_Type',null,null,null);
INSERT INTO PUBLIC.OBJECT_FIELD_METADATA (ID, NAME, METADATA_TYPE, PARENT_METADATA,PARENT_METADATA_NAME, REFERENCE_METADATA, REFERENCE_METADATA_NAME, REFERENCE_METADATA_TYPE)VALUES('7c12e55221584e9a851a2c371e4b187e','ItemDefinition','MODEL_RELATION','5a7ffcbfe09547a1a2add7327f0af9a7','Watercraft_Type','d83ce2808c974daaa8d801a8af3b5cb2','ItemDefinition_Type','OBJECT');
INSERT INTO PUBLIC.PRIMITIVE_METADATA (ID, NAME, METADATA_TYPE) VALUES('c112066610404aa1843286331f10a2bf','HullMaterialType','PRIMITIVE');
INSERT INTO PUBLIC.OBJECT_FIELD_METADATA (ID, NAME, METADATA_TYPE, PARENT_METADATA,PARENT_METADATA_NAME, REFERENCE_METADATA, REFERENCE_METADATA_NAME, REFERENCE_METADATA_TYPE)VALUES('9293e1a6dffe4a9f9ac8821c781552a5','HullMaterialTypeCd','FIELD','5a7ffcbfe09547a1a2add7327f0af9a7','Watercraft_Type','c112066610404aa1843286331f10a2bf','HullMaterialType','PRIMITIVE');
INSERT INTO PUBLIC.OBJECT_FIELD_METADATA (ID, NAME, METADATA_TYPE, PARENT_METADATA,PARENT_METADATA_NAME, REFERENCE_METADATA, REFERENCE_METADATA_NAME, REFERENCE_METADATA_TYPE)VALUES('5c720b7d2eaa4717a710fa8f75538ee6','NameBoat','FIELD','5a7ffcbfe09547a1a2add7327f0af9a7','Watercraft_Type','3869bfeb4b5f47c0b4e159b3cfde6d71','C-25','PRIMITIVE');
INSERT INTO PUBLIC.OBJECT_FIELD_METADATA (ID, NAME, METADATA_TYPE, PARENT_METADATA,PARENT_METADATA_NAME, REFERENCE_METADATA, REFERENCE_METADATA_NAME, REFERENCE_METADATA_TYPE)VALUES('6b16a218a9c641ac8a921fa38b559e66','TerritoryCd','FIELD','5a7ffcbfe09547a1a2add7327f0af9a7','Watercraft_Type','6240ce877a244a73a1253961131c6cc9','IndustryCode_Type','PRIMITIVE');
INSERT INTO PUBLIC.OBJECT_FIELD_METADATA (ID, NAME, METADATA_TYPE, PARENT_METADATA,PARENT_METADATA_NAME, REFERENCE_METADATA, REFERENCE_METADATA_NAME, REFERENCE_METADATA_TYPE)VALUES('cb0d1cf7c12e4984bb3b6b6727ef9510','PurchasePriceAmt','MODEL_RELATION','5a7ffcbfe09547a1a2add7327f0af9a7','Watercraft_Type','4fa89203e94a4637baa0484d19b460c5','CURRENCY','OBJECT');
INSERT INTO PUBLIC.OBJECT_FIELD_METADATA (ID, NAME, METADATA_TYPE, PARENT_METADATA,PARENT_METADATA_NAME, REFERENCE_METADATA, REFERENCE_METADATA_NAME, REFERENCE_METADATA_TYPE)VALUES('c496bfb3167d4e2daf48b1239d04d5b0','CoverageAvailable','MODEL_RELATION','5a7ffcbfe09547a1a2add7327f0af9a7','Watercraft_Type','d0675b4bbe674c1fa08297c27c3cb675','Coverage_Type','OBJECT');
INSERT INTO PUBLIC.PRIMITIVE_METADATA (ID, NAME, METADATA_TYPE) VALUES('f500ca9c73e5471bb0009ca341e39d1d','FuelTank','PRIMITIVE');
INSERT INTO PUBLIC.OBJECT_FIELD_METADATA (ID, NAME, METADATA_TYPE, PARENT_METADATA,PARENT_METADATA_NAME, REFERENCE_METADATA, REFERENCE_METADATA_NAME, REFERENCE_METADATA_TYPE)VALUES('8aba329b480944628306424d63b1c9ee','FuelTankCd','FIELD','5a7ffcbfe09547a1a2add7327f0af9a7','Watercraft_Type','f500ca9c73e5471bb0009ca341e39d1d','FuelTank','PRIMITIVE');
INSERT INTO PUBLIC.OBJECT_FIELD_METADATA (ID, NAME, METADATA_TYPE, PARENT_METADATA,PARENT_METADATA_NAME, REFERENCE_METADATA, REFERENCE_METADATA_NAME, REFERENCE_METADATA_TYPE)VALUES('e43f52c2dac24dbf85cd948c29d1ea12','Horsepower','MODEL_RELATION','5a7ffcbfe09547a1a2add7327f0af9a7','Watercraft_Type','1df1057b06734b019460d9f8fb0a43b0','MEASUREMENT','OBJECT');
INSERT INTO PUBLIC.OBJECT_FIELD_METADATA (ID, NAME, METADATA_TYPE, PARENT_METADATA,PARENT_METADATA_NAME, REFERENCE_METADATA, REFERENCE_METADATA_NAME, REFERENCE_METADATA_TYPE)VALUES('2109e500b3db4bbd8358d711a6b22a6d','RaceExtent','FIELD','5a7ffcbfe09547a1a2add7327f0af9a7','Watercraft_Type','395c33ebbd5b40f0aee8a4f93dbedf31','C-Infinite','PRIMITIVE');
INSERT INTO PUBLIC.OBJECT_FIELD_METADATA (ID, NAME, METADATA_TYPE, PARENT_METADATA,PARENT_METADATA_NAME, REFERENCE_METADATA, REFERENCE_METADATA_NAME, REFERENCE_METADATA_TYPE)VALUES('86417232f5bc4101b0442c8e0efb6eac','NavigationDurationPeriod','MODEL_RELATION','5a7ffcbfe09547a1a2add7327f0af9a7','Watercraft_Type','1df1057b06734b019460d9f8fb0a43b0','MEASUREMENT','OBJECT');
INSERT INTO PUBLIC.OBJECT_FIELD_METADATA (ID, NAME, METADATA_TYPE, PARENT_METADATA,PARENT_METADATA_NAME, REFERENCE_METADATA, REFERENCE_METADATA_NAME, REFERENCE_METADATA_TYPE)VALUES('85714d584e774631ad37e5bd803fbef8','PermanentResidenceInd','FIELD','5a7ffcbfe09547a1a2add7327f0af9a7','Watercraft_Type','4ffb0bcc3ec946d1af3ef883f4c3a4e6','Boolean','PRIMITIVE');
INSERT INTO PUBLIC.OBJECT_FIELD_METADATA (ID, NAME, METADATA_TYPE, PARENT_METADATA,PARENT_METADATA_NAME, REFERENCE_METADATA, REFERENCE_METADATA_NAME, REFERENCE_METADATA_TYPE)VALUES('8bc90c3c490c4e15b2a6eec673a10aae','SurveyDt','FIELD','5a7ffcbfe09547a1a2add7327f0af9a7','Watercraft_Type','3b0a2ca6cf3a4fb19718e35aa60287cd','Date','PRIMITIVE');
INSERT INTO PUBLIC.OBJECT_FIELD_METADATA (ID, NAME, METADATA_TYPE, PARENT_METADATA,PARENT_METADATA_NAME, REFERENCE_METADATA, REFERENCE_METADATA_NAME, REFERENCE_METADATA_TYPE)VALUES('bc266365c94e448c835b29884a8b44cc','PurchaseDt','FIELD','5a7ffcbfe09547a1a2add7327f0af9a7','Watercraft_Type','3b0a2ca6cf3a4fb19718e35aa60287cd','Date','PRIMITIVE');
INSERT INTO PUBLIC.OBJECT_FIELD_METADATA (ID, NAME, METADATA_TYPE, PARENT_METADATA,PARENT_METADATA_NAME, REFERENCE_METADATA, REFERENCE_METADATA_NAME, REFERENCE_METADATA_TYPE)VALUES('39120f13d4ba4841a37ac829984694cf','QuestionAnswer','MODEL_RELATION','5a7ffcbfe09547a1a2add7327f0af9a7','Watercraft_Type','152fefd4f3054b68b490c1af5c9c284c','QuestionAnswer_Type','OBJECT');
INSERT INTO PUBLIC.OBJECT_FIELD_METADATA (ID, NAME, METADATA_TYPE, PARENT_METADATA,PARENT_METADATA_NAME, REFERENCE_METADATA, REFERENCE_METADATA_NAME, REFERENCE_METADATA_TYPE)VALUES('8eebf2f224834fb2b2be3a0cea25bf74','NumUnits','FIELD','5a7ffcbfe09547a1a2add7327f0af9a7','Watercraft_Type','c896845db6f640c6bf65093333a64c69','Decimal','PRIMITIVE');
INSERT INTO PUBLIC.OBJECT_FIELD_METADATA (ID, NAME, METADATA_TYPE, PARENT_METADATA,PARENT_METADATA_NAME, REFERENCE_METADATA, REFERENCE_METADATA_NAME, REFERENCE_METADATA_TYPE)VALUES('c15b347e4d0c480fb8bb5bac9221d76f','Speed','MODEL_RELATION','5a7ffcbfe09547a1a2add7327f0af9a7','Watercraft_Type','1df1057b06734b019460d9f8fb0a43b0','MEASUREMENT','OBJECT');
INSERT INTO PUBLIC.OBJECT_FIELD_METADATA (ID, NAME, METADATA_TYPE, PARENT_METADATA,PARENT_METADATA_NAME, REFERENCE_METADATA, REFERENCE_METADATA_NAME, REFERENCE_METADATA_TYPE)VALUES('ca439a4b8f774571b982cf7f2d9c5eaf','WaterUnitTypeCd','FIELD','5a7ffcbfe09547a1a2add7327f0af9a7','Watercraft_Type','4b281bc34e194fa186c18f3a93b7335c','WaterUnitType','PRIMITIVE');
INSERT INTO PUBLIC.OBJECT_FIELD_METADATA (ID, NAME, METADATA_TYPE, PARENT_METADATA,PARENT_METADATA_NAME, REFERENCE_METADATA, REFERENCE_METADATA_NAME, REFERENCE_METADATA_TYPE)VALUES('6d0142d430904902bcb6329a754f76c3','AdditionalInterest','MODEL_RELATION','5a7ffcbfe09547a1a2add7327f0af9a7','Watercraft_Type','23a83d5912a54d0ca9b4669826684442','AdditionalInterest_Type','OBJECT');
INSERT INTO PUBLIC.OBJECT_FIELD_METADATA (ID, NAME, METADATA_TYPE, PARENT_METADATA,PARENT_METADATA_NAME, REFERENCE_METADATA, REFERENCE_METADATA_NAME, REFERENCE_METADATA_TYPE)VALUES('3dce92c1d77542efacacf9c9c60a4b93','MinPremInd','FIELD','5a7ffcbfe09547a1a2add7327f0af9a7','Watercraft_Type','4ffb0bcc3ec946d1af3ef883f4c3a4e6','Boolean','PRIMITIVE');
INSERT INTO PUBLIC.OBJECT_FIELD_METADATA (ID, NAME, METADATA_TYPE, PARENT_METADATA,PARENT_METADATA_NAME, REFERENCE_METADATA, REFERENCE_METADATA_NAME, REFERENCE_METADATA_TYPE)VALUES('1404a30f915e4db2b9cad7bcde0cab1c','NumResidentsOnBoat','FIELD','5a7ffcbfe09547a1a2add7327f0af9a7','Watercraft_Type','838cab4e48a54d0bb23ca5ea9db454ab','Long','PRIMITIVE');
INSERT INTO PUBLIC.OBJECT_FIELD_METADATA (ID, NAME, METADATA_TYPE, PARENT_METADATA,PARENT_METADATA_NAME, REFERENCE_METADATA, REFERENCE_METADATA_NAME, REFERENCE_METADATA_TYPE)VALUES('716c886da7ff413cab43de4524b3a84b','NumPersWatercraft','FIELD','5a7ffcbfe09547a1a2add7327f0af9a7','Watercraft_Type','838cab4e48a54d0bb23ca5ea9db454ab','Long','PRIMITIVE');
INSERT INTO PUBLIC.OBJECT_FIELD_METADATA (ID, NAME, METADATA_TYPE, PARENT_METADATA,PARENT_METADATA_NAME, REFERENCE_METADATA, REFERENCE_METADATA_NAME, REFERENCE_METADATA_TYPE)VALUES('700beda7da654ebf96e16530b7666cae','CostNewAmt','MODEL_RELATION','5a7ffcbfe09547a1a2add7327f0af9a7','Watercraft_Type','4fa89203e94a4637baa0484d19b460c5','CURRENCY','OBJECT');
INSERT INTO PUBLIC.OBJECT_FIELD_METADATA (ID, NAME, METADATA_TYPE, PARENT_METADATA,PARENT_METADATA_NAME, REFERENCE_METADATA, REFERENCE_METADATA_NAME, REFERENCE_METADATA_TYPE)VALUES('59b193f9f05f4e70bd09be183ccec13a','Coverage','MODEL_RELATION','5a7ffcbfe09547a1a2add7327f0af9a7','Watercraft_Type','d0675b4bbe674c1fa08297c27c3cb675','Coverage_Type','OBJECT');
INSERT INTO PUBLIC.OBJECT_FIELD_METADATA (ID, NAME, METADATA_TYPE, PARENT_METADATA,PARENT_METADATA_NAME, REFERENCE_METADATA, REFERENCE_METADATA_NAME, REFERENCE_METADATA_TYPE)VALUES('76236953141647a49eaba9c1999defd9','PrincipalOperatorInd','FIELD','5a7ffcbfe09547a1a2add7327f0af9a7','Watercraft_Type','4ffb0bcc3ec946d1af3ef883f4c3a4e6','Boolean','PRIMITIVE');
INSERT INTO PUBLIC.OBJECT_FIELD_METADATA (ID, NAME, METADATA_TYPE, PARENT_METADATA,PARENT_METADATA_NAME, REFERENCE_METADATA, REFERENCE_METADATA_NAME, REFERENCE_METADATA_TYPE)VALUES('99012a2c0e194216adcbdb809e7eb9e4','WatersNavigatedCd','FIELD','5a7ffcbfe09547a1a2add7327f0af9a7','Watercraft_Type','83498617a616421dbba08cac38017a81','WatersNavigated','PRIMITIVE');
INSERT INTO PUBLIC.OBJECT_FIELD_METADATA (ID, NAME, METADATA_TYPE, PARENT_METADATA,PARENT_METADATA_NAME, REFERENCE_METADATA, REFERENCE_METADATA_NAME, REFERENCE_METADATA_TYPE)VALUES('988bc496716445e2a4fd24d4cf459618','PropulsionTypeCd','FIELD','5a7ffcbfe09547a1a2add7327f0af9a7','Watercraft_Type','53301853ea70479abe219fe8e8fb84bc','PropulsionType','PRIMITIVE');
INSERT INTO PUBLIC.OBJECT_FIELD_METADATA (ID, NAME, METADATA_TYPE, PARENT_METADATA,PARENT_METADATA_NAME, REFERENCE_METADATA, REFERENCE_METADATA_NAME, REFERENCE_METADATA_TYPE)VALUES('a1fea7c6be104a79b9f94b75d348df33','NumBeds','FIELD','5a7ffcbfe09547a1a2add7327f0af9a7','Watercraft_Type','838cab4e48a54d0bb23ca5ea9db454ab','Long','PRIMITIVE');
INSERT INTO PUBLIC.OBJECT_FIELD_METADATA (ID, NAME, METADATA_TYPE, PARENT_METADATA,PARENT_METADATA_NAME, REFERENCE_METADATA, REFERENCE_METADATA_NAME, REFERENCE_METADATA_TYPE)VALUES('349a16874b26444db331c73186b5609b','Length','MODEL_RELATION','5a7ffcbfe09547a1a2add7327f0af9a7','Watercraft_Type','1df1057b06734b019460d9f8fb0a43b0','MEASUREMENT','OBJECT');
INSERT INTO PUBLIC.PRIMITIVE_METADATA (ID, NAME, METADATA_TYPE) VALUES('46e25c7cf92d475a85f6be4c7648a002','SparMaterial','PRIMITIVE');
INSERT INTO PUBLIC.OBJECT_FIELD_METADATA (ID, NAME, METADATA_TYPE, PARENT_METADATA,PARENT_METADATA_NAME, REFERENCE_METADATA, REFERENCE_METADATA_NAME, REFERENCE_METADATA_TYPE)VALUES('5f8c533d5373469e91d66d6e335d92cf','SparMaterialCd','FIELD','5a7ffcbfe09547a1a2add7327f0af9a7','Watercraft_Type','46e25c7cf92d475a85f6be4c7648a002','SparMaterial','PRIMITIVE');
INSERT INTO PUBLIC.OBJECT_FIELD_METADATA (ID, NAME, METADATA_TYPE, PARENT_METADATA,PARENT_METADATA_NAME, REFERENCE_METADATA, REFERENCE_METADATA_NAME, REFERENCE_METADATA_TYPE)VALUES('4df3a23dc3284491b3df0aeb07a14b4e','WaterskiingFrequencyCd','FIELD','5a7ffcbfe09547a1a2add7327f0af9a7','Watercraft_Type','90030f3dd02843e3b982684d2bd6039d','Frequency','PRIMITIVE');
INSERT INTO PUBLIC.PRIMITIVE_METADATA (ID, NAME, METADATA_TYPE) VALUES('0cee22fb6ec049dd8a556769852760d9','Season','PRIMITIVE');
INSERT INTO PUBLIC.OBJECT_FIELD_METADATA (ID, NAME, METADATA_TYPE, PARENT_METADATA,PARENT_METADATA_NAME, REFERENCE_METADATA, REFERENCE_METADATA_NAME, REFERENCE_METADATA_TYPE)VALUES('7e9fde1663494bd79d83cd366bf16043','PrimarySeasonCd','FIELD','5a7ffcbfe09547a1a2add7327f0af9a7','Watercraft_Type','0cee22fb6ec049dd8a556769852760d9','Season','PRIMITIVE');
INSERT INTO PUBLIC.OBJECT_FIELD_METADATA (ID, NAME, METADATA_TYPE, PARENT_METADATA,PARENT_METADATA_NAME, REFERENCE_METADATA, REFERENCE_METADATA_NAME, REFERENCE_METADATA_TYPE)VALUES('22d0fc23a0ec40cb8fff01f2a707fdea','NumFullTimeCrew','FIELD','5a7ffcbfe09547a1a2add7327f0af9a7','Watercraft_Type','838cab4e48a54d0bb23ca5ea9db454ab','Long','PRIMITIVE');
INSERT INTO PUBLIC.OBJECT_METADATA (ID, NAME, METADATA_TYPE, REFERENCE_METADATA, REFERENCE_METADATA_NAME) VALUES('b6deb344033b486baf514a0c37524fbd','LayUpPeriod_Type','OBJECT',null,null);
INSERT INTO PUBLIC.PRIMITIVE_METADATA (ID, NAME, METADATA_TYPE) VALUES('7d86a9ae20454f1bbdfc5d3cdeacf812','LayUpType','PRIMITIVE');
INSERT INTO PUBLIC.OBJECT_FIELD_METADATA (ID, NAME, METADATA_TYPE, PARENT_METADATA,PARENT_METADATA_NAME, REFERENCE_METADATA, REFERENCE_METADATA_NAME, REFERENCE_METADATA_TYPE)VALUES('b706d045afa140bd8b62e8e2abc3f88c','LayUpTypeCd','FIELD','b6deb344033b486baf514a0c37524fbd','LayUpPeriod_Type','7d86a9ae20454f1bbdfc5d3cdeacf812','LayUpType','PRIMITIVE');
INSERT INTO PUBLIC.OBJECT_FIELD_METADATA (ID, NAME, METADATA_TYPE, PARENT_METADATA,PARENT_METADATA_NAME, REFERENCE_METADATA, REFERENCE_METADATA_NAME, REFERENCE_METADATA_TYPE)VALUES('4d44d9960fc0479fab72100607bcde8c','LayUpDuration','MODEL_RELATION','b6deb344033b486baf514a0c37524fbd','LayUpPeriod_Type','2ba28904532b44bfb94bb9bca9b86a8a','DURATION','OBJECT');
INSERT INTO PUBLIC.OBJECT_FIELD_METADATA (ID, NAME, METADATA_TYPE, PARENT_METADATA,PARENT_METADATA_NAME, REFERENCE_METADATA, REFERENCE_METADATA_NAME, REFERENCE_METADATA_TYPE)VALUES('d5ac5587b2a4456b96eee50c591d0818','LayUpPeriodExt','FIELD','b6deb344033b486baf514a0c37524fbd','LayUpPeriod_Type',null,null,null);
INSERT INTO PUBLIC.OBJECT_FIELD_METADATA (ID, NAME, METADATA_TYPE, PARENT_METADATA,PARENT_METADATA_NAME, REFERENCE_METADATA, REFERENCE_METADATA_NAME, REFERENCE_METADATA_TYPE)VALUES('1164eb089f404282975e3b5bb8a5766c','Addr','MODEL_RELATION','b6deb344033b486baf514a0c37524fbd','LayUpPeriod_Type','759d14d8f09b4177b35c09e2f3403b97','Addr_Type','OBJECT');
INSERT INTO PUBLIC.OBJECT_FIELD_METADATA (ID, NAME, METADATA_TYPE, PARENT_METADATA,PARENT_METADATA_NAME, REFERENCE_METADATA, REFERENCE_METADATA_NAME, REFERENCE_METADATA_TYPE)VALUES('ab21ca54c006437c8cfcab4a18ec7625','LayUpPeriod','MODEL_RELATION','5a7ffcbfe09547a1a2add7327f0af9a7','Watercraft_Type','b6deb344033b486baf514a0c37524fbd','LayUpPeriod_Type','OBJECT');
INSERT INTO PUBLIC.OBJECT_FIELD_METADATA (ID, NAME, METADATA_TYPE, PARENT_METADATA,PARENT_METADATA_NAME, REFERENCE_METADATA, REFERENCE_METADATA_NAME, REFERENCE_METADATA_TYPE)VALUES('8b4fa44447154519855875a82287e87a','SecondarySeasonCd','FIELD','5a7ffcbfe09547a1a2add7327f0af9a7','Watercraft_Type','0cee22fb6ec049dd8a556769852760d9','Season','PRIMITIVE');
INSERT INTO PUBLIC.OBJECT_FIELD_METADATA (ID, NAME, METADATA_TYPE, PARENT_METADATA,PARENT_METADATA_NAME, REFERENCE_METADATA, REFERENCE_METADATA_NAME, REFERENCE_METADATA_TYPE)VALUES('8ce34b31398a4a5d8f521483d8b93222','RacingFrequencyCd','FIELD','5a7ffcbfe09547a1a2add7327f0af9a7','Watercraft_Type','90030f3dd02843e3b982684d2bd6039d','Frequency','PRIMITIVE');
INSERT INTO PUBLIC.OBJECT_FIELD_METADATA (ID, NAME, METADATA_TYPE, PARENT_METADATA,PARENT_METADATA_NAME, REFERENCE_METADATA, REFERENCE_METADATA_NAME, REFERENCE_METADATA_TYPE)VALUES('58868132aabc443eabc89c66173d8b35','PresentValueAmt','MODEL_RELATION','5a7ffcbfe09547a1a2add7327f0af9a7','Watercraft_Type','4fa89203e94a4637baa0484d19b460c5','CURRENCY','OBJECT');
INSERT INTO PUBLIC.OBJECT_FIELD_METADATA (ID, NAME, METADATA_TYPE, PARENT_METADATA,PARENT_METADATA_NAME, REFERENCE_METADATA, REFERENCE_METADATA_NAME, REFERENCE_METADATA_TYPE)VALUES('dcf3577a5c5945bdb7dabb80b400e6a5','ItemIdInfo','MODEL_RELATION','5a7ffcbfe09547a1a2add7327f0af9a7','Watercraft_Type','ba3be0e0317741b08f872c1fca47ad8f','ItemIdInfo_Type','OBJECT');
INSERT INTO PUBLIC.OBJECT_FIELD_METADATA (ID, NAME, METADATA_TYPE, PARENT_METADATA,PARENT_METADATA_NAME, REFERENCE_METADATA, REFERENCE_METADATA_NAME, REFERENCE_METADATA_TYPE)VALUES('3c5a40cf90fc46288c0171c882a898a1','ResidenceEmployees','MODEL_RELATION','5a7ffcbfe09547a1a2add7327f0af9a7','Watercraft_Type','77b0a39519d840f5808f531b0a362541','ResidenceEmployees_Type','OBJECT');
INSERT INTO PUBLIC.PRIMITIVE_METADATA (ID, NAME, METADATA_TYPE) VALUES('92a0d8961a34437c9c33f98492cf7755','HullDesignType','PRIMITIVE');
INSERT INTO PUBLIC.OBJECT_FIELD_METADATA (ID, NAME, METADATA_TYPE, PARENT_METADATA,PARENT_METADATA_NAME, REFERENCE_METADATA, REFERENCE_METADATA_NAME, REFERENCE_METADATA_TYPE)VALUES('1f568efb587b4eb4b4320e499d5b8cc0','HullDesignTypeCd','FIELD','5a7ffcbfe09547a1a2add7327f0af9a7','Watercraft_Type','92a0d8961a34437c9c33f98492cf7755','HullDesignType','PRIMITIVE');
INSERT INTO PUBLIC.OBJECT_FIELD_METADATA (ID, NAME, METADATA_TYPE, PARENT_METADATA,PARENT_METADATA_NAME, REFERENCE_METADATA, REFERENCE_METADATA_NAME, REFERENCE_METADATA_TYPE)VALUES('625ea8b24cdb4e83b9db8b6516ff3072','NumOperatorsUnder21Yrs','FIELD','5a7ffcbfe09547a1a2add7327f0af9a7','Watercraft_Type','838cab4e48a54d0bb23ca5ea9db454ab','Long','PRIMITIVE');
INSERT INTO PUBLIC.OBJECT_FIELD_METADATA (ID, NAME, METADATA_TYPE, PARENT_METADATA,PARENT_METADATA_NAME, REFERENCE_METADATA, REFERENCE_METADATA_NAME, REFERENCE_METADATA_TYPE)VALUES('39ad739141d5430d91038bd46f553fbc','Link','MODEL_RELATION','5a7ffcbfe09547a1a2add7327f0af9a7','Watercraft_Type','366dc9a89db94de3b92abf43ef1bf084','Link_Type','OBJECT');
INSERT INTO PUBLIC.OBJECT_FIELD_METADATA (ID, NAME, METADATA_TYPE, PARENT_METADATA,PARENT_METADATA_NAME, REFERENCE_METADATA, REFERENCE_METADATA_NAME, REFERENCE_METADATA_TYPE)VALUES('0db0c71ba08d486f8ff183eebd597af9','RaceWatersNavigatedCd','FIELD','5a7ffcbfe09547a1a2add7327f0af9a7','Watercraft_Type','83498617a616421dbba08cac38017a81','WatersNavigated','PRIMITIVE');
INSERT INTO PUBLIC.OBJECT_FIELD_METADATA (ID, NAME, METADATA_TYPE, PARENT_METADATA,PARENT_METADATA_NAME, REFERENCE_METADATA, REFERENCE_METADATA_NAME, REFERENCE_METADATA_TYPE)VALUES('d6a1cf6cf5d643d2b1ae45f3dc7398ab','Watercraft','MODEL_RELATION','c70ab52e048c40d888476df6ccd11866','FarmLineBusiness_Type','5a7ffcbfe09547a1a2add7327f0af9a7','Watercraft_Type','OBJECT');
INSERT INTO PUBLIC.OBJECT_FIELD_METADATA (ID, NAME, METADATA_TYPE, PARENT_METADATA,PARENT_METADATA_NAME, REFERENCE_METADATA, REFERENCE_METADATA_NAME, REFERENCE_METADATA_TYPE)VALUES('f3d689ec6f174f848db9a647f3e34a5c','FarmLineBusinessExt','FIELD','c70ab52e048c40d888476df6ccd11866','FarmLineBusiness_Type',null,null,null);
INSERT INTO PUBLIC.OBJECT_FIELD_METADATA (ID, NAME, METADATA_TYPE, PARENT_METADATA,PARENT_METADATA_NAME, REFERENCE_METADATA, REFERENCE_METADATA_NAME, REFERENCE_METADATA_TYPE)VALUES('a3a5c6957aa84a29ab377e4edf367643','FarmLineBusiness','MODEL_RELATION','a8485aa8f7a7481b8828e638330f5291','Policy_Type','c70ab52e048c40d888476df6ccd11866','FarmLineBusiness_Type','MODEL');
INSERT INTO PUBLIC.OBJECT_METADATA (ID, NAME, METADATA_TYPE, REFERENCE_METADATA, REFERENCE_METADATA_NAME) VALUES('6898fc1f97c0444db27fbf6187ed87ca','PaymentHistoryInfo_Type','OBJECT',null,null);
INSERT INTO PUBLIC.OBJECT_FIELD_METADATA (ID, NAME, METADATA_TYPE, PARENT_METADATA,PARENT_METADATA_NAME, REFERENCE_METADATA, REFERENCE_METADATA_NAME, REFERENCE_METADATA_TYPE)VALUES('f34e94de72ef4047a282bd1f8f80529b','GoodPaymentHistoryInd','FIELD','6898fc1f97c0444db27fbf6187ed87ca','PaymentHistoryInfo_Type','4ffb0bcc3ec946d1af3ef883f4c3a4e6','Boolean','PRIMITIVE');
INSERT INTO PUBLIC.OBJECT_FIELD_METADATA (ID, NAME, METADATA_TYPE, PARENT_METADATA,PARENT_METADATA_NAME, REFERENCE_METADATA, REFERENCE_METADATA_NAME, REFERENCE_METADATA_TYPE)VALUES('13508f1e1dc44594922a40de5bd5a6c1','NumLatePayments','FIELD','6898fc1f97c0444db27fbf6187ed87ca','PaymentHistoryInfo_Type','838cab4e48a54d0bb23ca5ea9db454ab','Long','PRIMITIVE');
INSERT INTO PUBLIC.OBJECT_FIELD_METADATA (ID, NAME, METADATA_TYPE, PARENT_METADATA,PARENT_METADATA_NAME, REFERENCE_METADATA, REFERENCE_METADATA_NAME, REFERENCE_METADATA_TYPE)VALUES('5d5cf33aa2924aa191f70f6343a89219','DurationPeriod','MODEL_RELATION','6898fc1f97c0444db27fbf6187ed87ca','PaymentHistoryInfo_Type','1df1057b06734b019460d9f8fb0a43b0','MEASUREMENT','OBJECT');
INSERT INTO PUBLIC.OBJECT_FIELD_METADATA (ID, NAME, METADATA_TYPE, PARENT_METADATA,PARENT_METADATA_NAME, REFERENCE_METADATA, REFERENCE_METADATA_NAME, REFERENCE_METADATA_TYPE)VALUES('46ae6a1c8eab440b8783e721213c4779','NumCancRein','FIELD','6898fc1f97c0444db27fbf6187ed87ca','PaymentHistoryInfo_Type','838cab4e48a54d0bb23ca5ea9db454ab','Long','PRIMITIVE');
INSERT INTO PUBLIC.OBJECT_FIELD_METADATA (ID, NAME, METADATA_TYPE, PARENT_METADATA,PARENT_METADATA_NAME, REFERENCE_METADATA, REFERENCE_METADATA_NAME, REFERENCE_METADATA_TYPE)VALUES('178f0c9670bd44279123843bc7a46248','PaymentHistoryInfoExt','FIELD','6898fc1f97c0444db27fbf6187ed87ca','PaymentHistoryInfo_Type',null,null,null);
INSERT INTO PUBLIC.OBJECT_FIELD_METADATA (ID, NAME, METADATA_TYPE, PARENT_METADATA,PARENT_METADATA_NAME, REFERENCE_METADATA, REFERENCE_METADATA_NAME, REFERENCE_METADATA_TYPE)VALUES('b0c6688821ee453fabc1a071e1c2f35f','PaymentHistoryInfo','MODEL_RELATION','a8485aa8f7a7481b8828e638330f5291','Policy_Type','6898fc1f97c0444db27fbf6187ed87ca','PaymentHistoryInfo_Type','OBJECT');
INSERT INTO PUBLIC.OBJECT_FIELD_METADATA (ID, NAME, METADATA_TYPE, PARENT_METADATA,PARENT_METADATA_NAME, REFERENCE_METADATA, REFERENCE_METADATA_NAME, REFERENCE_METADATA_TYPE)VALUES('90e34e5532d1438d98928545bde58531','PolicyTermCd','FIELD','a8485aa8f7a7481b8828e638330f5291','Policy_Type','6240ce877a244a73a1253961131c6cc9','IndustryCode_Type','PRIMITIVE');
INSERT INTO PUBLIC.OBJECT_METADATA (ID, NAME, METADATA_TYPE, REFERENCE_METADATA, REFERENCE_METADATA_NAME) VALUES('43ab7402ae1c4f49882156ef287d87a2','DwellFireLineBusiness_Type','MODEL',null,null);
INSERT INTO PUBLIC.OBJECT_FIELD_METADATA (ID, NAME, METADATA_TYPE, PARENT_METADATA,PARENT_METADATA_NAME, REFERENCE_METADATA, REFERENCE_METADATA_NAME, REFERENCE_METADATA_TYPE)VALUES('ca14d9c9af14488cb7e5c9264c3c3a86','WrittenAmt','MODEL_RELATION','43ab7402ae1c4f49882156ef287d87a2','DwellFireLineBusiness_Type','4fa89203e94a4637baa0484d19b460c5','CURRENCY','OBJECT');
INSERT INTO PUBLIC.OBJECT_FIELD_METADATA (ID, NAME, METADATA_TYPE, PARENT_METADATA,PARENT_METADATA_NAME, REFERENCE_METADATA, REFERENCE_METADATA_NAME, REFERENCE_METADATA_TYPE)VALUES('0222d93bda6a4289845b4b1baf7bde16','AdditionalInterest','MODEL_RELATION','43ab7402ae1c4f49882156ef287d87a2','DwellFireLineBusiness_Type','23a83d5912a54d0ca9b4669826684442','AdditionalInterest_Type','OBJECT');
INSERT INTO PUBLIC.OBJECT_FIELD_METADATA (ID, NAME, METADATA_TYPE, PARENT_METADATA,PARENT_METADATA_NAME, REFERENCE_METADATA, REFERENCE_METADATA_NAME, REFERENCE_METADATA_TYPE)VALUES('87ef91166bf84ddd8acd97e89fe8cc8f','AuditInfo','MODEL_RELATION','43ab7402ae1c4f49882156ef287d87a2','DwellFireLineBusiness_Type','cafd893cc1ec4101a8df78b1c1a8c82e','AuditInfo_Type','OBJECT');
INSERT INTO PUBLIC.OBJECT_FIELD_METADATA (ID, NAME, METADATA_TYPE, PARENT_METADATA,PARENT_METADATA_NAME, REFERENCE_METADATA, REFERENCE_METADATA_NAME, REFERENCE_METADATA_TYPE)VALUES('cb0ff5b190a940d4b2d7c7ddce06eacc','MinPremInd','FIELD','43ab7402ae1c4f49882156ef287d87a2','DwellFireLineBusiness_Type','4ffb0bcc3ec946d1af3ef883f4c3a4e6','Boolean','PRIMITIVE');
INSERT INTO PUBLIC.OBJECT_FIELD_METADATA (ID, NAME, METADATA_TYPE, PARENT_METADATA,PARENT_METADATA_NAME, REFERENCE_METADATA, REFERENCE_METADATA_NAME, REFERENCE_METADATA_TYPE)VALUES('b27554ab0ad64a299d0a79c879afce41','Dwell','MODEL_RELATION','43ab7402ae1c4f49882156ef287d87a2','DwellFireLineBusiness_Type','4e26027ebc964bf2b9794c16adccd3cf','Dwell_Type','OBJECT');
INSERT INTO PUBLIC.OBJECT_FIELD_METADATA (ID, NAME, METADATA_TYPE, PARENT_METADATA,PARENT_METADATA_NAME, REFERENCE_METADATA, REFERENCE_METADATA_NAME, REFERENCE_METADATA_TYPE)VALUES('6597d3fe8fe34f2bbc79c525566bc229','HazardGradeInfo','MODEL_RELATION','43ab7402ae1c4f49882156ef287d87a2','DwellFireLineBusiness_Type','27cb6123ae2a4e5da40275f0c5716a86','HazardGradeInfo_Type','OBJECT');
INSERT INTO PUBLIC.OBJECT_FIELD_METADATA (ID, NAME, METADATA_TYPE, PARENT_METADATA,PARENT_METADATA_NAME, REFERENCE_METADATA, REFERENCE_METADATA_NAME, REFERENCE_METADATA_TYPE)VALUES('5eff2c801b3c41b38fe4b5e9b1e03b48','NetChangeAmt','MODEL_RELATION','43ab7402ae1c4f49882156ef287d87a2','DwellFireLineBusiness_Type','4fa89203e94a4637baa0484d19b460c5','CURRENCY','OBJECT');
INSERT INTO PUBLIC.OBJECT_FIELD_METADATA (ID, NAME, METADATA_TYPE, PARENT_METADATA,PARENT_METADATA_NAME, REFERENCE_METADATA, REFERENCE_METADATA_NAME, REFERENCE_METADATA_TYPE)VALUES('425caf7f2b58410b9fc2cb4e4e31b9b7','MinPremAmt','MODEL_RELATION','43ab7402ae1c4f49882156ef287d87a2','DwellFireLineBusiness_Type','4fa89203e94a4637baa0484d19b460c5','CURRENCY','OBJECT');
INSERT INTO PUBLIC.OBJECT_FIELD_METADATA (ID, NAME, METADATA_TYPE, PARENT_METADATA,PARENT_METADATA_NAME, REFERENCE_METADATA, REFERENCE_METADATA_NAME, REFERENCE_METADATA_TYPE)VALUES('d4167e94f9a341a0852c96e746dcf42d','Coverage','MODEL_RELATION','43ab7402ae1c4f49882156ef287d87a2','DwellFireLineBusiness_Type','d0675b4bbe674c1fa08297c27c3cb675','Coverage_Type','OBJECT');
INSERT INTO PUBLIC.OBJECT_FIELD_METADATA (ID, NAME, METADATA_TYPE, PARENT_METADATA,PARENT_METADATA_NAME, REFERENCE_METADATA, REFERENCE_METADATA_NAME, REFERENCE_METADATA_TYPE)VALUES('93b7dd45a7f84c0c9849207e56512979','CurrentTermAmt','MODEL_RELATION','43ab7402ae1c4f49882156ef287d87a2','DwellFireLineBusiness_Type','4fa89203e94a4637baa0484d19b460c5','CURRENCY','OBJECT');
INSERT INTO PUBLIC.OBJECT_METADATA (ID, NAME, METADATA_TYPE, REFERENCE_METADATA, REFERENCE_METADATA_NAME) VALUES('87c4be22636a4952859aaf41974fac07','ResidenceBusiness_Type','OBJECT',null,null);
INSERT INTO PUBLIC.OBJECT_FIELD_METADATA (ID, NAME, METADATA_TYPE, PARENT_METADATA,PARENT_METADATA_NAME, REFERENCE_METADATA, REFERENCE_METADATA_NAME, REFERENCE_METADATA_TYPE)VALUES('53ce2bbf19d140038343993b5849e353','ClassCd','FIELD','87c4be22636a4952859aaf41974fac07','ResidenceBusiness_Type','6240ce877a244a73a1253961131c6cc9','IndustryCode_Type','PRIMITIVE');
INSERT INTO PUBLIC.OBJECT_FIELD_METADATA (ID, NAME, METADATA_TYPE, PARENT_METADATA,PARENT_METADATA_NAME, REFERENCE_METADATA, REFERENCE_METADATA_NAME, REFERENCE_METADATA_TYPE)VALUES('5cef398c2f514bd09ed1b3f594eb944c','BusinessHoursStartTime','FIELD','87c4be22636a4952859aaf41974fac07','ResidenceBusiness_Type','51d491822772403b96d2277d75c8912f','Time','PRIMITIVE');
INSERT INTO PUBLIC.OBJECT_FIELD_METADATA (ID, NAME, METADATA_TYPE, PARENT_METADATA,PARENT_METADATA_NAME, REFERENCE_METADATA, REFERENCE_METADATA_NAME, REFERENCE_METADATA_TYPE)VALUES('098a4f8977cf4fc685468c5607df5f4f','AnnualSalesAmt','MODEL_RELATION','87c4be22636a4952859aaf41974fac07','ResidenceBusiness_Type','4fa89203e94a4637baa0484d19b460c5','CURRENCY','OBJECT');
INSERT INTO PUBLIC.OBJECT_FIELD_METADATA (ID, NAME, METADATA_TYPE, PARENT_METADATA,PARENT_METADATA_NAME, REFERENCE_METADATA, REFERENCE_METADATA_NAME, REFERENCE_METADATA_TYPE)VALUES('1be77e245e8142a3b228a92e763da29a','TotalPayrollAmt','MODEL_RELATION','87c4be22636a4952859aaf41974fac07','ResidenceBusiness_Type','4fa89203e94a4637baa0484d19b460c5','CURRENCY','OBJECT');
INSERT INTO PUBLIC.OBJECT_FIELD_METADATA (ID, NAME, METADATA_TYPE, PARENT_METADATA,PARENT_METADATA_NAME, REFERENCE_METADATA, REFERENCE_METADATA_NAME, REFERENCE_METADATA_TYPE)VALUES('80f6adbdbb9b40b4843d519be4904c01','CoverageAvailable','MODEL_RELATION','87c4be22636a4952859aaf41974fac07','ResidenceBusiness_Type','d0675b4bbe674c1fa08297c27c3cb675','Coverage_Type','OBJECT');
INSERT INTO PUBLIC.OBJECT_FIELD_METADATA (ID, NAME, METADATA_TYPE, PARENT_METADATA,PARENT_METADATA_NAME, REFERENCE_METADATA, REFERENCE_METADATA_NAME, REFERENCE_METADATA_TYPE)VALUES('6cfbd230f8514adbb6013c6e97f0e911','NAICSCd','FIELD','87c4be22636a4952859aaf41974fac07','ResidenceBusiness_Type','6240ce877a244a73a1253961131c6cc9','IndustryCode_Type','PRIMITIVE');
INSERT INTO PUBLIC.OBJECT_FIELD_METADATA (ID, NAME, METADATA_TYPE, PARENT_METADATA,PARENT_METADATA_NAME, REFERENCE_METADATA, REFERENCE_METADATA_NAME, REFERENCE_METADATA_TYPE)VALUES('c483a9651bc84a6cbaccb1062189643a','GeneralLiabilityCd','FIELD','87c4be22636a4952859aaf41974fac07','ResidenceBusiness_Type','6240ce877a244a73a1253961131c6cc9','IndustryCode_Type','PRIMITIVE');
INSERT INTO PUBLIC.OBJECT_FIELD_METADATA (ID, NAME, METADATA_TYPE, PARENT_METADATA,PARENT_METADATA_NAME, REFERENCE_METADATA, REFERENCE_METADATA_NAME, REFERENCE_METADATA_TYPE)VALUES('5e6e0a00409649859af2b9e42220f5db','NumEmployeesPartTime','FIELD','87c4be22636a4952859aaf41974fac07','ResidenceBusiness_Type','838cab4e48a54d0bb23ca5ea9db454ab','Long','PRIMITIVE');
INSERT INTO PUBLIC.OBJECT_FIELD_METADATA (ID, NAME, METADATA_TYPE, PARENT_METADATA,PARENT_METADATA_NAME, REFERENCE_METADATA, REFERENCE_METADATA_NAME, REFERENCE_METADATA_TYPE)VALUES('420dfcfba48c440ea531c1336bf35cc8','NumLosses','FIELD','87c4be22636a4952859aaf41974fac07','ResidenceBusiness_Type','838cab4e48a54d0bb23ca5ea9db454ab','Long','PRIMITIVE');
INSERT INTO PUBLIC.OBJECT_FIELD_METADATA (ID, NAME, METADATA_TYPE, PARENT_METADATA,PARENT_METADATA_NAME, REFERENCE_METADATA, REFERENCE_METADATA_NAME, REFERENCE_METADATA_TYPE)VALUES('b230a5dfd53c436c95b40ee59ae08d64','LegalEntityCd','FIELD','87c4be22636a4952859aaf41974fac07','ResidenceBusiness_Type','25eebd863f184232be4964a29df98a0b','LegalEntity','PRIMITIVE');
INSERT INTO PUBLIC.OBJECT_FIELD_METADATA (ID, NAME, METADATA_TYPE, PARENT_METADATA,PARENT_METADATA_NAME, REFERENCE_METADATA, REFERENCE_METADATA_NAME, REFERENCE_METADATA_TYPE)VALUES('870a6d60d5974ef9b550f3d3a05a0063','TaxIdentity','MODEL_RELATION','87c4be22636a4952859aaf41974fac07','ResidenceBusiness_Type','5ba9c8641c274c3f91d28581717e39a2','TaxIdentity_Type','OBJECT');
INSERT INTO PUBLIC.OBJECT_FIELD_METADATA (ID, NAME, METADATA_TYPE, PARENT_METADATA,PARENT_METADATA_NAME, REFERENCE_METADATA, REFERENCE_METADATA_NAME, REFERENCE_METADATA_TYPE)VALUES('5dd0f8f4595e413c8bb2658f86420bdc','QuestionAnswer','MODEL_RELATION','87c4be22636a4952859aaf41974fac07','ResidenceBusiness_Type','152fefd4f3054b68b490c1af5c9c284c','QuestionAnswer_Type','OBJECT');
INSERT INTO PUBLIC.OBJECT_FIELD_METADATA (ID, NAME, METADATA_TYPE, PARENT_METADATA,PARENT_METADATA_NAME, REFERENCE_METADATA, REFERENCE_METADATA_NAME, REFERENCE_METADATA_TYPE)VALUES('b64890873aa241248db598236d518122','AdditionalInterest','MODEL_RELATION','87c4be22636a4952859aaf41974fac07','ResidenceBusiness_Type','23a83d5912a54d0ca9b4669826684442','AdditionalInterest_Type','OBJECT');
INSERT INTO PUBLIC.OBJECT_FIELD_METADATA (ID, NAME, METADATA_TYPE, PARENT_METADATA,PARENT_METADATA_NAME, REFERENCE_METADATA, REFERENCE_METADATA_NAME, REFERENCE_METADATA_TYPE)VALUES('e43ff78190b4492e9f4d4c7be786569b','BusinessArea','MODEL_RELATION','87c4be22636a4952859aaf41974fac07','ResidenceBusiness_Type','1df1057b06734b019460d9f8fb0a43b0','MEASUREMENT','OBJECT');
INSERT INTO PUBLIC.OBJECT_FIELD_METADATA (ID, NAME, METADATA_TYPE, PARENT_METADATA,PARENT_METADATA_NAME, REFERENCE_METADATA, REFERENCE_METADATA_NAME, REFERENCE_METADATA_TYPE)VALUES('1d26e60b588646e3a3c72ccb64bd52d1','Coverage','MODEL_RELATION','87c4be22636a4952859aaf41974fac07','ResidenceBusiness_Type','d0675b4bbe674c1fa08297c27c3cb675','Coverage_Type','OBJECT');
INSERT INTO PUBLIC.OBJECT_FIELD_METADATA (ID, NAME, METADATA_TYPE, PARENT_METADATA,PARENT_METADATA_NAME, REFERENCE_METADATA, REFERENCE_METADATA_NAME, REFERENCE_METADATA_TYPE)VALUES('3caed741c5784ec7a39805d53a513e2b','NumLossesYrs','FIELD','87c4be22636a4952859aaf41974fac07','ResidenceBusiness_Type','838cab4e48a54d0bb23ca5ea9db454ab','Long','PRIMITIVE');
INSERT INTO PUBLIC.OBJECT_FIELD_METADATA (ID, NAME, METADATA_TYPE, PARENT_METADATA,PARENT_METADATA_NAME, REFERENCE_METADATA, REFERENCE_METADATA_NAME, REFERENCE_METADATA_TYPE)VALUES('42fec5465eef40e4af862cfb7b09a5dc','SupplementaryNameInfo','MODEL_RELATION','87c4be22636a4952859aaf41974fac07','ResidenceBusiness_Type','7be78e2f05ea4f07b532a39aa3eeb99d','SupplementaryNameInfo_Type','OBJECT');
INSERT INTO PUBLIC.OBJECT_FIELD_METADATA (ID, NAME, METADATA_TYPE, PARENT_METADATA,PARENT_METADATA_NAME, REFERENCE_METADATA, REFERENCE_METADATA_NAME, REFERENCE_METADATA_TYPE)VALUES('52e1f809c74c41e4a54af658a28f8ebd','NumEmployeesFullTime','FIELD','87c4be22636a4952859aaf41974fac07','ResidenceBusiness_Type','838cab4e48a54d0bb23ca5ea9db454ab','Long','PRIMITIVE');
INSERT INTO PUBLIC.OBJECT_FIELD_METADATA (ID, NAME, METADATA_TYPE, PARENT_METADATA,PARENT_METADATA_NAME, REFERENCE_METADATA, REFERENCE_METADATA_NAME, REFERENCE_METADATA_TYPE)VALUES('93e840c983e241e1b26d9d3cd0cba28f','ResidenceBusinessExt','FIELD','87c4be22636a4952859aaf41974fac07','ResidenceBusiness_Type',null,null,null);
INSERT INTO PUBLIC.OBJECT_FIELD_METADATA (ID, NAME, METADATA_TYPE, PARENT_METADATA,PARENT_METADATA_NAME, REFERENCE_METADATA, REFERENCE_METADATA_NAME, REFERENCE_METADATA_TYPE)VALUES('5271bcdff6704f6cafb79225c6ba1530','NatureBusinessCd','FIELD','87c4be22636a4952859aaf41974fac07','ResidenceBusiness_Type','a07a536c272c4ea1934fc7fd560836c1','NatureOfBusiness','PRIMITIVE');
INSERT INTO PUBLIC.OBJECT_FIELD_METADATA (ID, NAME, METADATA_TYPE, PARENT_METADATA,PARENT_METADATA_NAME, REFERENCE_METADATA, REFERENCE_METADATA_NAME, REFERENCE_METADATA_TYPE)VALUES('a8e52f1472d74de58fc4693027b2b5e6','NumVisitors','FIELD','87c4be22636a4952859aaf41974fac07','ResidenceBusiness_Type','838cab4e48a54d0bb23ca5ea9db454ab','Long','PRIMITIVE');
INSERT INTO PUBLIC.OBJECT_FIELD_METADATA (ID, NAME, METADATA_TYPE, PARENT_METADATA,PARENT_METADATA_NAME, REFERENCE_METADATA, REFERENCE_METADATA_NAME, REFERENCE_METADATA_TYPE)VALUES('96a776bea29840ae8ac34d2d686e278a','ItemIdInfo','MODEL_RELATION','87c4be22636a4952859aaf41974fac07','ResidenceBusiness_Type','ba3be0e0317741b08f872c1fca47ad8f','ItemIdInfo_Type','OBJECT');
INSERT INTO PUBLIC.OBJECT_FIELD_METADATA (ID, NAME, METADATA_TYPE, PARENT_METADATA,PARENT_METADATA_NAME, REFERENCE_METADATA, REFERENCE_METADATA_NAME, REFERENCE_METADATA_TYPE)VALUES('9cc5d51f516747879f0c39db8404a0cf','BusinessDesc','FIELD','87c4be22636a4952859aaf41974fac07','ResidenceBusiness_Type','2344631100044813a5126adcfb93e80d','C-255','PRIMITIVE');
INSERT INTO PUBLIC.OBJECT_FIELD_METADATA (ID, NAME, METADATA_TYPE, PARENT_METADATA,PARENT_METADATA_NAME, REFERENCE_METADATA, REFERENCE_METADATA_NAME, REFERENCE_METADATA_TYPE)VALUES('9fb710599b8c4d0aa2fcd9de6b3a7438','BusinessStartDt','FIELD','87c4be22636a4952859aaf41974fac07','ResidenceBusiness_Type','3b0a2ca6cf3a4fb19718e35aa60287cd','Date','PRIMITIVE');
INSERT INTO PUBLIC.OBJECT_FIELD_METADATA (ID, NAME, METADATA_TYPE, PARENT_METADATA,PARENT_METADATA_NAME, REFERENCE_METADATA, REFERENCE_METADATA_NAME, REFERENCE_METADATA_TYPE)VALUES('d1b07ab71fe7445aad9c3ce28cce8982','Link','MODEL_RELATION','87c4be22636a4952859aaf41974fac07','ResidenceBusiness_Type','366dc9a89db94de3b92abf43ef1bf084','Link_Type','OBJECT');
INSERT INTO PUBLIC.OBJECT_FIELD_METADATA (ID, NAME, METADATA_TYPE, PARENT_METADATA,PARENT_METADATA_NAME, REFERENCE_METADATA, REFERENCE_METADATA_NAME, REFERENCE_METADATA_TYPE)VALUES('5044ec20129c473cb10c270e397e8f0d','BusinessHoursCloseTime','FIELD','87c4be22636a4952859aaf41974fac07','ResidenceBusiness_Type','51d491822772403b96d2277d75c8912f','Time','PRIMITIVE');
INSERT INTO PUBLIC.OBJECT_FIELD_METADATA (ID, NAME, METADATA_TYPE, PARENT_METADATA,PARENT_METADATA_NAME, REFERENCE_METADATA, REFERENCE_METADATA_NAME, REFERENCE_METADATA_TYPE)VALUES('9fd6132865a94b619f9b1717029e02be','ResidenceBusiness','MODEL_RELATION','43ab7402ae1c4f49882156ef287d87a2','DwellFireLineBusiness_Type','87c4be22636a4952859aaf41974fac07','ResidenceBusiness_Type','OBJECT');
INSERT INTO PUBLIC.OBJECT_FIELD_METADATA (ID, NAME, METADATA_TYPE, PARENT_METADATA,PARENT_METADATA_NAME, REFERENCE_METADATA, REFERENCE_METADATA_NAME, REFERENCE_METADATA_TYPE)VALUES('dfa81ef5d32e42be8b0e78a2657e5cea','CompanyProductCd','FIELD','43ab7402ae1c4f49882156ef287d87a2','DwellFireLineBusiness_Type','6240ce877a244a73a1253961131c6cc9','IndustryCode_Type','PRIMITIVE');
INSERT INTO PUBLIC.OBJECT_FIELD_METADATA (ID, NAME, METADATA_TYPE, PARENT_METADATA,PARENT_METADATA_NAME, REFERENCE_METADATA, REFERENCE_METADATA_NAME, REFERENCE_METADATA_TYPE)VALUES('cc089421d4ed4a2d941640ad93894855','PMACd','FIELD','43ab7402ae1c4f49882156ef287d87a2','DwellFireLineBusiness_Type','6240ce877a244a73a1253961131c6cc9','IndustryCode_Type','PRIMITIVE');
INSERT INTO PUBLIC.OBJECT_FIELD_METADATA (ID, NAME, METADATA_TYPE, PARENT_METADATA,PARENT_METADATA_NAME, REFERENCE_METADATA, REFERENCE_METADATA_NAME, REFERENCE_METADATA_TYPE)VALUES('2465f3aac5ca4bb6914fe032a9cc77b2','LOBSubCd','FIELD','43ab7402ae1c4f49882156ef287d87a2','DwellFireLineBusiness_Type','8376159ebcf44685b36391928a67e333','LineOfBusinessSubCode','PRIMITIVE');
INSERT INTO PUBLIC.OBJECT_FIELD_METADATA (ID, NAME, METADATA_TYPE, PARENT_METADATA,PARENT_METADATA_NAME, REFERENCE_METADATA, REFERENCE_METADATA_NAME, REFERENCE_METADATA_TYPE)VALUES('6aff5f076f3449b2a647b4062edf82a5','GroupId','FIELD','43ab7402ae1c4f49882156ef287d87a2','DwellFireLineBusiness_Type','3da4bbbc6bf44d5f941e647b8e8408dc','AssignedIdentifier','PRIMITIVE');
INSERT INTO PUBLIC.OBJECT_FIELD_METADATA (ID, NAME, METADATA_TYPE, PARENT_METADATA,PARENT_METADATA_NAME, REFERENCE_METADATA, REFERENCE_METADATA_NAME, REFERENCE_METADATA_TYPE)VALUES('971492e036614542a3592c07dd553c0a','CoverageAvailable','MODEL_RELATION','43ab7402ae1c4f49882156ef287d87a2','DwellFireLineBusiness_Type','d0675b4bbe674c1fa08297c27c3cb675','Coverage_Type','OBJECT');
INSERT INTO PUBLIC.OBJECT_FIELD_METADATA (ID, NAME, METADATA_TYPE, PARENT_METADATA,PARENT_METADATA_NAME, REFERENCE_METADATA, REFERENCE_METADATA_NAME, REFERENCE_METADATA_TYPE)VALUES('a73ae628e9a745d3a0da510fb336ed02','DwellFireLineBusinessExt','FIELD','43ab7402ae1c4f49882156ef287d87a2','DwellFireLineBusiness_Type',null,null,null);
INSERT INTO PUBLIC.OBJECT_FIELD_METADATA (ID, NAME, METADATA_TYPE, PARENT_METADATA,PARENT_METADATA_NAME, REFERENCE_METADATA, REFERENCE_METADATA_NAME, REFERENCE_METADATA_TYPE)VALUES('0d11b92d170f4a7896593512f98d4181','LOBCd','FIELD','43ab7402ae1c4f49882156ef287d87a2','DwellFireLineBusiness_Type','3b75decf3cfc42c496d4405220659cf0','LineOfBusiness','PRIMITIVE');
INSERT INTO PUBLIC.OBJECT_FIELD_METADATA (ID, NAME, METADATA_TYPE, PARENT_METADATA,PARENT_METADATA_NAME, REFERENCE_METADATA, REFERENCE_METADATA_NAME, REFERENCE_METADATA_TYPE)VALUES('c6d2026c8a4f466493af0fbf97b07c76','HazardGradeCd','FIELD','43ab7402ae1c4f49882156ef287d87a2','DwellFireLineBusiness_Type','6240ce877a244a73a1253961131c6cc9','IndustryCode_Type','PRIMITIVE');
INSERT INTO PUBLIC.OBJECT_FIELD_METADATA (ID, NAME, METADATA_TYPE, PARENT_METADATA,PARENT_METADATA_NAME, REFERENCE_METADATA, REFERENCE_METADATA_NAME, REFERENCE_METADATA_TYPE)VALUES('a88ed0bfb7984f80b25ae934c12166a8','RateEffectiveDt','FIELD','43ab7402ae1c4f49882156ef287d87a2','DwellFireLineBusiness_Type','3b0a2ca6cf3a4fb19718e35aa60287cd','Date','PRIMITIVE');
INSERT INTO PUBLIC.OBJECT_FIELD_METADATA (ID, NAME, METADATA_TYPE, PARENT_METADATA,PARENT_METADATA_NAME, REFERENCE_METADATA, REFERENCE_METADATA_NAME, REFERENCE_METADATA_TYPE)VALUES('f2c12e60e9a041809c4836409dbe649c','Watercraft','MODEL_RELATION','43ab7402ae1c4f49882156ef287d87a2','DwellFireLineBusiness_Type','5a7ffcbfe09547a1a2add7327f0af9a7','Watercraft_Type','OBJECT');
INSERT INTO PUBLIC.OBJECT_FIELD_METADATA (ID, NAME, METADATA_TYPE, PARENT_METADATA,PARENT_METADATA_NAME, REFERENCE_METADATA, REFERENCE_METADATA_NAME, REFERENCE_METADATA_TYPE)VALUES('3562e2c6cdc94b1fb79ca7b9b6524bc3','QuestionAnswer','MODEL_RELATION','43ab7402ae1c4f49882156ef287d87a2','DwellFireLineBusiness_Type','152fefd4f3054b68b490c1af5c9c284c','QuestionAnswer_Type','OBJECT');
INSERT INTO PUBLIC.OBJECT_FIELD_METADATA (ID, NAME, METADATA_TYPE, PARENT_METADATA,PARENT_METADATA_NAME, REFERENCE_METADATA, REFERENCE_METADATA_NAME, REFERENCE_METADATA_TYPE)VALUES('a3cf2a7fc5324d7f9a53117562a3e05f','NAICCd','FIELD','43ab7402ae1c4f49882156ef287d87a2','DwellFireLineBusiness_Type','6240ce877a244a73a1253961131c6cc9','IndustryCode_Type','PRIMITIVE');
INSERT INTO PUBLIC.OBJECT_FIELD_METADATA (ID, NAME, METADATA_TYPE, PARENT_METADATA,PARENT_METADATA_NAME, REFERENCE_METADATA, REFERENCE_METADATA_NAME, REFERENCE_METADATA_TYPE)VALUES('cfe3e1a03f3e4e1d83fa498765a79f5f','DwellFireLineBusiness','MODEL_RELATION','a8485aa8f7a7481b8828e638330f5291','Policy_Type','43ab7402ae1c4f49882156ef287d87a2','DwellFireLineBusiness_Type','MODEL');
INSERT INTO PUBLIC.OBJECT_FIELD_METADATA (ID, NAME, METADATA_TYPE, PARENT_METADATA,PARENT_METADATA_NAME, REFERENCE_METADATA, REFERENCE_METADATA_NAME, REFERENCE_METADATA_TYPE)VALUES('db849932f80e4f2ab137176f0d814dfa','PolicyNumber','FIELD','a8485aa8f7a7481b8828e638330f5291','Policy_Type','3869bfeb4b5f47c0b4e159b3cfde6d71','C-25','PRIMITIVE');
INSERT INTO PUBLIC.OBJECT_FIELD_METADATA (ID, NAME, METADATA_TYPE, PARENT_METADATA,PARENT_METADATA_NAME, REFERENCE_METADATA, REFERENCE_METADATA_NAME, REFERENCE_METADATA_TYPE)VALUES('42628ba25ad54c50930894f55eabdbd6','RenewalPayorCd','FIELD','a8485aa8f7a7481b8828e638330f5291','Policy_Type','502324f931bf4f5eaca56f7f80f355c0','Payor','PRIMITIVE');
INSERT INTO PUBLIC.OBJECT_METADATA (ID, NAME, METADATA_TYPE, REFERENCE_METADATA, REFERENCE_METADATA_NAME) VALUES('b872d425ec6a42a4970aebd8984f3d38','LocationUWInfo_Type','OBJECT',null,null);
INSERT INTO PUBLIC.OBJECT_FIELD_METADATA (ID, NAME, METADATA_TYPE, PARENT_METADATA,PARENT_METADATA_NAME, REFERENCE_METADATA, REFERENCE_METADATA_NAME, REFERENCE_METADATA_TYPE)VALUES('8b887d23ca5643b4ad9624a903edb2b6','GrossReceipts','MODEL_RELATION','b872d425ec6a42a4970aebd8984f3d38','LocationUWInfo_Type','fb9da0a4eea447c6a769d5cd2129c017','GrossReceipts_Type','OBJECT');
INSERT INTO PUBLIC.OBJECT_FIELD_METADATA (ID, NAME, METADATA_TYPE, PARENT_METADATA,PARENT_METADATA_NAME, REFERENCE_METADATA, REFERENCE_METADATA_NAME, REFERENCE_METADATA_TYPE)VALUES('8330f3ee449642a48161973f10d3b735','ExposureInfo','MODEL_RELATION','b872d425ec6a42a4970aebd8984f3d38','LocationUWInfo_Type','d2af9d5366414e609acfaad3e91bda61','ExposureInfo_Type','OBJECT');
INSERT INTO PUBLIC.OBJECT_FIELD_METADATA (ID, NAME, METADATA_TYPE, PARENT_METADATA,PARENT_METADATA_NAME, REFERENCE_METADATA, REFERENCE_METADATA_NAME, REFERENCE_METADATA_TYPE)VALUES('5f99707d3c484bf2a8117a5a33ee4763','DeathDt','FIELD','b872d425ec6a42a4970aebd8984f3d38','LocationUWInfo_Type','3b0a2ca6cf3a4fb19718e35aa60287cd','Date','PRIMITIVE');
INSERT INTO PUBLIC.OBJECT_FIELD_METADATA (ID, NAME, METADATA_TYPE, PARENT_METADATA,PARENT_METADATA_NAME, REFERENCE_METADATA, REFERENCE_METADATA_NAME, REFERENCE_METADATA_TYPE)VALUES('1c5564056c5042208f85377603949ebe','TerritoryCd','FIELD','b872d425ec6a42a4970aebd8984f3d38','LocationUWInfo_Type','6240ce877a244a73a1253961131c6cc9','IndustryCode_Type','PRIMITIVE');
INSERT INTO PUBLIC.OBJECT_METADATA (ID, NAME, METADATA_TYPE, REFERENCE_METADATA, REFERENCE_METADATA_NAME) VALUES('ed31ab8701034507a6adbec7dd68126f','AmusementDevicesInfo_Type','OBJECT',null,null);
INSERT INTO PUBLIC.OBJECT_FIELD_METADATA (ID, NAME, METADATA_TYPE, PARENT_METADATA,PARENT_METADATA_NAME, REFERENCE_METADATA, REFERENCE_METADATA_NAME, REFERENCE_METADATA_TYPE)VALUES('358f2c565047480a8d9209ee025d10b8','AmusementDevicesInfoExt','FIELD','ed31ab8701034507a6adbec7dd68126f','AmusementDevicesInfo_Type',null,null,null);
INSERT INTO PUBLIC.OBJECT_FIELD_METADATA (ID, NAME, METADATA_TYPE, PARENT_METADATA,PARENT_METADATA_NAME, REFERENCE_METADATA, REFERENCE_METADATA_NAME, REFERENCE_METADATA_TYPE)VALUES('acdf013aec5d46549ac37ea8b10fa90e','Description','FIELD','ed31ab8701034507a6adbec7dd68126f','AmusementDevicesInfo_Type','2344631100044813a5126adcfb93e80d','C-255','PRIMITIVE');
INSERT INTO PUBLIC.PRIMITIVE_METADATA (ID, NAME, METADATA_TYPE) VALUES('a07ae0af6f4f4c5e9260e15038af83b3','AmusementDevice','PRIMITIVE');
INSERT INTO PUBLIC.OBJECT_FIELD_METADATA (ID, NAME, METADATA_TYPE, PARENT_METADATA,PARENT_METADATA_NAME, REFERENCE_METADATA, REFERENCE_METADATA_NAME, REFERENCE_METADATA_TYPE)VALUES('8e17d1f4c08b4c4190b823e09c0ba6bb','AmusementDeviceCd','FIELD','ed31ab8701034507a6adbec7dd68126f','AmusementDevicesInfo_Type','a07ae0af6f4f4c5e9260e15038af83b3','AmusementDevice','PRIMITIVE');
INSERT INTO PUBLIC.OBJECT_FIELD_METADATA (ID, NAME, METADATA_TYPE, PARENT_METADATA,PARENT_METADATA_NAME, REFERENCE_METADATA, REFERENCE_METADATA_NAME, REFERENCE_METADATA_TYPE)VALUES('8ac3e078bfb54afeaae21d73c570b24f','NumUnits','FIELD','ed31ab8701034507a6adbec7dd68126f','AmusementDevicesInfo_Type','c896845db6f640c6bf65093333a64c69','Decimal','PRIMITIVE');
INSERT INTO PUBLIC.OBJECT_FIELD_METADATA (ID, NAME, METADATA_TYPE, PARENT_METADATA,PARENT_METADATA_NAME, REFERENCE_METADATA, REFERENCE_METADATA_NAME, REFERENCE_METADATA_TYPE)VALUES('c9428e00c28644078c68e0c292bc044e','AmusementDevicesInfo','MODEL_RELATION','b872d425ec6a42a4970aebd8984f3d38','LocationUWInfo_Type','ed31ab8701034507a6adbec7dd68126f','AmusementDevicesInfo_Type','OBJECT');
INSERT INTO PUBLIC.OBJECT_FIELD_METADATA (ID, NAME, METADATA_TYPE, PARENT_METADATA,PARENT_METADATA_NAME, REFERENCE_METADATA, REFERENCE_METADATA_NAME, REFERENCE_METADATA_TYPE)VALUES('6b58b77ce59f451599a0edb95a24bada','TotalInsuredAmt','MODEL_RELATION','b872d425ec6a42a4970aebd8984f3d38','LocationUWInfo_Type','4fa89203e94a4637baa0484d19b460c5','CURRENCY','OBJECT');
INSERT INTO PUBLIC.OBJECT_FIELD_METADATA (ID, NAME, METADATA_TYPE, PARENT_METADATA,PARENT_METADATA_NAME, REFERENCE_METADATA, REFERENCE_METADATA_NAME, REFERENCE_METADATA_TYPE)VALUES('4c20c1af26994c0a9237d69a9df8b34c','BldgExposures','MODEL_RELATION','b872d425ec6a42a4970aebd8984f3d38','LocationUWInfo_Type','7ce56e29eb1541f482fa92121cbe7b75','PROXIMITY','OBJECT');
INSERT INTO PUBLIC.OBJECT_FIELD_METADATA (ID, NAME, METADATA_TYPE, PARENT_METADATA,PARENT_METADATA_NAME, REFERENCE_METADATA, REFERENCE_METADATA_NAME, REFERENCE_METADATA_TYPE)VALUES('7a328805c0c748089060598ec1b07802','OffPremisesInstallationPct','FIELD','b872d425ec6a42a4970aebd8984f3d38','LocationUWInfo_Type','42787ecf7ebe44bdb047ebe0f2268d21','PercentLong','PRIMITIVE');
INSERT INTO PUBLIC.OBJECT_FIELD_METADATA (ID, NAME, METADATA_TYPE, PARENT_METADATA,PARENT_METADATA_NAME, REFERENCE_METADATA, REFERENCE_METADATA_NAME, REFERENCE_METADATA_TYPE)VALUES('1fa62ebc280444e1b0b3021e3292d76a','PurchaseDt','FIELD','b872d425ec6a42a4970aebd8984f3d38','LocationUWInfo_Type','3b0a2ca6cf3a4fb19718e35aa60287cd','Date','PRIMITIVE');
INSERT INTO PUBLIC.OBJECT_FIELD_METADATA (ID, NAME, METADATA_TYPE, PARENT_METADATA,PARENT_METADATA_NAME, REFERENCE_METADATA, REFERENCE_METADATA_NAME, REFERENCE_METADATA_TYPE)VALUES('b268d33296264314917213891cdd42da','QuestionAnswer','MODEL_RELATION','b872d425ec6a42a4970aebd8984f3d38','LocationUWInfo_Type','152fefd4f3054b68b490c1af5c9c284c','QuestionAnswer_Type','OBJECT');
INSERT INTO PUBLIC.OBJECT_FIELD_METADATA (ID, NAME, METADATA_TYPE, PARENT_METADATA,PARENT_METADATA_NAME, REFERENCE_METADATA, REFERENCE_METADATA_NAME, REFERENCE_METADATA_TYPE)VALUES('afc0c04e78584aa8aad9fc44dd988d52','BldgImprovements','MODEL_RELATION','b872d425ec6a42a4970aebd8984f3d38','LocationUWInfo_Type','ff19cc90fdef466c857168b470329a3d','BldgImprovements_Type','OBJECT');
INSERT INTO PUBLIC.OBJECT_FIELD_METADATA (ID, NAME, METADATA_TYPE, PARENT_METADATA,PARENT_METADATA_NAME, REFERENCE_METADATA, REFERENCE_METADATA_NAME, REFERENCE_METADATA_TYPE)VALUES('ed6615f6ae0f4b67b454283861608bb7','NumSwimmingPools','FIELD','b872d425ec6a42a4970aebd8984f3d38','LocationUWInfo_Type','838cab4e48a54d0bb23ca5ea9db454ab','Long','PRIMITIVE');
INSERT INTO PUBLIC.OBJECT_FIELD_METADATA (ID, NAME, METADATA_TYPE, PARENT_METADATA,PARENT_METADATA_NAME, REFERENCE_METADATA, REFERENCE_METADATA_NAME, REFERENCE_METADATA_TYPE)VALUES('a8eb2c2888ad4e9bb79cd2e6cce63ae2','MobileHome','MODEL_RELATION','b872d425ec6a42a4970aebd8984f3d38','LocationUWInfo_Type','51f68bf3e57d485c99c932b395cef87f','MobileHome_Type','OBJECT');
INSERT INTO PUBLIC.OBJECT_FIELD_METADATA (ID, NAME, METADATA_TYPE, PARENT_METADATA,PARENT_METADATA_NAME, REFERENCE_METADATA, REFERENCE_METADATA_NAME, REFERENCE_METADATA_TYPE)VALUES('088af302e4ba4d99a94eeeb8b6cec2d2','NameOfMajorBodyOfWaterInProximity','FIELD','b872d425ec6a42a4970aebd8984f3d38','LocationUWInfo_Type','556d0fd305d84c408c3f510bdb79e07f','C-60','PRIMITIVE');
INSERT INTO PUBLIC.OBJECT_FIELD_METADATA (ID, NAME, METADATA_TYPE, PARENT_METADATA,PARENT_METADATA_NAME, REFERENCE_METADATA, REFERENCE_METADATA_NAME, REFERENCE_METADATA_TYPE)VALUES('4bede9bb32b94082a5ed6a827cf96987','Construction','MODEL_RELATION','b872d425ec6a42a4970aebd8984f3d38','LocationUWInfo_Type','66b2df29282548888a6c5122221caafe','Construction_Type','OBJECT');
INSERT INTO PUBLIC.OBJECT_METADATA (ID, NAME, METADATA_TYPE, REFERENCE_METADATA, REFERENCE_METADATA_NAME) VALUES('b62d86048fa5417f86bb1847a9b5616b','LiquorInfo_Type','OBJECT',null,null);
INSERT INTO PUBLIC.OBJECT_FIELD_METADATA (ID, NAME, METADATA_TYPE, PARENT_METADATA,PARENT_METADATA_NAME, REFERENCE_METADATA, REFERENCE_METADATA_NAME, REFERENCE_METADATA_TYPE)VALUES('0fb5f7cd1b4a41328f115fb30c7c5024','NumWaiters','FIELD','b62d86048fa5417f86bb1847a9b5616b','LiquorInfo_Type','838cab4e48a54d0bb23ca5ea9db454ab','Long','PRIMITIVE');
INSERT INTO PUBLIC.OBJECT_FIELD_METADATA (ID, NAME, METADATA_TYPE, PARENT_METADATA,PARENT_METADATA_NAME, REFERENCE_METADATA, REFERENCE_METADATA_NAME, REFERENCE_METADATA_TYPE)VALUES('63e13bf44a7d450ebc48ae4a1d08b891','AlcoholPolicyInd','FIELD','b62d86048fa5417f86bb1847a9b5616b','LiquorInfo_Type','4ffb0bcc3ec946d1af3ef883f4c3a4e6','Boolean','PRIMITIVE');
INSERT INTO PUBLIC.OBJECT_FIELD_METADATA (ID, NAME, METADATA_TYPE, PARENT_METADATA,PARENT_METADATA_NAME, REFERENCE_METADATA, REFERENCE_METADATA_NAME, REFERENCE_METADATA_TYPE)VALUES('f60bf2b048d64ed5a7ae628a35a07d92','ManagementStartDt','FIELD','b62d86048fa5417f86bb1847a9b5616b','LiquorInfo_Type','3b0a2ca6cf3a4fb19718e35aa60287cd','Date','PRIMITIVE');
INSERT INTO PUBLIC.OBJECT_FIELD_METADATA (ID, NAME, METADATA_TYPE, PARENT_METADATA,PARENT_METADATA_NAME, REFERENCE_METADATA, REFERENCE_METADATA_NAME, REFERENCE_METADATA_TYPE)VALUES('c39932f9d13f41eaace97ae024cd73a0','License','MODEL_RELATION','b62d86048fa5417f86bb1847a9b5616b','LiquorInfo_Type','26830fc57f3f47558bfb7444c2e52e23','License_Type','OBJECT');
INSERT INTO PUBLIC.OBJECT_FIELD_METADATA (ID, NAME, METADATA_TYPE, PARENT_METADATA,PARENT_METADATA_NAME, REFERENCE_METADATA, REFERENCE_METADATA_NAME, REFERENCE_METADATA_TYPE)VALUES('82bce6942ac84a79b7bfc5528053d982','ManagerExpDesc','FIELD','b62d86048fa5417f86bb1847a9b5616b','LiquorInfo_Type','2344631100044813a5126adcfb93e80d','C-255','PRIMITIVE');
INSERT INTO PUBLIC.OBJECT_FIELD_METADATA (ID, NAME, METADATA_TYPE, PARENT_METADATA,PARENT_METADATA_NAME, REFERENCE_METADATA, REFERENCE_METADATA_NAME, REFERENCE_METADATA_TYPE)VALUES('4896901dd72d4402adfab7aabc8b73b9','MgtNotifiedPatronInd','FIELD','b62d86048fa5417f86bb1847a9b5616b','LiquorInfo_Type','4ffb0bcc3ec946d1af3ef883f4c3a4e6','Boolean','PRIMITIVE');
INSERT INTO PUBLIC.OBJECT_FIELD_METADATA (ID, NAME, METADATA_TYPE, PARENT_METADATA,PARENT_METADATA_NAME, REFERENCE_METADATA, REFERENCE_METADATA_NAME, REFERENCE_METADATA_TYPE)VALUES('e3743325a5b74c05adfc785bb097286d','MaxOccupancyBars','FIELD','b62d86048fa5417f86bb1847a9b5616b','LiquorInfo_Type','838cab4e48a54d0bb23ca5ea9db454ab','Long','PRIMITIVE');
INSERT INTO PUBLIC.OBJECT_FIELD_METADATA (ID, NAME, METADATA_TYPE, PARENT_METADATA,PARENT_METADATA_NAME, REFERENCE_METADATA, REFERENCE_METADATA_NAME, REFERENCE_METADATA_TYPE)VALUES('58df9aa37c36428aa0b9a74edb1b0d57','PackageLiquorReceiptsPct','FIELD','b62d86048fa5417f86bb1847a9b5616b','LiquorInfo_Type','d68704d271534c0a935a3012147640c4','PercentDecimal','PRIMITIVE');
INSERT INTO PUBLIC.OBJECT_FIELD_METADATA (ID, NAME, METADATA_TYPE, PARENT_METADATA,PARENT_METADATA_NAME, REFERENCE_METADATA, REFERENCE_METADATA_NAME, REFERENCE_METADATA_TYPE)VALUES('55a16facda7a4fdab422112ca174d0b8','SteadyClienteleInd','FIELD','b62d86048fa5417f86bb1847a9b5616b','LiquorInfo_Type','4ffb0bcc3ec946d1af3ef883f4c3a4e6','Boolean','PRIMITIVE');
INSERT INTO PUBLIC.OBJECT_FIELD_METADATA (ID, NAME, METADATA_TYPE, PARENT_METADATA,PARENT_METADATA_NAME, REFERENCE_METADATA, REFERENCE_METADATA_NAME, REFERENCE_METADATA_TYPE)VALUES('fa22dfa2a73b498a9314809aceb8cc9c','NumArmedContractorDoormen','FIELD','b62d86048fa5417f86bb1847a9b5616b','LiquorInfo_Type','838cab4e48a54d0bb23ca5ea9db454ab','Long','PRIMITIVE');
INSERT INTO PUBLIC.OBJECT_FIELD_METADATA (ID, NAME, METADATA_TYPE, PARENT_METADATA,PARENT_METADATA_NAME, REFERENCE_METADATA, REFERENCE_METADATA_NAME, REFERENCE_METADATA_TYPE)VALUES('cd96a26f7d7b429fb652efe02f400f3b','NumArmedContractorParkingPatrol','FIELD','b62d86048fa5417f86bb1847a9b5616b','LiquorInfo_Type','838cab4e48a54d0bb23ca5ea9db454ab','Long','PRIMITIVE');
INSERT INTO PUBLIC.OBJECT_FIELD_METADATA (ID, NAME, METADATA_TYPE, PARENT_METADATA,PARENT_METADATA_NAME, REFERENCE_METADATA, REFERENCE_METADATA_NAME, REFERENCE_METADATA_TYPE)VALUES('0b5ffd1f285d49529623a24321724536','LastCallTime','FIELD','b62d86048fa5417f86bb1847a9b5616b','LiquorInfo_Type','51d491822772403b96d2277d75c8912f','Time','PRIMITIVE');
INSERT INTO PUBLIC.OBJECT_FIELD_METADATA (ID, NAME, METADATA_TYPE, PARENT_METADATA,PARENT_METADATA_NAME, REFERENCE_METADATA, REFERENCE_METADATA_NAME, REFERENCE_METADATA_TYPE)VALUES('5ec2d8e0e8944c7a8b5ea9ccea675bdc','NumUnarmedContractorDoormen','FIELD','b62d86048fa5417f86bb1847a9b5616b','LiquorInfo_Type','838cab4e48a54d0bb23ca5ea9db454ab','Long','PRIMITIVE');
INSERT INTO PUBLIC.OBJECT_FIELD_METADATA (ID, NAME, METADATA_TYPE, PARENT_METADATA,PARENT_METADATA_NAME, REFERENCE_METADATA, REFERENCE_METADATA_NAME, REFERENCE_METADATA_TYPE)VALUES('1774d64b170d4d5a94a8ca0701230664','HappyHourInd','FIELD','b62d86048fa5417f86bb1847a9b5616b','LiquorInfo_Type','4ffb0bcc3ec946d1af3ef883f4c3a4e6','Boolean','PRIMITIVE');
INSERT INTO PUBLIC.OBJECT_FIELD_METADATA (ID, NAME, METADATA_TYPE, PARENT_METADATA,PARENT_METADATA_NAME, REFERENCE_METADATA, REFERENCE_METADATA_NAME, REFERENCE_METADATA_TYPE)VALUES('97a8e711c8824e2ca94f4d817a773d24','NumUnarmedEmployeeDoormen','FIELD','b62d86048fa5417f86bb1847a9b5616b','LiquorInfo_Type','838cab4e48a54d0bb23ca5ea9db454ab','Long','PRIMITIVE');
INSERT INTO PUBLIC.OBJECT_FIELD_METADATA (ID, NAME, METADATA_TYPE, PARENT_METADATA,PARENT_METADATA_NAME, REFERENCE_METADATA, REFERENCE_METADATA_NAME, REFERENCE_METADATA_TYPE)VALUES('44a66643efb44daaa1252a1ae0c21661','SeatingCapacityBanquet','FIELD','b62d86048fa5417f86bb1847a9b5616b','LiquorInfo_Type','838cab4e48a54d0bb23ca5ea9db454ab','Long','PRIMITIVE');
INSERT INTO PUBLIC.OBJECT_FIELD_METADATA (ID, NAME, METADATA_TYPE, PARENT_METADATA,PARENT_METADATA_NAME, REFERENCE_METADATA, REFERENCE_METADATA_NAME, REFERENCE_METADATA_TYPE)VALUES('f2603023931d4fd396d84c11933bdf48','NumArmedContractorBouncers','FIELD','b62d86048fa5417f86bb1847a9b5616b','LiquorInfo_Type','838cab4e48a54d0bb23ca5ea9db454ab','Long','PRIMITIVE');
INSERT INTO PUBLIC.OBJECT_FIELD_METADATA (ID, NAME, METADATA_TYPE, PARENT_METADATA,PARENT_METADATA_NAME, REFERENCE_METADATA, REFERENCE_METADATA_NAME, REFERENCE_METADATA_TYPE)VALUES('e2151deec35b47aa94a31808b964735c','MaxOccupancyBanquet','FIELD','b62d86048fa5417f86bb1847a9b5616b','LiquorInfo_Type','838cab4e48a54d0bb23ca5ea9db454ab','Long','PRIMITIVE');
INSERT INTO PUBLIC.OBJECT_FIELD_METADATA (ID, NAME, METADATA_TYPE, PARENT_METADATA,PARENT_METADATA_NAME, REFERENCE_METADATA, REFERENCE_METADATA_NAME, REFERENCE_METADATA_TYPE)VALUES('9f8c3d0ffba64c26802f963ab81c91f0','ReducedPriceDrinksInd','FIELD','b62d86048fa5417f86bb1847a9b5616b','LiquorInfo_Type','4ffb0bcc3ec946d1af3ef883f4c3a4e6','Boolean','PRIMITIVE');
INSERT INTO PUBLIC.OBJECT_FIELD_METADATA (ID, NAME, METADATA_TYPE, PARENT_METADATA,PARENT_METADATA_NAME, REFERENCE_METADATA, REFERENCE_METADATA_NAME, REFERENCE_METADATA_TYPE)VALUES('1114899f062e43c798b291eac334f8e9','SeatingCapacityBars','FIELD','b62d86048fa5417f86bb1847a9b5616b','LiquorInfo_Type','838cab4e48a54d0bb23ca5ea9db454ab','Long','PRIMITIVE');
INSERT INTO PUBLIC.OBJECT_FIELD_METADATA (ID, NAME, METADATA_TYPE, PARENT_METADATA,PARENT_METADATA_NAME, REFERENCE_METADATA, REFERENCE_METADATA_NAME, REFERENCE_METADATA_TYPE)VALUES('b2b90c81781c4f778794067020d42340','NumArmedEmployeeParkingPatrol','FIELD','b62d86048fa5417f86bb1847a9b5616b','LiquorInfo_Type','838cab4e48a54d0bb23ca5ea9db454ab','Long','PRIMITIVE');
INSERT INTO PUBLIC.OBJECT_FIELD_METADATA (ID, NAME, METADATA_TYPE, PARENT_METADATA,PARENT_METADATA_NAME, REFERENCE_METADATA, REFERENCE_METADATA_NAME, REFERENCE_METADATA_TYPE)VALUES('bbcdc372b4874cd0bf2a20fb5e91b620','LastCallInd','FIELD','b62d86048fa5417f86bb1847a9b5616b','LiquorInfo_Type','4ffb0bcc3ec946d1af3ef883f4c3a4e6','Boolean','PRIMITIVE');
INSERT INTO PUBLIC.OBJECT_FIELD_METADATA (ID, NAME, METADATA_TYPE, PARENT_METADATA,PARENT_METADATA_NAME, REFERENCE_METADATA, REFERENCE_METADATA_NAME, REFERENCE_METADATA_TYPE)VALUES('dab66e81a72a4b89b9660a4f8061bf59','NumBarsOnPremises','FIELD','b62d86048fa5417f86bb1847a9b5616b','LiquorInfo_Type','838cab4e48a54d0bb23ca5ea9db454ab','Long','PRIMITIVE');
INSERT INTO PUBLIC.OBJECT_FIELD_METADATA (ID, NAME, METADATA_TYPE, PARENT_METADATA,PARENT_METADATA_NAME, REFERENCE_METADATA, REFERENCE_METADATA_NAME, REFERENCE_METADATA_TYPE)VALUES('c46f0258a8804d5eb9ca849121503c7f','NumUnarmedEmployeeParkingPatrol','FIELD','b62d86048fa5417f86bb1847a9b5616b','LiquorInfo_Type','838cab4e48a54d0bb23ca5ea9db454ab','Long','PRIMITIVE');
INSERT INTO PUBLIC.OBJECT_FIELD_METADATA (ID, NAME, METADATA_TYPE, PARENT_METADATA,PARENT_METADATA_NAME, REFERENCE_METADATA, REFERENCE_METADATA_NAME, REFERENCE_METADATA_TYPE)VALUES('71a7bf9c3ae24a72aeabb767ae1d9bdd','NumUnarmedContractorBouncers','FIELD','b62d86048fa5417f86bb1847a9b5616b','LiquorInfo_Type','838cab4e48a54d0bb23ca5ea9db454ab','Long','PRIMITIVE');
INSERT INTO PUBLIC.OBJECT_FIELD_METADATA (ID, NAME, METADATA_TYPE, PARENT_METADATA,PARENT_METADATA_NAME, REFERENCE_METADATA, REFERENCE_METADATA_NAME, REFERENCE_METADATA_TYPE)VALUES('a0be4ba0bfe44321b03f0434acd34069','ShotSpecialsInd','FIELD','b62d86048fa5417f86bb1847a9b5616b','LiquorInfo_Type','4ffb0bcc3ec946d1af3ef883f4c3a4e6','Boolean','PRIMITIVE');
INSERT INTO PUBLIC.OBJECT_FIELD_METADATA (ID, NAME, METADATA_TYPE, PARENT_METADATA,PARENT_METADATA_NAME, REFERENCE_METADATA, REFERENCE_METADATA_NAME, REFERENCE_METADATA_TYPE)VALUES('316fad3625e543beaf906cf4b7a32a6d','LiquorInfoExt','FIELD','b62d86048fa5417f86bb1847a9b5616b','LiquorInfo_Type',null,null,null);
INSERT INTO PUBLIC.OBJECT_FIELD_METADATA (ID, NAME, METADATA_TYPE, PARENT_METADATA,PARENT_METADATA_NAME, REFERENCE_METADATA, REFERENCE_METADATA_NAME, REFERENCE_METADATA_TYPE)VALUES('03c855f401a947938ee847384d4339e4','BeerSalesInd','FIELD','b62d86048fa5417f86bb1847a9b5616b','LiquorInfo_Type','4ffb0bcc3ec946d1af3ef883f4c3a4e6','Boolean','PRIMITIVE');
INSERT INTO PUBLIC.OBJECT_FIELD_METADATA (ID, NAME, METADATA_TYPE, PARENT_METADATA,PARENT_METADATA_NAME, REFERENCE_METADATA, REFERENCE_METADATA_NAME, REFERENCE_METADATA_TYPE)VALUES('fa26578d33224d39925b3a7f401100c0','MaxOccupancyDining','FIELD','b62d86048fa5417f86bb1847a9b5616b','LiquorInfo_Type','838cab4e48a54d0bb23ca5ea9db454ab','Long','PRIMITIVE');
INSERT INTO PUBLIC.OBJECT_FIELD_METADATA (ID, NAME, METADATA_TYPE, PARENT_METADATA,PARENT_METADATA_NAME, REFERENCE_METADATA, REFERENCE_METADATA_NAME, REFERENCE_METADATA_TYPE)VALUES('d1f57bf4dfc54c43a8e176c7876e9997','NumUnarmedContractorParkingPatrol','FIELD','b62d86048fa5417f86bb1847a9b5616b','LiquorInfo_Type','838cab4e48a54d0bb23ca5ea9db454ab','Long','PRIMITIVE');
INSERT INTO PUBLIC.OBJECT_FIELD_METADATA (ID, NAME, METADATA_TYPE, PARENT_METADATA,PARENT_METADATA_NAME, REFERENCE_METADATA, REFERENCE_METADATA_NAME, REFERENCE_METADATA_TYPE)VALUES('5e413a23f12d47c3ac74ce82a2da2441','WineSalesInd','FIELD','b62d86048fa5417f86bb1847a9b5616b','LiquorInfo_Type','4ffb0bcc3ec946d1af3ef883f4c3a4e6','Boolean','PRIMITIVE');
INSERT INTO PUBLIC.OBJECT_FIELD_METADATA (ID, NAME, METADATA_TYPE, PARENT_METADATA,PARENT_METADATA_NAME, REFERENCE_METADATA, REFERENCE_METADATA_NAME, REFERENCE_METADATA_TYPE)VALUES('b3aa1ba5ac7d411fadbc7a468bd4fac4','SeatingCapacityDining','FIELD','b62d86048fa5417f86bb1847a9b5616b','LiquorInfo_Type','838cab4e48a54d0bb23ca5ea9db454ab','Long','PRIMITIVE');
INSERT INTO PUBLIC.OBJECT_FIELD_METADATA (ID, NAME, METADATA_TYPE, PARENT_METADATA,PARENT_METADATA_NAME, REFERENCE_METADATA, REFERENCE_METADATA_NAME, REFERENCE_METADATA_TYPE)VALUES('3bf80515512443139b182d00e7f863ef','NumUnarmedEmployeeBouncers','FIELD','b62d86048fa5417f86bb1847a9b5616b','LiquorInfo_Type','838cab4e48a54d0bb23ca5ea9db454ab','Long','PRIMITIVE');
INSERT INTO PUBLIC.OBJECT_FIELD_METADATA (ID, NAME, METADATA_TYPE, PARENT_METADATA,PARENT_METADATA_NAME, REFERENCE_METADATA, REFERENCE_METADATA_NAME, REFERENCE_METADATA_TYPE)VALUES('b73b78c2b9ce4323bcb27ada13af2e02','NumArmedEmployeeBouncers','FIELD','b62d86048fa5417f86bb1847a9b5616b','LiquorInfo_Type','838cab4e48a54d0bb23ca5ea9db454ab','Long','PRIMITIVE');
INSERT INTO PUBLIC.OBJECT_FIELD_METADATA (ID, NAME, METADATA_TYPE, PARENT_METADATA,PARENT_METADATA_NAME, REFERENCE_METADATA, REFERENCE_METADATA_NAME, REFERENCE_METADATA_TYPE)VALUES('b74c3bef5bd546ea9564c36afa6c3e78','AvgLengthEmployment','MODEL_RELATION','b62d86048fa5417f86bb1847a9b5616b','LiquorInfo_Type','1df1057b06734b019460d9f8fb0a43b0','MEASUREMENT','OBJECT');
INSERT INTO PUBLIC.OBJECT_FIELD_METADATA (ID, NAME, METADATA_TYPE, PARENT_METADATA,PARENT_METADATA_NAME, REFERENCE_METADATA, REFERENCE_METADATA_NAME, REFERENCE_METADATA_TYPE)VALUES('c0d04644d8e74108b41110c99bcb61ca','NumEmployeeDeliveryVehs','FIELD','b62d86048fa5417f86bb1847a9b5616b','LiquorInfo_Type','838cab4e48a54d0bb23ca5ea9db454ab','Long','PRIMITIVE');
INSERT INTO PUBLIC.OBJECT_FIELD_METADATA (ID, NAME, METADATA_TYPE, PARENT_METADATA,PARENT_METADATA_NAME, REFERENCE_METADATA, REFERENCE_METADATA_NAME, REFERENCE_METADATA_TYPE)VALUES('d12977bccd0a4835a33afa0ca61e2c7f','NumCompanyDeliveryVehs','FIELD','b62d86048fa5417f86bb1847a9b5616b','LiquorInfo_Type','838cab4e48a54d0bb23ca5ea9db454ab','Long','PRIMITIVE');
INSERT INTO PUBLIC.OBJECT_FIELD_METADATA (ID, NAME, METADATA_TYPE, PARENT_METADATA,PARENT_METADATA_NAME, REFERENCE_METADATA, REFERENCE_METADATA_NAME, REFERENCE_METADATA_TYPE)VALUES('6871bc13cae0476e9c24c84b1c9a8438','DeliveryRadius','MODEL_RELATION','b62d86048fa5417f86bb1847a9b5616b','LiquorInfo_Type','1df1057b06734b019460d9f8fb0a43b0','MEASUREMENT','OBJECT');
INSERT INTO PUBLIC.OBJECT_FIELD_METADATA (ID, NAME, METADATA_TYPE, PARENT_METADATA,PARENT_METADATA_NAME, REFERENCE_METADATA, REFERENCE_METADATA_NAME, REFERENCE_METADATA_TYPE)VALUES('ae5516dc105b4edbb5cb1687e0ba724c','NumManagers','FIELD','b62d86048fa5417f86bb1847a9b5616b','LiquorInfo_Type','838cab4e48a54d0bb23ca5ea9db454ab','Long','PRIMITIVE');
INSERT INTO PUBLIC.OBJECT_FIELD_METADATA (ID, NAME, METADATA_TYPE, PARENT_METADATA,PARENT_METADATA_NAME, REFERENCE_METADATA, REFERENCE_METADATA_NAME, REFERENCE_METADATA_TYPE)VALUES('e45275300b21489f8c9c0c3c19b159d7','NumArmedEmployeeDoormen','FIELD','b62d86048fa5417f86bb1847a9b5616b','LiquorInfo_Type','838cab4e48a54d0bb23ca5ea9db454ab','Long','PRIMITIVE');
INSERT INTO PUBLIC.OBJECT_FIELD_METADATA (ID, NAME, METADATA_TYPE, PARENT_METADATA,PARENT_METADATA_NAME, REFERENCE_METADATA, REFERENCE_METADATA_NAME, REFERENCE_METADATA_TYPE)VALUES('7e7ed4cd0b84494aa76c963f8ea1f5f9','NumBartenders','FIELD','b62d86048fa5417f86bb1847a9b5616b','LiquorInfo_Type','838cab4e48a54d0bb23ca5ea9db454ab','Long','PRIMITIVE');
INSERT INTO PUBLIC.OBJECT_FIELD_METADATA (ID, NAME, METADATA_TYPE, PARENT_METADATA,PARENT_METADATA_NAME, REFERENCE_METADATA, REFERENCE_METADATA_NAME, REFERENCE_METADATA_TYPE)VALUES('25c31204bdeb4516baf96cedd439c38f','FullBarInd','FIELD','b62d86048fa5417f86bb1847a9b5616b','LiquorInfo_Type','4ffb0bcc3ec946d1af3ef883f4c3a4e6','Boolean','PRIMITIVE');
INSERT INTO PUBLIC.OBJECT_FIELD_METADATA (ID, NAME, METADATA_TYPE, PARENT_METADATA,PARENT_METADATA_NAME, REFERENCE_METADATA, REFERENCE_METADATA_NAME, REFERENCE_METADATA_TYPE)VALUES('6402dc40ef9d4ebe967e7fa19a1a6f97','ShotsServedInd','FIELD','b62d86048fa5417f86bb1847a9b5616b','LiquorInfo_Type','4ffb0bcc3ec946d1af3ef883f4c3a4e6','Boolean','PRIMITIVE');
INSERT INTO PUBLIC.OBJECT_FIELD_METADATA (ID, NAME, METADATA_TYPE, PARENT_METADATA,PARENT_METADATA_NAME, REFERENCE_METADATA, REFERENCE_METADATA_NAME, REFERENCE_METADATA_TYPE)VALUES('d6bddc2057394592ba7858407de40480','PackageGoodsSalesInd','FIELD','b62d86048fa5417f86bb1847a9b5616b','LiquorInfo_Type','4ffb0bcc3ec946d1af3ef883f4c3a4e6','Boolean','PRIMITIVE');
INSERT INTO PUBLIC.OBJECT_FIELD_METADATA (ID, NAME, METADATA_TYPE, PARENT_METADATA,PARENT_METADATA_NAME, REFERENCE_METADATA, REFERENCE_METADATA_NAME, REFERENCE_METADATA_TYPE)VALUES('fec3c38a77834bf08db184bf14265763','LiquorInfo','MODEL_RELATION','b872d425ec6a42a4970aebd8984f3d38','LocationUWInfo_Type','b62d86048fa5417f86bb1847a9b5616b','LiquorInfo_Type','OBJECT');
INSERT INTO PUBLIC.OBJECT_FIELD_METADATA (ID, NAME, METADATA_TYPE, PARENT_METADATA,PARENT_METADATA_NAME, REFERENCE_METADATA, REFERENCE_METADATA_NAME, REFERENCE_METADATA_TYPE)VALUES('ce98950bd6dd4c49aef8cdea895d7638','ContractExpirationDt','FIELD','b872d425ec6a42a4970aebd8984f3d38','LocationUWInfo_Type','3b0a2ca6cf3a4fb19718e35aa60287cd','Date','PRIMITIVE');
INSERT INTO PUBLIC.OBJECT_FIELD_METADATA (ID, NAME, METADATA_TYPE, PARENT_METADATA,PARENT_METADATA_NAME, REFERENCE_METADATA, REFERENCE_METADATA_NAME, REFERENCE_METADATA_TYPE)VALUES('3d6bf97ec51a49fa9d3555feb9ffd371','LocationUWInfoExt','FIELD','b872d425ec6a42a4970aebd8984f3d38','LocationUWInfo_Type',null,null,null);
INSERT INTO PUBLIC.OBJECT_FIELD_METADATA (ID, NAME, METADATA_TYPE, PARENT_METADATA,PARENT_METADATA_NAME, REFERENCE_METADATA, REFERENCE_METADATA_NAME, REFERENCE_METADATA_TYPE)VALUES('3a10c751c4604c49bd7e12814c763612','AlarmAndSecurity','MODEL_RELATION','b872d425ec6a42a4970aebd8984f3d38','LocationUWInfo_Type','ddc71afcd2764fd69a8ed87e5449ce50','AlarmAndSecurity_Type','OBJECT');
INSERT INTO PUBLIC.OBJECT_FIELD_METADATA (ID, NAME, METADATA_TYPE, PARENT_METADATA,PARENT_METADATA_NAME, REFERENCE_METADATA, REFERENCE_METADATA_NAME, REFERENCE_METADATA_TYPE)VALUES('9442a0db4139452e9d2b491d8165ba7b','InstallationServiceOrRepairWorkForRetailPct','FIELD','b872d425ec6a42a4970aebd8984f3d38','LocationUWInfo_Type','42787ecf7ebe44bdb047ebe0f2268d21','PercentLong','PRIMITIVE');
INSERT INTO PUBLIC.OBJECT_FIELD_METADATA (ID, NAME, METADATA_TYPE, PARENT_METADATA,PARENT_METADATA_NAME, REFERENCE_METADATA, REFERENCE_METADATA_NAME, REFERENCE_METADATA_TYPE)VALUES('3195b2b18ba64339b5fca5d765e4a545','NeighborhoodCd','FIELD','b872d425ec6a42a4970aebd8984f3d38','LocationUWInfo_Type','45246dcfdc2c43918cf3ae5ca95b1b49','LocationType','PRIMITIVE');
INSERT INTO PUBLIC.OBJECT_METADATA (ID, NAME, METADATA_TYPE, REFERENCE_METADATA, REFERENCE_METADATA_NAME) VALUES('49d4f467958d423c962bfa8443efbcfd','BusinessOperations_Type','OBJECT',null,null);
INSERT INTO PUBLIC.OBJECT_FIELD_METADATA (ID, NAME, METADATA_TYPE, PARENT_METADATA,PARENT_METADATA_NAME, REFERENCE_METADATA, REFERENCE_METADATA_NAME, REFERENCE_METADATA_TYPE)VALUES('81912848011e4bf6871ee2996bedfbf8','DayCd','FIELD','49d4f467958d423c962bfa8443efbcfd','BusinessOperations_Type','bccd81f2d74c450e8daf17037312db90','Days','PRIMITIVE');
INSERT INTO PUBLIC.OBJECT_FIELD_METADATA (ID, NAME, METADATA_TYPE, PARENT_METADATA,PARENT_METADATA_NAME, REFERENCE_METADATA, REFERENCE_METADATA_NAME, REFERENCE_METADATA_TYPE)VALUES('2162764e2cc14a188337e26ea7f863b9','NumLeastEmployees','FIELD','49d4f467958d423c962bfa8443efbcfd','BusinessOperations_Type','838cab4e48a54d0bb23ca5ea9db454ab','Long','PRIMITIVE');
INSERT INTO PUBLIC.OBJECT_FIELD_METADATA (ID, NAME, METADATA_TYPE, PARENT_METADATA,PARENT_METADATA_NAME, REFERENCE_METADATA, REFERENCE_METADATA_NAME, REFERENCE_METADATA_TYPE)VALUES('631e522c87a14a5890d69f9b615d84a3','FoodSalesHrs','MODEL_RELATION','49d4f467958d423c962bfa8443efbcfd','BusinessOperations_Type','2ba28904532b44bfb94bb9bca9b86a8a','DURATION','OBJECT');
INSERT INTO PUBLIC.OBJECT_FIELD_METADATA (ID, NAME, METADATA_TYPE, PARENT_METADATA,PARENT_METADATA_NAME, REFERENCE_METADATA, REFERENCE_METADATA_NAME, REFERENCE_METADATA_TYPE)VALUES('7b19c2ff4a874f4fb08ab99a16c2e143','Operations24HourInd','FIELD','49d4f467958d423c962bfa8443efbcfd','BusinessOperations_Type','4ffb0bcc3ec946d1af3ef883f4c3a4e6','Boolean','PRIMITIVE');
INSERT INTO PUBLIC.OBJECT_FIELD_METADATA (ID, NAME, METADATA_TYPE, PARENT_METADATA,PARENT_METADATA_NAME, REFERENCE_METADATA, REFERENCE_METADATA_NAME, REFERENCE_METADATA_TYPE)VALUES('22662b31b88a43e5b6decf5762465590','BusinessHrs','MODEL_RELATION','49d4f467958d423c962bfa8443efbcfd','BusinessOperations_Type','2ba28904532b44bfb94bb9bca9b86a8a','DURATION','OBJECT');
INSERT INTO PUBLIC.OBJECT_FIELD_METADATA (ID, NAME, METADATA_TYPE, PARENT_METADATA,PARENT_METADATA_NAME, REFERENCE_METADATA, REFERENCE_METADATA_NAME, REFERENCE_METADATA_TYPE)VALUES('84d273c4d9924175a2ec0f507ecfb787','ManagerOnDutyInd','FIELD','49d4f467958d423c962bfa8443efbcfd','BusinessOperations_Type','4ffb0bcc3ec946d1af3ef883f4c3a4e6','Boolean','PRIMITIVE');
INSERT INTO PUBLIC.OBJECT_FIELD_METADATA (ID, NAME, METADATA_TYPE, PARENT_METADATA,PARENT_METADATA_NAME, REFERENCE_METADATA, REFERENCE_METADATA_NAME, REFERENCE_METADATA_TYPE)VALUES('4398202744614ce2aa379d7afad0cf12','AlcoholSalesHrs','MODEL_RELATION','49d4f467958d423c962bfa8443efbcfd','BusinessOperations_Type','2ba28904532b44bfb94bb9bca9b86a8a','DURATION','OBJECT');
INSERT INTO PUBLIC.OBJECT_FIELD_METADATA (ID, NAME, METADATA_TYPE, PARENT_METADATA,PARENT_METADATA_NAME, REFERENCE_METADATA, REFERENCE_METADATA_NAME, REFERENCE_METADATA_TYPE)VALUES('2a755b27ef4d4783b8469832a3acdc54','EntertainmentDesc','FIELD','49d4f467958d423c962bfa8443efbcfd','BusinessOperations_Type','2344631100044813a5126adcfb93e80d','C-255','PRIMITIVE');
INSERT INTO PUBLIC.OBJECT_FIELD_METADATA (ID, NAME, METADATA_TYPE, PARENT_METADATA,PARENT_METADATA_NAME, REFERENCE_METADATA, REFERENCE_METADATA_NAME, REFERENCE_METADATA_TYPE)VALUES('c328e2615a9e4d01ba3eda8796b5b978','BusinessOperationsExt','FIELD','49d4f467958d423c962bfa8443efbcfd','BusinessOperations_Type',null,null,null);
INSERT INTO PUBLIC.OBJECT_FIELD_METADATA (ID, NAME, METADATA_TYPE, PARENT_METADATA,PARENT_METADATA_NAME, REFERENCE_METADATA, REFERENCE_METADATA_NAME, REFERENCE_METADATA_TYPE)VALUES('6b972d5bfd3140e19cd509962e829c3b','BusinessOperations','MODEL_RELATION','b872d425ec6a42a4970aebd8984f3d38','LocationUWInfo_Type','49d4f467958d423c962bfa8443efbcfd','BusinessOperations_Type','OBJECT');
INSERT INTO PUBLIC.OBJECT_METADATA (ID, NAME, METADATA_TYPE, REFERENCE_METADATA, REFERENCE_METADATA_NAME) VALUES('bb4c8ebefdb640cba9f80ba1811f3bd3','CrimeMoneyAndSecurities_Type','OBJECT',null,null);
INSERT INTO PUBLIC.OBJECT_FIELD_METADATA (ID, NAME, METADATA_TYPE, PARENT_METADATA,PARENT_METADATA_NAME, REFERENCE_METADATA, REFERENCE_METADATA_NAME, REFERENCE_METADATA_TYPE)VALUES('5aed8bb200364d02b29a05bde5278a37','PayrollAmt','MODEL_RELATION','bb4c8ebefdb640cba9f80ba1811f3bd3','CrimeMoneyAndSecurities_Type','4fa89203e94a4637baa0484d19b460c5','CURRENCY','OBJECT');
INSERT INTO PUBLIC.OBJECT_FIELD_METADATA (ID, NAME, METADATA_TYPE, PARENT_METADATA,PARENT_METADATA_NAME, REFERENCE_METADATA, REFERENCE_METADATA_NAME, REFERENCE_METADATA_TYPE)VALUES('400d4d6ee5314a3f9986f6e5cbf23cf2','MaxExposureAmt','MODEL_RELATION','bb4c8ebefdb640cba9f80ba1811f3bd3','CrimeMoneyAndSecurities_Type','4fa89203e94a4637baa0484d19b460c5','CURRENCY','OBJECT');
INSERT INTO PUBLIC.OBJECT_METADATA (ID, NAME, METADATA_TYPE, REFERENCE_METADATA, REFERENCE_METADATA_NAME) VALUES('70770fb9d5ad4e1aba361154de3aa148','MessengerProtectionInfo_Type','OBJECT',null,null);
INSERT INTO PUBLIC.OBJECT_FIELD_METADATA (ID, NAME, METADATA_TYPE, PARENT_METADATA,PARENT_METADATA_NAME, REFERENCE_METADATA, REFERENCE_METADATA_NAME, REFERENCE_METADATA_TYPE)VALUES('9535f6fa4cbb455ab863c2ad2a9d23ba','SafetySatchelInd','FIELD','70770fb9d5ad4e1aba361154de3aa148','MessengerProtectionInfo_Type','4ffb0bcc3ec946d1af3ef883f4c3a4e6','Boolean','PRIMITIVE');
INSERT INTO PUBLIC.OBJECT_FIELD_METADATA (ID, NAME, METADATA_TYPE, PARENT_METADATA,PARENT_METADATA_NAME, REFERENCE_METADATA, REFERENCE_METADATA_NAME, REFERENCE_METADATA_TYPE)VALUES('73cde40574e64e0aa286c137ae8091ff','NumGuards','FIELD','70770fb9d5ad4e1aba361154de3aa148','MessengerProtectionInfo_Type','838cab4e48a54d0bb23ca5ea9db454ab','Long','PRIMITIVE');
INSERT INTO PUBLIC.OBJECT_FIELD_METADATA (ID, NAME, METADATA_TYPE, PARENT_METADATA,PARENT_METADATA_NAME, REFERENCE_METADATA, REFERENCE_METADATA_NAME, REFERENCE_METADATA_TYPE)VALUES('da3177e7c2e3435188543ccbc02f6110','NumArmoredVeh','FIELD','70770fb9d5ad4e1aba361154de3aa148','MessengerProtectionInfo_Type','838cab4e48a54d0bb23ca5ea9db454ab','Long','PRIMITIVE');
INSERT INTO PUBLIC.OBJECT_FIELD_METADATA (ID, NAME, METADATA_TYPE, PARENT_METADATA,PARENT_METADATA_NAME, REFERENCE_METADATA, REFERENCE_METADATA_NAME, REFERENCE_METADATA_TYPE)VALUES('be62af73e3394ab08c780ee9b20bc443','SequenceNumber','FIELD','70770fb9d5ad4e1aba361154de3aa148','MessengerProtectionInfo_Type','838cab4e48a54d0bb23ca5ea9db454ab','Long','PRIMITIVE');
INSERT INTO PUBLIC.OBJECT_FIELD_METADATA (ID, NAME, METADATA_TYPE, PARENT_METADATA,PARENT_METADATA_NAME, REFERENCE_METADATA, REFERENCE_METADATA_NAME, REFERENCE_METADATA_TYPE)VALUES('50bcb396cac44a3db0a9dc7c2eb0ce9e','NumMessengers','FIELD','70770fb9d5ad4e1aba361154de3aa148','MessengerProtectionInfo_Type','838cab4e48a54d0bb23ca5ea9db454ab','Long','PRIMITIVE');
INSERT INTO PUBLIC.OBJECT_FIELD_METADATA (ID, NAME, METADATA_TYPE, PARENT_METADATA,PARENT_METADATA_NAME, REFERENCE_METADATA, REFERENCE_METADATA_NAME, REFERENCE_METADATA_TYPE)VALUES('00f2083ea8f9486a8e084c02ea3414d5','MessengerProtectionInfoExt','FIELD','70770fb9d5ad4e1aba361154de3aa148','MessengerProtectionInfo_Type',null,null,null);
INSERT INTO PUBLIC.OBJECT_FIELD_METADATA (ID, NAME, METADATA_TYPE, PARENT_METADATA,PARENT_METADATA_NAME, REFERENCE_METADATA, REFERENCE_METADATA_NAME, REFERENCE_METADATA_TYPE)VALUES('6a222fc05cda4259b94c1ddbe973fa43','PrivateConveyanceInd','FIELD','70770fb9d5ad4e1aba361154de3aa148','MessengerProtectionInfo_Type','4ffb0bcc3ec946d1af3ef883f4c3a4e6','Boolean','PRIMITIVE');
INSERT INTO PUBLIC.OBJECT_FIELD_METADATA (ID, NAME, METADATA_TYPE, PARENT_METADATA,PARENT_METADATA_NAME, REFERENCE_METADATA, REFERENCE_METADATA_NAME, REFERENCE_METADATA_TYPE)VALUES('c5eb6bbd86e841f7b43d334bde7c76bf','MessengerProtectionInfo','MODEL_RELATION','bb4c8ebefdb640cba9f80ba1811f3bd3','CrimeMoneyAndSecurities_Type','70770fb9d5ad4e1aba361154de3aa148','MessengerProtectionInfo_Type','OBJECT');
INSERT INTO PUBLIC.OBJECT_FIELD_METADATA (ID, NAME, METADATA_TYPE, PARENT_METADATA,PARENT_METADATA_NAME, REFERENCE_METADATA, REFERENCE_METADATA_NAME, REFERENCE_METADATA_TYPE)VALUES('cbc670c0234d4aef896b6a4ee30fc762','MoneyAmt','MODEL_RELATION','bb4c8ebefdb640cba9f80ba1811f3bd3','CrimeMoneyAndSecurities_Type','4fa89203e94a4637baa0484d19b460c5','CURRENCY','OBJECT');
INSERT INTO PUBLIC.OBJECT_FIELD_METADATA (ID, NAME, METADATA_TYPE, PARENT_METADATA,PARENT_METADATA_NAME, REFERENCE_METADATA, REFERENCE_METADATA_NAME, REFERENCE_METADATA_TYPE)VALUES('b59d52d70f904aad8c551b452112da36','SecuritiesInBankAmt','MODEL_RELATION','bb4c8ebefdb640cba9f80ba1811f3bd3','CrimeMoneyAndSecurities_Type','4fa89203e94a4637baa0484d19b460c5','CURRENCY','OBJECT');
INSERT INTO PUBLIC.OBJECT_FIELD_METADATA (ID, NAME, METADATA_TYPE, PARENT_METADATA,PARENT_METADATA_NAME, REFERENCE_METADATA, REFERENCE_METADATA_NAME, REFERENCE_METADATA_TYPE)VALUES('181e9a822f51480fa7899c18ed32f5a8','MoneyAndSecuritiesCoverageTypeCd','FIELD','bb4c8ebefdb640cba9f80ba1811f3bd3','CrimeMoneyAndSecurities_Type','0f95b02b7be34210bab4d1afdc01cfb2','CoverageOption','PRIMITIVE');
INSERT INTO PUBLIC.OBJECT_FIELD_METADATA (ID, NAME, METADATA_TYPE, PARENT_METADATA,PARENT_METADATA_NAME, REFERENCE_METADATA, REFERENCE_METADATA_NAME, REFERENCE_METADATA_TYPE)VALUES('a3728dc754304bc1aa951ad3a4381e30','CrimeMoneyAndSecuritiesExt','FIELD','bb4c8ebefdb640cba9f80ba1811f3bd3','CrimeMoneyAndSecurities_Type',null,null,null);
INSERT INTO PUBLIC.OBJECT_FIELD_METADATA (ID, NAME, METADATA_TYPE, PARENT_METADATA,PARENT_METADATA_NAME, REFERENCE_METADATA, REFERENCE_METADATA_NAME, REFERENCE_METADATA_TYPE)VALUES('8278378933f3403e82ffe4155c59eaf9','SecuritiesOtherThanPayrollAmt','MODEL_RELATION','bb4c8ebefdb640cba9f80ba1811f3bd3','CrimeMoneyAndSecurities_Type','4fa89203e94a4637baa0484d19b460c5','CURRENCY','OBJECT');
INSERT INTO PUBLIC.OBJECT_FIELD_METADATA (ID, NAME, METADATA_TYPE, PARENT_METADATA,PARENT_METADATA_NAME, REFERENCE_METADATA, REFERENCE_METADATA_NAME, REFERENCE_METADATA_TYPE)VALUES('6533ec66fbc0481a8d91ee21279cd2ea','MoneyOvernightAmt','MODEL_RELATION','bb4c8ebefdb640cba9f80ba1811f3bd3','CrimeMoneyAndSecurities_Type','4fa89203e94a4637baa0484d19b460c5','CURRENCY','OBJECT');
INSERT INTO PUBLIC.OBJECT_FIELD_METADATA (ID, NAME, METADATA_TYPE, PARENT_METADATA,PARENT_METADATA_NAME, REFERENCE_METADATA, REFERENCE_METADATA_NAME, REFERENCE_METADATA_TYPE)VALUES('9d3aef1996f44a318c54963c6c010c7f','ChecksAmt','MODEL_RELATION','bb4c8ebefdb640cba9f80ba1811f3bd3','CrimeMoneyAndSecurities_Type','4fa89203e94a4637baa0484d19b460c5','CURRENCY','OBJECT');
INSERT INTO PUBLIC.OBJECT_FIELD_METADATA (ID, NAME, METADATA_TYPE, PARENT_METADATA,PARENT_METADATA_NAME, REFERENCE_METADATA, REFERENCE_METADATA_NAME, REFERENCE_METADATA_TYPE)VALUES('f1ccb4ed827f475aaf4b73a3f0b922c7','AccountsPayableChecksAmt','MODEL_RELATION','bb4c8ebefdb640cba9f80ba1811f3bd3','CrimeMoneyAndSecurities_Type','4fa89203e94a4637baa0484d19b460c5','CURRENCY','OBJECT');
INSERT INTO PUBLIC.OBJECT_FIELD_METADATA (ID, NAME, METADATA_TYPE, PARENT_METADATA,PARENT_METADATA_NAME, REFERENCE_METADATA, REFERENCE_METADATA_NAME, REFERENCE_METADATA_TYPE)VALUES('19a0fc8a0c5b41b6b6549aa8e94c9b78','CrimeMoneyAndSecurities','MODEL_RELATION','b872d425ec6a42a4970aebd8984f3d38','LocationUWInfo_Type','bb4c8ebefdb640cba9f80ba1811f3bd3','CrimeMoneyAndSecurities_Type','OBJECT');
INSERT INTO PUBLIC.OBJECT_METADATA (ID, NAME, METADATA_TYPE, REFERENCE_METADATA, REFERENCE_METADATA_NAME) VALUES('ecc932112fdf486c83744fe4e0447aa2','BldgOccupancy_Type','OBJECT',null,null);
INSERT INTO PUBLIC.OBJECT_FIELD_METADATA (ID, NAME, METADATA_TYPE, PARENT_METADATA,PARENT_METADATA_NAME, REFERENCE_METADATA, REFERENCE_METADATA_NAME, REFERENCE_METADATA_TYPE)VALUES('3c3764587a3c41bda07c9a6eff6c37e4','AreaOpenToPublic','MODEL_RELATION','ecc932112fdf486c83744fe4e0447aa2','BldgOccupancy_Type','1df1057b06734b019460d9f8fb0a43b0','MEASUREMENT','OBJECT');
INSERT INTO PUBLIC.OBJECT_FIELD_METADATA (ID, NAME, METADATA_TYPE, PARENT_METADATA,PARENT_METADATA_NAME, REFERENCE_METADATA, REFERENCE_METADATA_NAME, REFERENCE_METADATA_TYPE)VALUES('fb4db7a5ecd84533bd196dc2cf971326','AreaLeasedInd','FIELD','ecc932112fdf486c83744fe4e0447aa2','BldgOccupancy_Type','4ffb0bcc3ec946d1af3ef883f4c3a4e6','Boolean','PRIMITIVE');
INSERT INTO PUBLIC.OBJECT_FIELD_METADATA (ID, NAME, METADATA_TYPE, PARENT_METADATA,PARENT_METADATA_NAME, REFERENCE_METADATA, REFERENCE_METADATA_NAME, REFERENCE_METADATA_TYPE)VALUES('06bc93f82edd4b3f8efe2e9bda602358','OccupiedDuringConstructionInd','FIELD','ecc932112fdf486c83744fe4e0447aa2','BldgOccupancy_Type','4ffb0bcc3ec946d1af3ef883f4c3a4e6','Boolean','PRIMITIVE');
INSERT INTO PUBLIC.OBJECT_FIELD_METADATA (ID, NAME, METADATA_TYPE, PARENT_METADATA,PARENT_METADATA_NAME, REFERENCE_METADATA, REFERENCE_METADATA_NAME, REFERENCE_METADATA_TYPE)VALUES('58b580b23fb44ceaa6a6323fdcaf3573','AreaOccupiedByOthers','MODEL_RELATION','ecc932112fdf486c83744fe4e0447aa2','BldgOccupancy_Type','1df1057b06734b019460d9f8fb0a43b0','MEASUREMENT','OBJECT');
INSERT INTO PUBLIC.OBJECT_FIELD_METADATA (ID, NAME, METADATA_TYPE, PARENT_METADATA,PARENT_METADATA_NAME, REFERENCE_METADATA, REFERENCE_METADATA_NAME, REFERENCE_METADATA_TYPE)VALUES('f19564112f19459ca2261befd43aa6b5','NumPublicEntrances','FIELD','ecc932112fdf486c83744fe4e0447aa2','BldgOccupancy_Type','838cab4e48a54d0bb23ca5ea9db454ab','Long','PRIMITIVE');
INSERT INTO PUBLIC.OBJECT_FIELD_METADATA (ID, NAME, METADATA_TYPE, PARENT_METADATA,PARENT_METADATA_NAME, REFERENCE_METADATA, REFERENCE_METADATA_NAME, REFERENCE_METADATA_TYPE)VALUES('2e54b575f46144ab9fde8a85dab2695c','NumUnitsOwnerOccupied','FIELD','ecc932112fdf486c83744fe4e0447aa2','BldgOccupancy_Type','838cab4e48a54d0bb23ca5ea9db454ab','Long','PRIMITIVE');
INSERT INTO PUBLIC.PRIMITIVE_METADATA (ID, NAME, METADATA_TYPE) VALUES('aff5ab0e9ea344c393d789c4e20da567','VacantOccupiedIndicator','PRIMITIVE');
INSERT INTO PUBLIC.OBJECT_FIELD_METADATA (ID, NAME, METADATA_TYPE, PARENT_METADATA,PARENT_METADATA_NAME, REFERENCE_METADATA, REFERENCE_METADATA_NAME, REFERENCE_METADATA_TYPE)VALUES('52e0ec4f5ac44a83b42381143e039531','VacantUnoccupiedCd','FIELD','ecc932112fdf486c83744fe4e0447aa2','BldgOccupancy_Type','aff5ab0e9ea344c393d789c4e20da567','VacantOccupiedIndicator','PRIMITIVE');
INSERT INTO PUBLIC.OBJECT_FIELD_METADATA (ID, NAME, METADATA_TYPE, PARENT_METADATA,PARENT_METADATA_NAME, REFERENCE_METADATA, REFERENCE_METADATA_NAME, REFERENCE_METADATA_TYPE)VALUES('ee62cdc0ac324a31b7158bbfad2ba002','OccupancyDesc','FIELD','ecc932112fdf486c83744fe4e0447aa2','BldgOccupancy_Type','2344631100044813a5126adcfb93e80d','C-255','PRIMITIVE');
INSERT INTO PUBLIC.OBJECT_FIELD_METADATA (ID, NAME, METADATA_TYPE, PARENT_METADATA,PARENT_METADATA_NAME, REFERENCE_METADATA, REFERENCE_METADATA_NAME, REFERENCE_METADATA_TYPE)VALUES('b044af0f375e4bfb9f1fe4260148a052','NumPrivateEntrances','FIELD','ecc932112fdf486c83744fe4e0447aa2','BldgOccupancy_Type','838cab4e48a54d0bb23ca5ea9db454ab','Long','PRIMITIVE');
INSERT INTO PUBLIC.OBJECT_FIELD_METADATA (ID, NAME, METADATA_TYPE, PARENT_METADATA,PARENT_METADATA_NAME, REFERENCE_METADATA, REFERENCE_METADATA_NAME, REFERENCE_METADATA_TYPE)VALUES('b56413efe8cd42e8aad44faa93af272c','NumEmployeesPartTime','FIELD','ecc932112fdf486c83744fe4e0447aa2','BldgOccupancy_Type','838cab4e48a54d0bb23ca5ea9db454ab','Long','PRIMITIVE');
INSERT INTO PUBLIC.OBJECT_FIELD_METADATA (ID, NAME, METADATA_TYPE, PARENT_METADATA,PARENT_METADATA_NAME, REFERENCE_METADATA, REFERENCE_METADATA_NAME, REFERENCE_METADATA_TYPE)VALUES('1c687fee3cd549c0804d4cc9e8c29291','OperationsDesc','FIELD','ecc932112fdf486c83744fe4e0447aa2','BldgOccupancy_Type','2344631100044813a5126adcfb93e80d','C-255','PRIMITIVE');
INSERT INTO PUBLIC.OBJECT_FIELD_METADATA (ID, NAME, METADATA_TYPE, PARENT_METADATA,PARENT_METADATA_NAME, REFERENCE_METADATA, REFERENCE_METADATA_NAME, REFERENCE_METADATA_TYPE)VALUES('e3c7685f611a4df1a13bee0f0219867f','AreaOccupied','MODEL_RELATION','ecc932112fdf486c83744fe4e0447aa2','BldgOccupancy_Type','1df1057b06734b019460d9f8fb0a43b0','MEASUREMENT','OBJECT');
INSERT INTO PUBLIC.OBJECT_FIELD_METADATA (ID, NAME, METADATA_TYPE, PARENT_METADATA,PARENT_METADATA_NAME, REFERENCE_METADATA, REFERENCE_METADATA_NAME, REFERENCE_METADATA_TYPE)VALUES('5f490de5a7e54c939d877684709c9e11','AreaOccupiedByOthersDesc','FIELD','ecc932112fdf486c83744fe4e0447aa2','BldgOccupancy_Type','2344631100044813a5126adcfb93e80d','C-255','PRIMITIVE');
INSERT INTO PUBLIC.OBJECT_FIELD_METADATA (ID, NAME, METADATA_TYPE, PARENT_METADATA,PARENT_METADATA_NAME, REFERENCE_METADATA, REFERENCE_METADATA_NAME, REFERENCE_METADATA_TYPE)VALUES('0dc87c8b1d9a480681da0000383f3506','FullOccupancyDt','FIELD','ecc932112fdf486c83744fe4e0447aa2','BldgOccupancy_Type','3b0a2ca6cf3a4fb19718e35aa60287cd','Date','PRIMITIVE');
INSERT INTO PUBLIC.OBJECT_FIELD_METADATA (ID, NAME, METADATA_TYPE, PARENT_METADATA,PARENT_METADATA_NAME, REFERENCE_METADATA, REFERENCE_METADATA_NAME, REFERENCE_METADATA_TYPE)VALUES('e2f264f8239b4060ae355e45c1710594','NumEmployees','FIELD','ecc932112fdf486c83744fe4e0447aa2','BldgOccupancy_Type','838cab4e48a54d0bb23ca5ea9db454ab','Long','PRIMITIVE');
INSERT INTO PUBLIC.OBJECT_FIELD_METADATA (ID, NAME, METADATA_TYPE, PARENT_METADATA,PARENT_METADATA_NAME, REFERENCE_METADATA, REFERENCE_METADATA_NAME, REFERENCE_METADATA_TYPE)VALUES('323918cdcd6f408fa3508af2a0c5355e','LengthTimeOccupancyType','MODEL_RELATION','ecc932112fdf486c83744fe4e0447aa2','BldgOccupancy_Type','1df1057b06734b019460d9f8fb0a43b0','MEASUREMENT','OBJECT');
INSERT INTO PUBLIC.OBJECT_FIELD_METADATA (ID, NAME, METADATA_TYPE, PARENT_METADATA,PARENT_METADATA_NAME, REFERENCE_METADATA, REFERENCE_METADATA_NAME, REFERENCE_METADATA_TYPE)VALUES('c6f52ec0e89c40cc80bea80cec8bc461','PriorNatureBusinessCd','FIELD','ecc932112fdf486c83744fe4e0447aa2','BldgOccupancy_Type','a07a536c272c4ea1934fc7fd560836c1','NatureOfBusiness','PRIMITIVE');
INSERT INTO PUBLIC.OBJECT_FIELD_METADATA (ID, NAME, METADATA_TYPE, PARENT_METADATA,PARENT_METADATA_NAME, REFERENCE_METADATA, REFERENCE_METADATA_NAME, REFERENCE_METADATA_TYPE)VALUES('5b447881b6a44eac99403959ed822ffc','BuildingTypeCd','FIELD','ecc932112fdf486c83744fe4e0447aa2','BldgOccupancy_Type','930cfa2fca2e4100999818042f5544a3','ResidenceType','PRIMITIVE');
INSERT INTO PUBLIC.OBJECT_FIELD_METADATA (ID, NAME, METADATA_TYPE, PARENT_METADATA,PARENT_METADATA_NAME, REFERENCE_METADATA, REFERENCE_METADATA_NAME, REFERENCE_METADATA_TYPE)VALUES('cd33362aaa2e490e892009e24cf7dda4','RepairServiceDesc','FIELD','ecc932112fdf486c83744fe4e0447aa2','BldgOccupancy_Type','2344631100044813a5126adcfb93e80d','C-255','PRIMITIVE');
INSERT INTO PUBLIC.OBJECT_FIELD_METADATA (ID, NAME, METADATA_TYPE, PARENT_METADATA,PARENT_METADATA_NAME, REFERENCE_METADATA, REFERENCE_METADATA_NAME, REFERENCE_METADATA_TYPE)VALUES('0aff0c4f467d4ceb803530a7b8e1ce8d','FutureOccupancyDesc','FIELD','ecc932112fdf486c83744fe4e0447aa2','BldgOccupancy_Type','2344631100044813a5126adcfb93e80d','C-255','PRIMITIVE');
INSERT INTO PUBLIC.OBJECT_FIELD_METADATA (ID, NAME, METADATA_TYPE, PARENT_METADATA,PARENT_METADATA_NAME, REFERENCE_METADATA, REFERENCE_METADATA_NAME, REFERENCE_METADATA_TYPE)VALUES('6b693f09c1f44b07953588e3e6c6d44c','NumEmployeesFullTime','FIELD','ecc932112fdf486c83744fe4e0447aa2','BldgOccupancy_Type','838cab4e48a54d0bb23ca5ea9db454ab','Long','PRIMITIVE');
INSERT INTO PUBLIC.OBJECT_FIELD_METADATA (ID, NAME, METADATA_TYPE, PARENT_METADATA,PARENT_METADATA_NAME, REFERENCE_METADATA, REFERENCE_METADATA_NAME, REFERENCE_METADATA_TYPE)VALUES('b84141eda2e14b7ba1e6a6d5cb82ce35','VacancyInfo','MODEL_RELATION','ecc932112fdf486c83744fe4e0447aa2','BldgOccupancy_Type','bbff2f3155d34d2eaf14db9723d01871','VacancyInfo_Type','OBJECT');
INSERT INTO PUBLIC.OBJECT_FIELD_METADATA (ID, NAME, METADATA_TYPE, PARENT_METADATA,PARENT_METADATA_NAME, REFERENCE_METADATA, REFERENCE_METADATA_NAME, REFERENCE_METADATA_TYPE)VALUES('fe3b09b3bd3d4060928330867e3a750f','OccupancyTypeCd','FIELD','ecc932112fdf486c83744fe4e0447aa2','BldgOccupancy_Type','809efe8cb0f24b1eafadcf1f59f688b8','OccupancyType','PRIMITIVE');
INSERT INTO PUBLIC.OBJECT_FIELD_METADATA (ID, NAME, METADATA_TYPE, PARENT_METADATA,PARENT_METADATA_NAME, REFERENCE_METADATA, REFERENCE_METADATA_NAME, REFERENCE_METADATA_TYPE)VALUES('5180300eb6734faa86c5c02990215c4c','AreaUnoccupied','MODEL_RELATION','ecc932112fdf486c83744fe4e0447aa2','BldgOccupancy_Type','1df1057b06734b019460d9f8fb0a43b0','MEASUREMENT','OBJECT');
INSERT INTO PUBLIC.OBJECT_FIELD_METADATA (ID, NAME, METADATA_TYPE, PARENT_METADATA,PARENT_METADATA_NAME, REFERENCE_METADATA, REFERENCE_METADATA_NAME, REFERENCE_METADATA_TYPE)VALUES('1818479fcb6c47bb9323316fc4732b6f','BldgOccupancyExt','FIELD','ecc932112fdf486c83744fe4e0447aa2','BldgOccupancy_Type',null,null,null);
INSERT INTO PUBLIC.OBJECT_FIELD_METADATA (ID, NAME, METADATA_TYPE, PARENT_METADATA,PARENT_METADATA_NAME, REFERENCE_METADATA, REFERENCE_METADATA_NAME, REFERENCE_METADATA_TYPE)VALUES('8660ba62acc648eabb3ac7a123c7c9c1','PriorOccupancyDesc','FIELD','ecc932112fdf486c83744fe4e0447aa2','BldgOccupancy_Type','2344631100044813a5126adcfb93e80d','C-255','PRIMITIVE');
INSERT INTO PUBLIC.OBJECT_FIELD_METADATA (ID, NAME, METADATA_TYPE, PARENT_METADATA,PARENT_METADATA_NAME, REFERENCE_METADATA, REFERENCE_METADATA_NAME, REFERENCE_METADATA_TYPE)VALUES('3b60926de80c4f80926ae6c728633e95','BuildingUseCd','FIELD','ecc932112fdf486c83744fe4e0447aa2','BldgOccupancy_Type','f4d7bddf412e4ab3baefafbf62f20e86','DwellingUse','PRIMITIVE');
INSERT INTO PUBLIC.OBJECT_FIELD_METADATA (ID, NAME, METADATA_TYPE, PARENT_METADATA,PARENT_METADATA_NAME, REFERENCE_METADATA, REFERENCE_METADATA_NAME, REFERENCE_METADATA_TYPE)VALUES('1ba1bdca67d943fcbf1964c9090231d9','NatureBusinessCd','FIELD','ecc932112fdf486c83744fe4e0447aa2','BldgOccupancy_Type','a07a536c272c4ea1934fc7fd560836c1','NatureOfBusiness','PRIMITIVE');
INSERT INTO PUBLIC.OBJECT_FIELD_METADATA (ID, NAME, METADATA_TYPE, PARENT_METADATA,PARENT_METADATA_NAME, REFERENCE_METADATA, REFERENCE_METADATA_NAME, REFERENCE_METADATA_TYPE)VALUES('982d5738161c4c989563d47db1134391','OccupiedPct','FIELD','ecc932112fdf486c83744fe4e0447aa2','BldgOccupancy_Type','42787ecf7ebe44bdb047ebe0f2268d21','PercentLong','PRIMITIVE');
INSERT INTO PUBLIC.OBJECT_FIELD_METADATA (ID, NAME, METADATA_TYPE, PARENT_METADATA,PARENT_METADATA_NAME, REFERENCE_METADATA, REFERENCE_METADATA_NAME, REFERENCE_METADATA_TYPE)VALUES('66ec69f4172140b083b524a02f2b6b7e','BldgOccupancy','MODEL_RELATION','b872d425ec6a42a4970aebd8984f3d38','LocationUWInfo_Type','ecc932112fdf486c83744fe4e0447aa2','BldgOccupancy_Type','OBJECT');
INSERT INTO PUBLIC.OBJECT_FIELD_METADATA (ID, NAME, METADATA_TYPE, PARENT_METADATA,PARENT_METADATA_NAME, REFERENCE_METADATA, REFERENCE_METADATA_NAME, REFERENCE_METADATA_TYPE)VALUES('72bd59bd42684dd5acff351e16e20d2c','Link','MODEL_RELATION','b872d425ec6a42a4970aebd8984f3d38','LocationUWInfo_Type','366dc9a89db94de3b92abf43ef1bf084','Link_Type','OBJECT');
INSERT INTO PUBLIC.OBJECT_METADATA (ID, NAME, METADATA_TYPE, REFERENCE_METADATA, REFERENCE_METADATA_NAME) VALUES('2a2263e479584ab8af69d95330861726','HotelInfo_Type','OBJECT',null,null);
INSERT INTO PUBLIC.OBJECT_FIELD_METADATA (ID, NAME, METADATA_TYPE, PARENT_METADATA,PARENT_METADATA_NAME, REFERENCE_METADATA, REFERENCE_METADATA_NAME, REFERENCE_METADATA_TYPE)VALUES('346556ebe18f4426bebd364e750840ba','AverageOccupancyGuestRoomsPct','FIELD','2a2263e479584ab8af69d95330861726','HotelInfo_Type','42787ecf7ebe44bdb047ebe0f2268d21','PercentLong','PRIMITIVE');
INSERT INTO PUBLIC.OBJECT_FIELD_METADATA (ID, NAME, METADATA_TYPE, PARENT_METADATA,PARENT_METADATA_NAME, REFERENCE_METADATA, REFERENCE_METADATA_NAME, REFERENCE_METADATA_TYPE)VALUES('693ada91b801488ab1f9ed0398d62e66','NumEvents','FIELD','2a2263e479584ab8af69d95330861726','HotelInfo_Type','838cab4e48a54d0bb23ca5ea9db454ab','Long','PRIMITIVE');
INSERT INTO PUBLIC.OBJECT_FIELD_METADATA (ID, NAME, METADATA_TYPE, PARENT_METADATA,PARENT_METADATA_NAME, REFERENCE_METADATA, REFERENCE_METADATA_NAME, REFERENCE_METADATA_TYPE)VALUES('9e87d48a84d540d08b957687748f4658','NumMeetingRooms','FIELD','2a2263e479584ab8af69d95330861726','HotelInfo_Type','838cab4e48a54d0bb23ca5ea9db454ab','Long','PRIMITIVE');
INSERT INTO PUBLIC.OBJECT_FIELD_METADATA (ID, NAME, METADATA_TYPE, PARENT_METADATA,PARENT_METADATA_NAME, REFERENCE_METADATA, REFERENCE_METADATA_NAME, REFERENCE_METADATA_TYPE)VALUES('a622c3f5d1bc419e962e629a19730f0e','InnName','FIELD','2a2263e479584ab8af69d95330861726','HotelInfo_Type','2344631100044813a5126adcfb93e80d','C-255','PRIMITIVE');
INSERT INTO PUBLIC.OBJECT_FIELD_METADATA (ID, NAME, METADATA_TYPE, PARENT_METADATA,PARENT_METADATA_NAME, REFERENCE_METADATA, REFERENCE_METADATA_NAME, REFERENCE_METADATA_TYPE)VALUES('e9bfb0a48da74ee69af29423e8552874','NumMaxAttendees','FIELD','2a2263e479584ab8af69d95330861726','HotelInfo_Type','838cab4e48a54d0bb23ca5ea9db454ab','Long','PRIMITIVE');
INSERT INTO PUBLIC.OBJECT_FIELD_METADATA (ID, NAME, METADATA_TYPE, PARENT_METADATA,PARENT_METADATA_NAME, REFERENCE_METADATA, REFERENCE_METADATA_NAME, REFERENCE_METADATA_TYPE)VALUES('df7857686e5b407493822cac9050031c','NumTables','FIELD','2a2263e479584ab8af69d95330861726','HotelInfo_Type','838cab4e48a54d0bb23ca5ea9db454ab','Long','PRIMITIVE');
INSERT INTO PUBLIC.OBJECT_FIELD_METADATA (ID, NAME, METADATA_TYPE, PARENT_METADATA,PARENT_METADATA_NAME, REFERENCE_METADATA, REFERENCE_METADATA_NAME, REFERENCE_METADATA_TYPE)VALUES('6f883290cc7c448893583f5f3a5f37b4','HotelInfoExt','FIELD','2a2263e479584ab8af69d95330861726','HotelInfo_Type',null,null,null);
INSERT INTO PUBLIC.OBJECT_FIELD_METADATA (ID, NAME, METADATA_TYPE, PARENT_METADATA,PARENT_METADATA_NAME, REFERENCE_METADATA, REFERENCE_METADATA_NAME, REFERENCE_METADATA_TYPE)VALUES('bbd161aff3cb4067ae3764371f723083','NumMaxGuests','FIELD','2a2263e479584ab8af69d95330861726','HotelInfo_Type','838cab4e48a54d0bb23ca5ea9db454ab','Long','PRIMITIVE');
INSERT INTO PUBLIC.OBJECT_FIELD_METADATA (ID, NAME, METADATA_TYPE, PARENT_METADATA,PARENT_METADATA_NAME, REFERENCE_METADATA, REFERENCE_METADATA_NAME, REFERENCE_METADATA_TYPE)VALUES('2b65eab377dc447fa50c10df84bd3897','HotelInfo','MODEL_RELATION','b872d425ec6a42a4970aebd8984f3d38','LocationUWInfo_Type','2a2263e479584ab8af69d95330861726','HotelInfo_Type','OBJECT');
INSERT INTO PUBLIC.OBJECT_FIELD_METADATA (ID, NAME, METADATA_TYPE, PARENT_METADATA,PARENT_METADATA_NAME, REFERENCE_METADATA, REFERENCE_METADATA_NAME, REFERENCE_METADATA_TYPE)VALUES('294e8c0b96434bb9bb43163791d5b843','DistanceToBrush','MODEL_RELATION','b872d425ec6a42a4970aebd8984f3d38','LocationUWInfo_Type','1df1057b06734b019460d9f8fb0a43b0','MEASUREMENT','OBJECT');
INSERT INTO PUBLIC.OBJECT_FIELD_METADATA (ID, NAME, METADATA_TYPE, PARENT_METADATA,PARENT_METADATA_NAME, REFERENCE_METADATA, REFERENCE_METADATA_NAME, REFERENCE_METADATA_TYPE)VALUES('f8851356bda840b1ab3dc502cb0f2a54','BldgFeatures','MODEL_RELATION','b872d425ec6a42a4970aebd8984f3d38','LocationUWInfo_Type','b76c1d3fb01f4e5583f9ff07ff773c0b','BldgFeatures_Type','OBJECT');
INSERT INTO PUBLIC.OBJECT_FIELD_METADATA (ID, NAME, METADATA_TYPE, PARENT_METADATA,PARENT_METADATA_NAME, REFERENCE_METADATA, REFERENCE_METADATA_NAME, REFERENCE_METADATA_TYPE)VALUES('1f771ea0f17f472bade2674bb67802ed','SafeVaultCharacteristics','MODEL_RELATION','b872d425ec6a42a4970aebd8984f3d38','LocationUWInfo_Type','24a7a02f8df143d0a5f61f8c669f96ca','SafeVaultCharacteristics_Type','OBJECT');
INSERT INTO PUBLIC.OBJECT_FIELD_METADATA (ID, NAME, METADATA_TYPE, PARENT_METADATA,PARENT_METADATA_NAME, REFERENCE_METADATA, REFERENCE_METADATA_NAME, REFERENCE_METADATA_TYPE)VALUES('b2dccd702e934fb3ade9aab94174cda3','SwimmingPool','MODEL_RELATION','b872d425ec6a42a4970aebd8984f3d38','LocationUWInfo_Type','0feadffed45e41eebafa2f2c0cd549ff','SwimmingPool_Type','OBJECT');
INSERT INTO PUBLIC.OBJECT_FIELD_METADATA (ID, NAME, METADATA_TYPE, PARENT_METADATA,PARENT_METADATA_NAME, REFERENCE_METADATA, REFERENCE_METADATA_NAME, REFERENCE_METADATA_TYPE)VALUES('ebd580a4bda748fca8acaae3eb87a40f','AreaTypeSurroundingsCd','FIELD','b872d425ec6a42a4970aebd8984f3d38','LocationUWInfo_Type','45246dcfdc2c43918cf3ae5ca95b1b49','LocationType','PRIMITIVE');
INSERT INTO PUBLIC.OBJECT_FIELD_METADATA (ID, NAME, METADATA_TYPE, PARENT_METADATA,PARENT_METADATA_NAME, REFERENCE_METADATA, REFERENCE_METADATA_NAME, REFERENCE_METADATA_TYPE)VALUES('6d1c96532e564935a8903918436fc029','NeighborhoodDesc','FIELD','b872d425ec6a42a4970aebd8984f3d38','LocationUWInfo_Type','2344631100044813a5126adcfb93e80d','C-255','PRIMITIVE');
INSERT INTO PUBLIC.OBJECT_FIELD_METADATA (ID, NAME, METADATA_TYPE, PARENT_METADATA,PARENT_METADATA_NAME, REFERENCE_METADATA, REFERENCE_METADATA_NAME, REFERENCE_METADATA_TYPE)VALUES('d5ef7b649d674a0dab5b75b39d8a8a46','DistanceToOceanOrOtherBodyWater','MODEL_RELATION','b872d425ec6a42a4970aebd8984f3d38','LocationUWInfo_Type','1df1057b06734b019460d9f8fb0a43b0','MEASUREMENT','OBJECT');
INSERT INTO PUBLIC.OBJECT_FIELD_METADATA (ID, NAME, METADATA_TYPE, PARENT_METADATA,PARENT_METADATA_NAME, REFERENCE_METADATA, REFERENCE_METADATA_NAME, REFERENCE_METADATA_TYPE)VALUES('300de8125a784ad9a9f98e329f3112df','CompanyProductCd','FIELD','b872d425ec6a42a4970aebd8984f3d38','LocationUWInfo_Type','6240ce877a244a73a1253961131c6cc9','IndustryCode_Type','PRIMITIVE');
INSERT INTO PUBLIC.OBJECT_FIELD_METADATA (ID, NAME, METADATA_TYPE, PARENT_METADATA,PARENT_METADATA_NAME, REFERENCE_METADATA, REFERENCE_METADATA_NAME, REFERENCE_METADATA_TYPE)VALUES('d7f61990aa86404688a59da578710521','InterestCd','FIELD','b872d425ec6a42a4970aebd8984f3d38','LocationUWInfo_Type','893b21bd8cc543e0b3c74b7bd0d5f47d','Interest','PRIMITIVE');
INSERT INTO PUBLIC.OBJECT_FIELD_METADATA (ID, NAME, METADATA_TYPE, PARENT_METADATA,PARENT_METADATA_NAME, REFERENCE_METADATA, REFERENCE_METADATA_NAME, REFERENCE_METADATA_TYPE)VALUES('8600e44a75d147af95c678f6a79f435a','PurchasePriceAmt','MODEL_RELATION','b872d425ec6a42a4970aebd8984f3d38','LocationUWInfo_Type','4fa89203e94a4637baa0484d19b460c5','CURRENCY','OBJECT');
INSERT INTO PUBLIC.OBJECT_FIELD_METADATA (ID, NAME, METADATA_TYPE, PARENT_METADATA,PARENT_METADATA_NAME, REFERENCE_METADATA, REFERENCE_METADATA_NAME, REFERENCE_METADATA_TYPE)VALUES('4b8074094e694358a002057e1b4f9c93','EducationCourse','MODEL_RELATION','b872d425ec6a42a4970aebd8984f3d38','LocationUWInfo_Type','9a5f0acb3813412e920cbc396055e9c8','EducationCourse_Type','OBJECT');
INSERT INTO PUBLIC.OBJECT_FIELD_METADATA (ID, NAME, METADATA_TYPE, PARENT_METADATA,PARENT_METADATA_NAME, REFERENCE_METADATA, REFERENCE_METADATA_NAME, REFERENCE_METADATA_TYPE)VALUES('7918616dbc8245e28b398eeac64a45f0','FranchiseInd','FIELD','b872d425ec6a42a4970aebd8984f3d38','LocationUWInfo_Type','4ffb0bcc3ec946d1af3ef883f4c3a4e6','Boolean','PRIMITIVE');
INSERT INTO PUBLIC.OBJECT_FIELD_METADATA (ID, NAME, METADATA_TYPE, PARENT_METADATA,PARENT_METADATA_NAME, REFERENCE_METADATA, REFERENCE_METADATA_NAME, REFERENCE_METADATA_TYPE)VALUES('465760020d2248e18755a8741540da6c','NAICSCd','FIELD','b872d425ec6a42a4970aebd8984f3d38','LocationUWInfo_Type','6240ce877a244a73a1253961131c6cc9','IndustryCode_Type','PRIMITIVE');
INSERT INTO PUBLIC.OBJECT_FIELD_METADATA (ID, NAME, METADATA_TYPE, PARENT_METADATA,PARENT_METADATA_NAME, REFERENCE_METADATA, REFERENCE_METADATA_NAME, REFERENCE_METADATA_TYPE)VALUES('eca7aaaf1e7e4483b3e0145f0532af25','AreaTypeSurroundingsDesc','FIELD','b872d425ec6a42a4970aebd8984f3d38','LocationUWInfo_Type','2344631100044813a5126adcfb93e80d','C-255','PRIMITIVE');
INSERT INTO PUBLIC.OBJECT_FIELD_METADATA (ID, NAME, METADATA_TYPE, PARENT_METADATA,PARENT_METADATA_NAME, REFERENCE_METADATA, REFERENCE_METADATA_NAME, REFERENCE_METADATA_TYPE)VALUES('1b066c316efc40bcba56c1122923ad6c','ValueInfo','MODEL_RELATION','b872d425ec6a42a4970aebd8984f3d38','LocationUWInfo_Type','292dd983770e47149290b2eda3f26948','ValueInfo_Type','OBJECT');
INSERT INTO PUBLIC.OBJECT_FIELD_METADATA (ID, NAME, METADATA_TYPE, PARENT_METADATA,PARENT_METADATA_NAME, REFERENCE_METADATA, REFERENCE_METADATA_NAME, REFERENCE_METADATA_TYPE)VALUES('26536e377215462a835a8489b93c66f0','SeasonalInd','FIELD','b872d425ec6a42a4970aebd8984f3d38','LocationUWInfo_Type','4ffb0bcc3ec946d1af3ef883f4c3a4e6','Boolean','PRIMITIVE');
INSERT INTO PUBLIC.OBJECT_FIELD_METADATA (ID, NAME, METADATA_TYPE, PARENT_METADATA,PARENT_METADATA_NAME, REFERENCE_METADATA, REFERENCE_METADATA_NAME, REFERENCE_METADATA_TYPE)VALUES('b103b6e3e16042aeac29d53f68eaf1d0','OriginalUseDesc','FIELD','b872d425ec6a42a4970aebd8984f3d38','LocationUWInfo_Type','395c33ebbd5b40f0aee8a4f93dbedf31','C-Infinite','PRIMITIVE');
INSERT INTO PUBLIC.OBJECT_FIELD_METADATA (ID, NAME, METADATA_TYPE, PARENT_METADATA,PARENT_METADATA_NAME, REFERENCE_METADATA, REFERENCE_METADATA_NAME, REFERENCE_METADATA_TYPE)VALUES('764c716e6bd44c9795e67d7e799eb630','BldgProtection','MODEL_RELATION','b872d425ec6a42a4970aebd8984f3d38','LocationUWInfo_Type','28a61d7effea4851965cd3af118e3ce8','BldgProtection_Type','OBJECT');
INSERT INTO PUBLIC.OBJECT_METADATA (ID, NAME, METADATA_TYPE, REFERENCE_METADATA, REFERENCE_METADATA_NAME) VALUES('f7e2ebeafdd24e148893b4ecb236ff3b','FloorInfo_Type','OBJECT',null,null);
INSERT INTO PUBLIC.OBJECT_FIELD_METADATA (ID, NAME, METADATA_TYPE, PARENT_METADATA,PARENT_METADATA_NAME, REFERENCE_METADATA, REFERENCE_METADATA_NAME, REFERENCE_METADATA_TYPE)VALUES('b0587879bbcc4d44b60e2861fad10714','Floor','FIELD','f7e2ebeafdd24e148893b4ecb236ff3b','FloorInfo_Type','b674cae0fea84e1d81355a6d09110a29','C-5','PRIMITIVE');
INSERT INTO PUBLIC.OBJECT_FIELD_METADATA (ID, NAME, METADATA_TYPE, PARENT_METADATA,PARENT_METADATA_NAME, REFERENCE_METADATA, REFERENCE_METADATA_NAME, REFERENCE_METADATA_TYPE)VALUES('fb383ad0c0cc48ac8aee095b9f525e0f','FloorInfoExt','FIELD','f7e2ebeafdd24e148893b4ecb236ff3b','FloorInfo_Type',null,null,null);
INSERT INTO PUBLIC.OBJECT_FIELD_METADATA (ID, NAME, METADATA_TYPE, PARENT_METADATA,PARENT_METADATA_NAME, REFERENCE_METADATA, REFERENCE_METADATA_NAME, REFERENCE_METADATA_TYPE)VALUES('eea89ac2bcb949d9b864c1672d139ff3','RangeInfo','MODEL_RELATION','f7e2ebeafdd24e148893b4ecb236ff3b','FloorInfo_Type','1dc92e0a319746b99db79ac4a0040809','RangeInfo_Type','OBJECT');
INSERT INTO PUBLIC.OBJECT_FIELD_METADATA (ID, NAME, METADATA_TYPE, PARENT_METADATA,PARENT_METADATA_NAME, REFERENCE_METADATA, REFERENCE_METADATA_NAME, REFERENCE_METADATA_TYPE)VALUES('c8fd759bfc1a4efb97930c79e121408c','FloorInfo','MODEL_RELATION','b872d425ec6a42a4970aebd8984f3d38','LocationUWInfo_Type','f7e2ebeafdd24e148893b4ecb236ff3b','FloorInfo_Type','OBJECT');
INSERT INTO PUBLIC.OBJECT_METADATA (ID, NAME, METADATA_TYPE, REFERENCE_METADATA, REFERENCE_METADATA_NAME) VALUES('bcb2df8e057b4bd4af3e2b1c729a6c64','RelatedLocInfo_Type','OBJECT',null,null);
INSERT INTO PUBLIC.PRIMITIVE_METADATA (ID, NAME, METADATA_TYPE) VALUES('b53a953644914e5494b891337ed1cae7','LocationRelationshipType','PRIMITIVE');
INSERT INTO PUBLIC.OBJECT_FIELD_METADATA (ID, NAME, METADATA_TYPE, PARENT_METADATA,PARENT_METADATA_NAME, REFERENCE_METADATA, REFERENCE_METADATA_NAME, REFERENCE_METADATA_TYPE)VALUES('a0d0300cef344e639d3aa554972e42da','LocationRelationshipTypeCd','FIELD','bcb2df8e057b4bd4af3e2b1c729a6c64','RelatedLocInfo_Type','b53a953644914e5494b891337ed1cae7','LocationRelationshipType','PRIMITIVE');
INSERT INTO PUBLIC.OBJECT_FIELD_METADATA (ID, NAME, METADATA_TYPE, PARENT_METADATA,PARENT_METADATA_NAME, REFERENCE_METADATA, REFERENCE_METADATA_NAME, REFERENCE_METADATA_TYPE)VALUES('5d6bdf6d1c42410889ca399e3b4996d8','RelatedLocInfoExt','FIELD','bcb2df8e057b4bd4af3e2b1c729a6c64','RelatedLocInfo_Type',null,null,null);
INSERT INTO PUBLIC.OBJECT_FIELD_METADATA (ID, NAME, METADATA_TYPE, PARENT_METADATA,PARENT_METADATA_NAME, REFERENCE_METADATA, REFERENCE_METADATA_NAME, REFERENCE_METADATA_TYPE)VALUES('2e632e8f22df435797d2297364e71573','RelatedLocInfo','MODEL_RELATION','b872d425ec6a42a4970aebd8984f3d38','LocationUWInfo_Type','bcb2df8e057b4bd4af3e2b1c729a6c64','RelatedLocInfo_Type','OBJECT');
INSERT INTO PUBLIC.OBJECT_FIELD_METADATA (ID, NAME, METADATA_TYPE, PARENT_METADATA,PARENT_METADATA_NAME, REFERENCE_METADATA, REFERENCE_METADATA_NAME, REFERENCE_METADATA_TYPE)VALUES('9d01d020238b473e958cb6a7c4e59d93','PlaceCd','FIELD','b872d425ec6a42a4970aebd8984f3d38','LocationUWInfo_Type','6240ce877a244a73a1253961131c6cc9','IndustryCode_Type','PRIMITIVE');
INSERT INTO PUBLIC.OBJECT_METADATA (ID, NAME, METADATA_TYPE, REFERENCE_METADATA, REFERENCE_METADATA_NAME) VALUES('463d081222aa421d8c04752a6ecd76ae','CrimeInfo_Type','OBJECT',null,null);
INSERT INTO PUBLIC.OBJECT_FIELD_METADATA (ID, NAME, METADATA_TYPE, PARENT_METADATA,PARENT_METADATA_NAME, REFERENCE_METADATA, REFERENCE_METADATA_NAME, REFERENCE_METADATA_TYPE)VALUES('862b562bd7b44244b302d19a0175ea86','NightDepositInd','FIELD','463d081222aa421d8c04752a6ecd76ae','CrimeInfo_Type','4ffb0bcc3ec946d1af3ef883f4c3a4e6','Boolean','PRIMITIVE');
INSERT INTO PUBLIC.OBJECT_FIELD_METADATA (ID, NAME, METADATA_TYPE, PARENT_METADATA,PARENT_METADATA_NAME, REFERENCE_METADATA, REFERENCE_METADATA_NAME, REFERENCE_METADATA_TYPE)VALUES('fd331e86837243e69771376e84356f0f','MessengerProtectionInfo','MODEL_RELATION','463d081222aa421d8c04752a6ecd76ae','CrimeInfo_Type','70770fb9d5ad4e1aba361154de3aa148','MessengerProtectionInfo_Type','OBJECT');
INSERT INTO PUBLIC.OBJECT_FIELD_METADATA (ID, NAME, METADATA_TYPE, PARENT_METADATA,PARENT_METADATA_NAME, REFERENCE_METADATA, REFERENCE_METADATA_NAME, REFERENCE_METADATA_TYPE)VALUES('b9ed41a5abf04b60b7bdb8c4d52e174c','BusinessHoursStartTime','FIELD','463d081222aa421d8c04752a6ecd76ae','CrimeInfo_Type','51d491822772403b96d2277d75c8912f','Time','PRIMITIVE');
INSERT INTO PUBLIC.OBJECT_FIELD_METADATA (ID, NAME, METADATA_TYPE, PARENT_METADATA,PARENT_METADATA_NAME, REFERENCE_METADATA, REFERENCE_METADATA_NAME, REFERENCE_METADATA_TYPE)VALUES('820d0fe6a4e04cd1a5f8b185307773e6','DepositFrequencyCd','FIELD','463d081222aa421d8c04752a6ecd76ae','CrimeInfo_Type','90030f3dd02843e3b982684d2bd6039d','Frequency','PRIMITIVE');
INSERT INTO PUBLIC.OBJECT_FIELD_METADATA (ID, NAME, METADATA_TYPE, PARENT_METADATA,PARENT_METADATA_NAME, REFERENCE_METADATA, REFERENCE_METADATA_NAME, REFERENCE_METADATA_TYPE)VALUES('4b0f8a39494441cb92097c1426646a61','Operations24HourInd','FIELD','463d081222aa421d8c04752a6ecd76ae','CrimeInfo_Type','4ffb0bcc3ec946d1af3ef883f4c3a4e6','Boolean','PRIMITIVE');
INSERT INTO PUBLIC.OBJECT_FIELD_METADATA (ID, NAME, METADATA_TYPE, PARENT_METADATA,PARENT_METADATA_NAME, REFERENCE_METADATA, REFERENCE_METADATA_NAME, REFERENCE_METADATA_TYPE)VALUES('8ee5fd84b92e43349a5da29fa77e08dc','ChecksStampedInd','FIELD','463d081222aa421d8c04752a6ecd76ae','CrimeInfo_Type','4ffb0bcc3ec946d1af3ef883f4c3a4e6','Boolean','PRIMITIVE');
INSERT INTO PUBLIC.OBJECT_FIELD_METADATA (ID, NAME, METADATA_TYPE, PARENT_METADATA,PARENT_METADATA_NAME, REFERENCE_METADATA, REFERENCE_METADATA_NAME, REFERENCE_METADATA_TYPE)VALUES('bb09d0b2f7aa4290881211177f3ae621','MaxPropertyValueAmt','MODEL_RELATION','463d081222aa421d8c04752a6ecd76ae','CrimeInfo_Type','4fa89203e94a4637baa0484d19b460c5','CURRENCY','OBJECT');
INSERT INTO PUBLIC.OBJECT_FIELD_METADATA (ID, NAME, METADATA_TYPE, PARENT_METADATA,PARENT_METADATA_NAME, REFERENCE_METADATA, REFERENCE_METADATA_NAME, REFERENCE_METADATA_TYPE)VALUES('ffcabe4b6ce741db98722e07de67174d','AnnualGrossReceiptsAmt','MODEL_RELATION','463d081222aa421d8c04752a6ecd76ae','CrimeInfo_Type','4fa89203e94a4637baa0484d19b460c5','CURRENCY','OBJECT');
INSERT INTO PUBLIC.OBJECT_FIELD_METADATA (ID, NAME, METADATA_TYPE, PARENT_METADATA,PARENT_METADATA_NAME, REFERENCE_METADATA, REFERENCE_METADATA_NAME, REFERENCE_METADATA_TYPE)VALUES('c07ea560983d42f0b49af488e468db3d','PropertyDesc','FIELD','463d081222aa421d8c04752a6ecd76ae','CrimeInfo_Type','2344631100044813a5126adcfb93e80d','C-255','PRIMITIVE');
INSERT INTO PUBLIC.OBJECT_FIELD_METADATA (ID, NAME, METADATA_TYPE, PARENT_METADATA,PARENT_METADATA_NAME, REFERENCE_METADATA, REFERENCE_METADATA_NAME, REFERENCE_METADATA_TYPE)VALUES('56eb4f4b44a144e8816fc24924b76b7c','CrimeInfoExt','FIELD','463d081222aa421d8c04752a6ecd76ae','CrimeInfo_Type',null,null,null);
INSERT INTO PUBLIC.OBJECT_FIELD_METADATA (ID, NAME, METADATA_TYPE, PARENT_METADATA,PARENT_METADATA_NAME, REFERENCE_METADATA, REFERENCE_METADATA_NAME, REFERENCE_METADATA_TYPE)VALUES('c4449837453e4ec399fae8265fa549f3','AvgNumEmployees','FIELD','463d081222aa421d8c04752a6ecd76ae','CrimeInfo_Type','838cab4e48a54d0bb23ca5ea9db454ab','Long','PRIMITIVE');
INSERT INTO PUBLIC.OBJECT_FIELD_METADATA (ID, NAME, METADATA_TYPE, PARENT_METADATA,PARENT_METADATA_NAME, REFERENCE_METADATA, REFERENCE_METADATA_NAME, REFERENCE_METADATA_TYPE)VALUES('803d9ba53ac14b12a046f959f89c3d9a','BusinessHoursCloseTime','FIELD','463d081222aa421d8c04752a6ecd76ae','CrimeInfo_Type','51d491822772403b96d2277d75c8912f','Time','PRIMITIVE');
INSERT INTO PUBLIC.OBJECT_FIELD_METADATA (ID, NAME, METADATA_TYPE, PARENT_METADATA,PARENT_METADATA_NAME, REFERENCE_METADATA, REFERENCE_METADATA_NAME, REFERENCE_METADATA_TYPE)VALUES('b8059b51fc724480bd48bac7dd705fde','CrimeInfo','MODEL_RELATION','b872d425ec6a42a4970aebd8984f3d38','LocationUWInfo_Type','463d081222aa421d8c04752a6ecd76ae','CrimeInfo_Type','OBJECT');
INSERT INTO PUBLIC.OBJECT_METADATA (ID, NAME, METADATA_TYPE, REFERENCE_METADATA, REFERENCE_METADATA_NAME) VALUES('15c04c10bd994da09f15ab0d5bda202a','FinancialInfo_Type','OBJECT',null,null);
INSERT INTO PUBLIC.OBJECT_FIELD_METADATA (ID, NAME, METADATA_TYPE, PARENT_METADATA,PARENT_METADATA_NAME, REFERENCE_METADATA, REFERENCE_METADATA_NAME, REFERENCE_METADATA_TYPE)VALUES('c8331e718eb749ad8d1e470eb1938f51','NotesPayableExclBanksAmt','MODEL_RELATION','15c04c10bd994da09f15ab0d5bda202a','FinancialInfo_Type','4fa89203e94a4637baa0484d19b460c5','CURRENCY','OBJECT');
INSERT INTO PUBLIC.OBJECT_FIELD_METADATA (ID, NAME, METADATA_TYPE, PARENT_METADATA,PARENT_METADATA_NAME, REFERENCE_METADATA, REFERENCE_METADATA_NAME, REFERENCE_METADATA_TYPE)VALUES('1bca7cfd86954153bd887afe22155a95','TotalNonFoodLiquorOperatingExpensesAmt','MODEL_RELATION','15c04c10bd994da09f15ab0d5bda202a','FinancialInfo_Type','4fa89203e94a4637baa0484d19b460c5','CURRENCY','OBJECT');
INSERT INTO PUBLIC.OBJECT_FIELD_METADATA (ID, NAME, METADATA_TYPE, PARENT_METADATA,PARENT_METADATA_NAME, REFERENCE_METADATA, REFERENCE_METADATA_NAME, REFERENCE_METADATA_TYPE)VALUES('3728e1232cb543948bea0132f316a07c','NetProfitLossAmt','MODEL_RELATION','15c04c10bd994da09f15ab0d5bda202a','FinancialInfo_Type','4fa89203e94a4637baa0484d19b460c5','CURRENCY','OBJECT');
INSERT INTO PUBLIC.OBJECT_FIELD_METADATA (ID, NAME, METADATA_TYPE, PARENT_METADATA,PARENT_METADATA_NAME, REFERENCE_METADATA, REFERENCE_METADATA_NAME, REFERENCE_METADATA_TYPE)VALUES('7f541f7056aa4b88b44ba00465c5bc77','AccountsPayableAmt','MODEL_RELATION','15c04c10bd994da09f15ab0d5bda202a','FinancialInfo_Type','4fa89203e94a4637baa0484d19b460c5','CURRENCY','OBJECT');
INSERT INTO PUBLIC.OBJECT_FIELD_METADATA (ID, NAME, METADATA_TYPE, PARENT_METADATA,PARENT_METADATA_NAME, REFERENCE_METADATA, REFERENCE_METADATA_NAME, REFERENCE_METADATA_TYPE)VALUES('0fcc72ad65724b7d8e49469f76a1605f','BankLoansPayableAmt','MODEL_RELATION','15c04c10bd994da09f15ab0d5bda202a','FinancialInfo_Type','4fa89203e94a4637baa0484d19b460c5','CURRENCY','OBJECT');
INSERT INTO PUBLIC.OBJECT_FIELD_METADATA (ID, NAME, METADATA_TYPE, PARENT_METADATA,PARENT_METADATA_NAME, REFERENCE_METADATA, REFERENCE_METADATA_NAME, REFERENCE_METADATA_TYPE)VALUES('5c421057df4e4fef880995c4ef8628a7','FinancialInfoExt','FIELD','15c04c10bd994da09f15ab0d5bda202a','FinancialInfo_Type',null,null,null);
INSERT INTO PUBLIC.OBJECT_FIELD_METADATA (ID, NAME, METADATA_TYPE, PARENT_METADATA,PARENT_METADATA_NAME, REFERENCE_METADATA, REFERENCE_METADATA_NAME, REFERENCE_METADATA_TYPE)VALUES('bdb20fa81edc4042917150e2d8de706e','Last12MonthsInd','FIELD','15c04c10bd994da09f15ab0d5bda202a','FinancialInfo_Type','4ffb0bcc3ec946d1af3ef883f4c3a4e6','Boolean','PRIMITIVE');
INSERT INTO PUBLIC.OBJECT_FIELD_METADATA (ID, NAME, METADATA_TYPE, PARENT_METADATA,PARENT_METADATA_NAME, REFERENCE_METADATA, REFERENCE_METADATA_NAME, REFERENCE_METADATA_TYPE)VALUES('b2b85d2e9edb4b1088f57f827e3bf2ab','TotalFoodLiquorOperatingExpensesAmt','MODEL_RELATION','15c04c10bd994da09f15ab0d5bda202a','FinancialInfo_Type','4fa89203e94a4637baa0484d19b460c5','CURRENCY','OBJECT');
INSERT INTO PUBLIC.OBJECT_FIELD_METADATA (ID, NAME, METADATA_TYPE, PARENT_METADATA,PARENT_METADATA_NAME, REFERENCE_METADATA, REFERENCE_METADATA_NAME, REFERENCE_METADATA_TYPE)VALUES('d6b8d87f0e33472ca60d4f7719e18a96','FinancialInfo','MODEL_RELATION','b872d425ec6a42a4970aebd8984f3d38','LocationUWInfo_Type','15c04c10bd994da09f15ab0d5bda202a','FinancialInfo_Type','OBJECT');
INSERT INTO PUBLIC.OBJECT_FIELD_METADATA (ID, NAME, METADATA_TYPE, PARENT_METADATA,PARENT_METADATA_NAME, REFERENCE_METADATA, REFERENCE_METADATA_NAME, REFERENCE_METADATA_TYPE)VALUES('ee93f82f02424c10be0db85f7d8ccc7b','ItemIdInfo','MODEL_RELATION','b872d425ec6a42a4970aebd8984f3d38','LocationUWInfo_Type','ba3be0e0317741b08f872c1fca47ad8f','ItemIdInfo_Type','OBJECT');
INSERT INTO PUBLIC.OBJECT_FIELD_METADATA (ID, NAME, METADATA_TYPE, PARENT_METADATA,PARENT_METADATA_NAME, REFERENCE_METADATA, REFERENCE_METADATA_NAME, REFERENCE_METADATA_TYPE)VALUES('702c77637b6f40d992dc232a9fe518fe','BusinessStartDt','FIELD','b872d425ec6a42a4970aebd8984f3d38','LocationUWInfo_Type','3b0a2ca6cf3a4fb19718e35aa60287cd','Date','PRIMITIVE');
INSERT INTO PUBLIC.OBJECT_FIELD_METADATA (ID, NAME, METADATA_TYPE, PARENT_METADATA,PARENT_METADATA_NAME, REFERENCE_METADATA, REFERENCE_METADATA_NAME, REFERENCE_METADATA_TYPE)VALUES('81e09feb02fc47dcb11e50333976b5c6','WindClassCd','FIELD','b872d425ec6a42a4970aebd8984f3d38','LocationUWInfo_Type','3bf6ee289f9e425894d1816325057ba1','WindClass','PRIMITIVE');
INSERT INTO PUBLIC.OBJECT_FIELD_METADATA (ID, NAME, METADATA_TYPE, PARENT_METADATA,PARENT_METADATA_NAME, REFERENCE_METADATA, REFERENCE_METADATA_NAME, REFERENCE_METADATA_TYPE)VALUES('1720e2368c8244ddbb4b6041b7e99be9','NameOfCoastalWaterInProximity','FIELD','b872d425ec6a42a4970aebd8984f3d38','LocationUWInfo_Type','556d0fd305d84c408c3f510bdb79e07f','C-60','PRIMITIVE');
INSERT INTO PUBLIC.OBJECT_FIELD_METADATA (ID, NAME, METADATA_TYPE, PARENT_METADATA,PARENT_METADATA_NAME, REFERENCE_METADATA, REFERENCE_METADATA_NAME, REFERENCE_METADATA_TYPE)VALUES('186a24f23ffb4c3ba0e7feda730a7d93','SeacoastOrOtherBodyWaterProximityCd','FIELD','b872d425ec6a42a4970aebd8984f3d38','LocationUWInfo_Type','c25b38094f7c4905bfef89ef4de81a85','SeacoastOrOtherBodyOfWaterProximity','PRIMITIVE');
INSERT INTO PUBLIC.OBJECT_FIELD_METADATA (ID, NAME, METADATA_TYPE, PARENT_METADATA,PARENT_METADATA_NAME, REFERENCE_METADATA, REFERENCE_METADATA_NAME, REFERENCE_METADATA_TYPE)VALUES('abc84ab73e7647c389b10b784948853f','LocationUWInfo','MODEL_RELATION','a8485aa8f7a7481b8828e638330f5291','Policy_Type','b872d425ec6a42a4970aebd8984f3d38','LocationUWInfo_Type','OBJECT');
INSERT INTO PUBLIC.OBJECT_METADATA (ID, NAME, METADATA_TYPE, REFERENCE_METADATA, REFERENCE_METADATA_NAME) VALUES('d257c805520d4c57814481ee229c9b94','Loss_Type','OBJECT',null,null);
INSERT INTO PUBLIC.OBJECT_FIELD_METADATA (ID, NAME, METADATA_TYPE, PARENT_METADATA,PARENT_METADATA_NAME, REFERENCE_METADATA, REFERENCE_METADATA_NAME, REFERENCE_METADATA_TYPE)VALUES('17fc0c01be534a94863889bca41a4b58','ClosedDt','FIELD','d257c805520d4c57814481ee229c9b94','Loss_Type','3b0a2ca6cf3a4fb19718e35aa60287cd','Date','PRIMITIVE');
INSERT INTO PUBLIC.OBJECT_FIELD_METADATA (ID, NAME, METADATA_TYPE, PARENT_METADATA,PARENT_METADATA_NAME, REFERENCE_METADATA, REFERENCE_METADATA_NAME, REFERENCE_METADATA_TYPE)VALUES('c2025fb27bb040e0b48920f639b5d670','CatastropheLossInd','FIELD','d257c805520d4c57814481ee229c9b94','Loss_Type','4ffb0bcc3ec946d1af3ef883f4c3a4e6','Boolean','PRIMITIVE');
INSERT INTO PUBLIC.OBJECT_FIELD_METADATA (ID, NAME, METADATA_TYPE, PARENT_METADATA,PARENT_METADATA_NAME, REFERENCE_METADATA, REFERENCE_METADATA_NAME, REFERENCE_METADATA_TYPE)VALUES('9a6101fdaa0743d188df3b9f3be7fe95','InsurerLossCauseCd','FIELD','d257c805520d4c57814481ee229c9b94','Loss_Type','6240ce877a244a73a1253961131c6cc9','IndustryCode_Type','PRIMITIVE');
INSERT INTO PUBLIC.OBJECT_FIELD_METADATA (ID, NAME, METADATA_TYPE, PARENT_METADATA,PARENT_METADATA_NAME, REFERENCE_METADATA, REFERENCE_METADATA_NAME, REFERENCE_METADATA_TYPE)VALUES('94f39431e85640fca021e2a4b69f31a7','DefenseCostAmt','MODEL_RELATION','d257c805520d4c57814481ee229c9b94','Loss_Type','4fa89203e94a4637baa0484d19b460c5','CURRENCY','OBJECT');
INSERT INTO PUBLIC.OBJECT_FIELD_METADATA (ID, NAME, METADATA_TYPE, PARENT_METADATA,PARENT_METADATA_NAME, REFERENCE_METADATA, REFERENCE_METADATA_NAME, REFERENCE_METADATA_TYPE)VALUES('90d06bfe4c1546b5b1e94ec833ceac6d','TotalPaidAmt','MODEL_RELATION','d257c805520d4c57814481ee229c9b94','Loss_Type','4fa89203e94a4637baa0484d19b460c5','CURRENCY','OBJECT');
INSERT INTO PUBLIC.OBJECT_FIELD_METADATA (ID, NAME, METADATA_TYPE, PARENT_METADATA,PARENT_METADATA_NAME, REFERENCE_METADATA, REFERENCE_METADATA_NAME, REFERENCE_METADATA_TYPE)VALUES('36a8cc79bde441f0a17a665bb2b348d4','NoticeInformationPracticesInd','FIELD','d257c805520d4c57814481ee229c9b94','Loss_Type','4ffb0bcc3ec946d1af3ef883f4c3a4e6','Boolean','PRIMITIVE');
INSERT INTO PUBLIC.OBJECT_FIELD_METADATA (ID, NAME, METADATA_TYPE, PARENT_METADATA,PARENT_METADATA_NAME, REFERENCE_METADATA, REFERENCE_METADATA_NAME, REFERENCE_METADATA_TYPE)VALUES('ba4d10f7f9614786902e804d07b31a31','ReservedAmt','MODEL_RELATION','d257c805520d4c57814481ee229c9b94','Loss_Type','4fa89203e94a4637baa0484d19b460c5','CURRENCY','OBJECT');
INSERT INTO PUBLIC.OBJECT_FIELD_METADATA (ID, NAME, METADATA_TYPE, PARENT_METADATA,PARENT_METADATA_NAME, REFERENCE_METADATA, REFERENCE_METADATA_NAME, REFERENCE_METADATA_TYPE)VALUES('b3bd0e18f98845abb0609e8a8e31dc78','TotalExpenseAmt','MODEL_RELATION','d257c805520d4c57814481ee229c9b94','Loss_Type','4fa89203e94a4637baa0484d19b460c5','CURRENCY','OBJECT');
INSERT INTO PUBLIC.OBJECT_FIELD_METADATA (ID, NAME, METADATA_TYPE, PARENT_METADATA,PARENT_METADATA_NAME, REFERENCE_METADATA, REFERENCE_METADATA_NAME, REFERENCE_METADATA_TYPE)VALUES('cdfe3da8cfe44ed7b1c8d736bb4e0daa','UWEligibilityInd','FIELD','d257c805520d4c57814481ee229c9b94','Loss_Type','4ffb0bcc3ec946d1af3ef883f4c3a4e6','Boolean','PRIMITIVE');
INSERT INTO PUBLIC.OBJECT_FIELD_METADATA (ID, NAME, METADATA_TYPE, PARENT_METADATA,PARENT_METADATA_NAME, REFERENCE_METADATA, REFERENCE_METADATA_NAME, REFERENCE_METADATA_TYPE)VALUES('409e1de9e11b491aa15c63de3507fdc0','LossExt','FIELD','d257c805520d4c57814481ee229c9b94','Loss_Type',null,null,null);
INSERT INTO PUBLIC.OBJECT_FIELD_METADATA (ID, NAME, METADATA_TYPE, PARENT_METADATA,PARENT_METADATA_NAME, REFERENCE_METADATA, REFERENCE_METADATA_NAME, REFERENCE_METADATA_TYPE)VALUES('5788dc1a84b64dbf9ca84c535299644c','ReportedDt','FIELD','d257c805520d4c57814481ee229c9b94','Loss_Type','d79ef4f06488440f9121bb3dba0ce108','DateTime','PRIMITIVE');
INSERT INTO PUBLIC.OBJECT_METADATA (ID, NAME, METADATA_TYPE, REFERENCE_METADATA, REFERENCE_METADATA_NAME) VALUES('bad69c466686454092b5c921e17001bf','Catastrophe_Type','OBJECT',null,null);
INSERT INTO PUBLIC.OBJECT_FIELD_METADATA (ID, NAME, METADATA_TYPE, PARENT_METADATA,PARENT_METADATA_NAME, REFERENCE_METADATA, REFERENCE_METADATA_NAME, REFERENCE_METADATA_TYPE)VALUES('4b83057af1a544bc86b35757d98ecd51','CatastropheDesc','FIELD','bad69c466686454092b5c921e17001bf','Catastrophe_Type','2344631100044813a5126adcfb93e80d','C-255','PRIMITIVE');
INSERT INTO PUBLIC.OBJECT_FIELD_METADATA (ID, NAME, METADATA_TYPE, PARENT_METADATA,PARENT_METADATA_NAME, REFERENCE_METADATA, REFERENCE_METADATA_NAME, REFERENCE_METADATA_TYPE)VALUES('cc618aae5d444cdbb59a28fc5a53f7b9','CatastropheCd','FIELD','bad69c466686454092b5c921e17001bf','Catastrophe_Type','6240ce877a244a73a1253961131c6cc9','IndustryCode_Type','PRIMITIVE');
INSERT INTO PUBLIC.OBJECT_FIELD_METADATA (ID, NAME, METADATA_TYPE, PARENT_METADATA,PARENT_METADATA_NAME, REFERENCE_METADATA, REFERENCE_METADATA_NAME, REFERENCE_METADATA_TYPE)VALUES('d65eed7252b94da1a6606a4863c09bcb','CatastropheCdSourceName','FIELD','bad69c466686454092b5c921e17001bf','Catastrophe_Type','556d0fd305d84c408c3f510bdb79e07f','C-60','PRIMITIVE');
INSERT INTO PUBLIC.OBJECT_FIELD_METADATA (ID, NAME, METADATA_TYPE, PARENT_METADATA,PARENT_METADATA_NAME, REFERENCE_METADATA, REFERENCE_METADATA_NAME, REFERENCE_METADATA_TYPE)VALUES('9d4e7ac97aa940289a34bcd1a56527ed','CatastropheName','FIELD','bad69c466686454092b5c921e17001bf','Catastrophe_Type','556d0fd305d84c408c3f510bdb79e07f','C-60','PRIMITIVE');
INSERT INTO PUBLIC.OBJECT_FIELD_METADATA (ID, NAME, METADATA_TYPE, PARENT_METADATA,PARENT_METADATA_NAME, REFERENCE_METADATA, REFERENCE_METADATA_NAME, REFERENCE_METADATA_TYPE)VALUES('a4eb85157b6141259e4c25b521a22ddf','CatastropheExt','FIELD','bad69c466686454092b5c921e17001bf','Catastrophe_Type',null,null,null);
INSERT INTO PUBLIC.OBJECT_FIELD_METADATA (ID, NAME, METADATA_TYPE, PARENT_METADATA,PARENT_METADATA_NAME, REFERENCE_METADATA, REFERENCE_METADATA_NAME, REFERENCE_METADATA_TYPE)VALUES('3953290bb09e44288117b8af6745e7c2','AssignedDt','FIELD','bad69c466686454092b5c921e17001bf','Catastrophe_Type','3b0a2ca6cf3a4fb19718e35aa60287cd','Date','PRIMITIVE');
INSERT INTO PUBLIC.OBJECT_FIELD_METADATA (ID, NAME, METADATA_TYPE, PARENT_METADATA,PARENT_METADATA_NAME, REFERENCE_METADATA, REFERENCE_METADATA_NAME, REFERENCE_METADATA_TYPE)VALUES('b7470c662ae6482397614a9fa4d0e0f9','CatastrophePeriod','MODEL_RELATION','bad69c466686454092b5c921e17001bf','Catastrophe_Type','2ba28904532b44bfb94bb9bca9b86a8a','DURATION','OBJECT');
INSERT INTO PUBLIC.OBJECT_FIELD_METADATA (ID, NAME, METADATA_TYPE, PARENT_METADATA,PARENT_METADATA_NAME, REFERENCE_METADATA, REFERENCE_METADATA_NAME, REFERENCE_METADATA_TYPE)VALUES('22d9ea7874284cf3942ba554195ab53d','LloydsCatastropheCd','FIELD','bad69c466686454092b5c921e17001bf','Catastrophe_Type','6240ce877a244a73a1253961131c6cc9','IndustryCode_Type','PRIMITIVE');
INSERT INTO PUBLIC.PRIMITIVE_METADATA (ID, NAME, METADATA_TYPE) VALUES('bbab0ca9b6744be7a03c187e4b3b610d','LossSource','PRIMITIVE');
INSERT INTO PUBLIC.OBJECT_FIELD_METADATA (ID, NAME, METADATA_TYPE, PARENT_METADATA,PARENT_METADATA_NAME, REFERENCE_METADATA, REFERENCE_METADATA_NAME, REFERENCE_METADATA_TYPE)VALUES('a42d9288288445139a960a386aab93d0','CatastropheCodeSourceCd','FIELD','bad69c466686454092b5c921e17001bf','Catastrophe_Type','bbab0ca9b6744be7a03c187e4b3b610d','LossSource','PRIMITIVE');
INSERT INTO PUBLIC.OBJECT_FIELD_METADATA (ID, NAME, METADATA_TYPE, PARENT_METADATA,PARENT_METADATA_NAME, REFERENCE_METADATA, REFERENCE_METADATA_NAME, REFERENCE_METADATA_TYPE)VALUES('25c2c41a2d204843a4e1a9c9a96b2e8b','Catastrophe','MODEL_RELATION','d257c805520d4c57814481ee229c9b94','Loss_Type','bad69c466686454092b5c921e17001bf','Catastrophe_Type','OBJECT');
INSERT INTO PUBLIC.OBJECT_FIELD_METADATA (ID, NAME, METADATA_TYPE, PARENT_METADATA,PARENT_METADATA_NAME, REFERENCE_METADATA, REFERENCE_METADATA_NAME, REFERENCE_METADATA_TYPE)VALUES('aa650d4798ed417b928936d032cbf9a2','ChargeableInd','FIELD','d257c805520d4c57814481ee229c9b94','Loss_Type','4ffb0bcc3ec946d1af3ef883f4c3a4e6','Boolean','PRIMITIVE');
INSERT INTO PUBLIC.OBJECT_FIELD_METADATA (ID, NAME, METADATA_TYPE, PARENT_METADATA,PARENT_METADATA_NAME, REFERENCE_METADATA, REFERENCE_METADATA_NAME, REFERENCE_METADATA_TYPE)VALUES('4435d4c58fe64c50a9f7a4c81dd79290','CoverageCd','FIELD','d257c805520d4c57814481ee229c9b94','Loss_Type','95d66cc5fb4849db8ff827e892c753b4','Coverages','PRIMITIVE');
INSERT INTO PUBLIC.OBJECT_FIELD_METADATA (ID, NAME, METADATA_TYPE, PARENT_METADATA,PARENT_METADATA_NAME, REFERENCE_METADATA, REFERENCE_METADATA_NAME, REFERENCE_METADATA_TYPE)VALUES('a3a2385b57bf47c8afdf3bd28f394f5a','DamageRepairedInd','FIELD','d257c805520d4c57814481ee229c9b94','Loss_Type','4ffb0bcc3ec946d1af3ef883f4c3a4e6','Boolean','PRIMITIVE');
INSERT INTO PUBLIC.OBJECT_FIELD_METADATA (ID, NAME, METADATA_TYPE, PARENT_METADATA,PARENT_METADATA_NAME, REFERENCE_METADATA, REFERENCE_METADATA_NAME, REFERENCE_METADATA_TYPE)VALUES('55e33fedba55425fa72900239c26e061','PolicyNumber','FIELD','d257c805520d4c57814481ee229c9b94','Loss_Type','3869bfeb4b5f47c0b4e159b3cfde6d71','C-25','PRIMITIVE');
INSERT INTO PUBLIC.OBJECT_FIELD_METADATA (ID, NAME, METADATA_TYPE, PARENT_METADATA,PARENT_METADATA_NAME, REFERENCE_METADATA, REFERENCE_METADATA_NAME, REFERENCE_METADATA_TYPE)VALUES('b5f3e58894a148e88c511424ecde4af9','LossDesc','FIELD','d257c805520d4c57814481ee229c9b94','Loss_Type','2344631100044813a5126adcfb93e80d','C-255','PRIMITIVE');
INSERT INTO PUBLIC.OBJECT_FIELD_METADATA (ID, NAME, METADATA_TYPE, PARENT_METADATA,PARENT_METADATA_NAME, REFERENCE_METADATA, REFERENCE_METADATA_NAME, REFERENCE_METADATA_TYPE)VALUES('51747d2148284f78bcde8182039c8c72','ProbableIncurredAmt','MODEL_RELATION','d257c805520d4c57814481ee229c9b94','Loss_Type','4fa89203e94a4637baa0484d19b460c5','CURRENCY','OBJECT');
INSERT INTO PUBLIC.OBJECT_FIELD_METADATA (ID, NAME, METADATA_TYPE, PARENT_METADATA,PARENT_METADATA_NAME, REFERENCE_METADATA, REFERENCE_METADATA_NAME, REFERENCE_METADATA_TYPE)VALUES('f5932dd0368540fab53a23f396e3ea87','LOBSubCd','FIELD','d257c805520d4c57814481ee229c9b94','Loss_Type','8376159ebcf44685b36391928a67e333','LineOfBusinessSubCode','PRIMITIVE');
INSERT INTO PUBLIC.PRIMITIVE_METADATA (ID, NAME, METADATA_TYPE) VALUES('aca35357f7074ff78374412c6927b261','LossEnteredBy','PRIMITIVE');
INSERT INTO PUBLIC.OBJECT_FIELD_METADATA (ID, NAME, METADATA_TYPE, PARENT_METADATA,PARENT_METADATA_NAME, REFERENCE_METADATA, REFERENCE_METADATA_NAME, REFERENCE_METADATA_TYPE)VALUES('2e0425cd0745423ebf986702ecd86f61','LossEnteredByCd','FIELD','d257c805520d4c57814481ee229c9b94','Loss_Type','aca35357f7074ff78374412c6927b261','LossEnteredBy','PRIMITIVE');
INSERT INTO PUBLIC.PRIMITIVE_METADATA (ID, NAME, METADATA_TYPE) VALUES('b9316aaf21bf40d0bfafd305fb755607','LossLocation','PRIMITIVE');
INSERT INTO PUBLIC.OBJECT_FIELD_METADATA (ID, NAME, METADATA_TYPE, PARENT_METADATA,PARENT_METADATA_NAME, REFERENCE_METADATA, REFERENCE_METADATA_NAME, REFERENCE_METADATA_TYPE)VALUES('5988f24835ef479eb23eaf333112d7f6','LossLocationCd','FIELD','d257c805520d4c57814481ee229c9b94','Loss_Type','b9316aaf21bf40d0bfafd305fb755607','LossLocation','PRIMITIVE');
INSERT INTO PUBLIC.OBJECT_FIELD_METADATA (ID, NAME, METADATA_TYPE, PARENT_METADATA,PARENT_METADATA_NAME, REFERENCE_METADATA, REFERENCE_METADATA_NAME, REFERENCE_METADATA_TYPE)VALUES('a111ad682fdf40d4b6ebb08f414a83a7','AdministrativeActionInd','FIELD','d257c805520d4c57814481ee229c9b94','Loss_Type','4ffb0bcc3ec946d1af3ef883f4c3a4e6','Boolean','PRIMITIVE');
INSERT INTO PUBLIC.OBJECT_FIELD_METADATA (ID, NAME, METADATA_TYPE, PARENT_METADATA,PARENT_METADATA_NAME, REFERENCE_METADATA, REFERENCE_METADATA_NAME, REFERENCE_METADATA_TYPE)VALUES('2efb94c44e5a4ba68363ee2413945748','SubrogationInd','FIELD','d257c805520d4c57814481ee229c9b94','Loss_Type','4ffb0bcc3ec946d1af3ef883f4c3a4e6','Boolean','PRIMITIVE');
INSERT INTO PUBLIC.OBJECT_FIELD_METADATA (ID, NAME, METADATA_TYPE, PARENT_METADATA,PARENT_METADATA_NAME, REFERENCE_METADATA, REFERENCE_METADATA_NAME, REFERENCE_METADATA_TYPE)VALUES('55f4749a69dc4a6f90bec24c394af13e','LossDt','FIELD','d257c805520d4c57814481ee229c9b94','Loss_Type','3b0a2ca6cf3a4fb19718e35aa60287cd','Date','PRIMITIVE');
INSERT INTO PUBLIC.OBJECT_FIELD_METADATA (ID, NAME, METADATA_TYPE, PARENT_METADATA,PARENT_METADATA_NAME, REFERENCE_METADATA, REFERENCE_METADATA_NAME, REFERENCE_METADATA_TYPE)VALUES('f687f0337cb54f288eab400f3a50d647','LossLocationDesc','FIELD','d257c805520d4c57814481ee229c9b94','Loss_Type','2344631100044813a5126adcfb93e80d','C-255','PRIMITIVE');
INSERT INTO PUBLIC.OBJECT_FIELD_METADATA (ID, NAME, METADATA_TYPE, PARENT_METADATA,PARENT_METADATA_NAME, REFERENCE_METADATA, REFERENCE_METADATA_NAME, REFERENCE_METADATA_TYPE)VALUES('422056dc8dd940a7b27d9b60549f358a','LOBCd','FIELD','d257c805520d4c57814481ee229c9b94','Loss_Type','3b75decf3cfc42c496d4405220659cf0','LineOfBusiness','PRIMITIVE');
INSERT INTO PUBLIC.OBJECT_FIELD_METADATA (ID, NAME, METADATA_TYPE, PARENT_METADATA,PARENT_METADATA_NAME, REFERENCE_METADATA, REFERENCE_METADATA_NAME, REFERENCE_METADATA_TYPE)VALUES('f120311858514699ae9e1eb7e3d04ec3','ClaimStatusCd','FIELD','d257c805520d4c57814481ee229c9b94','Loss_Type','8ee2b50183124e32803984686d23e29e','ClaimStatus','PRIMITIVE');
INSERT INTO PUBLIC.OBJECT_FIELD_METADATA (ID, NAME, METADATA_TYPE, PARENT_METADATA,PARENT_METADATA_NAME, REFERENCE_METADATA, REFERENCE_METADATA_NAME, REFERENCE_METADATA_TYPE)VALUES('2bfb032effda44aa8fabd88611ec712a','ClaimSettledInd','FIELD','d257c805520d4c57814481ee229c9b94','Loss_Type','4ffb0bcc3ec946d1af3ef883f4c3a4e6','Boolean','PRIMITIVE');
INSERT INTO PUBLIC.OBJECT_FIELD_METADATA (ID, NAME, METADATA_TYPE, PARENT_METADATA,PARENT_METADATA_NAME, REFERENCE_METADATA, REFERENCE_METADATA_NAME, REFERENCE_METADATA_TYPE)VALUES('c6e232321c9f4b54a6df7e97c4bb8064','LossCauseCd','FIELD','d257c805520d4c57814481ee229c9b94','Loss_Type','6240ce877a244a73a1253961131c6cc9','IndustryCode_Type','PRIMITIVE');
INSERT INTO PUBLIC.OBJECT_FIELD_METADATA (ID, NAME, METADATA_TYPE, PARENT_METADATA,PARENT_METADATA_NAME, REFERENCE_METADATA, REFERENCE_METADATA_NAME, REFERENCE_METADATA_TYPE)VALUES('0ac6f29a9ad94702b853f674e7da2b77','ProbableExpenseIncurredAmt','MODEL_RELATION','d257c805520d4c57814481ee229c9b94','Loss_Type','4fa89203e94a4637baa0484d19b460c5','CURRENCY','OBJECT');
INSERT INTO PUBLIC.OBJECT_FIELD_METADATA (ID, NAME, METADATA_TYPE, PARENT_METADATA,PARENT_METADATA_NAME, REFERENCE_METADATA, REFERENCE_METADATA_NAME, REFERENCE_METADATA_TYPE)VALUES('2ab510ecab1f4d6aafaafe51eb95add9','InDisputeInd','FIELD','d257c805520d4c57814481ee229c9b94','Loss_Type','4ffb0bcc3ec946d1af3ef883f4c3a4e6','Boolean','PRIMITIVE');
INSERT INTO PUBLIC.OBJECT_FIELD_METADATA (ID, NAME, METADATA_TYPE, PARENT_METADATA,PARENT_METADATA_NAME, REFERENCE_METADATA, REFERENCE_METADATA_NAME, REFERENCE_METADATA_TYPE)VALUES('8b8bba56f1e649bc99a4dda8981eed5c','ItemIdInfo','MODEL_RELATION','d257c805520d4c57814481ee229c9b94','Loss_Type','ba3be0e0317741b08f872c1fca47ad8f','ItemIdInfo_Type','OBJECT');
INSERT INTO PUBLIC.OBJECT_FIELD_METADATA (ID, NAME, METADATA_TYPE, PARENT_METADATA,PARENT_METADATA_NAME, REFERENCE_METADATA, REFERENCE_METADATA_NAME, REFERENCE_METADATA_TYPE)VALUES('001b7b965be44409831a14b42bd1bc7d','InsurerName','FIELD','d257c805520d4c57814481ee229c9b94','Loss_Type','2344631100044813a5126adcfb93e80d','C-255','PRIMITIVE');
INSERT INTO PUBLIC.OBJECT_FIELD_METADATA (ID, NAME, METADATA_TYPE, PARENT_METADATA,PARENT_METADATA_NAME, REFERENCE_METADATA, REFERENCE_METADATA_NAME, REFERENCE_METADATA_TYPE)VALUES('8f62583e7c9b4f36a8048e6c3394d219','Link','MODEL_RELATION','d257c805520d4c57814481ee229c9b94','Loss_Type','366dc9a89db94de3b92abf43ef1bf084','Link_Type','OBJECT');
INSERT INTO PUBLIC.OBJECT_FIELD_METADATA (ID, NAME, METADATA_TYPE, PARENT_METADATA,PARENT_METADATA_NAME, REFERENCE_METADATA, REFERENCE_METADATA_NAME, REFERENCE_METADATA_TYPE)VALUES('89185790169241b98bb175daf4cc50f9','Loss','MODEL_RELATION','a8485aa8f7a7481b8828e638330f5291','Policy_Type','d257c805520d4c57814481ee229c9b94','Loss_Type','OBJECT');
INSERT INTO PUBLIC.OBJECT_METADATA (ID, NAME, METADATA_TYPE, REFERENCE_METADATA, REFERENCE_METADATA_NAME) VALUES('38d60e75f733444bb11a466f57bdcbfc','SecurityAssessmentInfo_Type','OBJECT',null,null);
INSERT INTO PUBLIC.OBJECT_FIELD_METADATA (ID, NAME, METADATA_TYPE, PARENT_METADATA,PARENT_METADATA_NAME, REFERENCE_METADATA, REFERENCE_METADATA_NAME, REFERENCE_METADATA_TYPE)VALUES('4b41f55da0ed44a8bfcee7ad8cf067ee','SecurityAssessmentScore','FIELD','38d60e75f733444bb11a466f57bdcbfc','SecurityAssessmentInfo_Type','15814333b5aa47b2a194834a34e32e90','C-10','PRIMITIVE');
INSERT INTO PUBLIC.OBJECT_FIELD_METADATA (ID, NAME, METADATA_TYPE, PARENT_METADATA,PARENT_METADATA_NAME, REFERENCE_METADATA, REFERENCE_METADATA_NAME, REFERENCE_METADATA_TYPE)VALUES('ffc7d088964046dea76f050e794a3ce6','SecurityAssessmentInfoExt','FIELD','38d60e75f733444bb11a466f57bdcbfc','SecurityAssessmentInfo_Type',null,null,null);
INSERT INTO PUBLIC.OBJECT_FIELD_METADATA (ID, NAME, METADATA_TYPE, PARENT_METADATA,PARENT_METADATA_NAME, REFERENCE_METADATA, REFERENCE_METADATA_NAME, REFERENCE_METADATA_TYPE)VALUES('b99c92867d694acf8baa64c927495694','SecurityAssessmentDesc','FIELD','38d60e75f733444bb11a466f57bdcbfc','SecurityAssessmentInfo_Type','395c33ebbd5b40f0aee8a4f93dbedf31','C-Infinite','PRIMITIVE');
INSERT INTO PUBLIC.OBJECT_FIELD_METADATA (ID, NAME, METADATA_TYPE, PARENT_METADATA,PARENT_METADATA_NAME, REFERENCE_METADATA, REFERENCE_METADATA_NAME, REFERENCE_METADATA_TYPE)VALUES('4276aca5ebc044c6b3546b8bbe0a5582','SecurityAssessmentInfo','MODEL_RELATION','a8485aa8f7a7481b8828e638330f5291','Policy_Type','38d60e75f733444bb11a466f57bdcbfc','SecurityAssessmentInfo_Type','OBJECT');
INSERT INTO PUBLIC.OBJECT_METADATA (ID, NAME, METADATA_TYPE, REFERENCE_METADATA, REFERENCE_METADATA_NAME) VALUES('91666245287e48b29ef5df07be8b0e3c','PersUmbrellaLineBusiness_Type','MODEL',null,null);
INSERT INTO PUBLIC.OBJECT_FIELD_METADATA (ID, NAME, METADATA_TYPE, PARENT_METADATA,PARENT_METADATA_NAME, REFERENCE_METADATA, REFERENCE_METADATA_NAME, REFERENCE_METADATA_TYPE)VALUES('387d06196af143a59aacc0c5c29559ea','WrittenAmt','MODEL_RELATION','91666245287e48b29ef5df07be8b0e3c','PersUmbrellaLineBusiness_Type','4fa89203e94a4637baa0484d19b460c5','CURRENCY','OBJECT');
INSERT INTO PUBLIC.OBJECT_FIELD_METADATA (ID, NAME, METADATA_TYPE, PARENT_METADATA,PARENT_METADATA_NAME, REFERENCE_METADATA, REFERENCE_METADATA_NAME, REFERENCE_METADATA_TYPE)VALUES('bb358bffe5254c4cae4486b634cdbd59','HazardGradeInfo','MODEL_RELATION','91666245287e48b29ef5df07be8b0e3c','PersUmbrellaLineBusiness_Type','27cb6123ae2a4e5da40275f0c5716a86','HazardGradeInfo_Type','OBJECT');
INSERT INTO PUBLIC.OBJECT_FIELD_METADATA (ID, NAME, METADATA_TYPE, PARENT_METADATA,PARENT_METADATA_NAME, REFERENCE_METADATA, REFERENCE_METADATA_NAME, REFERENCE_METADATA_TYPE)VALUES('f23ec891a4174555a86ca00f8e67136c','MinPremAmt','MODEL_RELATION','91666245287e48b29ef5df07be8b0e3c','PersUmbrellaLineBusiness_Type','4fa89203e94a4637baa0484d19b460c5','CURRENCY','OBJECT');
INSERT INTO PUBLIC.OBJECT_FIELD_METADATA (ID, NAME, METADATA_TYPE, PARENT_METADATA,PARENT_METADATA_NAME, REFERENCE_METADATA, REFERENCE_METADATA_NAME, REFERENCE_METADATA_TYPE)VALUES('324807b7e296442b869d71fb5feb2fcf','CurrentTermAmt','MODEL_RELATION','91666245287e48b29ef5df07be8b0e3c','PersUmbrellaLineBusiness_Type','4fa89203e94a4637baa0484d19b460c5','CURRENCY','OBJECT');
INSERT INTO PUBLIC.OBJECT_FIELD_METADATA (ID, NAME, METADATA_TYPE, PARENT_METADATA,PARENT_METADATA_NAME, REFERENCE_METADATA, REFERENCE_METADATA_NAME, REFERENCE_METADATA_TYPE)VALUES('61f95101beb94148b25f527b0d68655b','CompanyProductCd','FIELD','91666245287e48b29ef5df07be8b0e3c','PersUmbrellaLineBusiness_Type','6240ce877a244a73a1253961131c6cc9','IndustryCode_Type','PRIMITIVE');
INSERT INTO PUBLIC.OBJECT_FIELD_METADATA (ID, NAME, METADATA_TYPE, PARENT_METADATA,PARENT_METADATA_NAME, REFERENCE_METADATA, REFERENCE_METADATA_NAME, REFERENCE_METADATA_TYPE)VALUES('faade2b6eb29437d9797b11ad80de265','CoverageAvailable','MODEL_RELATION','91666245287e48b29ef5df07be8b0e3c','PersUmbrellaLineBusiness_Type','d0675b4bbe674c1fa08297c27c3cb675','Coverage_Type','OBJECT');
INSERT INTO PUBLIC.OBJECT_FIELD_METADATA (ID, NAME, METADATA_TYPE, PARENT_METADATA,PARENT_METADATA_NAME, REFERENCE_METADATA, REFERENCE_METADATA_NAME, REFERENCE_METADATA_TYPE)VALUES('40c9750d6f11489aaa1b07e7e2fb145c','Vehicle','MODEL_RELATION','91666245287e48b29ef5df07be8b0e3c','PersUmbrellaLineBusiness_Type','4c397cbda142445eb986a2c13d1482b8','Vehicle_Type','OBJECT');
INSERT INTO PUBLIC.OBJECT_FIELD_METADATA (ID, NAME, METADATA_TYPE, PARENT_METADATA,PARENT_METADATA_NAME, REFERENCE_METADATA, REFERENCE_METADATA_NAME, REFERENCE_METADATA_TYPE)VALUES('6c61bdb2a32c4d4c9aecbb16fe3de6de','HazardGradeCd','FIELD','91666245287e48b29ef5df07be8b0e3c','PersUmbrellaLineBusiness_Type','6240ce877a244a73a1253961131c6cc9','IndustryCode_Type','PRIMITIVE');
INSERT INTO PUBLIC.OBJECT_METADATA (ID, NAME, METADATA_TYPE, REFERENCE_METADATA, REFERENCE_METADATA_NAME) VALUES('c99b988690f04067b7978fe40cfbbaa3','PCBASICWATERCRAFT','OBJECT',null,null);
INSERT INTO PUBLIC.OBJECT_FIELD_METADATA (ID, NAME, METADATA_TYPE, PARENT_METADATA,PARENT_METADATA_NAME, REFERENCE_METADATA, REFERENCE_METADATA_NAME, REFERENCE_METADATA_TYPE)VALUES('2124079c18c743349a4c9924f9534777','Speed','MODEL_RELATION','c99b988690f04067b7978fe40cfbbaa3','PCBASICWATERCRAFT','1df1057b06734b019460d9f8fb0a43b0','MEASUREMENT','OBJECT');
INSERT INTO PUBLIC.OBJECT_FIELD_METADATA (ID, NAME, METADATA_TYPE, PARENT_METADATA,PARENT_METADATA_NAME, REFERENCE_METADATA, REFERENCE_METADATA_NAME, REFERENCE_METADATA_TYPE)VALUES('e62e8713caf64275bed47120ddd91f4b','WaterUnitTypeCd','FIELD','c99b988690f04067b7978fe40cfbbaa3','PCBASICWATERCRAFT','4b281bc34e194fa186c18f3a93b7335c','WaterUnitType','PRIMITIVE');
INSERT INTO PUBLIC.OBJECT_FIELD_METADATA (ID, NAME, METADATA_TYPE, PARENT_METADATA,PARENT_METADATA_NAME, REFERENCE_METADATA, REFERENCE_METADATA_NAME, REFERENCE_METADATA_TYPE)VALUES('e45f104b654a42f2957499646e145d8b','ItemDefinition','MODEL_RELATION','c99b988690f04067b7978fe40cfbbaa3','PCBASICWATERCRAFT','d83ce2808c974daaa8d801a8af3b5cb2','ItemDefinition_Type','OBJECT');
INSERT INTO PUBLIC.OBJECT_FIELD_METADATA (ID, NAME, METADATA_TYPE, PARENT_METADATA,PARENT_METADATA_NAME, REFERENCE_METADATA, REFERENCE_METADATA_NAME, REFERENCE_METADATA_TYPE)VALUES('cfee56cb2b5e4311951b1f2389a576a0','CostNewAmt','MODEL_RELATION','c99b988690f04067b7978fe40cfbbaa3','PCBASICWATERCRAFT','4fa89203e94a4637baa0484d19b460c5','CURRENCY','OBJECT');
INSERT INTO PUBLIC.OBJECT_FIELD_METADATA (ID, NAME, METADATA_TYPE, PARENT_METADATA,PARENT_METADATA_NAME, REFERENCE_METADATA, REFERENCE_METADATA_NAME, REFERENCE_METADATA_TYPE)VALUES('a3b313c8d4f8477e8f47b7f1ab258d5d','WatersNavigatedCd','FIELD','c99b988690f04067b7978fe40cfbbaa3','PCBASICWATERCRAFT','83498617a616421dbba08cac38017a81','WatersNavigated','PRIMITIVE');
INSERT INTO PUBLIC.OBJECT_FIELD_METADATA (ID, NAME, METADATA_TYPE, PARENT_METADATA,PARENT_METADATA_NAME, REFERENCE_METADATA, REFERENCE_METADATA_NAME, REFERENCE_METADATA_TYPE)VALUES('26b4a982dd354a63b355bc779a8997c4','PropulsionTypeCd','FIELD','c99b988690f04067b7978fe40cfbbaa3','PCBASICWATERCRAFT','53301853ea70479abe219fe8e8fb84bc','PropulsionType','PRIMITIVE');
INSERT INTO PUBLIC.OBJECT_FIELD_METADATA (ID, NAME, METADATA_TYPE, PARENT_METADATA,PARENT_METADATA_NAME, REFERENCE_METADATA, REFERENCE_METADATA_NAME, REFERENCE_METADATA_TYPE)VALUES('7e165af074a1414d94062c1936c40573','TerritoryCd','FIELD','c99b988690f04067b7978fe40cfbbaa3','PCBASICWATERCRAFT','6240ce877a244a73a1253961131c6cc9','IndustryCode_Type','PRIMITIVE');
INSERT INTO PUBLIC.OBJECT_FIELD_METADATA (ID, NAME, METADATA_TYPE, PARENT_METADATA,PARENT_METADATA_NAME, REFERENCE_METADATA, REFERENCE_METADATA_NAME, REFERENCE_METADATA_TYPE)VALUES('505cfb161aec43dc897c539814ce4b7b','PurchasePriceAmt','MODEL_RELATION','c99b988690f04067b7978fe40cfbbaa3','PCBASICWATERCRAFT','4fa89203e94a4637baa0484d19b460c5','CURRENCY','OBJECT');
INSERT INTO PUBLIC.OBJECT_FIELD_METADATA (ID, NAME, METADATA_TYPE, PARENT_METADATA,PARENT_METADATA_NAME, REFERENCE_METADATA, REFERENCE_METADATA_NAME, REFERENCE_METADATA_TYPE)VALUES('119c65019bea40fb8e68929a1b5a60b4','Length','MODEL_RELATION','c99b988690f04067b7978fe40cfbbaa3','PCBASICWATERCRAFT','1df1057b06734b019460d9f8fb0a43b0','MEASUREMENT','OBJECT');
INSERT INTO PUBLIC.OBJECT_FIELD_METADATA (ID, NAME, METADATA_TYPE, PARENT_METADATA,PARENT_METADATA_NAME, REFERENCE_METADATA, REFERENCE_METADATA_NAME, REFERENCE_METADATA_TYPE)VALUES('5a5d691d09ca4ae88511f5357f3ec555','Horsepower','MODEL_RELATION','c99b988690f04067b7978fe40cfbbaa3','PCBASICWATERCRAFT','1df1057b06734b019460d9f8fb0a43b0','MEASUREMENT','OBJECT');
INSERT INTO PUBLIC.OBJECT_FIELD_METADATA (ID, NAME, METADATA_TYPE, PARENT_METADATA,PARENT_METADATA_NAME, REFERENCE_METADATA, REFERENCE_METADATA_NAME, REFERENCE_METADATA_TYPE)VALUES('37c9840339da4f6193ab84b8c2677b1d','PresentValueAmt','MODEL_RELATION','c99b988690f04067b7978fe40cfbbaa3','PCBASICWATERCRAFT','4fa89203e94a4637baa0484d19b460c5','CURRENCY','OBJECT');
INSERT INTO PUBLIC.OBJECT_FIELD_METADATA (ID, NAME, METADATA_TYPE, PARENT_METADATA,PARENT_METADATA_NAME, REFERENCE_METADATA, REFERENCE_METADATA_NAME, REFERENCE_METADATA_TYPE)VALUES('54d7914b4c41433ab0fe6a75b8b1a057','ItemIdInfo','MODEL_RELATION','c99b988690f04067b7978fe40cfbbaa3','PCBASICWATERCRAFT','ba3be0e0317741b08f872c1fca47ad8f','ItemIdInfo_Type','OBJECT');
INSERT INTO PUBLIC.OBJECT_FIELD_METADATA (ID, NAME, METADATA_TYPE, PARENT_METADATA,PARENT_METADATA_NAME, REFERENCE_METADATA, REFERENCE_METADATA_NAME, REFERENCE_METADATA_TYPE)VALUES('db2a4f097b8d41b2ac41bfc2a4024b3b','PurchaseDt','FIELD','c99b988690f04067b7978fe40cfbbaa3','PCBASICWATERCRAFT','3b0a2ca6cf3a4fb19718e35aa60287cd','Date','PRIMITIVE');
INSERT INTO PUBLIC.OBJECT_FIELD_METADATA (ID, NAME, METADATA_TYPE, PARENT_METADATA,PARENT_METADATA_NAME, REFERENCE_METADATA, REFERENCE_METADATA_NAME, REFERENCE_METADATA_TYPE)VALUES('e4b740cfcb05445fb1193d6a03cf13fa','Link','MODEL_RELATION','c99b988690f04067b7978fe40cfbbaa3','PCBASICWATERCRAFT','366dc9a89db94de3b92abf43ef1bf084','Link_Type','OBJECT');
INSERT INTO PUBLIC.OBJECT_FIELD_METADATA (ID, NAME, METADATA_TYPE, PARENT_METADATA,PARENT_METADATA_NAME, REFERENCE_METADATA, REFERENCE_METADATA_NAME, REFERENCE_METADATA_TYPE)VALUES('dc850959ec4c42018e3266d6e868d4e4','NumUnits','FIELD','c99b988690f04067b7978fe40cfbbaa3','PCBASICWATERCRAFT','c896845db6f640c6bf65093333a64c69','Decimal','PRIMITIVE');
INSERT INTO PUBLIC.OBJECT_FIELD_METADATA (ID, NAME, METADATA_TYPE, PARENT_METADATA,PARENT_METADATA_NAME, REFERENCE_METADATA, REFERENCE_METADATA_NAME, REFERENCE_METADATA_TYPE)VALUES('e37af742b977488fb825c57c9e777e16','BasicWatercraftInfo','MODEL_RELATION','91666245287e48b29ef5df07be8b0e3c','PersUmbrellaLineBusiness_Type','c99b988690f04067b7978fe40cfbbaa3','PCBASICWATERCRAFT','OBJECT');
INSERT INTO PUBLIC.OBJECT_METADATA (ID, NAME, METADATA_TYPE, REFERENCE_METADATA, REFERENCE_METADATA_NAME) VALUES('c3d38d8cf06a4ff191b37b6f42dda8f3','PersUmbrella_Type','OBJECT',null,null);
INSERT INTO PUBLIC.OBJECT_FIELD_METADATA (ID, NAME, METADATA_TYPE, PARENT_METADATA,PARENT_METADATA_NAME, REFERENCE_METADATA, REFERENCE_METADATA_NAME, REFERENCE_METADATA_TYPE)VALUES('b886d13624334fbb8f6aec4ed974d122','BusinessPursuitsTypeCd','FIELD','c3d38d8cf06a4ff191b37b6f42dda8f3','PersUmbrella_Type','0f95b02b7be34210bab4d1afdc01cfb2','CoverageOption','PRIMITIVE');
INSERT INTO PUBLIC.OBJECT_FIELD_METADATA (ID, NAME, METADATA_TYPE, PARENT_METADATA,PARENT_METADATA_NAME, REFERENCE_METADATA, REFERENCE_METADATA_NAME, REFERENCE_METADATA_TYPE)VALUES('d773d27828b44b2591f5ae2771a411c2','CalculationsDesc','FIELD','c3d38d8cf06a4ff191b37b6f42dda8f3','PersUmbrella_Type','395c33ebbd5b40f0aee8a4f93dbedf31','C-Infinite','PRIMITIVE');
INSERT INTO PUBLIC.OBJECT_FIELD_METADATA (ID, NAME, METADATA_TYPE, PARENT_METADATA,PARENT_METADATA_NAME, REFERENCE_METADATA, REFERENCE_METADATA_NAME, REFERENCE_METADATA_TYPE)VALUES('7ffbb140386b43d385a240a9555c8438','PersUmbrellaExt','FIELD','c3d38d8cf06a4ff191b37b6f42dda8f3','PersUmbrella_Type',null,null,null);
INSERT INTO PUBLIC.OBJECT_FIELD_METADATA (ID, NAME, METADATA_TYPE, PARENT_METADATA,PARENT_METADATA_NAME, REFERENCE_METADATA, REFERENCE_METADATA_NAME, REFERENCE_METADATA_TYPE)VALUES('6ec72f7223b7438a9642856e5d8e5897','TerritoryCd','FIELD','c3d38d8cf06a4ff191b37b6f42dda8f3','PersUmbrella_Type','6240ce877a244a73a1253961131c6cc9','IndustryCode_Type','PRIMITIVE');
INSERT INTO PUBLIC.OBJECT_FIELD_METADATA (ID, NAME, METADATA_TYPE, PARENT_METADATA,PARENT_METADATA_NAME, REFERENCE_METADATA, REFERENCE_METADATA_NAME, REFERENCE_METADATA_TYPE)VALUES('c52a6f1501c7464d9475b82a9d115b06','PersUmbrella','MODEL_RELATION','91666245287e48b29ef5df07be8b0e3c','PersUmbrellaLineBusiness_Type','c3d38d8cf06a4ff191b37b6f42dda8f3','PersUmbrella_Type','OBJECT');
INSERT INTO PUBLIC.OBJECT_METADATA (ID, NAME, METADATA_TYPE, REFERENCE_METADATA, REFERENCE_METADATA_NAME) VALUES('b778ad74b9be4c72b7a0580f88ed0a39','BasicDriverInfo_Type','OBJECT',null,null);
INSERT INTO PUBLIC.OBJECT_FIELD_METADATA (ID, NAME, METADATA_TYPE, PARENT_METADATA,PARENT_METADATA_NAME, REFERENCE_METADATA, REFERENCE_METADATA_NAME, REFERENCE_METADATA_TYPE)VALUES('aa52e1850a8543d38f22a444e3d8c7aa','TreatmentDesc','FIELD','b778ad74b9be4c72b7a0580f88ed0a39','BasicDriverInfo_Type','2344631100044813a5126adcfb93e80d','C-255','PRIMITIVE');
INSERT INTO PUBLIC.OBJECT_FIELD_METADATA (ID, NAME, METADATA_TYPE, PARENT_METADATA,PARENT_METADATA_NAME, REFERENCE_METADATA, REFERENCE_METADATA_NAME, REFERENCE_METADATA_TYPE)VALUES('9dbe3d75d8a042f4b61fbf32eadf6b0d','CancelReason','FIELD','b778ad74b9be4c72b7a0580f88ed0a39','BasicDriverInfo_Type','2344631100044813a5126adcfb93e80d','C-255','PRIMITIVE');
INSERT INTO PUBLIC.OBJECT_FIELD_METADATA (ID, NAME, METADATA_TYPE, PARENT_METADATA,PARENT_METADATA_NAME, REFERENCE_METADATA, REFERENCE_METADATA_NAME, REFERENCE_METADATA_TYPE)VALUES('dbd10c367955422ca45118faa821ccd9','GeneralPartyInfo','MODEL_RELATION','b778ad74b9be4c72b7a0580f88ed0a39','BasicDriverInfo_Type','d95b1cb018eb42c690b817b73cf4d5fa','GeneralPartyInfo_Type','OBJECT');
INSERT INTO PUBLIC.OBJECT_FIELD_METADATA (ID, NAME, METADATA_TYPE, PARENT_METADATA,PARENT_METADATA_NAME, REFERENCE_METADATA, REFERENCE_METADATA_NAME, REFERENCE_METADATA_TYPE)VALUES('8e843ee8a0b44e518eff1c64fafd5a51','BasicDriverInfoExt','FIELD','b778ad74b9be4c72b7a0580f88ed0a39','BasicDriverInfo_Type',null,null,null);
INSERT INTO PUBLIC.OBJECT_FIELD_METADATA (ID, NAME, METADATA_TYPE, PARENT_METADATA,PARENT_METADATA_NAME, REFERENCE_METADATA, REFERENCE_METADATA_NAME, REFERENCE_METADATA_TYPE)VALUES('a25eb7b2db754e69aeca2acd8d773718','ItemIdInfo','MODEL_RELATION','b778ad74b9be4c72b7a0580f88ed0a39','BasicDriverInfo_Type','ba3be0e0317741b08f872c1fca47ad8f','ItemIdInfo_Type','OBJECT');
INSERT INTO PUBLIC.OBJECT_FIELD_METADATA (ID, NAME, METADATA_TYPE, PARENT_METADATA,PARENT_METADATA_NAME, REFERENCE_METADATA, REFERENCE_METADATA_NAME, REFERENCE_METADATA_TYPE)VALUES('9515249b8ef5404fb0e6dbcea615766d','DriverInfo','MODEL_RELATION','b778ad74b9be4c72b7a0580f88ed0a39','BasicDriverInfo_Type','cb3da994fb6a41dbb301bf9a68401343','DriverInfo_Type','OBJECT');
INSERT INTO PUBLIC.OBJECT_FIELD_METADATA (ID, NAME, METADATA_TYPE, PARENT_METADATA,PARENT_METADATA_NAME, REFERENCE_METADATA, REFERENCE_METADATA_NAME, REFERENCE_METADATA_TYPE)VALUES('08ed944de5a249e280c8822af792e56f','SpecialEquipmentDesc','FIELD','b778ad74b9be4c72b7a0580f88ed0a39','BasicDriverInfo_Type','2344631100044813a5126adcfb93e80d','C-255','PRIMITIVE');
INSERT INTO PUBLIC.OBJECT_FIELD_METADATA (ID, NAME, METADATA_TYPE, PARENT_METADATA,PARENT_METADATA_NAME, REFERENCE_METADATA, REFERENCE_METADATA_NAME, REFERENCE_METADATA_TYPE)VALUES('9b0417ff72014ec8a7b3715a463aa48e','BasicDriverInfo','MODEL_RELATION','91666245287e48b29ef5df07be8b0e3c','PersUmbrellaLineBusiness_Type','b778ad74b9be4c72b7a0580f88ed0a39','BasicDriverInfo_Type','OBJECT');
INSERT INTO PUBLIC.OBJECT_METADATA (ID, NAME, METADATA_TYPE, REFERENCE_METADATA, REFERENCE_METADATA_NAME) VALUES('69bc9bbe8cc44e13ad764b80798bfefa','PCVEH','OBJECT',null,null);
INSERT INTO PUBLIC.OBJECT_FIELD_METADATA (ID, NAME, METADATA_TYPE, PARENT_METADATA,PARENT_METADATA_NAME, REFERENCE_METADATA, REFERENCE_METADATA_NAME, REFERENCE_METADATA_TYPE)VALUES('87a6a02a7dfd46d3a8e95e09848167f6','WrittenAmt','MODEL_RELATION','69bc9bbe8cc44e13ad764b80798bfefa','PCVEH','4fa89203e94a4637baa0484d19b460c5','CURRENCY','OBJECT');
INSERT INTO PUBLIC.OBJECT_FIELD_METADATA (ID, NAME, METADATA_TYPE, PARENT_METADATA,PARENT_METADATA_NAME, REFERENCE_METADATA, REFERENCE_METADATA_NAME, REFERENCE_METADATA_TYPE)VALUES('59f016549294470a843168f799579a28','NumDaysDrivenPerWeek','FIELD','69bc9bbe8cc44e13ad764b80798bfefa','PCVEH','838cab4e48a54d0bb23ca5ea9db454ab','Long','PRIMITIVE');
INSERT INTO PUBLIC.OBJECT_FIELD_METADATA (ID, NAME, METADATA_TYPE, PARENT_METADATA,PARENT_METADATA_NAME, REFERENCE_METADATA, REFERENCE_METADATA_NAME, REFERENCE_METADATA_TYPE)VALUES('85f9cfaf6e88481fbb210ebd96078e6b','GrossVehWeight','MODEL_RELATION','69bc9bbe8cc44e13ad764b80798bfefa','PCVEH','1df1057b06734b019460d9f8fb0a43b0','MEASUREMENT','OBJECT');
INSERT INTO PUBLIC.OBJECT_FIELD_METADATA (ID, NAME, METADATA_TYPE, PARENT_METADATA,PARENT_METADATA_NAME, REFERENCE_METADATA, REFERENCE_METADATA_NAME, REFERENCE_METADATA_TYPE)VALUES('90fa03eedf184004821f73073c35c50d','VehTypeCd','FIELD','69bc9bbe8cc44e13ad764b80798bfefa','PCVEH','f6c0212d5a4a4ffeb31ad55a6a7b5291','VehicleType','PRIMITIVE');
INSERT INTO PUBLIC.OBJECT_FIELD_METADATA (ID, NAME, METADATA_TYPE, PARENT_METADATA,PARENT_METADATA_NAME, REFERENCE_METADATA, REFERENCE_METADATA_NAME, REFERENCE_METADATA_TYPE)VALUES('b5edbf82b9fb40fab3906d3a7c7d0174','ExistingUnrepairedDamageDesc','FIELD','69bc9bbe8cc44e13ad764b80798bfefa','PCVEH','2344631100044813a5126adcfb93e80d','C-255','PRIMITIVE');
INSERT INTO PUBLIC.OBJECT_FIELD_METADATA (ID, NAME, METADATA_TYPE, PARENT_METADATA,PARENT_METADATA_NAME, REFERENCE_METADATA, REFERENCE_METADATA_NAME, REFERENCE_METADATA_TYPE)VALUES('a9d30e0fe88d4c718bd4cc0b2bed6dff','InspectionInfo','MODEL_RELATION','69bc9bbe8cc44e13ad764b80798bfefa','PCVEH','18eb9d0ffdad4e7e891e3297da8c3986','InspectionInfo_Type','OBJECT');
INSERT INTO PUBLIC.OBJECT_FIELD_METADATA (ID, NAME, METADATA_TYPE, PARENT_METADATA,PARENT_METADATA_NAME, REFERENCE_METADATA, REFERENCE_METADATA_NAME, REFERENCE_METADATA_TYPE)VALUES('65c233919cd64285b4b1185b7d6fd0e6','TerritoryCd','FIELD','69bc9bbe8cc44e13ad764b80798bfefa','PCVEH','6240ce877a244a73a1253961131c6cc9','IndustryCode_Type','PRIMITIVE');
INSERT INTO PUBLIC.OBJECT_FIELD_METADATA (ID, NAME, METADATA_TYPE, PARENT_METADATA,PARENT_METADATA_NAME, REFERENCE_METADATA, REFERENCE_METADATA_NAME, REFERENCE_METADATA_TYPE)VALUES('8a6a093d40084c9089874002e48a698a','ModelCd','FIELD','69bc9bbe8cc44e13ad764b80798bfefa','PCVEH','6240ce877a244a73a1253961131c6cc9','IndustryCode_Type','PRIMITIVE');
INSERT INTO PUBLIC.OBJECT_FIELD_METADATA (ID, NAME, METADATA_TYPE, PARENT_METADATA,PARENT_METADATA_NAME, REFERENCE_METADATA, REFERENCE_METADATA_NAME, REFERENCE_METADATA_TYPE)VALUES('968b8592fe374b658778cd8411aee9a5','Registration','MODEL_RELATION','69bc9bbe8cc44e13ad764b80798bfefa','PCVEH','1f54c746f68040a5ae5875642bcffcf7','Registration_Type','OBJECT');
INSERT INTO PUBLIC.OBJECT_FIELD_METADATA (ID, NAME, METADATA_TYPE, PARENT_METADATA,PARENT_METADATA_NAME, REFERENCE_METADATA, REFERENCE_METADATA_NAME, REFERENCE_METADATA_TYPE)VALUES('a4a82294404c468b993a8664ecd9856f','Manufacturer','FIELD','69bc9bbe8cc44e13ad764b80798bfefa','PCVEH','4aa23ceca9374701b7716d432173c7c2','C-50','PRIMITIVE');
INSERT INTO PUBLIC.OBJECT_FIELD_METADATA (ID, NAME, METADATA_TYPE, PARENT_METADATA,PARENT_METADATA_NAME, REFERENCE_METADATA, REFERENCE_METADATA_NAME, REFERENCE_METADATA_TYPE)VALUES('6e2b54a750c84d00898d1a5638e90879','EngineSerialNumber','FIELD','69bc9bbe8cc44e13ad764b80798bfefa','PCVEH','4aa23ceca9374701b7716d432173c7c2','C-50','PRIMITIVE');
INSERT INTO PUBLIC.OBJECT_FIELD_METADATA (ID, NAME, METADATA_TYPE, PARENT_METADATA,PARENT_METADATA_NAME, REFERENCE_METADATA, REFERENCE_METADATA_NAME, REFERENCE_METADATA_TYPE)VALUES('36f6460aae854c2790bca65aa5dc4d16','PurchaseDt','FIELD','69bc9bbe8cc44e13ad764b80798bfefa','PCVEH','3b0a2ca6cf3a4fb19718e35aa60287cd','Date','PRIMITIVE');
INSERT INTO PUBLIC.OBJECT_FIELD_METADATA (ID, NAME, METADATA_TYPE, PARENT_METADATA,PARENT_METADATA_NAME, REFERENCE_METADATA, REFERENCE_METADATA_NAME, REFERENCE_METADATA_TYPE)VALUES('add6d97046334fbd8837d7563bbf69cc','LeasedDt','FIELD','69bc9bbe8cc44e13ad764b80798bfefa','PCVEH','3b0a2ca6cf3a4fb19718e35aa60287cd','Date','PRIMITIVE');
INSERT INTO PUBLIC.OBJECT_FIELD_METADATA (ID, NAME, METADATA_TYPE, PARENT_METADATA,PARENT_METADATA_NAME, REFERENCE_METADATA, REFERENCE_METADATA_NAME, REFERENCE_METADATA_TYPE)VALUES('38a181bb01e74c38aecc4a92331887ad','Color','FIELD','69bc9bbe8cc44e13ad764b80798bfefa','PCVEH','3869bfeb4b5f47c0b4e159b3cfde6d71','C-25','PRIMITIVE');
INSERT INTO PUBLIC.OBJECT_FIELD_METADATA (ID, NAME, METADATA_TYPE, PARENT_METADATA,PARENT_METADATA_NAME, REFERENCE_METADATA, REFERENCE_METADATA_NAME, REFERENCE_METADATA_TYPE)VALUES('dc072da3952043c79e4ce2745b204b31','ItemModificationInfo','MODEL_RELATION','69bc9bbe8cc44e13ad764b80798bfefa','PCVEH','b014ec467cff464592373a481cf41dfb','ItemModificationInfo_Type','OBJECT');
INSERT INTO PUBLIC.OBJECT_FIELD_METADATA (ID, NAME, METADATA_TYPE, PARENT_METADATA,PARENT_METADATA_NAME, REFERENCE_METADATA, REFERENCE_METADATA_NAME, REFERENCE_METADATA_TYPE)VALUES('6cc1fc661d404f7bb0489b2a3b7c9862','TransmissionSerialNumber','FIELD','69bc9bbe8cc44e13ad764b80798bfefa','PCVEH','4aa23ceca9374701b7716d432173c7c2','C-50','PRIMITIVE');
INSERT INTO PUBLIC.OBJECT_FIELD_METADATA (ID, NAME, METADATA_TYPE, PARENT_METADATA,PARENT_METADATA_NAME, REFERENCE_METADATA, REFERENCE_METADATA_NAME, REFERENCE_METADATA_TYPE)VALUES('62592c7082fc4b238ad1006b809056ab','NetChangeAmt','MODEL_RELATION','69bc9bbe8cc44e13ad764b80798bfefa','PCVEH','4fa89203e94a4637baa0484d19b460c5','CURRENCY','OBJECT');
INSERT INTO PUBLIC.OBJECT_FIELD_METADATA (ID, NAME, METADATA_TYPE, PARENT_METADATA,PARENT_METADATA_NAME, REFERENCE_METADATA, REFERENCE_METADATA_NAME, REFERENCE_METADATA_TYPE)VALUES('fee87d1bb9014f6b8df2e5eaee958dd4','VehBodyTypeDesc','FIELD','69bc9bbe8cc44e13ad764b80798bfefa','PCVEH','2344631100044813a5126adcfb93e80d','C-255','PRIMITIVE');
INSERT INTO PUBLIC.OBJECT_FIELD_METADATA (ID, NAME, METADATA_TYPE, PARENT_METADATA,PARENT_METADATA_NAME, REFERENCE_METADATA, REFERENCE_METADATA_NAME, REFERENCE_METADATA_TYPE)VALUES('1a80b01f05bd43f4a09a83a6076721ba','VehSymbolCd','FIELD','69bc9bbe8cc44e13ad764b80798bfefa','PCVEH','6240ce877a244a73a1253961131c6cc9','IndustryCode_Type','PRIMITIVE');
INSERT INTO PUBLIC.OBJECT_FIELD_METADATA (ID, NAME, METADATA_TYPE, PARENT_METADATA,PARENT_METADATA_NAME, REFERENCE_METADATA, REFERENCE_METADATA_NAME, REFERENCE_METADATA_TYPE)VALUES('6dab59a6b3c84ca8934aeb37198fce73','ExistingUnrepairedDamageInfo','MODEL_RELATION','69bc9bbe8cc44e13ad764b80798bfefa','PCVEH','196948f7bce146269fec319bda4ba3ef','ExistingUnrepairedDamageInfo_Type','OBJECT');
INSERT INTO PUBLIC.OBJECT_FIELD_METADATA (ID, NAME, METADATA_TYPE, PARENT_METADATA,PARENT_METADATA_NAME, REFERENCE_METADATA, REFERENCE_METADATA_NAME, REFERENCE_METADATA_TYPE)VALUES('22cacc11e2fe45f4a7d59721c36a3f08','NumDaysOccupiedPerYr','FIELD','69bc9bbe8cc44e13ad764b80798bfefa','PCVEH','838cab4e48a54d0bb23ca5ea9db454ab','Long','PRIMITIVE');
INSERT INTO PUBLIC.OBJECT_FIELD_METADATA (ID, NAME, METADATA_TYPE, PARENT_METADATA,PARENT_METADATA_NAME, REFERENCE_METADATA, REFERENCE_METADATA_NAME, REFERENCE_METADATA_TYPE)VALUES('5dd53287ac404817a9bea6f3d9f65cff','Link','MODEL_RELATION','69bc9bbe8cc44e13ad764b80798bfefa','PCVEH','366dc9a89db94de3b92abf43ef1bf084','Link_Type','OBJECT');
INSERT INTO PUBLIC.OBJECT_FIELD_METADATA (ID, NAME, METADATA_TYPE, PARENT_METADATA,PARENT_METADATA_NAME, REFERENCE_METADATA, REFERENCE_METADATA_NAME, REFERENCE_METADATA_TYPE)VALUES('1001fdf6a7664695a68700ca4bc58e0d','VehRateGroupInfo','MODEL_RELATION','69bc9bbe8cc44e13ad764b80798bfefa','PCVEH','984917bf8fc24a90b162f55dbc7a3535','VehRateGroupInfo_Type','OBJECT');
INSERT INTO PUBLIC.OBJECT_FIELD_METADATA (ID, NAME, METADATA_TYPE, PARENT_METADATA,PARENT_METADATA_NAME, REFERENCE_METADATA, REFERENCE_METADATA_NAME, REFERENCE_METADATA_TYPE)VALUES('9e038596beac49658bf38b0d3b10a8f6','VehBodyTypeCd','FIELD','69bc9bbe8cc44e13ad764b80798bfefa','PCVEH','bffd6f81bef947abb7faeb2fb50c3922','VehicleBodyType','PRIMITIVE');
INSERT INTO PUBLIC.OBJECT_FIELD_METADATA (ID, NAME, METADATA_TYPE, PARENT_METADATA,PARENT_METADATA_NAME, REFERENCE_METADATA, REFERENCE_METADATA_NAME, REFERENCE_METADATA_TYPE)VALUES('10ac87da1eb7430e9d64314a44ab2501','PurchasePriceAmt','MODEL_RELATION','69bc9bbe8cc44e13ad764b80798bfefa','PCVEH','4fa89203e94a4637baa0484d19b460c5','CURRENCY','OBJECT');
INSERT INTO PUBLIC.OBJECT_FIELD_METADATA (ID, NAME, METADATA_TYPE, PARENT_METADATA,PARENT_METADATA_NAME, REFERENCE_METADATA, REFERENCE_METADATA_NAME, REFERENCE_METADATA_TYPE)VALUES('42614ea65d8b444cb41148b3a6d2792e','EstimatedAnnualDistance','MODEL_RELATION','69bc9bbe8cc44e13ad764b80798bfefa','PCVEH','1df1057b06734b019460d9f8fb0a43b0','MEASUREMENT','OBJECT');
INSERT INTO PUBLIC.OBJECT_FIELD_METADATA (ID, NAME, METADATA_TYPE, PARENT_METADATA,PARENT_METADATA_NAME, REFERENCE_METADATA, REFERENCE_METADATA_NAME, REFERENCE_METADATA_TYPE)VALUES('8942341eadc24ef985ae006d46c44581','ColorCd','FIELD','69bc9bbe8cc44e13ad764b80798bfefa','PCVEH','6240ce877a244a73a1253961131c6cc9','IndustryCode_Type','PRIMITIVE');
INSERT INTO PUBLIC.OBJECT_FIELD_METADATA (ID, NAME, METADATA_TYPE, PARENT_METADATA,PARENT_METADATA_NAME, REFERENCE_METADATA, REFERENCE_METADATA_NAME, REFERENCE_METADATA_TYPE)VALUES('991040a279eb4489b1fab0ef4cf2b215','Horsepower','MODEL_RELATION','69bc9bbe8cc44e13ad764b80798bfefa','PCVEH','1df1057b06734b019460d9f8fb0a43b0','MEASUREMENT','OBJECT');
INSERT INTO PUBLIC.OBJECT_FIELD_METADATA (ID, NAME, METADATA_TYPE, PARENT_METADATA,PARENT_METADATA_NAME, REFERENCE_METADATA, REFERENCE_METADATA_NAME, REFERENCE_METADATA_TYPE)VALUES('2644e53c8dfd413eaea66d82c0550d25','FullTermAmt','MODEL_RELATION','69bc9bbe8cc44e13ad764b80798bfefa','PCVEH','4fa89203e94a4637baa0484d19b460c5','CURRENCY','OBJECT');
INSERT INTO PUBLIC.OBJECT_FIELD_METADATA (ID, NAME, METADATA_TYPE, PARENT_METADATA,PARENT_METADATA_NAME, REFERENCE_METADATA, REFERENCE_METADATA_NAME, REFERENCE_METADATA_TYPE)VALUES('99cc553c0e674d13a359b714e4b20fc4','ManufacturerCd','FIELD','69bc9bbe8cc44e13ad764b80798bfefa','PCVEH','6240ce877a244a73a1253961131c6cc9','IndustryCode_Type','PRIMITIVE');
INSERT INTO PUBLIC.OBJECT_FIELD_METADATA (ID, NAME, METADATA_TYPE, PARENT_METADATA,PARENT_METADATA_NAME, REFERENCE_METADATA, REFERENCE_METADATA_NAME, REFERENCE_METADATA_TYPE)VALUES('1524e63a62304f4cadcc55d134fb387b','NumCylinders','FIELD','69bc9bbe8cc44e13ad764b80798bfefa','PCVEH','838cab4e48a54d0bb23ca5ea9db454ab','Long','PRIMITIVE');
INSERT INTO PUBLIC.OBJECT_FIELD_METADATA (ID, NAME, METADATA_TYPE, PARENT_METADATA,PARENT_METADATA_NAME, REFERENCE_METADATA, REFERENCE_METADATA_NAME, REFERENCE_METADATA_TYPE)VALUES('0d7c43ed10204081b8aa207fc82dac52','CombinedVehWeight','MODEL_RELATION','69bc9bbe8cc44e13ad764b80798bfefa','PCVEH','1df1057b06734b019460d9f8fb0a43b0','MEASUREMENT','OBJECT');
INSERT INTO PUBLIC.OBJECT_FIELD_METADATA (ID, NAME, METADATA_TYPE, PARENT_METADATA,PARENT_METADATA_NAME, REFERENCE_METADATA, REFERENCE_METADATA_NAME, REFERENCE_METADATA_TYPE)VALUES('45a918f10fdd4f9eb6ef519ee7b360d5','Width','MODEL_RELATION','69bc9bbe8cc44e13ad764b80798bfefa','PCVEH','1df1057b06734b019460d9f8fb0a43b0','MEASUREMENT','OBJECT');
INSERT INTO PUBLIC.OBJECT_FIELD_METADATA (ID, NAME, METADATA_TYPE, PARENT_METADATA,PARENT_METADATA_NAME, REFERENCE_METADATA, REFERENCE_METADATA_NAME, REFERENCE_METADATA_TYPE)VALUES('542c682e84d642e2afbb757cca931b5e','NumTotalVehRatingPoints','FIELD','69bc9bbe8cc44e13ad764b80798bfefa','PCVEH','838cab4e48a54d0bb23ca5ea9db454ab','Long','PRIMITIVE');
INSERT INTO PUBLIC.OBJECT_FIELD_METADATA (ID, NAME, METADATA_TYPE, PARENT_METADATA,PARENT_METADATA_NAME, REFERENCE_METADATA, REFERENCE_METADATA_NAME, REFERENCE_METADATA_TYPE)VALUES('bb35b25baaf14f4bb0c7cba1f660d8fe','LeasedVehInd','FIELD','69bc9bbe8cc44e13ad764b80798bfefa','PCVEH','4ffb0bcc3ec946d1af3ef883f4c3a4e6','Boolean','PRIMITIVE');
INSERT INTO PUBLIC.OBJECT_FIELD_METADATA (ID, NAME, METADATA_TYPE, PARENT_METADATA,PARENT_METADATA_NAME, REFERENCE_METADATA, REFERENCE_METADATA_NAME, REFERENCE_METADATA_TYPE)VALUES('4f7c1984e76240959468e0235705f07e','DrivenByCoWorkersInd','FIELD','69bc9bbe8cc44e13ad764b80798bfefa','PCVEH','4ffb0bcc3ec946d1af3ef883f4c3a4e6','Boolean','PRIMITIVE');
INSERT INTO PUBLIC.OBJECT_FIELD_METADATA (ID, NAME, METADATA_TYPE, PARENT_METADATA,PARENT_METADATA_NAME, REFERENCE_METADATA, REFERENCE_METADATA_NAME, REFERENCE_METADATA_TYPE)VALUES('fcf26211d9024ce19a5e69986d8c708f','AdditionalInterest','MODEL_RELATION','69bc9bbe8cc44e13ad764b80798bfefa','PCVEH','23a83d5912a54d0ca9b4669826684442','AdditionalInterest_Type','OBJECT');
INSERT INTO PUBLIC.OBJECT_FIELD_METADATA (ID, NAME, METADATA_TYPE, PARENT_METADATA,PARENT_METADATA_NAME, REFERENCE_METADATA, REFERENCE_METADATA_NAME, REFERENCE_METADATA_TYPE)VALUES('57e83151e1c0448bad1c50876d27eadb','TonRatingCapacityCd','FIELD','69bc9bbe8cc44e13ad764b80798bfefa','PCVEH','baf63d283aaf4967ac2c12ad0bec83b2','TonRatingCapacity','PRIMITIVE');
INSERT INTO PUBLIC.OBJECT_FIELD_METADATA (ID, NAME, METADATA_TYPE, PARENT_METADATA,PARENT_METADATA_NAME, REFERENCE_METADATA, REFERENCE_METADATA_NAME, REFERENCE_METADATA_TYPE)VALUES('2c8fcfd2bcb7432aa12a03b0d96df92d','CostNewAmt','MODEL_RELATION','69bc9bbe8cc44e13ad764b80798bfefa','PCVEH','4fa89203e94a4637baa0484d19b460c5','CURRENCY','OBJECT');
INSERT INTO PUBLIC.OBJECT_FIELD_METADATA (ID, NAME, METADATA_TYPE, PARENT_METADATA,PARENT_METADATA_NAME, REFERENCE_METADATA, REFERENCE_METADATA_NAME, REFERENCE_METADATA_TYPE)VALUES('5c31effc9f8a434c85c711d5697cd87b','ColorInterior','FIELD','69bc9bbe8cc44e13ad764b80798bfefa','PCVEH','3869bfeb4b5f47c0b4e159b3cfde6d71','C-25','PRIMITIVE');
INSERT INTO PUBLIC.OBJECT_FIELD_METADATA (ID, NAME, METADATA_TYPE, PARENT_METADATA,PARENT_METADATA_NAME, REFERENCE_METADATA, REFERENCE_METADATA_NAME, REFERENCE_METADATA_TYPE)VALUES('dd894845b13742c891434b3220d641a5','Displacement','MODEL_RELATION','69bc9bbe8cc44e13ad764b80798bfefa','PCVEH','1df1057b06734b019460d9f8fb0a43b0','MEASUREMENT','OBJECT');
INSERT INTO PUBLIC.OBJECT_FIELD_METADATA (ID, NAME, METADATA_TYPE, PARENT_METADATA,PARENT_METADATA_NAME, REFERENCE_METADATA, REFERENCE_METADATA_NAME, REFERENCE_METADATA_TYPE)VALUES('e3bc7d61078d420398b0a969124eead1','ChassisSerialNumber','FIELD','69bc9bbe8cc44e13ad764b80798bfefa','PCVEH','4aa23ceca9374701b7716d432173c7c2','C-50','PRIMITIVE');
INSERT INTO PUBLIC.OBJECT_FIELD_METADATA (ID, NAME, METADATA_TYPE, PARENT_METADATA,PARENT_METADATA_NAME, REFERENCE_METADATA, REFERENCE_METADATA_NAME, REFERENCE_METADATA_TYPE)VALUES('4dd97061cb204d06b72eee09f3fa6de0','AntiTheftDeviceInfo','MODEL_RELATION','69bc9bbe8cc44e13ad764b80798bfefa','PCVEH','d5a2d6f22ff94174a728b34efbb2a9b9','AntiTheftDeviceInfo_Type','OBJECT');
INSERT INTO PUBLIC.OBJECT_FIELD_METADATA (ID, NAME, METADATA_TYPE, PARENT_METADATA,PARENT_METADATA_NAME, REFERENCE_METADATA, REFERENCE_METADATA_NAME, REFERENCE_METADATA_TYPE)VALUES('688504e0c49541a7a1a0c194f7207708','VehLength','MODEL_RELATION','69bc9bbe8cc44e13ad764b80798bfefa','PCVEH','1df1057b06734b019460d9f8fb0a43b0','MEASUREMENT','OBJECT');
INSERT INTO PUBLIC.OBJECT_FIELD_METADATA (ID, NAME, METADATA_TYPE, PARENT_METADATA,PARENT_METADATA_NAME, REFERENCE_METADATA, REFERENCE_METADATA_NAME, REFERENCE_METADATA_TYPE)VALUES('7ee48873b9b545ec8a435ebbe5161724','VehIdentificationNumber','FIELD','69bc9bbe8cc44e13ad764b80798bfefa','PCVEH','3869bfeb4b5f47c0b4e159b3cfde6d71','C-25','PRIMITIVE');
INSERT INTO PUBLIC.OBJECT_FIELD_METADATA (ID, NAME, METADATA_TYPE, PARENT_METADATA,PARENT_METADATA_NAME, REFERENCE_METADATA, REFERENCE_METADATA_NAME, REFERENCE_METADATA_TYPE)VALUES('c6643db4d7944899b4cdb8208fde7393','RateSubClassCd','FIELD','69bc9bbe8cc44e13ad764b80798bfefa','PCVEH','6240ce877a244a73a1253961131c6cc9','IndustryCode_Type','PRIMITIVE');
INSERT INTO PUBLIC.OBJECT_FIELD_METADATA (ID, NAME, METADATA_TYPE, PARENT_METADATA,PARENT_METADATA_NAME, REFERENCE_METADATA, REFERENCE_METADATA_NAME, REFERENCE_METADATA_TYPE)VALUES('912cbfb1daae4c2c9a08b178ac453a07','POLKRestraintDeviceCd','FIELD','69bc9bbe8cc44e13ad764b80798bfefa','PCVEH','6240ce877a244a73a1253961131c6cc9','IndustryCode_Type','PRIMITIVE');
INSERT INTO PUBLIC.OBJECT_FIELD_METADATA (ID, NAME, METADATA_TYPE, PARENT_METADATA,PARENT_METADATA_NAME, REFERENCE_METADATA, REFERENCE_METADATA_NAME, REFERENCE_METADATA_TYPE)VALUES('1bcebcd4e83840f8b118e24c32ed72ac','HighTheftInd','FIELD','69bc9bbe8cc44e13ad764b80798bfefa','PCVEH','4ffb0bcc3ec946d1af3ef883f4c3a4e6','Boolean','PRIMITIVE');
INSERT INTO PUBLIC.OBJECT_FIELD_METADATA (ID, NAME, METADATA_TYPE, PARENT_METADATA,PARENT_METADATA_NAME, REFERENCE_METADATA, REFERENCE_METADATA_NAME, REFERENCE_METADATA_TYPE)VALUES('1c582a6e9fa74e1491dd01bf4c397942','Model','FIELD','69bc9bbe8cc44e13ad764b80798bfefa','PCVEH','4aa23ceca9374701b7716d432173c7c2','C-50','PRIMITIVE');
INSERT INTO PUBLIC.OBJECT_FIELD_METADATA (ID, NAME, METADATA_TYPE, PARENT_METADATA,PARENT_METADATA_NAME, REFERENCE_METADATA, REFERENCE_METADATA_NAME, REFERENCE_METADATA_TYPE)VALUES('eb9492e433464b6aaa2198bc3a92cbfa','ModelYear','FIELD','69bc9bbe8cc44e13ad764b80798bfefa','PCVEH','838cab4e48a54d0bb23ca5ea9db454ab','Long','PRIMITIVE');
INSERT INTO PUBLIC.OBJECT_FIELD_METADATA (ID, NAME, METADATA_TYPE, PARENT_METADATA,PARENT_METADATA_NAME, REFERENCE_METADATA, REFERENCE_METADATA_NAME, REFERENCE_METADATA_TYPE)VALUES('afb7887a9dc140bdb820feb1e8745042','ItemIdInfo','MODEL_RELATION','69bc9bbe8cc44e13ad764b80798bfefa','PCVEH','ba3be0e0317741b08f872c1fca47ad8f','ItemIdInfo_Type','OBJECT');
INSERT INTO PUBLIC.OBJECT_FIELD_METADATA (ID, NAME, METADATA_TYPE, PARENT_METADATA,PARENT_METADATA_NAME, REFERENCE_METADATA, REFERENCE_METADATA_NAME, REFERENCE_METADATA_TYPE)VALUES('3733bda36a0d49318262e7596d6c4818','BasicVehInfo','MODEL_RELATION','91666245287e48b29ef5df07be8b0e3c','PersUmbrellaLineBusiness_Type','69bc9bbe8cc44e13ad764b80798bfefa','PCVEH','OBJECT');
INSERT INTO PUBLIC.OBJECT_FIELD_METADATA (ID, NAME, METADATA_TYPE, PARENT_METADATA,PARENT_METADATA_NAME, REFERENCE_METADATA, REFERENCE_METADATA_NAME, REFERENCE_METADATA_TYPE)VALUES('1d370bc1ef29444c9561ee08c63bfc53','QuestionAnswer','MODEL_RELATION','91666245287e48b29ef5df07be8b0e3c','PersUmbrellaLineBusiness_Type','152fefd4f3054b68b490c1af5c9c284c','QuestionAnswer_Type','OBJECT');
INSERT INTO PUBLIC.OBJECT_FIELD_METADATA (ID, NAME, METADATA_TYPE, PARENT_METADATA,PARENT_METADATA_NAME, REFERENCE_METADATA, REFERENCE_METADATA_NAME, REFERENCE_METADATA_TYPE)VALUES('c3990ee082114edfa1a084609299be15','NAICCd','FIELD','91666245287e48b29ef5df07be8b0e3c','PersUmbrellaLineBusiness_Type','6240ce877a244a73a1253961131c6cc9','IndustryCode_Type','PRIMITIVE');
INSERT INTO PUBLIC.OBJECT_FIELD_METADATA (ID, NAME, METADATA_TYPE, PARENT_METADATA,PARENT_METADATA_NAME, REFERENCE_METADATA, REFERENCE_METADATA_NAME, REFERENCE_METADATA_TYPE)VALUES('16c125023a34400c8c0981af434aee54','PersUmbrellaLineBusinessExt','FIELD','91666245287e48b29ef5df07be8b0e3c','PersUmbrellaLineBusiness_Type',null,null,null);
INSERT INTO PUBLIC.OBJECT_FIELD_METADATA (ID, NAME, METADATA_TYPE, PARENT_METADATA,PARENT_METADATA_NAME, REFERENCE_METADATA, REFERENCE_METADATA_NAME, REFERENCE_METADATA_TYPE)VALUES('3dd128afeed0472ba9b5ef2feb4488be','AdditionalInterest','MODEL_RELATION','91666245287e48b29ef5df07be8b0e3c','PersUmbrellaLineBusiness_Type','23a83d5912a54d0ca9b4669826684442','AdditionalInterest_Type','OBJECT');
INSERT INTO PUBLIC.OBJECT_FIELD_METADATA (ID, NAME, METADATA_TYPE, PARENT_METADATA,PARENT_METADATA_NAME, REFERENCE_METADATA, REFERENCE_METADATA_NAME, REFERENCE_METADATA_TYPE)VALUES('ce5412fb782c4dd38fb7b01b867e1c9b','AuditInfo','MODEL_RELATION','91666245287e48b29ef5df07be8b0e3c','PersUmbrellaLineBusiness_Type','cafd893cc1ec4101a8df78b1c1a8c82e','AuditInfo_Type','OBJECT');
INSERT INTO PUBLIC.OBJECT_FIELD_METADATA (ID, NAME, METADATA_TYPE, PARENT_METADATA,PARENT_METADATA_NAME, REFERENCE_METADATA, REFERENCE_METADATA_NAME, REFERENCE_METADATA_TYPE)VALUES('d12a2844328c42858c5c19e47fe6c45e','MinPremInd','FIELD','91666245287e48b29ef5df07be8b0e3c','PersUmbrellaLineBusiness_Type','4ffb0bcc3ec946d1af3ef883f4c3a4e6','Boolean','PRIMITIVE');
INSERT INTO PUBLIC.OBJECT_METADATA (ID, NAME, METADATA_TYPE, REFERENCE_METADATA, REFERENCE_METADATA_NAME) VALUES('3121c94b6f1f41109a1fddd1072a6896','RealEstate_Type','OBJECT',null,null);
INSERT INTO PUBLIC.OBJECT_FIELD_METADATA (ID, NAME, METADATA_TYPE, PARENT_METADATA,PARENT_METADATA_NAME, REFERENCE_METADATA, REFERENCE_METADATA_NAME, REFERENCE_METADATA_TYPE)VALUES('1e777a117ad3445c80ab0c2232e71d4c','NumSwimmingPools','FIELD','3121c94b6f1f41109a1fddd1072a6896','RealEstate_Type','838cab4e48a54d0bb23ca5ea9db454ab','Long','PRIMITIVE');
INSERT INTO PUBLIC.OBJECT_FIELD_METADATA (ID, NAME, METADATA_TYPE, PARENT_METADATA,PARENT_METADATA_NAME, REFERENCE_METADATA, REFERENCE_METADATA_NAME, REFERENCE_METADATA_TYPE)VALUES('f60a4943eae646cd9fc189046d7ebcba','RealEstateExt','FIELD','3121c94b6f1f41109a1fddd1072a6896','RealEstate_Type',null,null,null);
INSERT INTO PUBLIC.OBJECT_FIELD_METADATA (ID, NAME, METADATA_TYPE, PARENT_METADATA,PARENT_METADATA_NAME, REFERENCE_METADATA, REFERENCE_METADATA_NAME, REFERENCE_METADATA_TYPE)VALUES('86cb420d6fed463487e802ef6245dcc4','AnimalExposureInfo','MODEL_RELATION','3121c94b6f1f41109a1fddd1072a6896','RealEstate_Type','acbbb71b22534bf1b7dab4348ab35125','AnimalExposureInfo_Type','OBJECT');
INSERT INTO PUBLIC.OBJECT_FIELD_METADATA (ID, NAME, METADATA_TYPE, PARENT_METADATA,PARENT_METADATA_NAME, REFERENCE_METADATA, REFERENCE_METADATA_NAME, REFERENCE_METADATA_TYPE)VALUES('463991c4f1d64957bb8f0e70e304a04b','SwimmingPool','MODEL_RELATION','3121c94b6f1f41109a1fddd1072a6896','RealEstate_Type','0feadffed45e41eebafa2f2c0cd549ff','SwimmingPool_Type','OBJECT');
INSERT INTO PUBLIC.OBJECT_FIELD_METADATA (ID, NAME, METADATA_TYPE, PARENT_METADATA,PARENT_METADATA_NAME, REFERENCE_METADATA, REFERENCE_METADATA_NAME, REFERENCE_METADATA_TYPE)VALUES('cb1e76a4e89b4283b4d2d4d6f181ea22','SafetyNetInd','FIELD','3121c94b6f1f41109a1fddd1072a6896','RealEstate_Type','4ffb0bcc3ec946d1af3ef883f4c3a4e6','Boolean','PRIMITIVE');
INSERT INTO PUBLIC.OBJECT_FIELD_METADATA (ID, NAME, METADATA_TYPE, PARENT_METADATA,PARENT_METADATA_NAME, REFERENCE_METADATA, REFERENCE_METADATA_NAME, REFERENCE_METADATA_TYPE)VALUES('301c565e529f456f9e995939cf720a73','NumApartments','FIELD','3121c94b6f1f41109a1fddd1072a6896','RealEstate_Type','838cab4e48a54d0bb23ca5ea9db454ab','Long','PRIMITIVE');
INSERT INTO PUBLIC.OBJECT_FIELD_METADATA (ID, NAME, METADATA_TYPE, PARENT_METADATA,PARENT_METADATA_NAME, REFERENCE_METADATA, REFERENCE_METADATA_NAME, REFERENCE_METADATA_TYPE)VALUES('7bdfade3c1d549fba962575bf5f045d5','DwellUseCd','FIELD','3121c94b6f1f41109a1fddd1072a6896','RealEstate_Type','f4d7bddf412e4ab3baefafbf62f20e86','DwellingUse','PRIMITIVE');
INSERT INTO PUBLIC.OBJECT_FIELD_METADATA (ID, NAME, METADATA_TYPE, PARENT_METADATA,PARENT_METADATA_NAME, REFERENCE_METADATA, REFERENCE_METADATA_NAME, REFERENCE_METADATA_TYPE)VALUES('e3680f6c2e364d21be69ef96a411eb30','InterestCd','FIELD','3121c94b6f1f41109a1fddd1072a6896','RealEstate_Type','893b21bd8cc543e0b3c74b7bd0d5f47d','Interest','PRIMITIVE');
INSERT INTO PUBLIC.OBJECT_FIELD_METADATA (ID, NAME, METADATA_TYPE, PARENT_METADATA,PARENT_METADATA_NAME, REFERENCE_METADATA, REFERENCE_METADATA_NAME, REFERENCE_METADATA_TYPE)VALUES('b339b23ac63f462aa2084af36d68ca15','LandArea','MODEL_RELATION','3121c94b6f1f41109a1fddd1072a6896','RealEstate_Type','1df1057b06734b019460d9f8fb0a43b0','MEASUREMENT','OBJECT');
INSERT INTO PUBLIC.OBJECT_FIELD_METADATA (ID, NAME, METADATA_TYPE, PARENT_METADATA,PARENT_METADATA_NAME, REFERENCE_METADATA, REFERENCE_METADATA_NAME, REFERENCE_METADATA_TYPE)VALUES('30fc87c5da5e4647b6c6904a3982221d','NumDivingBoards','FIELD','3121c94b6f1f41109a1fddd1072a6896','RealEstate_Type','838cab4e48a54d0bb23ca5ea9db454ab','Long','PRIMITIVE');
INSERT INTO PUBLIC.OBJECT_FIELD_METADATA (ID, NAME, METADATA_TYPE, PARENT_METADATA,PARENT_METADATA_NAME, REFERENCE_METADATA, REFERENCE_METADATA_NAME, REFERENCE_METADATA_TYPE)VALUES('fc552fdc2ff04112993a89347bcfaa42','OccupancyTypeCd','FIELD','3121c94b6f1f41109a1fddd1072a6896','RealEstate_Type','809efe8cb0f24b1eafadcf1f59f688b8','OccupancyType','PRIMITIVE');
INSERT INTO PUBLIC.PRIMITIVE_METADATA (ID, NAME, METADATA_TYPE) VALUES('34a3a03775fd4cc59b6dff6be99fa4b3','Occupancy','PRIMITIVE');
INSERT INTO PUBLIC.OBJECT_FIELD_METADATA (ID, NAME, METADATA_TYPE, PARENT_METADATA,PARENT_METADATA_NAME, REFERENCE_METADATA, REFERENCE_METADATA_NAME, REFERENCE_METADATA_TYPE)VALUES('728321a13ba84cc89374342929f7eea7','OccupancyCd','FIELD','3121c94b6f1f41109a1fddd1072a6896','RealEstate_Type','34a3a03775fd4cc59b6dff6be99fa4b3','Occupancy','PRIMITIVE');
INSERT INTO PUBLIC.PRIMITIVE_METADATA (ID, NAME, METADATA_TYPE) VALUES('4c459b225daa4503baf00c0f89b76266','RealEstateType','PRIMITIVE');
INSERT INTO PUBLIC.OBJECT_FIELD_METADATA (ID, NAME, METADATA_TYPE, PARENT_METADATA,PARENT_METADATA_NAME, REFERENCE_METADATA, REFERENCE_METADATA_NAME, REFERENCE_METADATA_TYPE)VALUES('5d43e140fef2424ca3a516ec9725daaf','RealEstateTypeCd','FIELD','3121c94b6f1f41109a1fddd1072a6896','RealEstate_Type','4c459b225daa4503baf00c0f89b76266','RealEstateType','PRIMITIVE');
INSERT INTO PUBLIC.OBJECT_FIELD_METADATA (ID, NAME, METADATA_TYPE, PARENT_METADATA,PARENT_METADATA_NAME, REFERENCE_METADATA, REFERENCE_METADATA_NAME, REFERENCE_METADATA_TYPE)VALUES('c7d6eb0db9b145058eef2c9ba6952685','ItemIdInfo','MODEL_RELATION','3121c94b6f1f41109a1fddd1072a6896','RealEstate_Type','ba3be0e0317741b08f872c1fca47ad8f','ItemIdInfo_Type','OBJECT');
INSERT INTO PUBLIC.OBJECT_FIELD_METADATA (ID, NAME, METADATA_TYPE, PARENT_METADATA,PARENT_METADATA_NAME, REFERENCE_METADATA, REFERENCE_METADATA_NAME, REFERENCE_METADATA_TYPE)VALUES('6471bb7832c742f4ad0fc79706726254','ResidenceEmployees','MODEL_RELATION','3121c94b6f1f41109a1fddd1072a6896','RealEstate_Type','77b0a39519d840f5808f531b0a362541','ResidenceEmployees_Type','OBJECT');
INSERT INTO PUBLIC.OBJECT_FIELD_METADATA (ID, NAME, METADATA_TYPE, PARENT_METADATA,PARENT_METADATA_NAME, REFERENCE_METADATA, REFERENCE_METADATA_NAME, REFERENCE_METADATA_TYPE)VALUES('90dc246e5cf142ecac4314062bd40780','NumStories','FIELD','3121c94b6f1f41109a1fddd1072a6896','RealEstate_Type','c896845db6f640c6bf65093333a64c69','Decimal','PRIMITIVE');
INSERT INTO PUBLIC.OBJECT_FIELD_METADATA (ID, NAME, METADATA_TYPE, PARENT_METADATA,PARENT_METADATA_NAME, REFERENCE_METADATA, REFERENCE_METADATA_NAME, REFERENCE_METADATA_TYPE)VALUES('7527157a72c54f66bdce389ce311b13d','Link','MODEL_RELATION','3121c94b6f1f41109a1fddd1072a6896','RealEstate_Type','366dc9a89db94de3b92abf43ef1bf084','Link_Type','OBJECT');
INSERT INTO PUBLIC.OBJECT_FIELD_METADATA (ID, NAME, METADATA_TYPE, PARENT_METADATA,PARENT_METADATA_NAME, REFERENCE_METADATA, REFERENCE_METADATA_NAME, REFERENCE_METADATA_TYPE)VALUES('bf337398a9ad43d2be1bd7b4058bb4d0','YearBuilt','FIELD','3121c94b6f1f41109a1fddd1072a6896','RealEstate_Type','7c9113946db7435cb0053de34c768997','Year','PRIMITIVE');
INSERT INTO PUBLIC.OBJECT_FIELD_METADATA (ID, NAME, METADATA_TYPE, PARENT_METADATA,PARENT_METADATA_NAME, REFERENCE_METADATA, REFERENCE_METADATA_NAME, REFERENCE_METADATA_TYPE)VALUES('86887ec7d37f42e5926a738cee848bfe','RealEstate','MODEL_RELATION','91666245287e48b29ef5df07be8b0e3c','PersUmbrellaLineBusiness_Type','3121c94b6f1f41109a1fddd1072a6896','RealEstate_Type','OBJECT');
INSERT INTO PUBLIC.OBJECT_FIELD_METADATA (ID, NAME, METADATA_TYPE, PARENT_METADATA,PARENT_METADATA_NAME, REFERENCE_METADATA, REFERENCE_METADATA_NAME, REFERENCE_METADATA_TYPE)VALUES('577df12e6a3240378d9bbf82cd73c596','NetChangeAmt','MODEL_RELATION','91666245287e48b29ef5df07be8b0e3c','PersUmbrellaLineBusiness_Type','4fa89203e94a4637baa0484d19b460c5','CURRENCY','OBJECT');
INSERT INTO PUBLIC.OBJECT_FIELD_METADATA (ID, NAME, METADATA_TYPE, PARENT_METADATA,PARENT_METADATA_NAME, REFERENCE_METADATA, REFERENCE_METADATA_NAME, REFERENCE_METADATA_TYPE)VALUES('fb58571524c04e22b277d850d2761ea1','Coverage','MODEL_RELATION','91666245287e48b29ef5df07be8b0e3c','PersUmbrellaLineBusiness_Type','d0675b4bbe674c1fa08297c27c3cb675','Coverage_Type','OBJECT');
INSERT INTO PUBLIC.OBJECT_FIELD_METADATA (ID, NAME, METADATA_TYPE, PARENT_METADATA,PARENT_METADATA_NAME, REFERENCE_METADATA, REFERENCE_METADATA_NAME, REFERENCE_METADATA_TYPE)VALUES('f41b3a93fff347c5840b09c20149a738','PMACd','FIELD','91666245287e48b29ef5df07be8b0e3c','PersUmbrellaLineBusiness_Type','6240ce877a244a73a1253961131c6cc9','IndustryCode_Type','PRIMITIVE');
INSERT INTO PUBLIC.OBJECT_FIELD_METADATA (ID, NAME, METADATA_TYPE, PARENT_METADATA,PARENT_METADATA_NAME, REFERENCE_METADATA, REFERENCE_METADATA_NAME, REFERENCE_METADATA_TYPE)VALUES('a83b26acf0104894b10ce2bde8db70d7','LOBSubCd','FIELD','91666245287e48b29ef5df07be8b0e3c','PersUmbrellaLineBusiness_Type','8376159ebcf44685b36391928a67e333','LineOfBusinessSubCode','PRIMITIVE');
INSERT INTO PUBLIC.OBJECT_FIELD_METADATA (ID, NAME, METADATA_TYPE, PARENT_METADATA,PARENT_METADATA_NAME, REFERENCE_METADATA, REFERENCE_METADATA_NAME, REFERENCE_METADATA_TYPE)VALUES('3c9518c6c288466ea140358df91f64fe','GroupId','FIELD','91666245287e48b29ef5df07be8b0e3c','PersUmbrellaLineBusiness_Type','3da4bbbc6bf44d5f941e647b8e8408dc','AssignedIdentifier','PRIMITIVE');
INSERT INTO PUBLIC.OBJECT_FIELD_METADATA (ID, NAME, METADATA_TYPE, PARENT_METADATA,PARENT_METADATA_NAME, REFERENCE_METADATA, REFERENCE_METADATA_NAME, REFERENCE_METADATA_TYPE)VALUES('9bbeeb6f3d5c4859824621f050c8fe4b','LOBCd','FIELD','91666245287e48b29ef5df07be8b0e3c','PersUmbrellaLineBusiness_Type','3b75decf3cfc42c496d4405220659cf0','LineOfBusiness','PRIMITIVE');
INSERT INTO PUBLIC.OBJECT_FIELD_METADATA (ID, NAME, METADATA_TYPE, PARENT_METADATA,PARENT_METADATA_NAME, REFERENCE_METADATA, REFERENCE_METADATA_NAME, REFERENCE_METADATA_TYPE)VALUES('80f5ab5fffa94cf5b9a6d84c12069f49','RateEffectiveDt','FIELD','91666245287e48b29ef5df07be8b0e3c','PersUmbrellaLineBusiness_Type','3b0a2ca6cf3a4fb19718e35aa60287cd','Date','PRIMITIVE');
INSERT INTO PUBLIC.OBJECT_FIELD_METADATA (ID, NAME, METADATA_TYPE, PARENT_METADATA,PARENT_METADATA_NAME, REFERENCE_METADATA, REFERENCE_METADATA_NAME, REFERENCE_METADATA_TYPE)VALUES('7b06c9cc7b3f40f9867de7e4e416f1fc','PersUmbrellaLineBusiness','MODEL_RELATION','a8485aa8f7a7481b8828e638330f5291','Policy_Type','91666245287e48b29ef5df07be8b0e3c','PersUmbrellaLineBusiness_Type','MODEL');
INSERT INTO PUBLIC.OBJECT_FIELD_METADATA (ID, NAME, METADATA_TYPE, PARENT_METADATA,PARENT_METADATA_NAME, REFERENCE_METADATA, REFERENCE_METADATA_NAME, REFERENCE_METADATA_TYPE)VALUES('983e9b7e81d6456a924bf8b6604c9bb5','AssignmentDt','FIELD','a8485aa8f7a7481b8828e638330f5291','Policy_Type','3b0a2ca6cf3a4fb19718e35aa60287cd','Date','PRIMITIVE');
INSERT INTO PUBLIC.OBJECT_METADATA (ID, NAME, METADATA_TYPE, REFERENCE_METADATA, REFERENCE_METADATA_NAME) VALUES('b5698a9364154fcf97e5e511ec51a43e','UnderwritingDecisionInfo_Type','OBJECT',null,null);
INSERT INTO PUBLIC.OBJECT_FIELD_METADATA (ID, NAME, METADATA_TYPE, PARENT_METADATA,PARENT_METADATA_NAME, REFERENCE_METADATA, REFERENCE_METADATA_NAME, REFERENCE_METADATA_TYPE)VALUES('fcf004bfd92842a19b2b3fd2f7df46b0','UnderwritingRenewalDecisionDt','FIELD','b5698a9364154fcf97e5e511ec51a43e','UnderwritingDecisionInfo_Type','3b0a2ca6cf3a4fb19718e35aa60287cd','Date','PRIMITIVE');
INSERT INTO PUBLIC.PRIMITIVE_METADATA (ID, NAME, METADATA_TYPE) VALUES('871e44d71e8d4068946a7b35a810f1b1','UnderwritingDecision','PRIMITIVE');
INSERT INTO PUBLIC.OBJECT_FIELD_METADATA (ID, NAME, METADATA_TYPE, PARENT_METADATA,PARENT_METADATA_NAME, REFERENCE_METADATA, REFERENCE_METADATA_NAME, REFERENCE_METADATA_TYPE)VALUES('af6da03f3a5e4f1f8b3da26e82b56d9a','UnderwritingRenewalDecisionCd','FIELD','b5698a9364154fcf97e5e511ec51a43e','UnderwritingDecisionInfo_Type','871e44d71e8d4068946a7b35a810f1b1','UnderwritingDecision','PRIMITIVE');
INSERT INTO PUBLIC.OBJECT_FIELD_METADATA (ID, NAME, METADATA_TYPE, PARENT_METADATA,PARENT_METADATA_NAME, REFERENCE_METADATA, REFERENCE_METADATA_NAME, REFERENCE_METADATA_TYPE)VALUES('df1d5f2317b44c80ad24882265834bf6','UnderwritingDecisionDt','FIELD','b5698a9364154fcf97e5e511ec51a43e','UnderwritingDecisionInfo_Type','3b0a2ca6cf3a4fb19718e35aa60287cd','Date','PRIMITIVE');
INSERT INTO PUBLIC.OBJECT_FIELD_METADATA (ID, NAME, METADATA_TYPE, PARENT_METADATA,PARENT_METADATA_NAME, REFERENCE_METADATA, REFERENCE_METADATA_NAME, REFERENCE_METADATA_TYPE)VALUES('31ffdba856dc4d758d03d1d33d3773dc','UnderwritingDecisionCd','FIELD','b5698a9364154fcf97e5e511ec51a43e','UnderwritingDecisionInfo_Type','871e44d71e8d4068946a7b35a810f1b1','UnderwritingDecision','PRIMITIVE');
INSERT INTO PUBLIC.OBJECT_FIELD_METADATA (ID, NAME, METADATA_TYPE, PARENT_METADATA,PARENT_METADATA_NAME, REFERENCE_METADATA, REFERENCE_METADATA_NAME, REFERENCE_METADATA_TYPE)VALUES('d0f5f21e466e44879f092c2aa10e157e','SystemUnderwritingDecisionDt','FIELD','b5698a9364154fcf97e5e511ec51a43e','UnderwritingDecisionInfo_Type','3b0a2ca6cf3a4fb19718e35aa60287cd','Date','PRIMITIVE');
INSERT INTO PUBLIC.OBJECT_FIELD_METADATA (ID, NAME, METADATA_TYPE, PARENT_METADATA,PARENT_METADATA_NAME, REFERENCE_METADATA, REFERENCE_METADATA_NAME, REFERENCE_METADATA_TYPE)VALUES('6b94b4b95ad449eab16d0e989f98c326','UnderwriterId','FIELD','b5698a9364154fcf97e5e511ec51a43e','UnderwritingDecisionInfo_Type','3da4bbbc6bf44d5f941e647b8e8408dc','AssignedIdentifier','PRIMITIVE');
INSERT INTO PUBLIC.OBJECT_FIELD_METADATA (ID, NAME, METADATA_TYPE, PARENT_METADATA,PARENT_METADATA_NAME, REFERENCE_METADATA, REFERENCE_METADATA_NAME, REFERENCE_METADATA_TYPE)VALUES('a0f0d5d83c5d4a22b9e439cddf1ddfe3','UnderwritingDecisionInfoExt','FIELD','b5698a9364154fcf97e5e511ec51a43e','UnderwritingDecisionInfo_Type',null,null,null);
INSERT INTO PUBLIC.OBJECT_FIELD_METADATA (ID, NAME, METADATA_TYPE, PARENT_METADATA,PARENT_METADATA_NAME, REFERENCE_METADATA, REFERENCE_METADATA_NAME, REFERENCE_METADATA_TYPE)VALUES('1772585f417f4c0891df3910a7c79203','SystemUnderwritingDecisionCd','FIELD','b5698a9364154fcf97e5e511ec51a43e','UnderwritingDecisionInfo_Type','871e44d71e8d4068946a7b35a810f1b1','UnderwritingDecision','PRIMITIVE');
INSERT INTO PUBLIC.OBJECT_FIELD_METADATA (ID, NAME, METADATA_TYPE, PARENT_METADATA,PARENT_METADATA_NAME, REFERENCE_METADATA, REFERENCE_METADATA_NAME, REFERENCE_METADATA_TYPE)VALUES('5482841493d943f6a76c8a98c2761798','UnderwritingScoreNumber','FIELD','b5698a9364154fcf97e5e511ec51a43e','UnderwritingDecisionInfo_Type','838cab4e48a54d0bb23ca5ea9db454ab','Long','PRIMITIVE');
INSERT INTO PUBLIC.OBJECT_METADATA (ID, NAME, METADATA_TYPE, REFERENCE_METADATA, REFERENCE_METADATA_NAME) VALUES('a4686193841b4feba7353472b10c27fe','UnderwritingRuleInfo_Type','OBJECT',null,null);
INSERT INTO PUBLIC.OBJECT_FIELD_METADATA (ID, NAME, METADATA_TYPE, PARENT_METADATA,PARENT_METADATA_NAME, REFERENCE_METADATA, REFERENCE_METADATA_NAME, REFERENCE_METADATA_TYPE)VALUES('b4f42b1cccb642eea87d8cc817532ca3','UnderwritingDecisionCd','FIELD','a4686193841b4feba7353472b10c27fe','UnderwritingRuleInfo_Type','871e44d71e8d4068946a7b35a810f1b1','UnderwritingDecision','PRIMITIVE');
INSERT INTO PUBLIC.OBJECT_FIELD_METADATA (ID, NAME, METADATA_TYPE, PARENT_METADATA,PARENT_METADATA_NAME, REFERENCE_METADATA, REFERENCE_METADATA_NAME, REFERENCE_METADATA_TYPE)VALUES('740d8ae49b5d42cc89debacfc12d7552','UnderwritingRuleCd','FIELD','a4686193841b4feba7353472b10c27fe','UnderwritingRuleInfo_Type','6240ce877a244a73a1253961131c6cc9','IndustryCode_Type','PRIMITIVE');
INSERT INTO PUBLIC.OBJECT_FIELD_METADATA (ID, NAME, METADATA_TYPE, PARENT_METADATA,PARENT_METADATA_NAME, REFERENCE_METADATA, REFERENCE_METADATA_NAME, REFERENCE_METADATA_TYPE)VALUES('41fbb2fa546a4b638b7070ef4afa4930','UnderwritingScoreNumber','FIELD','a4686193841b4feba7353472b10c27fe','UnderwritingRuleInfo_Type','838cab4e48a54d0bb23ca5ea9db454ab','Long','PRIMITIVE');
INSERT INTO PUBLIC.OBJECT_FIELD_METADATA (ID, NAME, METADATA_TYPE, PARENT_METADATA,PARENT_METADATA_NAME, REFERENCE_METADATA, REFERENCE_METADATA_NAME, REFERENCE_METADATA_TYPE)VALUES('08926c751c18428cb7f398e1c6312dc3','UnderwritingRuleInfoExt','FIELD','a4686193841b4feba7353472b10c27fe','UnderwritingRuleInfo_Type',null,null,null);
INSERT INTO PUBLIC.OBJECT_FIELD_METADATA (ID, NAME, METADATA_TYPE, PARENT_METADATA,PARENT_METADATA_NAME, REFERENCE_METADATA, REFERENCE_METADATA_NAME, REFERENCE_METADATA_TYPE)VALUES('4ff861669e014be9aeabe37f5f0ff69e','UnderwritingRuleInfo','MODEL_RELATION','b5698a9364154fcf97e5e511ec51a43e','UnderwritingDecisionInfo_Type','a4686193841b4feba7353472b10c27fe','UnderwritingRuleInfo_Type','OBJECT');
INSERT INTO PUBLIC.OBJECT_FIELD_METADATA (ID, NAME, METADATA_TYPE, PARENT_METADATA,PARENT_METADATA_NAME, REFERENCE_METADATA, REFERENCE_METADATA_NAME, REFERENCE_METADATA_TYPE)VALUES('1a2e54dc0f114e48b6ca70512ebb44b1','UnderwritingDecisionInfo','MODEL_RELATION','a8485aa8f7a7481b8828e638330f5291','Policy_Type','b5698a9364154fcf97e5e511ec51a43e','UnderwritingDecisionInfo_Type','OBJECT');
INSERT INTO PUBLIC.OBJECT_FIELD_METADATA (ID, NAME, METADATA_TYPE, PARENT_METADATA,PARENT_METADATA_NAME, REFERENCE_METADATA, REFERENCE_METADATA_NAME, REFERENCE_METADATA_TYPE)VALUES('818ae4bbc0fb4bdeb723fa0dab884197','GroupId','FIELD','a8485aa8f7a7481b8828e638330f5291','Policy_Type','3da4bbbc6bf44d5f941e647b8e8408dc','AssignedIdentifier','PRIMITIVE');
INSERT INTO PUBLIC.OBJECT_FIELD_METADATA (ID, NAME, METADATA_TYPE, PARENT_METADATA,PARENT_METADATA_NAME, REFERENCE_METADATA, REFERENCE_METADATA_NAME, REFERENCE_METADATA_TYPE)VALUES('a126707e97634928897f5d7dedd0361f','CommlCoverage','MODEL_RELATION','a8485aa8f7a7481b8828e638330f5291','Policy_Type','d0675b4bbe674c1fa08297c27c3cb675','Coverage_Type','OBJECT');
INSERT INTO PUBLIC.OBJECT_FIELD_METADATA (ID, NAME, METADATA_TYPE, PARENT_METADATA,PARENT_METADATA_NAME, REFERENCE_METADATA, REFERENCE_METADATA_NAME, REFERENCE_METADATA_TYPE)VALUES('1a5020b21b8e4a29affab265b5f89379','FutureEffDateNumDays','FIELD','a8485aa8f7a7481b8828e638330f5291','Policy_Type','838cab4e48a54d0bb23ca5ea9db454ab','Long','PRIMITIVE');
INSERT INTO PUBLIC.PRIMITIVE_METADATA (ID, NAME, METADATA_TYPE) VALUES('d6ddb837905d47aeaf0c7c7df97d44b7','PolicyStatus','PRIMITIVE');
INSERT INTO PUBLIC.OBJECT_FIELD_METADATA (ID, NAME, METADATA_TYPE, PARENT_METADATA,PARENT_METADATA_NAME, REFERENCE_METADATA, REFERENCE_METADATA_NAME, REFERENCE_METADATA_TYPE)VALUES('7d21d0dc346e4b4cb48d24e051c00aeb','PolicyStatusCd','FIELD','a8485aa8f7a7481b8828e638330f5291','Policy_Type','d6ddb837905d47aeaf0c7c7df97d44b7','PolicyStatus','PRIMITIVE');
INSERT INTO PUBLIC.PRIMITIVE_METADATA (ID, NAME, METADATA_TYPE) VALUES('972e43e176e447c9a02ed9d9f111962a','ShortTermPremiumMethod','PRIMITIVE');
INSERT INTO PUBLIC.OBJECT_FIELD_METADATA (ID, NAME, METADATA_TYPE, PARENT_METADATA,PARENT_METADATA_NAME, REFERENCE_METADATA, REFERENCE_METADATA_NAME, REFERENCE_METADATA_TYPE)VALUES('eeb558185e2a435c981b09a57133dc59','ShortTermPremiumMethodCd','FIELD','a8485aa8f7a7481b8828e638330f5291','Policy_Type','972e43e176e447c9a02ed9d9f111962a','ShortTermPremiumMethod','PRIMITIVE');
INSERT INTO PUBLIC.OBJECT_FIELD_METADATA (ID, NAME, METADATA_TYPE, PARENT_METADATA,PARENT_METADATA_NAME, REFERENCE_METADATA, REFERENCE_METADATA_NAME, REFERENCE_METADATA_TYPE)VALUES('321199affec74914b77ae21c5743d36e','PayorCd','FIELD','a8485aa8f7a7481b8828e638330f5291','Policy_Type','502324f931bf4f5eaca56f7f80f355c0','Payor','PRIMITIVE');
INSERT INTO PUBLIC.OBJECT_FIELD_METADATA (ID, NAME, METADATA_TYPE, PARENT_METADATA,PARENT_METADATA_NAME, REFERENCE_METADATA, REFERENCE_METADATA_NAME, REFERENCE_METADATA_TYPE)VALUES('29e3c6fa82a244a8b75e5454a123de47','ContractSharePct','FIELD','a8485aa8f7a7481b8828e638330f5291','Policy_Type','d68704d271534c0a935a3012147640c4','PercentDecimal','PRIMITIVE');
INSERT INTO PUBLIC.OBJECT_FIELD_METADATA (ID, NAME, METADATA_TYPE, PARENT_METADATA,PARENT_METADATA_NAME, REFERENCE_METADATA, REFERENCE_METADATA_NAME, REFERENCE_METADATA_TYPE)VALUES('a1823fb894db410ca308c02495c52017','ItemIdInfo','MODEL_RELATION','a8485aa8f7a7481b8828e638330f5291','Policy_Type','ba3be0e0317741b08f872c1fca47ad8f','ItemIdInfo_Type','OBJECT');
INSERT INTO PUBLIC.OBJECT_FIELD_METADATA (ID, NAME, METADATA_TYPE, PARENT_METADATA,PARENT_METADATA_NAME, REFERENCE_METADATA, REFERENCE_METADATA_NAME, REFERENCE_METADATA_TYPE)VALUES('66ce46ab54544f3a8f41a2e796413d02','PolicyIssueDt','FIELD','a8485aa8f7a7481b8828e638330f5291','Policy_Type','3b0a2ca6cf3a4fb19718e35aa60287cd','Date','PRIMITIVE');
INSERT INTO PUBLIC.PRIMITIVE_METADATA (ID, NAME, METADATA_TYPE) VALUES('4bdfcd7f30de43308b49cdeabd93e773','C-4','PRIMITIVE');
INSERT INTO PUBLIC.OBJECT_FIELD_METADATA (ID, NAME, METADATA_TYPE, PARENT_METADATA,PARENT_METADATA_NAME, REFERENCE_METADATA, REFERENCE_METADATA_NAME, REFERENCE_METADATA_TYPE)VALUES('b4ac6b849b1d494fa739adc5805cf0d6','PolicyVersion','FIELD','a8485aa8f7a7481b8828e638330f5291','Policy_Type','4bdfcd7f30de43308b49cdeabd93e773','C-4','PRIMITIVE');
INSERT INTO PUBLIC.OBJECT_FIELD_METADATA (ID, NAME, METADATA_TYPE, PARENT_METADATA,PARENT_METADATA_NAME, REFERENCE_METADATA, REFERENCE_METADATA_NAME, REFERENCE_METADATA_TYPE)VALUES('6285f1cdac4a4a05840e7d22520d48df','WrittenAmt','MODEL_RELATION','a8485aa8f7a7481b8828e638330f5291','Policy_Type','4fa89203e94a4637baa0484d19b460c5','CURRENCY','OBJECT');
INSERT INTO PUBLIC.OBJECT_METADATA (ID, NAME, METADATA_TYPE, REFERENCE_METADATA, REFERENCE_METADATA_NAME) VALUES('0a763ed15e5c4869a34f3f8b972966de','CommlUmbrellaLineBusiness_Type','MODEL',null,null);
INSERT INTO PUBLIC.OBJECT_FIELD_METADATA (ID, NAME, METADATA_TYPE, PARENT_METADATA,PARENT_METADATA_NAME, REFERENCE_METADATA, REFERENCE_METADATA_NAME, REFERENCE_METADATA_TYPE)VALUES('02e3eadcc5df427888051ba3a1547bd0','WrittenAmt','MODEL_RELATION','0a763ed15e5c4869a34f3f8b972966de','CommlUmbrellaLineBusiness_Type','4fa89203e94a4637baa0484d19b460c5','CURRENCY','OBJECT');
INSERT INTO PUBLIC.OBJECT_METADATA (ID, NAME, METADATA_TYPE, REFERENCE_METADATA, REFERENCE_METADATA_NAME) VALUES('5196415cf7d44225b300c12ec8d6c295','PollutionLiabilityInfo_Type','OBJECT',null,null);
INSERT INTO PUBLIC.OBJECT_FIELD_METADATA (ID, NAME, METADATA_TYPE, PARENT_METADATA,PARENT_METADATA_NAME, REFERENCE_METADATA, REFERENCE_METADATA_NAME, REFERENCE_METADATA_TYPE)VALUES('c89f3a739a76401789b84959b817241f','NonTaxIdentity','MODEL_RELATION','5196415cf7d44225b300c12ec8d6c295','PollutionLiabilityInfo_Type','39535c3b770f4f6f8258b2a7fb00dd26','NonTaxIdentity_Type','OBJECT');
INSERT INTO PUBLIC.PRIMITIVE_METADATA (ID, NAME, METADATA_TYPE) VALUES('07f57521e8ea4d568b603b56f7021adc','UnderlyingGeneralLiability','PRIMITIVE');
INSERT INTO PUBLIC.OBJECT_FIELD_METADATA (ID, NAME, METADATA_TYPE, PARENT_METADATA,PARENT_METADATA_NAME, REFERENCE_METADATA, REFERENCE_METADATA_NAME, REFERENCE_METADATA_TYPE)VALUES('b9c6ac9bc42f4a71a6ec9900b3b3889f','UnderlyingGeneralLiabilityCd','FIELD','5196415cf7d44225b300c12ec8d6c295','PollutionLiabilityInfo_Type','07f57521e8ea4d568b603b56f7021adc','UnderlyingGeneralLiability','PRIMITIVE');
INSERT INTO PUBLIC.OBJECT_FIELD_METADATA (ID, NAME, METADATA_TYPE, PARENT_METADATA,PARENT_METADATA_NAME, REFERENCE_METADATA, REFERENCE_METADATA_NAME, REFERENCE_METADATA_TYPE)VALUES('42b4597717154e349572a3f3bb6c3fa4','PollutionLiabilityInfoExt','FIELD','5196415cf7d44225b300c12ec8d6c295','PollutionLiabilityInfo_Type',null,null,null);
INSERT INTO PUBLIC.OBJECT_FIELD_METADATA (ID, NAME, METADATA_TYPE, PARENT_METADATA,PARENT_METADATA_NAME, REFERENCE_METADATA, REFERENCE_METADATA_NAME, REFERENCE_METADATA_TYPE)VALUES('88b738d3344f46f3a5cecb58db472009','PollutionLiabilityInfo','MODEL_RELATION','0a763ed15e5c4869a34f3f8b972966de','CommlUmbrellaLineBusiness_Type','5196415cf7d44225b300c12ec8d6c295','PollutionLiabilityInfo_Type','OBJECT');
INSERT INTO PUBLIC.OBJECT_METADATA (ID, NAME, METADATA_TYPE, REFERENCE_METADATA, REFERENCE_METADATA_NAME) VALUES('5f31e0ef7d7146f3bbdd884f0e33e11b','WatercraftLiabilityInfo_Type','OBJECT',null,null);
INSERT INTO PUBLIC.OBJECT_FIELD_METADATA (ID, NAME, METADATA_TYPE, PARENT_METADATA,PARENT_METADATA_NAME, REFERENCE_METADATA, REFERENCE_METADATA_NAME, REFERENCE_METADATA_TYPE)VALUES('cb41e4190eaf4f5a9049e7504426449a','WatercraftLiabilityInfoExt','FIELD','5f31e0ef7d7146f3bbdd884f0e33e11b','WatercraftLiabilityInfo_Type',null,null,null);
INSERT INTO PUBLIC.OBJECT_FIELD_METADATA (ID, NAME, METADATA_TYPE, PARENT_METADATA,PARENT_METADATA_NAME, REFERENCE_METADATA, REFERENCE_METADATA_NAME, REFERENCE_METADATA_TYPE)VALUES('122988f0aa8c43aa9f7324427efe01c1','Length','MODEL_RELATION','5f31e0ef7d7146f3bbdd884f0e33e11b','WatercraftLiabilityInfo_Type','1df1057b06734b019460d9f8fb0a43b0','MEASUREMENT','OBJECT');
INSERT INTO PUBLIC.OBJECT_FIELD_METADATA (ID, NAME, METADATA_TYPE, PARENT_METADATA,PARENT_METADATA_NAME, REFERENCE_METADATA, REFERENCE_METADATA_NAME, REFERENCE_METADATA_TYPE)VALUES('716f2c6a3f2d4bc089f8f436130481e3','Horsepower','MODEL_RELATION','5f31e0ef7d7146f3bbdd884f0e33e11b','WatercraftLiabilityInfo_Type','1df1057b06734b019460d9f8fb0a43b0','MEASUREMENT','OBJECT');
INSERT INTO PUBLIC.OBJECT_FIELD_METADATA (ID, NAME, METADATA_TYPE, PARENT_METADATA,PARENT_METADATA_NAME, REFERENCE_METADATA, REFERENCE_METADATA_NAME, REFERENCE_METADATA_TYPE)VALUES('b05534c03a8e48b0aa81b8bdaa54d23f','NumWatercraftOwned','FIELD','5f31e0ef7d7146f3bbdd884f0e33e11b','WatercraftLiabilityInfo_Type','838cab4e48a54d0bb23ca5ea9db454ab','Long','PRIMITIVE');
INSERT INTO PUBLIC.OBJECT_FIELD_METADATA (ID, NAME, METADATA_TYPE, PARENT_METADATA,PARENT_METADATA_NAME, REFERENCE_METADATA, REFERENCE_METADATA_NAME, REFERENCE_METADATA_TYPE)VALUES('b9ffc78e7c55422286dd47046ee99b06','WatercraftLiabilityInfo','MODEL_RELATION','0a763ed15e5c4869a34f3f8b972966de','CommlUmbrellaLineBusiness_Type','5f31e0ef7d7146f3bbdd884f0e33e11b','WatercraftLiabilityInfo_Type','OBJECT');
INSERT INTO PUBLIC.OBJECT_FIELD_METADATA (ID, NAME, METADATA_TYPE, PARENT_METADATA,PARENT_METADATA_NAME, REFERENCE_METADATA, REFERENCE_METADATA_NAME, REFERENCE_METADATA_TYPE)VALUES('3af7fd6a15ca48629c4a15513c9c2ea3','HazardGradeInfo','MODEL_RELATION','0a763ed15e5c4869a34f3f8b972966de','CommlUmbrellaLineBusiness_Type','27cb6123ae2a4e5da40275f0c5716a86','HazardGradeInfo_Type','OBJECT');
INSERT INTO PUBLIC.OBJECT_FIELD_METADATA (ID, NAME, METADATA_TYPE, PARENT_METADATA,PARENT_METADATA_NAME, REFERENCE_METADATA, REFERENCE_METADATA_NAME, REFERENCE_METADATA_TYPE)VALUES('e8ca0760458549feb457179d6bb9264e','Driver','MODEL_RELATION','0a763ed15e5c4869a34f3f8b972966de','CommlUmbrellaLineBusiness_Type','a642f88f7cbb45dcb8077b7cc5d6dc67','Driver_Type','OBJECT');
INSERT INTO PUBLIC.OBJECT_METADATA (ID, NAME, METADATA_TYPE, REFERENCE_METADATA, REFERENCE_METADATA_NAME) VALUES('d60f1d89483941edadd91d8767d493d6','CommlUmbrellaLocInfo_Type','OBJECT',null,null);
INSERT INTO PUBLIC.OBJECT_FIELD_METADATA (ID, NAME, METADATA_TYPE, PARENT_METADATA,PARENT_METADATA_NAME, REFERENCE_METADATA, REFERENCE_METADATA_NAME, REFERENCE_METADATA_TYPE)VALUES('5c64b51e42e2485e9d09c6ca7cfc4c23','TotalPayrollAmt','MODEL_RELATION','d60f1d89483941edadd91d8767d493d6','CommlUmbrellaLocInfo_Type','4fa89203e94a4637baa0484d19b460c5','CURRENCY','OBJECT');
INSERT INTO PUBLIC.OBJECT_FIELD_METADATA (ID, NAME, METADATA_TYPE, PARENT_METADATA,PARENT_METADATA_NAME, REFERENCE_METADATA, REFERENCE_METADATA_NAME, REFERENCE_METADATA_TYPE)VALUES('2940f9b96d724da881841c15c2ed896a','ForeignGrossSalesAmt','MODEL_RELATION','d60f1d89483941edadd91d8767d493d6','CommlUmbrellaLocInfo_Type','4fa89203e94a4637baa0484d19b460c5','CURRENCY','OBJECT');
INSERT INTO PUBLIC.OBJECT_FIELD_METADATA (ID, NAME, METADATA_TYPE, PARENT_METADATA,PARENT_METADATA_NAME, REFERENCE_METADATA, REFERENCE_METADATA_NAME, REFERENCE_METADATA_TYPE)VALUES('d14b31b8a3784922ba557e59f15e3091','NumEmployees','FIELD','d60f1d89483941edadd91d8767d493d6','CommlUmbrellaLocInfo_Type','838cab4e48a54d0bb23ca5ea9db454ab','Long','PRIMITIVE');
INSERT INTO PUBLIC.OBJECT_FIELD_METADATA (ID, NAME, METADATA_TYPE, PARENT_METADATA,PARENT_METADATA_NAME, REFERENCE_METADATA, REFERENCE_METADATA_NAME, REFERENCE_METADATA_TYPE)VALUES('9f39a96b09f34306a28bffa45b55b924','AnnualGrossReceiptsAmt','MODEL_RELATION','d60f1d89483941edadd91d8767d493d6','CommlUmbrellaLocInfo_Type','4fa89203e94a4637baa0484d19b460c5','CURRENCY','OBJECT');
INSERT INTO PUBLIC.OBJECT_FIELD_METADATA (ID, NAME, METADATA_TYPE, PARENT_METADATA,PARENT_METADATA_NAME, REFERENCE_METADATA, REFERENCE_METADATA_NAME, REFERENCE_METADATA_TYPE)VALUES('1898f83902df4f55af72c8c4924d6bfd','CommlUmbrellaLocInfoExt','FIELD','d60f1d89483941edadd91d8767d493d6','CommlUmbrellaLocInfo_Type',null,null,null);
INSERT INTO PUBLIC.OBJECT_FIELD_METADATA (ID, NAME, METADATA_TYPE, PARENT_METADATA,PARENT_METADATA_NAME, REFERENCE_METADATA, REFERENCE_METADATA_NAME, REFERENCE_METADATA_TYPE)VALUES('0a35031ad93240a0977818a31d8e6651','OperationsDesc','FIELD','d60f1d89483941edadd91d8767d493d6','CommlUmbrellaLocInfo_Type','2344631100044813a5126adcfb93e80d','C-255','PRIMITIVE');
INSERT INTO PUBLIC.OBJECT_FIELD_METADATA (ID, NAME, METADATA_TYPE, PARENT_METADATA,PARENT_METADATA_NAME, REFERENCE_METADATA, REFERENCE_METADATA_NAME, REFERENCE_METADATA_TYPE)VALUES('b966eaa242ee4f0ba893cd63c80df06e','CommlUmbrellaLocInfo','MODEL_RELATION','0a763ed15e5c4869a34f3f8b972966de','CommlUmbrellaLineBusiness_Type','d60f1d89483941edadd91d8767d493d6','CommlUmbrellaLocInfo_Type','OBJECT');
INSERT INTO PUBLIC.OBJECT_FIELD_METADATA (ID, NAME, METADATA_TYPE, PARENT_METADATA,PARENT_METADATA_NAME, REFERENCE_METADATA, REFERENCE_METADATA_NAME, REFERENCE_METADATA_TYPE)VALUES('1fb2b6a9cc704dce8abb7d2ac04e1db0','MinPremAmt','MODEL_RELATION','0a763ed15e5c4869a34f3f8b972966de','CommlUmbrellaLineBusiness_Type','4fa89203e94a4637baa0484d19b460c5','CURRENCY','OBJECT');
INSERT INTO PUBLIC.OBJECT_FIELD_METADATA (ID, NAME, METADATA_TYPE, PARENT_METADATA,PARENT_METADATA_NAME, REFERENCE_METADATA, REFERENCE_METADATA_NAME, REFERENCE_METADATA_TYPE)VALUES('984043998ecf4ba688b70850141aaf0f','CurrentTermAmt','MODEL_RELATION','0a763ed15e5c4869a34f3f8b972966de','CommlUmbrellaLineBusiness_Type','4fa89203e94a4637baa0484d19b460c5','CURRENCY','OBJECT');
INSERT INTO PUBLIC.OBJECT_FIELD_METADATA (ID, NAME, METADATA_TYPE, PARENT_METADATA,PARENT_METADATA_NAME, REFERENCE_METADATA, REFERENCE_METADATA_NAME, REFERENCE_METADATA_TYPE)VALUES('0a4aa99461d4474480e9b131f303f15e','CompanyProductCd','FIELD','0a763ed15e5c4869a34f3f8b972966de','CommlUmbrellaLineBusiness_Type','6240ce877a244a73a1253961131c6cc9','IndustryCode_Type','PRIMITIVE');
INSERT INTO PUBLIC.OBJECT_METADATA (ID, NAME, METADATA_TYPE, REFERENCE_METADATA, REFERENCE_METADATA_NAME) VALUES('7d7664ae910c4b8dbf9859817ae4a04f','EmployersLiabilityInfo_Type','OBJECT',null,null);
INSERT INTO PUBLIC.OBJECT_FIELD_METADATA (ID, NAME, METADATA_TYPE, PARENT_METADATA,PARENT_METADATA_NAME, REFERENCE_METADATA, REFERENCE_METADATA_NAME, REFERENCE_METADATA_TYPE)VALUES('791f4833cb914dfc8c95dc69682a48d5','EmployersLiabilityInfoExt','FIELD','7d7664ae910c4b8dbf9859817ae4a04f','EmployersLiabilityInfo_Type',null,null,null);
INSERT INTO PUBLIC.PRIMITIVE_METADATA (ID, NAME, METADATA_TYPE) VALUES('0f223e3309de4ec2a312da941329726b','EmployeeSubjectTo','PRIMITIVE');
INSERT INTO PUBLIC.OBJECT_FIELD_METADATA (ID, NAME, METADATA_TYPE, PARENT_METADATA,PARENT_METADATA_NAME, REFERENCE_METADATA, REFERENCE_METADATA_NAME, REFERENCE_METADATA_TYPE)VALUES('7b1d8db06a9d48f4946d3f5334b26cb4','EmployeesSubjectToCd','FIELD','7d7664ae910c4b8dbf9859817ae4a04f','EmployersLiabilityInfo_Type','0f223e3309de4ec2a312da941329726b','EmployeeSubjectTo','PRIMITIVE');
INSERT INTO PUBLIC.OBJECT_FIELD_METADATA (ID, NAME, METADATA_TYPE, PARENT_METADATA,PARENT_METADATA_NAME, REFERENCE_METADATA, REFERENCE_METADATA_NAME, REFERENCE_METADATA_TYPE)VALUES('618877bd74ec4d70a47f1055750454f8','EmployersLiabilityInfo','MODEL_RELATION','0a763ed15e5c4869a34f3f8b972966de','CommlUmbrellaLineBusiness_Type','7d7664ae910c4b8dbf9859817ae4a04f','EmployersLiabilityInfo_Type','OBJECT');
INSERT INTO PUBLIC.OBJECT_FIELD_METADATA (ID, NAME, METADATA_TYPE, PARENT_METADATA,PARENT_METADATA_NAME, REFERENCE_METADATA, REFERENCE_METADATA_NAME, REFERENCE_METADATA_TYPE)VALUES('c0d109560d6d47afaf6461da4118062e','CoverageAvailable','MODEL_RELATION','0a763ed15e5c4869a34f3f8b972966de','CommlUmbrellaLineBusiness_Type','d0675b4bbe674c1fa08297c27c3cb675','Coverage_Type','OBJECT');
INSERT INTO PUBLIC.OBJECT_FIELD_METADATA (ID, NAME, METADATA_TYPE, PARENT_METADATA,PARENT_METADATA_NAME, REFERENCE_METADATA, REFERENCE_METADATA_NAME, REFERENCE_METADATA_TYPE)VALUES('f9900bc1d36d49e2bf06f97cb6a3aaaf','CommlDriver','MODEL_RELATION','0a763ed15e5c4869a34f3f8b972966de','CommlUmbrellaLineBusiness_Type','a642f88f7cbb45dcb8077b7cc5d6dc67','Driver_Type','OBJECT');
INSERT INTO PUBLIC.OBJECT_METADATA (ID, NAME, METADATA_TYPE, REFERENCE_METADATA, REFERENCE_METADATA_NAME) VALUES('242bd4e3ec584a65a871d63845d77167','UnderlyingExposureInfo_Type','OBJECT',null,null);
INSERT INTO PUBLIC.OBJECT_FIELD_METADATA (ID, NAME, METADATA_TYPE, PARENT_METADATA,PARENT_METADATA_NAME, REFERENCE_METADATA, REFERENCE_METADATA_NAME, REFERENCE_METADATA_TYPE)VALUES('207c38b19c1e46e1a92ee518d965baf4','Description','FIELD','242bd4e3ec584a65a871d63845d77167','UnderlyingExposureInfo_Type','2344631100044813a5126adcfb93e80d','C-255','PRIMITIVE');
INSERT INTO PUBLIC.OBJECT_FIELD_METADATA (ID, NAME, METADATA_TYPE, PARENT_METADATA,PARENT_METADATA_NAME, REFERENCE_METADATA, REFERENCE_METADATA_NAME, REFERENCE_METADATA_TYPE)VALUES('9b22530c989a4724a390335badf2f07f','ExposureInd','FIELD','242bd4e3ec584a65a871d63845d77167','UnderlyingExposureInfo_Type','4ffb0bcc3ec946d1af3ef883f4c3a4e6','Boolean','PRIMITIVE');
INSERT INTO PUBLIC.OBJECT_FIELD_METADATA (ID, NAME, METADATA_TYPE, PARENT_METADATA,PARENT_METADATA_NAME, REFERENCE_METADATA, REFERENCE_METADATA_NAME, REFERENCE_METADATA_TYPE)VALUES('9d42da4864dd4f908c2ed88fb7ed590e','UnderlyingExposureInfoExt','FIELD','242bd4e3ec584a65a871d63845d77167','UnderlyingExposureInfo_Type',null,null,null);
INSERT INTO PUBLIC.OBJECT_FIELD_METADATA (ID, NAME, METADATA_TYPE, PARENT_METADATA,PARENT_METADATA_NAME, REFERENCE_METADATA, REFERENCE_METADATA_NAME, REFERENCE_METADATA_TYPE)VALUES('d4fa3800163d49108fe451e331ca9aed','CoverageCd','FIELD','242bd4e3ec584a65a871d63845d77167','UnderlyingExposureInfo_Type','95d66cc5fb4849db8ff827e892c753b4','Coverages','PRIMITIVE');
INSERT INTO PUBLIC.OBJECT_FIELD_METADATA (ID, NAME, METADATA_TYPE, PARENT_METADATA,PARENT_METADATA_NAME, REFERENCE_METADATA, REFERENCE_METADATA_NAME, REFERENCE_METADATA_TYPE)VALUES('0d86cf549d024263b6e7d47e9774fcf1','UnderlyingExposureInfo','MODEL_RELATION','0a763ed15e5c4869a34f3f8b972966de','CommlUmbrellaLineBusiness_Type','242bd4e3ec584a65a871d63845d77167','UnderlyingExposureInfo_Type','OBJECT');
INSERT INTO PUBLIC.OBJECT_METADATA (ID, NAME, METADATA_TYPE, REFERENCE_METADATA, REFERENCE_METADATA_NAME) VALUES('b547b0301e7e4a848071d80225db999b','CareCustodyControlInfo_Type','OBJECT',null,null);
INSERT INTO PUBLIC.OBJECT_FIELD_METADATA (ID, NAME, METADATA_TYPE, PARENT_METADATA,PARENT_METADATA_NAME, REFERENCE_METADATA, REFERENCE_METADATA_NAME, REFERENCE_METADATA_TYPE)VALUES('82ec271b134c463e88dbfaebca60b68b','PersonalPropertyDesc','FIELD','b547b0301e7e4a848071d80225db999b','CareCustodyControlInfo_Type','2344631100044813a5126adcfb93e80d','C-255','PRIMITIVE');
INSERT INTO PUBLIC.PRIMITIVE_METADATA (ID, NAME, METADATA_TYPE) VALUES('a0bfb26968384d78a0ee65ac85069067','ApplicantLiability','PRIMITIVE');
INSERT INTO PUBLIC.OBJECT_FIELD_METADATA (ID, NAME, METADATA_TYPE, PARENT_METADATA,PARENT_METADATA_NAME, REFERENCE_METADATA, REFERENCE_METADATA_NAME, REFERENCE_METADATA_TYPE)VALUES('afe63a0a1a9048cba3abb582cec9bdfe','ApplicantLiabilityCd','FIELD','b547b0301e7e4a848071d80225db999b','CareCustodyControlInfo_Type','a0bfb26968384d78a0ee65ac85069067','ApplicantLiability','PRIMITIVE');
INSERT INTO PUBLIC.OBJECT_FIELD_METADATA (ID, NAME, METADATA_TYPE, PARENT_METADATA,PARENT_METADATA_NAME, REFERENCE_METADATA, REFERENCE_METADATA_NAME, REFERENCE_METADATA_TYPE)VALUES('7cf7948cfa6c4654b0b30163545d61a3','ItemValueAmt','MODEL_RELATION','b547b0301e7e4a848071d80225db999b','CareCustodyControlInfo_Type','4fa89203e94a4637baa0484d19b460c5','CURRENCY','OBJECT');
INSERT INTO PUBLIC.OBJECT_FIELD_METADATA (ID, NAME, METADATA_TYPE, PARENT_METADATA,PARENT_METADATA_NAME, REFERENCE_METADATA, REFERENCE_METADATA_NAME, REFERENCE_METADATA_TYPE)VALUES('d377f5e1be7f4b8b99a2375d8f3ec263','CareCustodyControlInfoExt','FIELD','b547b0301e7e4a848071d80225db999b','CareCustodyControlInfo_Type',null,null,null);
INSERT INTO PUBLIC.OBJECT_FIELD_METADATA (ID, NAME, METADATA_TYPE, PARENT_METADATA,PARENT_METADATA_NAME, REFERENCE_METADATA, REFERENCE_METADATA_NAME, REFERENCE_METADATA_TYPE)VALUES('8ba9f83eb96f4cdd98324610fc94136f','SubjectInsuranceCd','FIELD','b547b0301e7e4a848071d80225db999b','CareCustodyControlInfo_Type','492c17f21c824e9eb0941751739aa22d','Risk','PRIMITIVE');
INSERT INTO PUBLIC.OBJECT_FIELD_METADATA (ID, NAME, METADATA_TYPE, PARENT_METADATA,PARENT_METADATA_NAME, REFERENCE_METADATA, REFERENCE_METADATA_NAME, REFERENCE_METADATA_TYPE)VALUES('bf69d48e65b7480dadd26cda3e58d9a7','CareCustodyControlInfo','MODEL_RELATION','0a763ed15e5c4869a34f3f8b972966de','CommlUmbrellaLineBusiness_Type','b547b0301e7e4a848071d80225db999b','CareCustodyControlInfo_Type','OBJECT');
INSERT INTO PUBLIC.OBJECT_FIELD_METADATA (ID, NAME, METADATA_TYPE, PARENT_METADATA,PARENT_METADATA_NAME, REFERENCE_METADATA, REFERENCE_METADATA_NAME, REFERENCE_METADATA_TYPE)VALUES('7f9a6dba23f348cd9897c1c80da7aca7','ContractorsUnderwritingQuestions','MODEL_RELATION','0a763ed15e5c4869a34f3f8b972966de','CommlUmbrellaLineBusiness_Type','378d1a24ebda48569409c7b3c8acf355','ContractorsUnderwritingQuestions_Type','OBJECT');
INSERT INTO PUBLIC.OBJECT_FIELD_METADATA (ID, NAME, METADATA_TYPE, PARENT_METADATA,PARENT_METADATA_NAME, REFERENCE_METADATA, REFERENCE_METADATA_NAME, REFERENCE_METADATA_TYPE)VALUES('8e73ae74fc704ae699269f08302ecb64','HazardGradeCd','FIELD','0a763ed15e5c4869a34f3f8b972966de','CommlUmbrellaLineBusiness_Type','6240ce877a244a73a1253961131c6cc9','IndustryCode_Type','PRIMITIVE');
INSERT INTO PUBLIC.OBJECT_METADATA (ID, NAME, METADATA_TYPE, REFERENCE_METADATA, REFERENCE_METADATA_NAME) VALUES('1520255e25384d99834662504ebdea8d','ProductLiabilityInfo_Type','OBJECT',null,null);
INSERT INTO PUBLIC.OBJECT_FIELD_METADATA (ID, NAME, METADATA_TYPE, PARENT_METADATA,PARENT_METADATA_NAME, REFERENCE_METADATA, REFERENCE_METADATA_NAME, REFERENCE_METADATA_TYPE)VALUES('f8a11ea5bdb2421188721b9553972336','GrossSalesYr','FIELD','1520255e25384d99834662504ebdea8d','ProductLiabilityInfo_Type','7c9113946db7435cb0053de34c768997','Year','PRIMITIVE');
INSERT INTO PUBLIC.OBJECT_FIELD_METADATA (ID, NAME, METADATA_TYPE, PARENT_METADATA,PARENT_METADATA_NAME, REFERENCE_METADATA, REFERENCE_METADATA_NAME, REFERENCE_METADATA_TYPE)VALUES('2a8d97d48b0f4bfd864b13ba2ba50c55','ProductLiabilityInfoExt','FIELD','1520255e25384d99834662504ebdea8d','ProductLiabilityInfo_Type',null,null,null);
INSERT INTO PUBLIC.OBJECT_FIELD_METADATA (ID, NAME, METADATA_TYPE, PARENT_METADATA,PARENT_METADATA_NAME, REFERENCE_METADATA, REFERENCE_METADATA_NAME, REFERENCE_METADATA_TYPE)VALUES('bb6be86ef7824dc396da1addb750121f','AnnualGrossReceiptsAmt','MODEL_RELATION','1520255e25384d99834662504ebdea8d','ProductLiabilityInfo_Type','4fa89203e94a4637baa0484d19b460c5','CURRENCY','OBJECT');
INSERT INTO PUBLIC.OBJECT_FIELD_METADATA (ID, NAME, METADATA_TYPE, PARENT_METADATA,PARENT_METADATA_NAME, REFERENCE_METADATA, REFERENCE_METADATA_NAME, REFERENCE_METADATA_TYPE)VALUES('b13c1319f89f42b7ae8daf208fe9278c','ProductLiabilityInfo','MODEL_RELATION','0a763ed15e5c4869a34f3f8b972966de','CommlUmbrellaLineBusiness_Type','1520255e25384d99834662504ebdea8d','ProductLiabilityInfo_Type','OBJECT');
INSERT INTO PUBLIC.OBJECT_FIELD_METADATA (ID, NAME, METADATA_TYPE, PARENT_METADATA,PARENT_METADATA_NAME, REFERENCE_METADATA, REFERENCE_METADATA_NAME, REFERENCE_METADATA_TYPE)VALUES('42065caeab04484d976b9687bcf98a51','QuestionAnswer','MODEL_RELATION','0a763ed15e5c4869a34f3f8b972966de','CommlUmbrellaLineBusiness_Type','152fefd4f3054b68b490c1af5c9c284c','QuestionAnswer_Type','OBJECT');
INSERT INTO PUBLIC.OBJECT_FIELD_METADATA (ID, NAME, METADATA_TYPE, PARENT_METADATA,PARENT_METADATA_NAME, REFERENCE_METADATA, REFERENCE_METADATA_NAME, REFERENCE_METADATA_TYPE)VALUES('a3234fc16a3347298a01d8ab32696bfd','NAICCd','FIELD','0a763ed15e5c4869a34f3f8b972966de','CommlUmbrellaLineBusiness_Type','6240ce877a244a73a1253961131c6cc9','IndustryCode_Type','PRIMITIVE');
INSERT INTO PUBLIC.OBJECT_METADATA (ID, NAME, METADATA_TYPE, REFERENCE_METADATA, REFERENCE_METADATA_NAME) VALUES('594ae6ef6d95437d9d3120be72270bc7','ProtectiveLiabilityInfo_Type','OBJECT',null,null);
INSERT INTO PUBLIC.OBJECT_FIELD_METADATA (ID, NAME, METADATA_TYPE, PARENT_METADATA,PARENT_METADATA_NAME, REFERENCE_METADATA, REFERENCE_METADATA_NAME, REFERENCE_METADATA_TYPE)VALUES('a0a843cf9fd8490ca6d9d9989681a074','ProtectiveLiabilityInfoExt','FIELD','594ae6ef6d95437d9d3120be72270bc7','ProtectiveLiabilityInfo_Type',null,null,null);
INSERT INTO PUBLIC.OBJECT_FIELD_METADATA (ID, NAME, METADATA_TYPE, PARENT_METADATA,PARENT_METADATA_NAME, REFERENCE_METADATA, REFERENCE_METADATA_NAME, REFERENCE_METADATA_TYPE)VALUES('dfcfad1571b84d459fc7b7b827fcaf01','MiscParty','MODEL_RELATION','594ae6ef6d95437d9d3120be72270bc7','ProtectiveLiabilityInfo_Type','0a76585a8ae342d897387f29800d50c8','MiscParty_Type','OBJECT');
INSERT INTO PUBLIC.OBJECT_FIELD_METADATA (ID, NAME, METADATA_TYPE, PARENT_METADATA,PARENT_METADATA_NAME, REFERENCE_METADATA, REFERENCE_METADATA_NAME, REFERENCE_METADATA_TYPE)VALUES('5b773a6f40cd46eeba234e8dac6479c3','OperationsDesc','FIELD','594ae6ef6d95437d9d3120be72270bc7','ProtectiveLiabilityInfo_Type','2344631100044813a5126adcfb93e80d','C-255','PRIMITIVE');
INSERT INTO PUBLIC.OBJECT_FIELD_METADATA (ID, NAME, METADATA_TYPE, PARENT_METADATA,PARENT_METADATA_NAME, REFERENCE_METADATA, REFERENCE_METADATA_NAME, REFERENCE_METADATA_TYPE)VALUES('7175cb9305604eb38492b1ec716f9847','ProtectiveLiabilityInfo','MODEL_RELATION','0a763ed15e5c4869a34f3f8b972966de','CommlUmbrellaLineBusiness_Type','594ae6ef6d95437d9d3120be72270bc7','ProtectiveLiabilityInfo_Type','OBJECT');
INSERT INTO PUBLIC.OBJECT_METADATA (ID, NAME, METADATA_TYPE, REFERENCE_METADATA, REFERENCE_METADATA_NAME) VALUES('88ee4a52b5a74a5eaaa6bf312372333f','CommlVehFleetInfo_Type','OBJECT',null,null);
INSERT INTO PUBLIC.OBJECT_FIELD_METADATA (ID, NAME, METADATA_TYPE, PARENT_METADATA,PARENT_METADATA_NAME, REFERENCE_METADATA, REFERENCE_METADATA_NAME, REFERENCE_METADATA_TYPE)VALUES('1e764a528cce466e91178a53de8ea00c','VehRateGroupInfo','MODEL_RELATION','88ee4a52b5a74a5eaaa6bf312372333f','CommlVehFleetInfo_Type','984917bf8fc24a90b162f55dbc7a3535','VehRateGroupInfo_Type','OBJECT');
INSERT INTO PUBLIC.OBJECT_FIELD_METADATA (ID, NAME, METADATA_TYPE, PARENT_METADATA,PARENT_METADATA_NAME, REFERENCE_METADATA, REFERENCE_METADATA_NAME, REFERENCE_METADATA_TYPE)VALUES('94d5853c091844b38dabd9bf28282755','VehTypeCd','FIELD','88ee4a52b5a74a5eaaa6bf312372333f','CommlVehFleetInfo_Type','f6c0212d5a4a4ffeb31ad55a6a7b5291','VehicleType','PRIMITIVE');
INSERT INTO PUBLIC.OBJECT_FIELD_METADATA (ID, NAME, METADATA_TYPE, PARENT_METADATA,PARENT_METADATA_NAME, REFERENCE_METADATA, REFERENCE_METADATA_NAME, REFERENCE_METADATA_TYPE)VALUES('091c0dd099e948acadf46ee44a2cb772','NumVehsTripLeased','FIELD','88ee4a52b5a74a5eaaa6bf312372333f','CommlVehFleetInfo_Type','838cab4e48a54d0bb23ca5ea9db454ab','Long','PRIMITIVE');
INSERT INTO PUBLIC.OBJECT_FIELD_METADATA (ID, NAME, METADATA_TYPE, PARENT_METADATA,PARENT_METADATA_NAME, REFERENCE_METADATA, REFERENCE_METADATA_NAME, REFERENCE_METADATA_TYPE)VALUES('e1c234a8ee0140b18db30105dcf20b0e','NumVehLeased','FIELD','88ee4a52b5a74a5eaaa6bf312372333f','CommlVehFleetInfo_Type','838cab4e48a54d0bb23ca5ea9db454ab','Long','PRIMITIVE');
INSERT INTO PUBLIC.OBJECT_FIELD_METADATA (ID, NAME, METADATA_TYPE, PARENT_METADATA,PARENT_METADATA_NAME, REFERENCE_METADATA, REFERENCE_METADATA_NAME, REFERENCE_METADATA_TYPE)VALUES('7939665199a3497f967ee2a4ea56750f','NumVehsNonOwned','FIELD','88ee4a52b5a74a5eaaa6bf312372333f','CommlVehFleetInfo_Type','838cab4e48a54d0bb23ca5ea9db454ab','Long','PRIMITIVE');
INSERT INTO PUBLIC.OBJECT_FIELD_METADATA (ID, NAME, METADATA_TYPE, PARENT_METADATA,PARENT_METADATA_NAME, REFERENCE_METADATA, REFERENCE_METADATA_NAME, REFERENCE_METADATA_TYPE)VALUES('58df5b77f95b4691bb985ceeb0ecb8f2','RadiusUse','MODEL_RELATION','88ee4a52b5a74a5eaaa6bf312372333f','CommlVehFleetInfo_Type','1df1057b06734b019460d9f8fb0a43b0','MEASUREMENT','OBJECT');
INSERT INTO PUBLIC.OBJECT_FIELD_METADATA (ID, NAME, METADATA_TYPE, PARENT_METADATA,PARENT_METADATA_NAME, REFERENCE_METADATA, REFERENCE_METADATA_NAME, REFERENCE_METADATA_TYPE)VALUES('4b8ab4e9ca0d40c087abe60c8ffd0a0e','TerritoryCd','FIELD','88ee4a52b5a74a5eaaa6bf312372333f','CommlVehFleetInfo_Type','6240ce877a244a73a1253961131c6cc9','IndustryCode_Type','PRIMITIVE');
INSERT INTO PUBLIC.OBJECT_FIELD_METADATA (ID, NAME, METADATA_TYPE, PARENT_METADATA,PARENT_METADATA_NAME, REFERENCE_METADATA, REFERENCE_METADATA_NAME, REFERENCE_METADATA_TYPE)VALUES('a84a2fd42e60446a8bcbe773136df9f8','NumVehsOwned','FIELD','88ee4a52b5a74a5eaaa6bf312372333f','CommlVehFleetInfo_Type','838cab4e48a54d0bb23ca5ea9db454ab','Long','PRIMITIVE');
INSERT INTO PUBLIC.OBJECT_FIELD_METADATA (ID, NAME, METADATA_TYPE, PARENT_METADATA,PARENT_METADATA_NAME, REFERENCE_METADATA, REFERENCE_METADATA_NAME, REFERENCE_METADATA_TYPE)VALUES('1c294eb0527d41ed915d61f94522a840','PropertyHauledDesc','FIELD','88ee4a52b5a74a5eaaa6bf312372333f','CommlVehFleetInfo_Type','2344631100044813a5126adcfb93e80d','C-255','PRIMITIVE');
INSERT INTO PUBLIC.OBJECT_FIELD_METADATA (ID, NAME, METADATA_TYPE, PARENT_METADATA,PARENT_METADATA_NAME, REFERENCE_METADATA, REFERENCE_METADATA_NAME, REFERENCE_METADATA_TYPE)VALUES('a9a75b53c23a48509c59cdb61a0b924c','NumVehsLocalRadius','FIELD','88ee4a52b5a74a5eaaa6bf312372333f','CommlVehFleetInfo_Type','838cab4e48a54d0bb23ca5ea9db454ab','Long','PRIMITIVE');
INSERT INTO PUBLIC.OBJECT_FIELD_METADATA (ID, NAME, METADATA_TYPE, PARENT_METADATA,PARENT_METADATA_NAME, REFERENCE_METADATA, REFERENCE_METADATA_NAME, REFERENCE_METADATA_TYPE)VALUES('f4fc752ae2d44d11becbdb4f577bd9fa','NumVehs','FIELD','88ee4a52b5a74a5eaaa6bf312372333f','CommlVehFleetInfo_Type','838cab4e48a54d0bb23ca5ea9db454ab','Long','PRIMITIVE');
INSERT INTO PUBLIC.OBJECT_FIELD_METADATA (ID, NAME, METADATA_TYPE, PARENT_METADATA,PARENT_METADATA_NAME, REFERENCE_METADATA, REFERENCE_METADATA_NAME, REFERENCE_METADATA_TYPE)VALUES('7e456a88d48a44b4a29f55858439de6f','NumVehsLongDistanceRadius','FIELD','88ee4a52b5a74a5eaaa6bf312372333f','CommlVehFleetInfo_Type','838cab4e48a54d0bb23ca5ea9db454ab','Long','PRIMITIVE');
INSERT INTO PUBLIC.OBJECT_FIELD_METADATA (ID, NAME, METADATA_TYPE, PARENT_METADATA,PARENT_METADATA_NAME, REFERENCE_METADATA, REFERENCE_METADATA_NAME, REFERENCE_METADATA_TYPE)VALUES('4ef56db508cd48f1b8d71be90998fa8b','NumVehsIntermediateRadius','FIELD','88ee4a52b5a74a5eaaa6bf312372333f','CommlVehFleetInfo_Type','838cab4e48a54d0bb23ca5ea9db454ab','Long','PRIMITIVE');
INSERT INTO PUBLIC.OBJECT_FIELD_METADATA (ID, NAME, METADATA_TYPE, PARENT_METADATA,PARENT_METADATA_NAME, REFERENCE_METADATA, REFERENCE_METADATA_NAME, REFERENCE_METADATA_TYPE)VALUES('67a993e835f44bc0a435935eadc61ced','NumVehsLongTermLeased','FIELD','88ee4a52b5a74a5eaaa6bf312372333f','CommlVehFleetInfo_Type','838cab4e48a54d0bb23ca5ea9db454ab','Long','PRIMITIVE');
INSERT INTO PUBLIC.OBJECT_FIELD_METADATA (ID, NAME, METADATA_TYPE, PARENT_METADATA,PARENT_METADATA_NAME, REFERENCE_METADATA, REFERENCE_METADATA_NAME, REFERENCE_METADATA_TYPE)VALUES('b957695bc4484cdd968649102a2f6a5b','CommlVehFleetInfoExt','FIELD','88ee4a52b5a74a5eaaa6bf312372333f','CommlVehFleetInfo_Type',null,null,null);
INSERT INTO PUBLIC.OBJECT_FIELD_METADATA (ID, NAME, METADATA_TYPE, PARENT_METADATA,PARENT_METADATA_NAME, REFERENCE_METADATA, REFERENCE_METADATA_NAME, REFERENCE_METADATA_TYPE)VALUES('a416fed4ed464d6398f2ed05cbae310e','CommlVehFleetInfo','MODEL_RELATION','0a763ed15e5c4869a34f3f8b972966de','CommlUmbrellaLineBusiness_Type','88ee4a52b5a74a5eaaa6bf312372333f','CommlVehFleetInfo_Type','OBJECT');
INSERT INTO PUBLIC.OBJECT_FIELD_METADATA (ID, NAME, METADATA_TYPE, PARENT_METADATA,PARENT_METADATA_NAME, REFERENCE_METADATA, REFERENCE_METADATA_NAME, REFERENCE_METADATA_TYPE)VALUES('eea5f4aa475f466b8a06f21064e33795','AdditionalInterest','MODEL_RELATION','0a763ed15e5c4869a34f3f8b972966de','CommlUmbrellaLineBusiness_Type','23a83d5912a54d0ca9b4669826684442','AdditionalInterest_Type','OBJECT');
INSERT INTO PUBLIC.OBJECT_FIELD_METADATA (ID, NAME, METADATA_TYPE, PARENT_METADATA,PARENT_METADATA_NAME, REFERENCE_METADATA, REFERENCE_METADATA_NAME, REFERENCE_METADATA_TYPE)VALUES('7be1325c06a2460381614e4fb6d825eb','AuditInfo','MODEL_RELATION','0a763ed15e5c4869a34f3f8b972966de','CommlUmbrellaLineBusiness_Type','cafd893cc1ec4101a8df78b1c1a8c82e','AuditInfo_Type','OBJECT');
INSERT INTO PUBLIC.OBJECT_FIELD_METADATA (ID, NAME, METADATA_TYPE, PARENT_METADATA,PARENT_METADATA_NAME, REFERENCE_METADATA, REFERENCE_METADATA_NAME, REFERENCE_METADATA_TYPE)VALUES('9253ed9359dc4222aebb48a7cc070439','MinPremInd','FIELD','0a763ed15e5c4869a34f3f8b972966de','CommlUmbrellaLineBusiness_Type','4ffb0bcc3ec946d1af3ef883f4c3a4e6','Boolean','PRIMITIVE');
INSERT INTO PUBLIC.OBJECT_METADATA (ID, NAME, METADATA_TYPE, REFERENCE_METADATA, REFERENCE_METADATA_NAME) VALUES('eacc69aff43c454ca2893c5202d1f5b1','AdvertisersLiabilityInfo_Type','OBJECT',null,null);
INSERT INTO PUBLIC.PRIMITIVE_METADATA (ID, NAME, METADATA_TYPE) VALUES('de3403b95e0e47f885efe2c26b1460e0','AdMedia','PRIMITIVE');
INSERT INTO PUBLIC.OBJECT_FIELD_METADATA (ID, NAME, METADATA_TYPE, PARENT_METADATA,PARENT_METADATA_NAME, REFERENCE_METADATA, REFERENCE_METADATA_NAME, REFERENCE_METADATA_TYPE)VALUES('7ab1b919a1bc4b10a860ba4b48d019cc','AdMediaCd','FIELD','eacc69aff43c454ca2893c5202d1f5b1','AdvertisersLiabilityInfo_Type','de3403b95e0e47f885efe2c26b1460e0','AdMedia','PRIMITIVE');
INSERT INTO PUBLIC.OBJECT_FIELD_METADATA (ID, NAME, METADATA_TYPE, PARENT_METADATA,PARENT_METADATA_NAME, REFERENCE_METADATA, REFERENCE_METADATA_NAME, REFERENCE_METADATA_TYPE)VALUES('a5b2bade089d426b80efcf4f2c0fc466','AdvertisersLiabilityInfoExt','FIELD','eacc69aff43c454ca2893c5202d1f5b1','AdvertisersLiabilityInfo_Type',null,null,null);
INSERT INTO PUBLIC.OBJECT_FIELD_METADATA (ID, NAME, METADATA_TYPE, PARENT_METADATA,PARENT_METADATA_NAME, REFERENCE_METADATA, REFERENCE_METADATA_NAME, REFERENCE_METADATA_TYPE)VALUES('e7924ec8763b4bd0b10cc79e18e104fd','AnnualCostAmt','MODEL_RELATION','eacc69aff43c454ca2893c5202d1f5b1','AdvertisersLiabilityInfo_Type','4fa89203e94a4637baa0484d19b460c5','CURRENCY','OBJECT');
INSERT INTO PUBLIC.OBJECT_FIELD_METADATA (ID, NAME, METADATA_TYPE, PARENT_METADATA,PARENT_METADATA_NAME, REFERENCE_METADATA, REFERENCE_METADATA_NAME, REFERENCE_METADATA_TYPE)VALUES('8e8523030adb4e20b5526577045f57cb','AdvertisersLiabilityInfo','MODEL_RELATION','0a763ed15e5c4869a34f3f8b972966de','CommlUmbrellaLineBusiness_Type','eacc69aff43c454ca2893c5202d1f5b1','AdvertisersLiabilityInfo_Type','OBJECT');
INSERT INTO PUBLIC.OBJECT_FIELD_METADATA (ID, NAME, METADATA_TYPE, PARENT_METADATA,PARENT_METADATA_NAME, REFERENCE_METADATA, REFERENCE_METADATA_NAME, REFERENCE_METADATA_TYPE)VALUES('ddd6f15c0e3a4fdba0688972bc56c00e','RealEstate','MODEL_RELATION','0a763ed15e5c4869a34f3f8b972966de','CommlUmbrellaLineBusiness_Type','3121c94b6f1f41109a1fddd1072a6896','RealEstate_Type','OBJECT');
INSERT INTO PUBLIC.OBJECT_FIELD_METADATA (ID, NAME, METADATA_TYPE, PARENT_METADATA,PARENT_METADATA_NAME, REFERENCE_METADATA, REFERENCE_METADATA_NAME, REFERENCE_METADATA_TYPE)VALUES('e43eca8a9f0f4408a293f6ca55ae71b6','NetChangeAmt','MODEL_RELATION','0a763ed15e5c4869a34f3f8b972966de','CommlUmbrellaLineBusiness_Type','4fa89203e94a4637baa0484d19b460c5','CURRENCY','OBJECT');
INSERT INTO PUBLIC.OBJECT_FIELD_METADATA (ID, NAME, METADATA_TYPE, PARENT_METADATA,PARENT_METADATA_NAME, REFERENCE_METADATA, REFERENCE_METADATA_NAME, REFERENCE_METADATA_TYPE)VALUES('cf6fd1a28d4e4e889e4d411077184def','Coverage','MODEL_RELATION','0a763ed15e5c4869a34f3f8b972966de','CommlUmbrellaLineBusiness_Type','d0675b4bbe674c1fa08297c27c3cb675','Coverage_Type','OBJECT');
INSERT INTO PUBLIC.OBJECT_FIELD_METADATA (ID, NAME, METADATA_TYPE, PARENT_METADATA,PARENT_METADATA_NAME, REFERENCE_METADATA, REFERENCE_METADATA_NAME, REFERENCE_METADATA_TYPE)VALUES('cba28cc1ff52445aba045c8d0792d459','PMACd','FIELD','0a763ed15e5c4869a34f3f8b972966de','CommlUmbrellaLineBusiness_Type','6240ce877a244a73a1253961131c6cc9','IndustryCode_Type','PRIMITIVE');
INSERT INTO PUBLIC.OBJECT_FIELD_METADATA (ID, NAME, METADATA_TYPE, PARENT_METADATA,PARENT_METADATA_NAME, REFERENCE_METADATA, REFERENCE_METADATA_NAME, REFERENCE_METADATA_TYPE)VALUES('80e2dd5138464de683e7c52dc06eaedb','LOBSubCd','FIELD','0a763ed15e5c4869a34f3f8b972966de','CommlUmbrellaLineBusiness_Type','8376159ebcf44685b36391928a67e333','LineOfBusinessSubCode','PRIMITIVE');
INSERT INTO PUBLIC.OBJECT_FIELD_METADATA (ID, NAME, METADATA_TYPE, PARENT_METADATA,PARENT_METADATA_NAME, REFERENCE_METADATA, REFERENCE_METADATA_NAME, REFERENCE_METADATA_TYPE)VALUES('f7e81d48044b4d9791533d3cd56a1790','GroupId','FIELD','0a763ed15e5c4869a34f3f8b972966de','CommlUmbrellaLineBusiness_Type','3da4bbbc6bf44d5f941e647b8e8408dc','AssignedIdentifier','PRIMITIVE');
INSERT INTO PUBLIC.OBJECT_FIELD_METADATA (ID, NAME, METADATA_TYPE, PARENT_METADATA,PARENT_METADATA_NAME, REFERENCE_METADATA, REFERENCE_METADATA_NAME, REFERENCE_METADATA_TYPE)VALUES('46ada9b4124146a790e76936c8aeb33d','CommlUmbrellaLineBusinessExt','FIELD','0a763ed15e5c4869a34f3f8b972966de','CommlUmbrellaLineBusiness_Type',null,null,null);
INSERT INTO PUBLIC.OBJECT_FIELD_METADATA (ID, NAME, METADATA_TYPE, PARENT_METADATA,PARENT_METADATA_NAME, REFERENCE_METADATA, REFERENCE_METADATA_NAME, REFERENCE_METADATA_TYPE)VALUES('040260dc39b74ba6ac10972dcfeeec27','CommlCoverage','MODEL_RELATION','0a763ed15e5c4869a34f3f8b972966de','CommlUmbrellaLineBusiness_Type','d0675b4bbe674c1fa08297c27c3cb675','Coverage_Type','OBJECT');
INSERT INTO PUBLIC.OBJECT_FIELD_METADATA (ID, NAME, METADATA_TYPE, PARENT_METADATA,PARENT_METADATA_NAME, REFERENCE_METADATA, REFERENCE_METADATA_NAME, REFERENCE_METADATA_TYPE)VALUES('686d7346ccd54f108b80e46b6b202abb','UnderlyingInfoDesc','FIELD','0a763ed15e5c4869a34f3f8b972966de','CommlUmbrellaLineBusiness_Type','395c33ebbd5b40f0aee8a4f93dbedf31','C-Infinite','PRIMITIVE');
INSERT INTO PUBLIC.OBJECT_FIELD_METADATA (ID, NAME, METADATA_TYPE, PARENT_METADATA,PARENT_METADATA_NAME, REFERENCE_METADATA, REFERENCE_METADATA_NAME, REFERENCE_METADATA_TYPE)VALUES('f6cfd4c4ff014171b523e5639f31c618','LOBCd','FIELD','0a763ed15e5c4869a34f3f8b972966de','CommlUmbrellaLineBusiness_Type','3b75decf3cfc42c496d4405220659cf0','LineOfBusiness','PRIMITIVE');
INSERT INTO PUBLIC.OBJECT_FIELD_METADATA (ID, NAME, METADATA_TYPE, PARENT_METADATA,PARENT_METADATA_NAME, REFERENCE_METADATA, REFERENCE_METADATA_NAME, REFERENCE_METADATA_TYPE)VALUES('1b29f8c07b3540a3bf75c6d05f842bad','LiabilitySymbolCd','FIELD','0a763ed15e5c4869a34f3f8b972966de','CommlUmbrellaLineBusiness_Type','6240ce877a244a73a1253961131c6cc9','IndustryCode_Type','PRIMITIVE');
INSERT INTO PUBLIC.OBJECT_FIELD_METADATA (ID, NAME, METADATA_TYPE, PARENT_METADATA,PARENT_METADATA_NAME, REFERENCE_METADATA, REFERENCE_METADATA_NAME, REFERENCE_METADATA_TYPE)VALUES('7dcc5ada0b7049f4a41ea31d9f534584','RateEffectiveDt','FIELD','0a763ed15e5c4869a34f3f8b972966de','CommlUmbrellaLineBusiness_Type','3b0a2ca6cf3a4fb19718e35aa60287cd','Date','PRIMITIVE');
INSERT INTO PUBLIC.OBJECT_FIELD_METADATA (ID, NAME, METADATA_TYPE, PARENT_METADATA,PARENT_METADATA_NAME, REFERENCE_METADATA, REFERENCE_METADATA_NAME, REFERENCE_METADATA_TYPE)VALUES('8e18ffdcc71843cd84d0f9b34731a0de','FirstDollarDefenseInd','FIELD','0a763ed15e5c4869a34f3f8b972966de','CommlUmbrellaLineBusiness_Type','4ffb0bcc3ec946d1af3ef883f4c3a4e6','Boolean','PRIMITIVE');
INSERT INTO PUBLIC.OBJECT_METADATA (ID, NAME, METADATA_TYPE, REFERENCE_METADATA, REFERENCE_METADATA_NAME) VALUES('ccf451af9703406d887f7669cb1e2108','MalpracticeLiabilityInfo_Type','OBJECT',null,null);
INSERT INTO PUBLIC.OBJECT_FIELD_METADATA (ID, NAME, METADATA_TYPE, PARENT_METADATA,PARENT_METADATA_NAME, REFERENCE_METADATA, REFERENCE_METADATA_NAME, REFERENCE_METADATA_TYPE)VALUES('50d82d31c4ea4572b4e2619521ae9f1f','NumBeds','FIELD','ccf451af9703406d887f7669cb1e2108','MalpracticeLiabilityInfo_Type','838cab4e48a54d0bb23ca5ea9db454ab','Long','PRIMITIVE');
INSERT INTO PUBLIC.OBJECT_FIELD_METADATA (ID, NAME, METADATA_TYPE, PARENT_METADATA,PARENT_METADATA_NAME, REFERENCE_METADATA, REFERENCE_METADATA_NAME, REFERENCE_METADATA_TYPE)VALUES('15cbaba97f11449d8f4cf4478ebec0a4','MalpracticeLiabilityInfoExt','FIELD','ccf451af9703406d887f7669cb1e2108','MalpracticeLiabilityInfo_Type',null,null,null);
INSERT INTO PUBLIC.OBJECT_FIELD_METADATA (ID, NAME, METADATA_TYPE, PARENT_METADATA,PARENT_METADATA_NAME, REFERENCE_METADATA, REFERENCE_METADATA_NAME, REFERENCE_METADATA_TYPE)VALUES('731c2092dc734c0abb462d8680931001','NumNurses','FIELD','ccf451af9703406d887f7669cb1e2108','MalpracticeLiabilityInfo_Type','838cab4e48a54d0bb23ca5ea9db454ab','Long','PRIMITIVE');
INSERT INTO PUBLIC.OBJECT_FIELD_METADATA (ID, NAME, METADATA_TYPE, PARENT_METADATA,PARENT_METADATA_NAME, REFERENCE_METADATA, REFERENCE_METADATA_NAME, REFERENCE_METADATA_TYPE)VALUES('45f674f520c141ecab8fb8fd64b48c00','NumDoctors','FIELD','ccf451af9703406d887f7669cb1e2108','MalpracticeLiabilityInfo_Type','838cab4e48a54d0bb23ca5ea9db454ab','Long','PRIMITIVE');
INSERT INTO PUBLIC.OBJECT_FIELD_METADATA (ID, NAME, METADATA_TYPE, PARENT_METADATA,PARENT_METADATA_NAME, REFERENCE_METADATA, REFERENCE_METADATA_NAME, REFERENCE_METADATA_TYPE)VALUES('14f2f16528db46c890e8ed2c2af9d5cc','MalpracticeLiabilityInfo','MODEL_RELATION','0a763ed15e5c4869a34f3f8b972966de','CommlUmbrellaLineBusiness_Type','ccf451af9703406d887f7669cb1e2108','MalpracticeLiabilityInfo_Type','OBJECT');
INSERT INTO PUBLIC.OBJECT_FIELD_METADATA (ID, NAME, METADATA_TYPE, PARENT_METADATA,PARENT_METADATA_NAME, REFERENCE_METADATA, REFERENCE_METADATA_NAME, REFERENCE_METADATA_TYPE)VALUES('7341dbae73bc49e996250964d9d89846','CommlUmbrellaLineBusiness','MODEL_RELATION','a8485aa8f7a7481b8828e638330f5291','Policy_Type','0a763ed15e5c4869a34f3f8b972966de','CommlUmbrellaLineBusiness_Type','MODEL');
INSERT INTO PUBLIC.OBJECT_METADATA (ID, NAME, METADATA_TYPE, REFERENCE_METADATA, REFERENCE_METADATA_NAME) VALUES('a0469a4f20374e50a9e9ff6ea9664784','AccidentViolation_Type','OBJECT',null,null);
INSERT INTO PUBLIC.OBJECT_FIELD_METADATA (ID, NAME, METADATA_TYPE, PARENT_METADATA,PARENT_METADATA_NAME, REFERENCE_METADATA, REFERENCE_METADATA_NAME, REFERENCE_METADATA_TYPE)VALUES('2c037fa88afc42dea8923fbd3cb0609a','ConvictionDt','FIELD','a0469a4f20374e50a9e9ff6ea9664784','AccidentViolation_Type','3b0a2ca6cf3a4fb19718e35aa60287cd','Date','PRIMITIVE');
INSERT INTO PUBLIC.OBJECT_FIELD_METADATA (ID, NAME, METADATA_TYPE, PARENT_METADATA,PARENT_METADATA_NAME, REFERENCE_METADATA, REFERENCE_METADATA_NAME, REFERENCE_METADATA_TYPE)VALUES('6fbe2ff1eb154acf84a384f44930e24f','PlaceIncident','FIELD','a0469a4f20374e50a9e9ff6ea9664784','AccidentViolation_Type','2344631100044813a5126adcfb93e80d','C-255','PRIMITIVE');
INSERT INTO PUBLIC.OBJECT_FIELD_METADATA (ID, NAME, METADATA_TYPE, PARENT_METADATA,PARENT_METADATA_NAME, REFERENCE_METADATA, REFERENCE_METADATA_NAME, REFERENCE_METADATA_TYPE)VALUES('86f17ac9091b43c2b5403a23ebdbc816','ResponsiblePct','FIELD','a0469a4f20374e50a9e9ff6ea9664784','AccidentViolation_Type','42787ecf7ebe44bdb047ebe0f2268d21','PercentLong','PRIMITIVE');
INSERT INTO PUBLIC.OBJECT_FIELD_METADATA (ID, NAME, METADATA_TYPE, PARENT_METADATA,PARENT_METADATA_NAME, REFERENCE_METADATA, REFERENCE_METADATA_NAME, REFERENCE_METADATA_TYPE)VALUES('63987f90239f4e4e95ff9cfa51a0665f','ConvictionsDuration','MODEL_RELATION','a0469a4f20374e50a9e9ff6ea9664784','AccidentViolation_Type','2ba28904532b44bfb94bb9bca9b86a8a','DURATION','OBJECT');
INSERT INTO PUBLIC.OBJECT_FIELD_METADATA (ID, NAME, METADATA_TYPE, PARENT_METADATA,PARENT_METADATA_NAME, REFERENCE_METADATA, REFERENCE_METADATA_NAME, REFERENCE_METADATA_TYPE)VALUES('82e2d87946f34ea7ae096050609a0e15','AccidentViolationCd','FIELD','a0469a4f20374e50a9e9ff6ea9664784','AccidentViolation_Type','6240ce877a244a73a1253961131c6cc9','IndustryCode_Type','PRIMITIVE');
INSERT INTO PUBLIC.OBJECT_FIELD_METADATA (ID, NAME, METADATA_TYPE, PARENT_METADATA,PARENT_METADATA_NAME, REFERENCE_METADATA, REFERENCE_METADATA_NAME, REFERENCE_METADATA_TYPE)VALUES('eb21d1ab08854603a633d784d5280012','DamageTotalAmt','MODEL_RELATION','a0469a4f20374e50a9e9ff6ea9664784','AccidentViolation_Type','4fa89203e94a4637baa0484d19b460c5','CURRENCY','OBJECT');
INSERT INTO PUBLIC.OBJECT_FIELD_METADATA (ID, NAME, METADATA_TYPE, PARENT_METADATA,PARENT_METADATA_NAME, REFERENCE_METADATA, REFERENCE_METADATA_NAME, REFERENCE_METADATA_TYPE)VALUES('58e8c34fdc2e4faba595778fe698a82b','PDInd','FIELD','a0469a4f20374e50a9e9ff6ea9664784','AccidentViolation_Type','4ffb0bcc3ec946d1af3ef883f4c3a4e6','Boolean','PRIMITIVE');
INSERT INTO PUBLIC.OBJECT_FIELD_METADATA (ID, NAME, METADATA_TYPE, PARENT_METADATA,PARENT_METADATA_NAME, REFERENCE_METADATA, REFERENCE_METADATA_NAME, REFERENCE_METADATA_TYPE)VALUES('610f235db0e248f4b9b44e5e0920259c','AccidentViolationDesc','FIELD','a0469a4f20374e50a9e9ff6ea9664784','AccidentViolation_Type','2344631100044813a5126adcfb93e80d','C-255','PRIMITIVE');
INSERT INTO PUBLIC.OBJECT_FIELD_METADATA (ID, NAME, METADATA_TYPE, PARENT_METADATA,PARENT_METADATA_NAME, REFERENCE_METADATA, REFERENCE_METADATA_NAME, REFERENCE_METADATA_TYPE)VALUES('bf5898010f3c45bb92e6eaa5871718c5','ConvictionDueToAccidentInd','FIELD','a0469a4f20374e50a9e9ff6ea9664784','AccidentViolation_Type','4ffb0bcc3ec946d1af3ef883f4c3a4e6','Boolean','PRIMITIVE');
INSERT INTO PUBLIC.OBJECT_FIELD_METADATA (ID, NAME, METADATA_TYPE, PARENT_METADATA,PARENT_METADATA_NAME, REFERENCE_METADATA, REFERENCE_METADATA_NAME, REFERENCE_METADATA_TYPE)VALUES('37164fffadb84a8db567e8eb97cfc93c','AccidentViolationExt','FIELD','a0469a4f20374e50a9e9ff6ea9664784','AccidentViolation_Type',null,null,null);
INSERT INTO PUBLIC.OBJECT_FIELD_METADATA (ID, NAME, METADATA_TYPE, PARENT_METADATA,PARENT_METADATA_NAME, REFERENCE_METADATA, REFERENCE_METADATA_NAME, REFERENCE_METADATA_TYPE)VALUES('91b4cb9680e84bf9bf8f68f677e2cf2d','PaidLossDt','FIELD','a0469a4f20374e50a9e9ff6ea9664784','AccidentViolation_Type','3b0a2ca6cf3a4fb19718e35aa60287cd','Date','PRIMITIVE');
INSERT INTO PUBLIC.OBJECT_FIELD_METADATA (ID, NAME, METADATA_TYPE, PARENT_METADATA,PARENT_METADATA_NAME, REFERENCE_METADATA, REFERENCE_METADATA_NAME, REFERENCE_METADATA_TYPE)VALUES('7a24fa5ebf474288b07a9bb84661446e','AccidentTime','FIELD','a0469a4f20374e50a9e9ff6ea9664784','AccidentViolation_Type','51d491822772403b96d2277d75c8912f','Time','PRIMITIVE');
INSERT INTO PUBLIC.OBJECT_FIELD_METADATA (ID, NAME, METADATA_TYPE, PARENT_METADATA,PARENT_METADATA_NAME, REFERENCE_METADATA, REFERENCE_METADATA_NAME, REFERENCE_METADATA_TYPE)VALUES('bf70037234ae4336952c71448c430a51','NumSurchargePoints','FIELD','a0469a4f20374e50a9e9ff6ea9664784','AccidentViolation_Type','838cab4e48a54d0bb23ca5ea9db454ab','Long','PRIMITIVE');
INSERT INTO PUBLIC.OBJECT_METADATA (ID, NAME, METADATA_TYPE, REFERENCE_METADATA, REFERENCE_METADATA_NAME) VALUES('cf28e4f3065a451b8b87576007e93906','LossPayment_Type','OBJECT',null,null);
INSERT INTO PUBLIC.OBJECT_FIELD_METADATA (ID, NAME, METADATA_TYPE, PARENT_METADATA,PARENT_METADATA_NAME, REFERENCE_METADATA, REFERENCE_METADATA_NAME, REFERENCE_METADATA_TYPE)VALUES('c5cfc82bfb28426093216c7236d19218','CoverageAvailable','MODEL_RELATION','cf28e4f3065a451b8b87576007e93906','LossPayment_Type','d0675b4bbe674c1fa08297c27c3cb675','Coverage_Type','OBJECT');
INSERT INTO PUBLIC.OBJECT_FIELD_METADATA (ID, NAME, METADATA_TYPE, PARENT_METADATA,PARENT_METADATA_NAME, REFERENCE_METADATA, REFERENCE_METADATA_NAME, REFERENCE_METADATA_TYPE)VALUES('b2cdfc01aab9401f88c638e72a0d05d4','LossPaymentAmt','MODEL_RELATION','cf28e4f3065a451b8b87576007e93906','LossPayment_Type','4fa89203e94a4637baa0484d19b460c5','CURRENCY','OBJECT');
INSERT INTO PUBLIC.OBJECT_FIELD_METADATA (ID, NAME, METADATA_TYPE, PARENT_METADATA,PARENT_METADATA_NAME, REFERENCE_METADATA, REFERENCE_METADATA_NAME, REFERENCE_METADATA_TYPE)VALUES('bdec4f0679664d6b95795581850dbad5','Coverage','MODEL_RELATION','cf28e4f3065a451b8b87576007e93906','LossPayment_Type','d0675b4bbe674c1fa08297c27c3cb675','Coverage_Type','OBJECT');
INSERT INTO PUBLIC.OBJECT_FIELD_METADATA (ID, NAME, METADATA_TYPE, PARENT_METADATA,PARENT_METADATA_NAME, REFERENCE_METADATA, REFERENCE_METADATA_NAME, REFERENCE_METADATA_TYPE)VALUES('5309802ee8b949c9a82076afb747731c','LossPaymentExt','FIELD','cf28e4f3065a451b8b87576007e93906','LossPayment_Type',null,null,null);
INSERT INTO PUBLIC.OBJECT_FIELD_METADATA (ID, NAME, METADATA_TYPE, PARENT_METADATA,PARENT_METADATA_NAME, REFERENCE_METADATA, REFERENCE_METADATA_NAME, REFERENCE_METADATA_TYPE)VALUES('863f5baac7fc44b49820c8e1f94e000a','ReservedAmt','MODEL_RELATION','cf28e4f3065a451b8b87576007e93906','LossPayment_Type','4fa89203e94a4637baa0484d19b460c5','CURRENCY','OBJECT');
INSERT INTO PUBLIC.OBJECT_FIELD_METADATA (ID, NAME, METADATA_TYPE, PARENT_METADATA,PARENT_METADATA_NAME, REFERENCE_METADATA, REFERENCE_METADATA_NAME, REFERENCE_METADATA_TYPE)VALUES('b7c1311ba930461bbdeb5e05193f9a11','LossPayment','MODEL_RELATION','a0469a4f20374e50a9e9ff6ea9664784','AccidentViolation_Type','cf28e4f3065a451b8b87576007e93906','LossPayment_Type','OBJECT');
INSERT INTO PUBLIC.OBJECT_FIELD_METADATA (ID, NAME, METADATA_TYPE, PARENT_METADATA,PARENT_METADATA_NAME, REFERENCE_METADATA, REFERENCE_METADATA_NAME, REFERENCE_METADATA_TYPE)VALUES('ceb59ef3bf4a46e390a1275467cd0b86','ChargeableInd','FIELD','a0469a4f20374e50a9e9ff6ea9664784','AccidentViolation_Type','4ffb0bcc3ec946d1af3ef883f4c3a4e6','Boolean','PRIMITIVE');
INSERT INTO PUBLIC.OBJECT_FIELD_METADATA (ID, NAME, METADATA_TYPE, PARENT_METADATA,PARENT_METADATA_NAME, REFERENCE_METADATA, REFERENCE_METADATA_NAME, REFERENCE_METADATA_TYPE)VALUES('5ca045aff3904aeca55d5074113fb9f5','AccidentViolationDt','FIELD','a0469a4f20374e50a9e9ff6ea9664784','AccidentViolation_Type','3b0a2ca6cf3a4fb19718e35aa60287cd','Date','PRIMITIVE');
INSERT INTO PUBLIC.OBJECT_FIELD_METADATA (ID, NAME, METADATA_TYPE, PARENT_METADATA,PARENT_METADATA_NAME, REFERENCE_METADATA, REFERENCE_METADATA_NAME, REFERENCE_METADATA_TYPE)VALUES('9ea3359307124b2298c8d409789081f0','AccidentViolationRecordTypeCd','FIELD','a0469a4f20374e50a9e9ff6ea9664784','AccidentViolation_Type','6240ce877a244a73a1253961131c6cc9','IndustryCode_Type','PRIMITIVE');
INSERT INTO PUBLIC.OBJECT_FIELD_METADATA (ID, NAME, METADATA_TYPE, PARENT_METADATA,PARENT_METADATA_NAME, REFERENCE_METADATA, REFERENCE_METADATA_NAME, REFERENCE_METADATA_TYPE)VALUES('542d2de452534c7b84c33b4006ff3888','ItemIdInfo','MODEL_RELATION','a0469a4f20374e50a9e9ff6ea9664784','AccidentViolation_Type','ba3be0e0317741b08f872c1fca47ad8f','ItemIdInfo_Type','OBJECT');
INSERT INTO PUBLIC.OBJECT_FIELD_METADATA (ID, NAME, METADATA_TYPE, PARENT_METADATA,PARENT_METADATA_NAME, REFERENCE_METADATA, REFERENCE_METADATA_NAME, REFERENCE_METADATA_TYPE)VALUES('9973b564245343498b4d0d27e88495a7','BIInd','FIELD','a0469a4f20374e50a9e9ff6ea9664784','AccidentViolation_Type','4ffb0bcc3ec946d1af3ef883f4c3a4e6','Boolean','PRIMITIVE');
INSERT INTO PUBLIC.OBJECT_FIELD_METADATA (ID, NAME, METADATA_TYPE, PARENT_METADATA,PARENT_METADATA_NAME, REFERENCE_METADATA, REFERENCE_METADATA_NAME, REFERENCE_METADATA_TYPE)VALUES('b2bca37e2e2c4d098eef290121d2cd17','ExcessSpeed','MODEL_RELATION','a0469a4f20374e50a9e9ff6ea9664784','AccidentViolation_Type','1df1057b06734b019460d9f8fb0a43b0','MEASUREMENT','OBJECT');
INSERT INTO PUBLIC.OBJECT_FIELD_METADATA (ID, NAME, METADATA_TYPE, PARENT_METADATA,PARENT_METADATA_NAME, REFERENCE_METADATA, REFERENCE_METADATA_NAME, REFERENCE_METADATA_TYPE)VALUES('4dd172283f5848898f649ec4b415db6f','QuestionAnswer','MODEL_RELATION','a0469a4f20374e50a9e9ff6ea9664784','AccidentViolation_Type','152fefd4f3054b68b490c1af5c9c284c','QuestionAnswer_Type','OBJECT');
INSERT INTO PUBLIC.OBJECT_FIELD_METADATA (ID, NAME, METADATA_TYPE, PARENT_METADATA,PARENT_METADATA_NAME, REFERENCE_METADATA, REFERENCE_METADATA_NAME, REFERENCE_METADATA_TYPE)VALUES('7d2f6e1ad0844fa98e2886e43cd36ea7','SurchargeDt','FIELD','a0469a4f20374e50a9e9ff6ea9664784','AccidentViolation_Type','3b0a2ca6cf3a4fb19718e35aa60287cd','Date','PRIMITIVE');
INSERT INTO PUBLIC.OBJECT_FIELD_METADATA (ID, NAME, METADATA_TYPE, PARENT_METADATA,PARENT_METADATA_NAME, REFERENCE_METADATA, REFERENCE_METADATA_NAME, REFERENCE_METADATA_TYPE)VALUES('12685c9c71e7469caf92b5fb643b01e6','Link','MODEL_RELATION','a0469a4f20374e50a9e9ff6ea9664784','AccidentViolation_Type','366dc9a89db94de3b92abf43ef1bf084','Link_Type','OBJECT');
INSERT INTO PUBLIC.OBJECT_FIELD_METADATA (ID, NAME, METADATA_TYPE, PARENT_METADATA,PARENT_METADATA_NAME, REFERENCE_METADATA, REFERENCE_METADATA_NAME, REFERENCE_METADATA_TYPE)VALUES('7041f5b04e4844b79ff0beef41688e9d','AccidentViolation','MODEL_RELATION','a8485aa8f7a7481b8828e638330f5291','Policy_Type','a0469a4f20374e50a9e9ff6ea9664784','AccidentViolation_Type','OBJECT');
INSERT INTO PUBLIC.PRIMITIVE_METADATA (ID, NAME, METADATA_TYPE) VALUES('f2db22162eed44439a1b57cb7f575ae6','BillingMethod','PRIMITIVE');
INSERT INTO PUBLIC.OBJECT_FIELD_METADATA (ID, NAME, METADATA_TYPE, PARENT_METADATA,PARENT_METADATA_NAME, REFERENCE_METADATA, REFERENCE_METADATA_NAME, REFERENCE_METADATA_TYPE)VALUES('7132076726164abead7739d34ff67cc7','BillingMethodCd','FIELD','a8485aa8f7a7481b8828e638330f5291','Policy_Type','f2db22162eed44439a1b57cb7f575ae6','BillingMethod','PRIMITIVE');
INSERT INTO PUBLIC.OBJECT_METADATA (ID, NAME, METADATA_TYPE, REFERENCE_METADATA, REFERENCE_METADATA_NAME) VALUES('a897e6bb2a97477b9570ae9c81cd3d01','FileAttachmentInfo_Type','OBJECT',null,null);
INSERT INTO PUBLIC.OBJECT_FIELD_METADATA (ID, NAME, METADATA_TYPE, PARENT_METADATA,PARENT_METADATA_NAME, REFERENCE_METADATA, REFERENCE_METADATA_NAME, REFERENCE_METADATA_TYPE)VALUES('cda5639b6ce44fafb1cddb3fbf069c2f','AttachmentFilename','FIELD','a897e6bb2a97477b9570ae9c81cd3d01','FileAttachmentInfo_Type','395c33ebbd5b40f0aee8a4f93dbedf31','C-Infinite','PRIMITIVE');
INSERT INTO PUBLIC.OBJECT_FIELD_METADATA (ID, NAME, METADATA_TYPE, PARENT_METADATA,PARENT_METADATA_NAME, REFERENCE_METADATA, REFERENCE_METADATA_NAME, REFERENCE_METADATA_TYPE)VALUES('60663b777dab4336aed9d11c7731ef28','InsuredFacingAttachmentInd','FIELD','a897e6bb2a97477b9570ae9c81cd3d01','FileAttachmentInfo_Type','4ffb0bcc3ec946d1af3ef883f4c3a4e6','Boolean','PRIMITIVE');
INSERT INTO PUBLIC.OBJECT_FIELD_METADATA (ID, NAME, METADATA_TYPE, PARENT_METADATA,PARENT_METADATA_NAME, REFERENCE_METADATA, REFERENCE_METADATA_NAME, REFERENCE_METADATA_TYPE)VALUES('0dcba2a49d224f6e8d07301b49fb119d','AttachmentDesc','FIELD','a897e6bb2a97477b9570ae9c81cd3d01','FileAttachmentInfo_Type','395c33ebbd5b40f0aee8a4f93dbedf31','C-Infinite','PRIMITIVE');
INSERT INTO PUBLIC.OBJECT_FIELD_METADATA (ID, NAME, METADATA_TYPE, PARENT_METADATA,PARENT_METADATA_NAME, REFERENCE_METADATA, REFERENCE_METADATA_NAME, REFERENCE_METADATA_TYPE)VALUES('ebad1be6865644ceb32173700815886c','FileAttachmentInfoExt','FIELD','a897e6bb2a97477b9570ae9c81cd3d01','FileAttachmentInfo_Type',null,null,null);
INSERT INTO PUBLIC.PRIMITIVE_METADATA (ID, NAME, METADATA_TYPE) VALUES('a7303ea11f7d429d839588f8220f33b0','DocumentCopyType','PRIMITIVE');
INSERT INTO PUBLIC.OBJECT_FIELD_METADATA (ID, NAME, METADATA_TYPE, PARENT_METADATA,PARENT_METADATA_NAME, REFERENCE_METADATA, REFERENCE_METADATA_NAME, REFERENCE_METADATA_TYPE)VALUES('58230c4cdac84a94bef326f7e0a0de48','DocumentCopyTypeCd','FIELD','a897e6bb2a97477b9570ae9c81cd3d01','FileAttachmentInfo_Type','a7303ea11f7d429d839588f8220f33b0','DocumentCopyType','PRIMITIVE');
INSERT INTO PUBLIC.OBJECT_FIELD_METADATA (ID, NAME, METADATA_TYPE, PARENT_METADATA,PARENT_METADATA_NAME, REFERENCE_METADATA, REFERENCE_METADATA_NAME, REFERENCE_METADATA_TYPE)VALUES('23437f9f1e9b43f6ae55b4e6094a6442','WebsiteURL','FIELD','a897e6bb2a97477b9570ae9c81cd3d01','FileAttachmentInfo_Type','e956cb629b1e4f55a3f04fd31e03037b','URLType','PRIMITIVE');
INSERT INTO PUBLIC.PRIMITIVE_METADATA (ID, NAME, METADATA_TYPE) VALUES('2ff37c9007f740e690e051b5de317544','AttachmentStatus','PRIMITIVE');
INSERT INTO PUBLIC.OBJECT_FIELD_METADATA (ID, NAME, METADATA_TYPE, PARENT_METADATA,PARENT_METADATA_NAME, REFERENCE_METADATA, REFERENCE_METADATA_NAME, REFERENCE_METADATA_TYPE)VALUES('8364c37bf9694fa29c3bfb3a3a8f101f','AttachmentStatusCd','FIELD','a897e6bb2a97477b9570ae9c81cd3d01','FileAttachmentInfo_Type','2ff37c9007f740e690e051b5de317544','AttachmentStatus','PRIMITIVE');
INSERT INTO PUBLIC.PRIMITIVE_METADATA (ID, NAME, METADATA_TYPE) VALUES('b388e7fd9ad3420abbef97be6de36c5e','Responsibility','PRIMITIVE');
INSERT INTO PUBLIC.OBJECT_FIELD_METADATA (ID, NAME, METADATA_TYPE, PARENT_METADATA,PARENT_METADATA_NAME, REFERENCE_METADATA, REFERENCE_METADATA_NAME, REFERENCE_METADATA_TYPE)VALUES('eab9bd8b41024940ae8b893c5414af77','AttachmentResponsibilityCd','FIELD','a897e6bb2a97477b9570ae9c81cd3d01','FileAttachmentInfo_Type','b388e7fd9ad3420abbef97be6de36c5e','Responsibility','PRIMITIVE');
INSERT INTO PUBLIC.OBJECT_FIELD_METADATA (ID, NAME, METADATA_TYPE, PARENT_METADATA,PARENT_METADATA_NAME, REFERENCE_METADATA, REFERENCE_METADATA_NAME, REFERENCE_METADATA_TYPE)VALUES('647e094c3b2445439e630f4c1ec1ebea','ItemIdInfo','MODEL_RELATION','a897e6bb2a97477b9570ae9c81cd3d01','FileAttachmentInfo_Type','ba3be0e0317741b08f872c1fca47ad8f','ItemIdInfo_Type','OBJECT');
INSERT INTO PUBLIC.PRIMITIVE_METADATA (ID, NAME, METADATA_TYPE) VALUES('f5cfe733c8eb4e7aa27dba51501cb49b','AttachmentType','PRIMITIVE');
INSERT INTO PUBLIC.OBJECT_FIELD_METADATA (ID, NAME, METADATA_TYPE, PARENT_METADATA,PARENT_METADATA_NAME, REFERENCE_METADATA, REFERENCE_METADATA_NAME, REFERENCE_METADATA_TYPE)VALUES('16e1214b050c4ac9ba066130ad792784','AttachmentTypeCd','FIELD','a897e6bb2a97477b9570ae9c81cd3d01','FileAttachmentInfo_Type','f5cfe733c8eb4e7aa27dba51501cb49b','AttachmentType','PRIMITIVE');
INSERT INTO PUBLIC.OBJECT_FIELD_METADATA (ID, NAME, METADATA_TYPE, PARENT_METADATA,PARENT_METADATA_NAME, REFERENCE_METADATA, REFERENCE_METADATA_NAME, REFERENCE_METADATA_TYPE)VALUES('9fba661704564d44afe1fcc00640cbea','Link','MODEL_RELATION','a897e6bb2a97477b9570ae9c81cd3d01','FileAttachmentInfo_Type','366dc9a89db94de3b92abf43ef1bf084','Link_Type','OBJECT');
INSERT INTO PUBLIC.OBJECT_FIELD_METADATA (ID, NAME, METADATA_TYPE, PARENT_METADATA,PARENT_METADATA_NAME, REFERENCE_METADATA, REFERENCE_METADATA_NAME, REFERENCE_METADATA_TYPE)VALUES('a02780c331d3414f9d9916da8e746b5c','FileAttachmentInfo','MODEL_RELATION','a8485aa8f7a7481b8828e638330f5291','Policy_Type','a897e6bb2a97477b9570ae9c81cd3d01','FileAttachmentInfo_Type','OBJECT');
INSERT INTO PUBLIC.OBJECT_FIELD_METADATA (ID, NAME, METADATA_TYPE, PARENT_METADATA,PARENT_METADATA_NAME, REFERENCE_METADATA, REFERENCE_METADATA_NAME, REFERENCE_METADATA_TYPE)VALUES('2c7fcc5e482e43268462390953013cd8','MinPremAmt','MODEL_RELATION','a8485aa8f7a7481b8828e638330f5291','Policy_Type','4fa89203e94a4637baa0484d19b460c5','CURRENCY','OBJECT');
INSERT INTO PUBLIC.OBJECT_METADATA (ID, NAME, METADATA_TYPE, REFERENCE_METADATA, REFERENCE_METADATA_NAME) VALUES('d404adef5ea445ba9b4225d5b305ea67','SubscriptionInfo_Type','OBJECT',null,null);
INSERT INTO PUBLIC.OBJECT_FIELD_METADATA (ID, NAME, METADATA_TYPE, PARENT_METADATA,PARENT_METADATA_NAME, REFERENCE_METADATA, REFERENCE_METADATA_NAME, REFERENCE_METADATA_TYPE)VALUES('2fae6996963a425e8bb4ade9ec1dfa92','SubscriptionInfoExt','FIELD','d404adef5ea445ba9b4225d5b305ea67','SubscriptionInfo_Type',null,null,null);
INSERT INTO PUBLIC.OBJECT_FIELD_METADATA (ID, NAME, METADATA_TYPE, PARENT_METADATA,PARENT_METADATA_NAME, REFERENCE_METADATA, REFERENCE_METADATA_NAME, REFERENCE_METADATA_TYPE)VALUES('c2aebf45bb2044f989233ec2f792ee20','LeadInsurerName','FIELD','d404adef5ea445ba9b4225d5b305ea67','SubscriptionInfo_Type','2344631100044813a5126adcfb93e80d','C-255','PRIMITIVE');
INSERT INTO PUBLIC.OBJECT_FIELD_METADATA (ID, NAME, METADATA_TYPE, PARENT_METADATA,PARENT_METADATA_NAME, REFERENCE_METADATA, REFERENCE_METADATA_NAME, REFERENCE_METADATA_TYPE)VALUES('64a90c5b517e43f7817646a3dba6fb51','SubscriptionInd','FIELD','d404adef5ea445ba9b4225d5b305ea67','SubscriptionInfo_Type','4ffb0bcc3ec946d1af3ef883f4c3a4e6','Boolean','PRIMITIVE');
INSERT INTO PUBLIC.OBJECT_FIELD_METADATA (ID, NAME, METADATA_TYPE, PARENT_METADATA,PARENT_METADATA_NAME, REFERENCE_METADATA, REFERENCE_METADATA_NAME, REFERENCE_METADATA_TYPE)VALUES('4f6044384e32429eb46a13f510ff913b','FollowingInsurerName','FIELD','d404adef5ea445ba9b4225d5b305ea67','SubscriptionInfo_Type','2344631100044813a5126adcfb93e80d','C-255','PRIMITIVE');
INSERT INTO PUBLIC.OBJECT_FIELD_METADATA (ID, NAME, METADATA_TYPE, PARENT_METADATA,PARENT_METADATA_NAME, REFERENCE_METADATA, REFERENCE_METADATA_NAME, REFERENCE_METADATA_TYPE)VALUES('370d2d27d5fd497f8d571c6e0d216a5c','SubscriptionInfo','MODEL_RELATION','a8485aa8f7a7481b8828e638330f5291','Policy_Type','d404adef5ea445ba9b4225d5b305ea67','SubscriptionInfo_Type','OBJECT');
INSERT INTO PUBLIC.OBJECT_FIELD_METADATA (ID, NAME, METADATA_TYPE, PARENT_METADATA,PARENT_METADATA_NAME, REFERENCE_METADATA, REFERENCE_METADATA_NAME, REFERENCE_METADATA_TYPE)VALUES('b278d0277da44c54845c20dfaec9efbf','ContractTerm','MODEL_RELATION','a8485aa8f7a7481b8828e638330f5291','Policy_Type','2ba28904532b44bfb94bb9bca9b86a8a','DURATION','OBJECT');
INSERT INTO PUBLIC.OBJECT_FIELD_METADATA (ID, NAME, METADATA_TYPE, PARENT_METADATA,PARENT_METADATA_NAME, REFERENCE_METADATA, REFERENCE_METADATA_NAME, REFERENCE_METADATA_TYPE)VALUES('66a5586a634947d493d179f462007db0','CurrentTermAmt','MODEL_RELATION','a8485aa8f7a7481b8828e638330f5291','Policy_Type','4fa89203e94a4637baa0484d19b460c5','CURRENCY','OBJECT');
INSERT INTO PUBLIC.OBJECT_FIELD_METADATA (ID, NAME, METADATA_TYPE, PARENT_METADATA,PARENT_METADATA_NAME, REFERENCE_METADATA, REFERENCE_METADATA_NAME, REFERENCE_METADATA_TYPE)VALUES('a0dfef615f064cf0806d5301faa1b4a5','AnyLossesAccidentsConvictionsInd','FIELD','a8485aa8f7a7481b8828e638330f5291','Policy_Type','4ffb0bcc3ec946d1af3ef883f4c3a4e6','Boolean','PRIMITIVE');
INSERT INTO PUBLIC.OBJECT_METADATA (ID, NAME, METADATA_TYPE, REFERENCE_METADATA, REFERENCE_METADATA_NAME) VALUES('a206732a58de4b24939bf8c03910669e','ErrorsAndOmissionsLineBusiness_Type','MODEL',null,null);
INSERT INTO PUBLIC.OBJECT_FIELD_METADATA (ID, NAME, METADATA_TYPE, PARENT_METADATA,PARENT_METADATA_NAME, REFERENCE_METADATA, REFERENCE_METADATA_NAME, REFERENCE_METADATA_TYPE)VALUES('6525f80e91de449a815fe540f64ca9fd','WrittenAmt','MODEL_RELATION','a206732a58de4b24939bf8c03910669e','ErrorsAndOmissionsLineBusiness_Type','4fa89203e94a4637baa0484d19b460c5','CURRENCY','OBJECT');
INSERT INTO PUBLIC.OBJECT_METADATA (ID, NAME, METADATA_TYPE, REFERENCE_METADATA, REFERENCE_METADATA_NAME) VALUES('f8395d5ebb3d4280bafe4d1aac59593f','EmployeeCountInfo_Type','OBJECT',null,null);
INSERT INTO PUBLIC.OBJECT_FIELD_METADATA (ID, NAME, METADATA_TYPE, PARENT_METADATA,PARENT_METADATA_NAME, REFERENCE_METADATA, REFERENCE_METADATA_NAME, REFERENCE_METADATA_TYPE)VALUES('4100c39f09db4827b1df73e998568d7d','EmploymentContractLargestAmt','MODEL_RELATION','f8395d5ebb3d4280bafe4d1aac59593f','EmployeeCountInfo_Type','4fa89203e94a4637baa0484d19b460c5','CURRENCY','OBJECT');
INSERT INTO PUBLIC.OBJECT_FIELD_METADATA (ID, NAME, METADATA_TYPE, PARENT_METADATA,PARENT_METADATA_NAME, REFERENCE_METADATA, REFERENCE_METADATA_NAME, REFERENCE_METADATA_TYPE)VALUES('39cea3cf0c6c463caa070a4a21f77701','NumAttorneys','FIELD','f8395d5ebb3d4280bafe4d1aac59593f','EmployeeCountInfo_Type','838cab4e48a54d0bb23ca5ea9db454ab','Long','PRIMITIVE');
INSERT INTO PUBLIC.OBJECT_FIELD_METADATA (ID, NAME, METADATA_TYPE, PARENT_METADATA,PARENT_METADATA_NAME, REFERENCE_METADATA, REFERENCE_METADATA_NAME, REFERENCE_METADATA_TYPE)VALUES('a824262d69e844baa6cf3e768122b83f','StateProvCd','FIELD','f8395d5ebb3d4280bafe4d1aac59593f','EmployeeCountInfo_Type','6240ce877a244a73a1253961131c6cc9','IndustryCode_Type','PRIMITIVE');
INSERT INTO PUBLIC.OBJECT_FIELD_METADATA (ID, NAME, METADATA_TYPE, PARENT_METADATA,PARENT_METADATA_NAME, REFERENCE_METADATA, REFERENCE_METADATA_NAME, REFERENCE_METADATA_TYPE)VALUES('907d0dc40e384cc9a1e3cf0b9e30f04f','NumEmployeesResigned','FIELD','f8395d5ebb3d4280bafe4d1aac59593f','EmployeeCountInfo_Type','838cab4e48a54d0bb23ca5ea9db454ab','Long','PRIMITIVE');
INSERT INTO PUBLIC.OBJECT_FIELD_METADATA (ID, NAME, METADATA_TYPE, PARENT_METADATA,PARENT_METADATA_NAME, REFERENCE_METADATA, REFERENCE_METADATA_NAME, REFERENCE_METADATA_TYPE)VALUES('b61e92e70d784f189fdf103fc89f85a3','NumEmployeesExempt','FIELD','f8395d5ebb3d4280bafe4d1aac59593f','EmployeeCountInfo_Type','838cab4e48a54d0bb23ca5ea9db454ab','Long','PRIMITIVE');
INSERT INTO PUBLIC.OBJECT_FIELD_METADATA (ID, NAME, METADATA_TYPE, PARENT_METADATA,PARENT_METADATA_NAME, REFERENCE_METADATA, REFERENCE_METADATA_NAME, REFERENCE_METADATA_TYPE)VALUES('e8ba577e70c9484ab3cbed60af8fa649','NumIndependantContractors','FIELD','f8395d5ebb3d4280bafe4d1aac59593f','EmployeeCountInfo_Type','838cab4e48a54d0bb23ca5ea9db454ab','Long','PRIMITIVE');
INSERT INTO PUBLIC.OBJECT_FIELD_METADATA (ID, NAME, METADATA_TYPE, PARENT_METADATA,PARENT_METADATA_NAME, REFERENCE_METADATA, REFERENCE_METADATA_NAME, REFERENCE_METADATA_TYPE)VALUES('fa8b874ce8134f44ac793b41b5415a65','TimeSpan','MODEL_RELATION','f8395d5ebb3d4280bafe4d1aac59593f','EmployeeCountInfo_Type','2ba28904532b44bfb94bb9bca9b86a8a','DURATION','OBJECT');
INSERT INTO PUBLIC.OBJECT_FIELD_METADATA (ID, NAME, METADATA_TYPE, PARENT_METADATA,PARENT_METADATA_NAME, REFERENCE_METADATA, REFERENCE_METADATA_NAME, REFERENCE_METADATA_TYPE)VALUES('1890d88df4d74e35a6e1b02805a8d7ef','EmployeeCountInfoExt','FIELD','f8395d5ebb3d4280bafe4d1aac59593f','EmployeeCountInfo_Type',null,null,null);
INSERT INTO PUBLIC.OBJECT_FIELD_METADATA (ID, NAME, METADATA_TYPE, PARENT_METADATA,PARENT_METADATA_NAME, REFERENCE_METADATA, REFERENCE_METADATA_NAME, REFERENCE_METADATA_TYPE)VALUES('fd69d952a4fe4b36a7ffa8cf64334f86','EmploymentContractsAmt','MODEL_RELATION','f8395d5ebb3d4280bafe4d1aac59593f','EmployeeCountInfo_Type','4fa89203e94a4637baa0484d19b460c5','CURRENCY','OBJECT');
INSERT INTO PUBLIC.OBJECT_FIELD_METADATA (ID, NAME, METADATA_TYPE, PARENT_METADATA,PARENT_METADATA_NAME, REFERENCE_METADATA, REFERENCE_METADATA_NAME, REFERENCE_METADATA_TYPE)VALUES('47e4a85b8eab4fdeacae715ac321f930','NumProfessionals','FIELD','f8395d5ebb3d4280bafe4d1aac59593f','EmployeeCountInfo_Type','838cab4e48a54d0bb23ca5ea9db454ab','Long','PRIMITIVE');
INSERT INTO PUBLIC.OBJECT_FIELD_METADATA (ID, NAME, METADATA_TYPE, PARENT_METADATA,PARENT_METADATA_NAME, REFERENCE_METADATA, REFERENCE_METADATA_NAME, REFERENCE_METADATA_TYPE)VALUES('283cfc3032d242bdae0820c43a4b4d87','NumPrincipals','FIELD','f8395d5ebb3d4280bafe4d1aac59593f','EmployeeCountInfo_Type','838cab4e48a54d0bb23ca5ea9db454ab','Long','PRIMITIVE');
INSERT INTO PUBLIC.OBJECT_FIELD_METADATA (ID, NAME, METADATA_TYPE, PARENT_METADATA,PARENT_METADATA_NAME, REFERENCE_METADATA, REFERENCE_METADATA_NAME, REFERENCE_METADATA_TYPE)VALUES('97570147e4614cc383c6460b177ec031','NumLocations','FIELD','f8395d5ebb3d4280bafe4d1aac59593f','EmployeeCountInfo_Type','838cab4e48a54d0bb23ca5ea9db454ab','Long','PRIMITIVE');
INSERT INTO PUBLIC.OBJECT_FIELD_METADATA (ID, NAME, METADATA_TYPE, PARENT_METADATA,PARENT_METADATA_NAME, REFERENCE_METADATA, REFERENCE_METADATA_NAME, REFERENCE_METADATA_TYPE)VALUES('50bcecc3db4b44389c50dc798256947f','NumEmployeesPartTime','FIELD','f8395d5ebb3d4280bafe4d1aac59593f','EmployeeCountInfo_Type','838cab4e48a54d0bb23ca5ea9db454ab','Long','PRIMITIVE');
INSERT INTO PUBLIC.OBJECT_FIELD_METADATA (ID, NAME, METADATA_TYPE, PARENT_METADATA,PARENT_METADATA_NAME, REFERENCE_METADATA, REFERENCE_METADATA_NAME, REFERENCE_METADATA_TYPE)VALUES('b581be67dd0a45ef913702f0987ac250','NumOfficers','FIELD','f8395d5ebb3d4280bafe4d1aac59593f','EmployeeCountInfo_Type','838cab4e48a54d0bb23ca5ea9db454ab','Long','PRIMITIVE');
INSERT INTO PUBLIC.OBJECT_FIELD_METADATA (ID, NAME, METADATA_TYPE, PARENT_METADATA,PARENT_METADATA_NAME, REFERENCE_METADATA, REFERENCE_METADATA_NAME, REFERENCE_METADATA_TYPE)VALUES('17ca5506ec574e34a5437aea0cebe075','NumTemporaryEmployees','FIELD','f8395d5ebb3d4280bafe4d1aac59593f','EmployeeCountInfo_Type','838cab4e48a54d0bb23ca5ea9db454ab','Long','PRIMITIVE');
INSERT INTO PUBLIC.OBJECT_FIELD_METADATA (ID, NAME, METADATA_TYPE, PARENT_METADATA,PARENT_METADATA_NAME, REFERENCE_METADATA, REFERENCE_METADATA_NAME, REFERENCE_METADATA_TYPE)VALUES('888389f5103149be983ec74af4c75bde','CountryCd','FIELD','f8395d5ebb3d4280bafe4d1aac59593f','EmployeeCountInfo_Type','6240ce877a244a73a1253961131c6cc9','IndustryCode_Type','PRIMITIVE');
INSERT INTO PUBLIC.OBJECT_FIELD_METADATA (ID, NAME, METADATA_TYPE, PARENT_METADATA,PARENT_METADATA_NAME, REFERENCE_METADATA, REFERENCE_METADATA_NAME, REFERENCE_METADATA_TYPE)VALUES('2ab12b17234444cdb8f72b6448de8e6e','NumUnionizedEmployees','FIELD','f8395d5ebb3d4280bafe4d1aac59593f','EmployeeCountInfo_Type','838cab4e48a54d0bb23ca5ea9db454ab','Long','PRIMITIVE');
INSERT INTO PUBLIC.OBJECT_FIELD_METADATA (ID, NAME, METADATA_TYPE, PARENT_METADATA,PARENT_METADATA_NAME, REFERENCE_METADATA, REFERENCE_METADATA_NAME, REFERENCE_METADATA_TYPE)VALUES('40c9dd3ed4f5497f8edd7523161d8d63','NumEmployees','FIELD','f8395d5ebb3d4280bafe4d1aac59593f','EmployeeCountInfo_Type','838cab4e48a54d0bb23ca5ea9db454ab','Long','PRIMITIVE');
INSERT INTO PUBLIC.PRIMITIVE_METADATA (ID, NAME, METADATA_TYPE) VALUES('a8ab553465e94c97a63059f10b5051cd','EmployeeCountry','PRIMITIVE');
INSERT INTO PUBLIC.OBJECT_FIELD_METADATA (ID, NAME, METADATA_TYPE, PARENT_METADATA,PARENT_METADATA_NAME, REFERENCE_METADATA, REFERENCE_METADATA_NAME, REFERENCE_METADATA_TYPE)VALUES('173d29655ae5413e9619e0ef7e48d282','EmployeeCountryCd','FIELD','f8395d5ebb3d4280bafe4d1aac59593f','EmployeeCountInfo_Type','a8ab553465e94c97a63059f10b5051cd','EmployeeCountry','PRIMITIVE');
INSERT INTO PUBLIC.OBJECT_FIELD_METADATA (ID, NAME, METADATA_TYPE, PARENT_METADATA,PARENT_METADATA_NAME, REFERENCE_METADATA, REFERENCE_METADATA_NAME, REFERENCE_METADATA_TYPE)VALUES('cdd9bae655fa4478a35f78a769f5d185','NumPartners','FIELD','f8395d5ebb3d4280bafe4d1aac59593f','EmployeeCountInfo_Type','838cab4e48a54d0bb23ca5ea9db454ab','Long','PRIMITIVE');
INSERT INTO PUBLIC.OBJECT_FIELD_METADATA (ID, NAME, METADATA_TYPE, PARENT_METADATA,PARENT_METADATA_NAME, REFERENCE_METADATA, REFERENCE_METADATA_NAME, REFERENCE_METADATA_TYPE)VALUES('0796cace30464eba9e9170ec060ff92e','NumNonProfessionals','FIELD','f8395d5ebb3d4280bafe4d1aac59593f','EmployeeCountInfo_Type','838cab4e48a54d0bb23ca5ea9db454ab','Long','PRIMITIVE');
INSERT INTO PUBLIC.OBJECT_FIELD_METADATA (ID, NAME, METADATA_TYPE, PARENT_METADATA,PARENT_METADATA_NAME, REFERENCE_METADATA, REFERENCE_METADATA_NAME, REFERENCE_METADATA_TYPE)VALUES('8dae384d154b444e84b45d46516ea98b','NumEmployeesLeased','FIELD','f8395d5ebb3d4280bafe4d1aac59593f','EmployeeCountInfo_Type','838cab4e48a54d0bb23ca5ea9db454ab','Long','PRIMITIVE');
INSERT INTO PUBLIC.OBJECT_FIELD_METADATA (ID, NAME, METADATA_TYPE, PARENT_METADATA,PARENT_METADATA_NAME, REFERENCE_METADATA, REFERENCE_METADATA_NAME, REFERENCE_METADATA_TYPE)VALUES('9c28910e6b80498eb02cfa34ac8b694b','NumEmployeesFullTime','FIELD','f8395d5ebb3d4280bafe4d1aac59593f','EmployeeCountInfo_Type','838cab4e48a54d0bb23ca5ea9db454ab','Long','PRIMITIVE');
INSERT INTO PUBLIC.OBJECT_FIELD_METADATA (ID, NAME, METADATA_TYPE, PARENT_METADATA,PARENT_METADATA_NAME, REFERENCE_METADATA, REFERENCE_METADATA_NAME, REFERENCE_METADATA_TYPE)VALUES('3c1239e0cbc4488c886b086882413259','NumEmployeesNonExempt','FIELD','f8395d5ebb3d4280bafe4d1aac59593f','EmployeeCountInfo_Type','838cab4e48a54d0bb23ca5ea9db454ab','Long','PRIMITIVE');
INSERT INTO PUBLIC.OBJECT_FIELD_METADATA (ID, NAME, METADATA_TYPE, PARENT_METADATA,PARENT_METADATA_NAME, REFERENCE_METADATA, REFERENCE_METADATA_NAME, REFERENCE_METADATA_TYPE)VALUES('e0ab33b4a55a4181b9fe5fd053ae1504','NumSeasonalEmployees','FIELD','f8395d5ebb3d4280bafe4d1aac59593f','EmployeeCountInfo_Type','838cab4e48a54d0bb23ca5ea9db454ab','Long','PRIMITIVE');
INSERT INTO PUBLIC.OBJECT_FIELD_METADATA (ID, NAME, METADATA_TYPE, PARENT_METADATA,PARENT_METADATA_NAME, REFERENCE_METADATA, REFERENCE_METADATA_NAME, REFERENCE_METADATA_TYPE)VALUES('dd0a4b6cd4a7403d87be891c187b7b41','NumEmploymentContracts','FIELD','f8395d5ebb3d4280bafe4d1aac59593f','EmployeeCountInfo_Type','838cab4e48a54d0bb23ca5ea9db454ab','Long','PRIMITIVE');
INSERT INTO PUBLIC.OBJECT_FIELD_METADATA (ID, NAME, METADATA_TYPE, PARENT_METADATA,PARENT_METADATA_NAME, REFERENCE_METADATA, REFERENCE_METADATA_NAME, REFERENCE_METADATA_TYPE)VALUES('482273bd49524d059294f8acef9285f9','NumEmployeesTerminated','FIELD','f8395d5ebb3d4280bafe4d1aac59593f','EmployeeCountInfo_Type','838cab4e48a54d0bb23ca5ea9db454ab','Long','PRIMITIVE');
INSERT INTO PUBLIC.OBJECT_FIELD_METADATA (ID, NAME, METADATA_TYPE, PARENT_METADATA,PARENT_METADATA_NAME, REFERENCE_METADATA, REFERENCE_METADATA_NAME, REFERENCE_METADATA_TYPE)VALUES('c7566bda01cb42cd9cfbba7dcf39ae71','NumEmployeesVolunteer','FIELD','f8395d5ebb3d4280bafe4d1aac59593f','EmployeeCountInfo_Type','838cab4e48a54d0bb23ca5ea9db454ab','Long','PRIMITIVE');
INSERT INTO PUBLIC.OBJECT_FIELD_METADATA (ID, NAME, METADATA_TYPE, PARENT_METADATA,PARENT_METADATA_NAME, REFERENCE_METADATA, REFERENCE_METADATA_NAME, REFERENCE_METADATA_TYPE)VALUES('cbd8cca589ae47d2a7211527dd1efa57','EmployeeCountInfo','MODEL_RELATION','a206732a58de4b24939bf8c03910669e','ErrorsAndOmissionsLineBusiness_Type','f8395d5ebb3d4280bafe4d1aac59593f','EmployeeCountInfo_Type','OBJECT');
INSERT INTO PUBLIC.OBJECT_FIELD_METADATA (ID, NAME, METADATA_TYPE, PARENT_METADATA,PARENT_METADATA_NAME, REFERENCE_METADATA, REFERENCE_METADATA_NAME, REFERENCE_METADATA_TYPE)VALUES('3f949323db114fb68a85ede205cdcb46','JointVenturesDesc','FIELD','a206732a58de4b24939bf8c03910669e','ErrorsAndOmissionsLineBusiness_Type','395c33ebbd5b40f0aee8a4f93dbedf31','C-Infinite','PRIMITIVE');
INSERT INTO PUBLIC.OBJECT_FIELD_METADATA (ID, NAME, METADATA_TYPE, PARENT_METADATA,PARENT_METADATA_NAME, REFERENCE_METADATA, REFERENCE_METADATA_NAME, REFERENCE_METADATA_TYPE)VALUES('200bee6708fe41ac91e57f5ad0ac153e','GrossReceipts','MODEL_RELATION','a206732a58de4b24939bf8c03910669e','ErrorsAndOmissionsLineBusiness_Type','fb9da0a4eea447c6a769d5cd2129c017','GrossReceipts_Type','OBJECT');
INSERT INTO PUBLIC.OBJECT_METADATA (ID, NAME, METADATA_TYPE, REFERENCE_METADATA, REFERENCE_METADATA_NAME) VALUES('86543e3c7e144d6bbda13b9cd43628a9','KeyEmployee_Type','OBJECT',null,null);
INSERT INTO PUBLIC.OBJECT_FIELD_METADATA (ID, NAME, METADATA_TYPE, PARENT_METADATA,PARENT_METADATA_NAME, REFERENCE_METADATA, REFERENCE_METADATA_NAME, REFERENCE_METADATA_TYPE)VALUES('ba908c19dcac44e09a906e6ee7c7b090','NameInfo','MODEL_RELATION','86543e3c7e144d6bbda13b9cd43628a9','KeyEmployee_Type','02f87e48703e4070b19e633337850703','NameInfo_Type','OBJECT');
INSERT INTO PUBLIC.OBJECT_FIELD_METADATA (ID, NAME, METADATA_TYPE, PARENT_METADATA,PARENT_METADATA_NAME, REFERENCE_METADATA, REFERENCE_METADATA_NAME, REFERENCE_METADATA_TYPE)VALUES('23085ac46c984a05875a8faf6044db74','KeyEmployeeExt','FIELD','86543e3c7e144d6bbda13b9cd43628a9','KeyEmployee_Type',null,null,null);
INSERT INTO PUBLIC.OBJECT_FIELD_METADATA (ID, NAME, METADATA_TYPE, PARENT_METADATA,PARENT_METADATA_NAME, REFERENCE_METADATA, REFERENCE_METADATA_NAME, REFERENCE_METADATA_TYPE)VALUES('c45937d89410486e91ddb877c4058b04','HiredYr','FIELD','86543e3c7e144d6bbda13b9cd43628a9','KeyEmployee_Type','7c9113946db7435cb0053de34c768997','Year','PRIMITIVE');
INSERT INTO PUBLIC.OBJECT_FIELD_METADATA (ID, NAME, METADATA_TYPE, PARENT_METADATA,PARENT_METADATA_NAME, REFERENCE_METADATA, REFERENCE_METADATA_NAME, REFERENCE_METADATA_TYPE)VALUES('c920b6ff520c4bd2949bc95f5f1bb47e','PracticeStartYr','FIELD','86543e3c7e144d6bbda13b9cd43628a9','KeyEmployee_Type','7c9113946db7435cb0053de34c768997','Year','PRIMITIVE');
INSERT INTO PUBLIC.OBJECT_FIELD_METADATA (ID, NAME, METADATA_TYPE, PARENT_METADATA,PARENT_METADATA_NAME, REFERENCE_METADATA, REFERENCE_METADATA_NAME, REFERENCE_METADATA_TYPE)VALUES('4c2c6049862a4c18b63dbe439e53173c','QualificationsDesc','FIELD','86543e3c7e144d6bbda13b9cd43628a9','KeyEmployee_Type','2344631100044813a5126adcfb93e80d','C-255','PRIMITIVE');
INSERT INTO PUBLIC.OBJECT_FIELD_METADATA (ID, NAME, METADATA_TYPE, PARENT_METADATA,PARENT_METADATA_NAME, REFERENCE_METADATA, REFERENCE_METADATA_NAME, REFERENCE_METADATA_TYPE)VALUES('1d9099f6ec5f4c91aad9f372be7d55d7','KeyEmployee','MODEL_RELATION','a206732a58de4b24939bf8c03910669e','ErrorsAndOmissionsLineBusiness_Type','86543e3c7e144d6bbda13b9cd43628a9','KeyEmployee_Type','OBJECT');
INSERT INTO PUBLIC.OBJECT_METADATA (ID, NAME, METADATA_TYPE, REFERENCE_METADATA, REFERENCE_METADATA_NAME) VALUES('bff55eaa0ab845e7b41622c7a352e60b','CommlMajorRevenueSource_Type','OBJECT',null,null);
INSERT INTO PUBLIC.OBJECT_FIELD_METADATA (ID, NAME, METADATA_TYPE, PARENT_METADATA,PARENT_METADATA_NAME, REFERENCE_METADATA, REFERENCE_METADATA_NAME, REFERENCE_METADATA_TYPE)VALUES('30adde6a1117498dbf135c74532fe821','ProjectTerm','MODEL_RELATION','bff55eaa0ab845e7b41622c7a352e60b','CommlMajorRevenueSource_Type','1df1057b06734b019460d9f8fb0a43b0','MEASUREMENT','OBJECT');
INSERT INTO PUBLIC.OBJECT_FIELD_METADATA (ID, NAME, METADATA_TYPE, PARENT_METADATA,PARENT_METADATA_NAME, REFERENCE_METADATA, REFERENCE_METADATA_NAME, REFERENCE_METADATA_TYPE)VALUES('96c612e7dfcc4447904fcb07d1600ca6','Description','FIELD','bff55eaa0ab845e7b41622c7a352e60b','CommlMajorRevenueSource_Type','2344631100044813a5126adcfb93e80d','C-255','PRIMITIVE');
INSERT INTO PUBLIC.OBJECT_FIELD_METADATA (ID, NAME, METADATA_TYPE, PARENT_METADATA,PARENT_METADATA_NAME, REFERENCE_METADATA, REFERENCE_METADATA_NAME, REFERENCE_METADATA_TYPE)VALUES('82cb0c8dae514f67a19b251c26282f22','MiscParty','MODEL_RELATION','bff55eaa0ab845e7b41622c7a352e60b','CommlMajorRevenueSource_Type','0a76585a8ae342d897387f29800d50c8','MiscParty_Type','OBJECT');
INSERT INTO PUBLIC.OBJECT_FIELD_METADATA (ID, NAME, METADATA_TYPE, PARENT_METADATA,PARENT_METADATA_NAME, REFERENCE_METADATA, REFERENCE_METADATA_NAME, REFERENCE_METADATA_TYPE)VALUES('3e58af378df042448e41ad28acd79a3a','ProjectCostAmt','MODEL_RELATION','bff55eaa0ab845e7b41622c7a352e60b','CommlMajorRevenueSource_Type','4fa89203e94a4637baa0484d19b460c5','CURRENCY','OBJECT');
INSERT INTO PUBLIC.OBJECT_FIELD_METADATA (ID, NAME, METADATA_TYPE, PARENT_METADATA,PARENT_METADATA_NAME, REFERENCE_METADATA, REFERENCE_METADATA_NAME, REFERENCE_METADATA_TYPE)VALUES('ca85cd1b3b7f44c1b0f12a95e640f6a1','QuestionAnswer','MODEL_RELATION','bff55eaa0ab845e7b41622c7a352e60b','CommlMajorRevenueSource_Type','152fefd4f3054b68b490c1af5c9c284c','QuestionAnswer_Type','OBJECT');
INSERT INTO PUBLIC.OBJECT_FIELD_METADATA (ID, NAME, METADATA_TYPE, PARENT_METADATA,PARENT_METADATA_NAME, REFERENCE_METADATA, REFERENCE_METADATA_NAME, REFERENCE_METADATA_TYPE)VALUES('547a8ef552be4bbaa2dc10e8c8248550','RevenuePct','FIELD','bff55eaa0ab845e7b41622c7a352e60b','CommlMajorRevenueSource_Type','42787ecf7ebe44bdb047ebe0f2268d21','PercentLong','PRIMITIVE');
INSERT INTO PUBLIC.OBJECT_FIELD_METADATA (ID, NAME, METADATA_TYPE, PARENT_METADATA,PARENT_METADATA_NAME, REFERENCE_METADATA, REFERENCE_METADATA_NAME, REFERENCE_METADATA_TYPE)VALUES('68fc95b427694e4ab0bbcf74aa5493a4','CommlMajorRevenueSourceExt','FIELD','bff55eaa0ab845e7b41622c7a352e60b','CommlMajorRevenueSource_Type',null,null,null);
INSERT INTO PUBLIC.OBJECT_FIELD_METADATA (ID, NAME, METADATA_TYPE, PARENT_METADATA,PARENT_METADATA_NAME, REFERENCE_METADATA, REFERENCE_METADATA_NAME, REFERENCE_METADATA_TYPE)VALUES('9a65a51d0cd0449c864458a82c7ddac6','CommlMajorRevenueSource','MODEL_RELATION','a206732a58de4b24939bf8c03910669e','ErrorsAndOmissionsLineBusiness_Type','bff55eaa0ab845e7b41622c7a352e60b','CommlMajorRevenueSource_Type','OBJECT');
INSERT INTO PUBLIC.OBJECT_FIELD_METADATA (ID, NAME, METADATA_TYPE, PARENT_METADATA,PARENT_METADATA_NAME, REFERENCE_METADATA, REFERENCE_METADATA_NAME, REFERENCE_METADATA_TYPE)VALUES('03290f2340ff4133bda005a526ccca3f','HazardGradeInfo','MODEL_RELATION','a206732a58de4b24939bf8c03910669e','ErrorsAndOmissionsLineBusiness_Type','27cb6123ae2a4e5da40275f0c5716a86','HazardGradeInfo_Type','OBJECT');
INSERT INTO PUBLIC.OBJECT_FIELD_METADATA (ID, NAME, METADATA_TYPE, PARENT_METADATA,PARENT_METADATA_NAME, REFERENCE_METADATA, REFERENCE_METADATA_NAME, REFERENCE_METADATA_TYPE)VALUES('3686853ea98c46a880e7bafaf4b0a5ad','ErrorsAndOmissionsLineBusinessExt','FIELD','a206732a58de4b24939bf8c03910669e','ErrorsAndOmissionsLineBusiness_Type',null,null,null);
INSERT INTO PUBLIC.OBJECT_FIELD_METADATA (ID, NAME, METADATA_TYPE, PARENT_METADATA,PARENT_METADATA_NAME, REFERENCE_METADATA, REFERENCE_METADATA_NAME, REFERENCE_METADATA_TYPE)VALUES('db37b41b248947bd947aea1e75f06dd4','MinPremAmt','MODEL_RELATION','a206732a58de4b24939bf8c03910669e','ErrorsAndOmissionsLineBusiness_Type','4fa89203e94a4637baa0484d19b460c5','CURRENCY','OBJECT');
INSERT INTO PUBLIC.OBJECT_FIELD_METADATA (ID, NAME, METADATA_TYPE, PARENT_METADATA,PARENT_METADATA_NAME, REFERENCE_METADATA, REFERENCE_METADATA_NAME, REFERENCE_METADATA_TYPE)VALUES('ef07d0923c3e4a749362bf017a8991cf','CurrentTermAmt','MODEL_RELATION','a206732a58de4b24939bf8c03910669e','ErrorsAndOmissionsLineBusiness_Type','4fa89203e94a4637baa0484d19b460c5','CURRENCY','OBJECT');
INSERT INTO PUBLIC.OBJECT_FIELD_METADATA (ID, NAME, METADATA_TYPE, PARENT_METADATA,PARENT_METADATA_NAME, REFERENCE_METADATA, REFERENCE_METADATA_NAME, REFERENCE_METADATA_TYPE)VALUES('6786526f8fa54fd5919db543787aa807','CompanyProductCd','FIELD','a206732a58de4b24939bf8c03910669e','ErrorsAndOmissionsLineBusiness_Type','6240ce877a244a73a1253961131c6cc9','IndustryCode_Type','PRIMITIVE');
INSERT INTO PUBLIC.OBJECT_FIELD_METADATA (ID, NAME, METADATA_TYPE, PARENT_METADATA,PARENT_METADATA_NAME, REFERENCE_METADATA, REFERENCE_METADATA_NAME, REFERENCE_METADATA_TYPE)VALUES('14da1a97714a402f80d48ed5a3a9bb9e','CoverageAvailable','MODEL_RELATION','a206732a58de4b24939bf8c03910669e','ErrorsAndOmissionsLineBusiness_Type','d0675b4bbe674c1fa08297c27c3cb675','Coverage_Type','OBJECT');
INSERT INTO PUBLIC.OBJECT_FIELD_METADATA (ID, NAME, METADATA_TYPE, PARENT_METADATA,PARENT_METADATA_NAME, REFERENCE_METADATA, REFERENCE_METADATA_NAME, REFERENCE_METADATA_TYPE)VALUES('991b1cab922444e8978db9cc5b4fa55a','HazardGradeCd','FIELD','a206732a58de4b24939bf8c03910669e','ErrorsAndOmissionsLineBusiness_Type','6240ce877a244a73a1253961131c6cc9','IndustryCode_Type','PRIMITIVE');
INSERT INTO PUBLIC.OBJECT_FIELD_METADATA (ID, NAME, METADATA_TYPE, PARENT_METADATA,PARENT_METADATA_NAME, REFERENCE_METADATA, REFERENCE_METADATA_NAME, REFERENCE_METADATA_TYPE)VALUES('d150355792db4225b0b8fe73f2d76953','QuestionAnswer','MODEL_RELATION','a206732a58de4b24939bf8c03910669e','ErrorsAndOmissionsLineBusiness_Type','152fefd4f3054b68b490c1af5c9c284c','QuestionAnswer_Type','OBJECT');
INSERT INTO PUBLIC.OBJECT_FIELD_METADATA (ID, NAME, METADATA_TYPE, PARENT_METADATA,PARENT_METADATA_NAME, REFERENCE_METADATA, REFERENCE_METADATA_NAME, REFERENCE_METADATA_TYPE)VALUES('16ab5023c061465a931a9064feb6ab55','NAICCd','FIELD','a206732a58de4b24939bf8c03910669e','ErrorsAndOmissionsLineBusiness_Type','6240ce877a244a73a1253961131c6cc9','IndustryCode_Type','PRIMITIVE');
INSERT INTO PUBLIC.OBJECT_METADATA (ID, NAME, METADATA_TYPE, REFERENCE_METADATA, REFERENCE_METADATA_NAME) VALUES('a65f2f8f7e6d47639df2ed6a15b2e42e','ProductInfo_Type','OBJECT',null,null);
INSERT INTO PUBLIC.OBJECT_FIELD_METADATA (ID, NAME, METADATA_TYPE, PARENT_METADATA,PARENT_METADATA_NAME, REFERENCE_METADATA, REFERENCE_METADATA_NAME, REFERENCE_METADATA_TYPE)VALUES('912d548767ad4e79a182fbf8a7ec8ad7','QualityAssuranceProgram','FIELD','a65f2f8f7e6d47639df2ed6a15b2e42e','ProductInfo_Type','395c33ebbd5b40f0aee8a4f93dbedf31','C-Infinite','PRIMITIVE');
INSERT INTO PUBLIC.OBJECT_FIELD_METADATA (ID, NAME, METADATA_TYPE, PARENT_METADATA,PARENT_METADATA_NAME, REFERENCE_METADATA, REFERENCE_METADATA_NAME, REFERENCE_METADATA_TYPE)VALUES('ac5f15f9869f43399605cf2a9dda20b5','ShippedToCustomersPct','FIELD','a65f2f8f7e6d47639df2ed6a15b2e42e','ProductInfo_Type','42787ecf7ebe44bdb047ebe0f2268d21','PercentLong','PRIMITIVE');
INSERT INTO PUBLIC.OBJECT_FIELD_METADATA (ID, NAME, METADATA_TYPE, PARENT_METADATA,PARENT_METADATA_NAME, REFERENCE_METADATA, REFERENCE_METADATA_NAME, REFERENCE_METADATA_TYPE)VALUES('057bc6a274d6470e864ed70fefa48537','ProductDesignedDesc','FIELD','a65f2f8f7e6d47639df2ed6a15b2e42e','ProductInfo_Type','395c33ebbd5b40f0aee8a4f93dbedf31','C-Infinite','PRIMITIVE');
INSERT INTO PUBLIC.OBJECT_FIELD_METADATA (ID, NAME, METADATA_TYPE, PARENT_METADATA,PARENT_METADATA_NAME, REFERENCE_METADATA, REFERENCE_METADATA_NAME, REFERENCE_METADATA_TYPE)VALUES('916047f726c44a32a56bc3dabd8e81b7','RepairOperationsDesc','FIELD','a65f2f8f7e6d47639df2ed6a15b2e42e','ProductInfo_Type','2344631100044813a5126adcfb93e80d','C-255','PRIMITIVE');
INSERT INTO PUBLIC.OBJECT_FIELD_METADATA (ID, NAME, METADATA_TYPE, PARENT_METADATA,PARENT_METADATA_NAME, REFERENCE_METADATA, REFERENCE_METADATA_NAME, REFERENCE_METADATA_TYPE)VALUES('e4c2be909f6043038cf3fa721629a080','DiscontinuedDesc','FIELD','a65f2f8f7e6d47639df2ed6a15b2e42e','ProductInfo_Type','2344631100044813a5126adcfb93e80d','C-255','PRIMITIVE');
INSERT INTO PUBLIC.OBJECT_FIELD_METADATA (ID, NAME, METADATA_TYPE, PARENT_METADATA,PARENT_METADATA_NAME, REFERENCE_METADATA, REFERENCE_METADATA_NAME, REFERENCE_METADATA_TYPE)VALUES('83e82c40b49547e3b5e5efa02079d69e','ProductInfoExt','FIELD','a65f2f8f7e6d47639df2ed6a15b2e42e','ProductInfo_Type',null,null,null);
INSERT INTO PUBLIC.OBJECT_METADATA (ID, NAME, METADATA_TYPE, REFERENCE_METADATA, REFERENCE_METADATA_NAME) VALUES('d42fe9ef748e4af6a7722bf627d650dd','SpacecraftInfo_Type','OBJECT',null,null);
INSERT INTO PUBLIC.OBJECT_FIELD_METADATA (ID, NAME, METADATA_TYPE, PARENT_METADATA,PARENT_METADATA_NAME, REFERENCE_METADATA, REFERENCE_METADATA_NAME, REFERENCE_METADATA_TYPE)VALUES('a87ab4a1dcf843cfacb017bf4e3442f9','LaunchVehDesc','FIELD','d42fe9ef748e4af6a7722bf627d650dd','SpacecraftInfo_Type','2344631100044813a5126adcfb93e80d','C-255','PRIMITIVE');
INSERT INTO PUBLIC.OBJECT_FIELD_METADATA (ID, NAME, METADATA_TYPE, PARENT_METADATA,PARENT_METADATA_NAME, REFERENCE_METADATA, REFERENCE_METADATA_NAME, REFERENCE_METADATA_TYPE)VALUES('c2fd53bd7ba64e3ea17f4a0a8270a93d','ItemDefinition','MODEL_RELATION','d42fe9ef748e4af6a7722bf627d650dd','SpacecraftInfo_Type','d83ce2808c974daaa8d801a8af3b5cb2','ItemDefinition_Type','OBJECT');
INSERT INTO PUBLIC.OBJECT_FIELD_METADATA (ID, NAME, METADATA_TYPE, PARENT_METADATA,PARENT_METADATA_NAME, REFERENCE_METADATA, REFERENCE_METADATA_NAME, REFERENCE_METADATA_TYPE)VALUES('aefec6f3e8b44d2cb34403af009bd0b1','LaunchWindow','MODEL_RELATION','d42fe9ef748e4af6a7722bf627d650dd','SpacecraftInfo_Type','2ba28904532b44bfb94bb9bca9b86a8a','DURATION','OBJECT');
INSERT INTO PUBLIC.OBJECT_FIELD_METADATA (ID, NAME, METADATA_TYPE, PARENT_METADATA,PARENT_METADATA_NAME, REFERENCE_METADATA, REFERENCE_METADATA_NAME, REFERENCE_METADATA_TYPE)VALUES('fd6457297d914a5b92ef0fb58d1b905e','ItemIdInfo','MODEL_RELATION','d42fe9ef748e4af6a7722bf627d650dd','SpacecraftInfo_Type','ba3be0e0317741b08f872c1fca47ad8f','ItemIdInfo_Type','OBJECT');
INSERT INTO PUBLIC.OBJECT_FIELD_METADATA (ID, NAME, METADATA_TYPE, PARENT_METADATA,PARENT_METADATA_NAME, REFERENCE_METADATA, REFERENCE_METADATA_NAME, REFERENCE_METADATA_TYPE)VALUES('16ef2def0b4f42ab86fbd8e0e4c31155','SpacecraftInfoExt','FIELD','d42fe9ef748e4af6a7722bf627d650dd','SpacecraftInfo_Type',null,null,null);
INSERT INTO PUBLIC.OBJECT_FIELD_METADATA (ID, NAME, METADATA_TYPE, PARENT_METADATA,PARENT_METADATA_NAME, REFERENCE_METADATA, REFERENCE_METADATA_NAME, REFERENCE_METADATA_TYPE)VALUES('ddd594d170374774988dc63c44f9d270','SpacecraftInfo','MODEL_RELATION','a65f2f8f7e6d47639df2ed6a15b2e42e','ProductInfo_Type','d42fe9ef748e4af6a7722bf627d650dd','SpacecraftInfo_Type','OBJECT');
INSERT INTO PUBLIC.OBJECT_FIELD_METADATA (ID, NAME, METADATA_TYPE, PARENT_METADATA,PARENT_METADATA_NAME, REFERENCE_METADATA, REFERENCE_METADATA_NAME, REFERENCE_METADATA_TYPE)VALUES('2132069722ef4694816bcaf36454c1e5','ContractHarmlessDesc','FIELD','a65f2f8f7e6d47639df2ed6a15b2e42e','ProductInfo_Type','2344631100044813a5126adcfb93e80d','C-255','PRIMITIVE');
INSERT INTO PUBLIC.OBJECT_FIELD_METADATA (ID, NAME, METADATA_TYPE, PARENT_METADATA,PARENT_METADATA_NAME, REFERENCE_METADATA, REFERENCE_METADATA_NAME, REFERENCE_METADATA_TYPE)VALUES('86d55865fb0e47a2873f0b9b179faa3f','ShippedToRetailersPct','FIELD','a65f2f8f7e6d47639df2ed6a15b2e42e','ProductInfo_Type','42787ecf7ebe44bdb047ebe0f2268d21','PercentLong','PRIMITIVE');
INSERT INTO PUBLIC.OBJECT_FIELD_METADATA (ID, NAME, METADATA_TYPE, PARENT_METADATA,PARENT_METADATA_NAME, REFERENCE_METADATA, REFERENCE_METADATA_NAME, REFERENCE_METADATA_TYPE)VALUES('028a8b1eb1bd47cb91ef2576a401da08','ShippedToWholesalersPct','FIELD','a65f2f8f7e6d47639df2ed6a15b2e42e','ProductInfo_Type','42787ecf7ebe44bdb047ebe0f2268d21','PercentLong','PRIMITIVE');
INSERT INTO PUBLIC.OBJECT_FIELD_METADATA (ID, NAME, METADATA_TYPE, PARENT_METADATA,PARENT_METADATA_NAME, REFERENCE_METADATA, REFERENCE_METADATA_NAME, REFERENCE_METADATA_TYPE)VALUES('7c7e72f7947d4a458856fef3ac0a6749','ServiceRevenueOthersPct','FIELD','a65f2f8f7e6d47639df2ed6a15b2e42e','ProductInfo_Type','42787ecf7ebe44bdb047ebe0f2268d21','PercentLong','PRIMITIVE');
INSERT INTO PUBLIC.OBJECT_FIELD_METADATA (ID, NAME, METADATA_TYPE, PARENT_METADATA,PARENT_METADATA_NAME, REFERENCE_METADATA, REFERENCE_METADATA_NAME, REFERENCE_METADATA_TYPE)VALUES('9c3ace5c80554a6691a804d599ff0c8e','ShippedToOthersDesc','FIELD','a65f2f8f7e6d47639df2ed6a15b2e42e','ProductInfo_Type','395c33ebbd5b40f0aee8a4f93dbedf31','C-Infinite','PRIMITIVE');
INSERT INTO PUBLIC.OBJECT_FIELD_METADATA (ID, NAME, METADATA_TYPE, PARENT_METADATA,PARENT_METADATA_NAME, REFERENCE_METADATA, REFERENCE_METADATA_NAME, REFERENCE_METADATA_TYPE)VALUES('79f599578fd541929240575c910b7e39','AircraftOwnedServiced','MODEL_RELATION','a65f2f8f7e6d47639df2ed6a15b2e42e','ProductInfo_Type','9914ad17104b41e8a6e2910f64d4d720','AircraftOwnedServiced_Type','OBJECT');
INSERT INTO PUBLIC.OBJECT_FIELD_METADATA (ID, NAME, METADATA_TYPE, PARENT_METADATA,PARENT_METADATA_NAME, REFERENCE_METADATA, REFERENCE_METADATA_NAME, REFERENCE_METADATA_TYPE)VALUES('b26c519df00147deb35f3013634cf193','QualityAssuranceStandards','FIELD','a65f2f8f7e6d47639df2ed6a15b2e42e','ProductInfo_Type','395c33ebbd5b40f0aee8a4f93dbedf31','C-Infinite','PRIMITIVE');
INSERT INTO PUBLIC.OBJECT_FIELD_METADATA (ID, NAME, METADATA_TYPE, PARENT_METADATA,PARENT_METADATA_NAME, REFERENCE_METADATA, REFERENCE_METADATA_NAME, REFERENCE_METADATA_TYPE)VALUES('96aef927270f409a82c77d3b332135d8','ShippedToManufacturersPct','FIELD','a65f2f8f7e6d47639df2ed6a15b2e42e','ProductInfo_Type','42787ecf7ebe44bdb047ebe0f2268d21','PercentLong','PRIMITIVE');
INSERT INTO PUBLIC.OBJECT_FIELD_METADATA (ID, NAME, METADATA_TYPE, PARENT_METADATA,PARENT_METADATA_NAME, REFERENCE_METADATA, REFERENCE_METADATA_NAME, REFERENCE_METADATA_TYPE)VALUES('d064e95c74da4bb9a94b06f1dc0027f5','PartsSuppliedForeignPct','FIELD','a65f2f8f7e6d47639df2ed6a15b2e42e','ProductInfo_Type','42787ecf7ebe44bdb047ebe0f2268d21','PercentLong','PRIMITIVE');
INSERT INTO PUBLIC.OBJECT_FIELD_METADATA (ID, NAME, METADATA_TYPE, PARENT_METADATA,PARENT_METADATA_NAME, REFERENCE_METADATA, REFERENCE_METADATA_NAME, REFERENCE_METADATA_TYPE)VALUES('094cee0d3cc942b5816655b1d28168bb','DesignedPartsPct','FIELD','a65f2f8f7e6d47639df2ed6a15b2e42e','ProductInfo_Type','42787ecf7ebe44bdb047ebe0f2268d21','PercentLong','PRIMITIVE');
INSERT INTO PUBLIC.OBJECT_FIELD_METADATA (ID, NAME, METADATA_TYPE, PARENT_METADATA,PARENT_METADATA_NAME, REFERENCE_METADATA, REFERENCE_METADATA_NAME, REFERENCE_METADATA_TYPE)VALUES('fc79f6dd77cb43d7aed7fd35be2f2234','PartsSuppliedOthersPct','FIELD','a65f2f8f7e6d47639df2ed6a15b2e42e','ProductInfo_Type','42787ecf7ebe44bdb047ebe0f2268d21','PercentLong','PRIMITIVE');
INSERT INTO PUBLIC.OBJECT_FIELD_METADATA (ID, NAME, METADATA_TYPE, PARENT_METADATA,PARENT_METADATA_NAME, REFERENCE_METADATA, REFERENCE_METADATA_NAME, REFERENCE_METADATA_TYPE)VALUES('2eb7497a426a4802a56a17d3539509ab','ProductDevelopmentMethodology','FIELD','a65f2f8f7e6d47639df2ed6a15b2e42e','ProductInfo_Type','395c33ebbd5b40f0aee8a4f93dbedf31','C-Infinite','PRIMITIVE');
INSERT INTO PUBLIC.OBJECT_FIELD_METADATA (ID, NAME, METADATA_TYPE, PARENT_METADATA,PARENT_METADATA_NAME, REFERENCE_METADATA, REFERENCE_METADATA_NAME, REFERENCE_METADATA_TYPE)VALUES('3c9c069cb774438484e0e24e793bf18e','HazardDesc','FIELD','a65f2f8f7e6d47639df2ed6a15b2e42e','ProductInfo_Type','2344631100044813a5126adcfb93e80d','C-255','PRIMITIVE');
INSERT INTO PUBLIC.OBJECT_FIELD_METADATA (ID, NAME, METADATA_TYPE, PARENT_METADATA,PARENT_METADATA_NAME, REFERENCE_METADATA, REFERENCE_METADATA_NAME, REFERENCE_METADATA_TYPE)VALUES('1ef1601395444d5da30cfc12e559be66','ServiceContractDesc','FIELD','a65f2f8f7e6d47639df2ed6a15b2e42e','ProductInfo_Type','2344631100044813a5126adcfb93e80d','C-255','PRIMITIVE');
INSERT INTO PUBLIC.OBJECT_FIELD_METADATA (ID, NAME, METADATA_TYPE, PARENT_METADATA,PARENT_METADATA_NAME, REFERENCE_METADATA, REFERENCE_METADATA_NAME, REFERENCE_METADATA_TYPE)VALUES('da94f537c0534f60a6cafeac072415d8','ProductDesignedPct','FIELD','a65f2f8f7e6d47639df2ed6a15b2e42e','ProductInfo_Type','42787ecf7ebe44bdb047ebe0f2268d21','PercentLong','PRIMITIVE');
INSERT INTO PUBLIC.OBJECT_FIELD_METADATA (ID, NAME, METADATA_TYPE, PARENT_METADATA,PARENT_METADATA_NAME, REFERENCE_METADATA, REFERENCE_METADATA_NAME, REFERENCE_METADATA_TYPE)VALUES('c99d548413904a1e8540bc27918ef6d1','LiquidChemDesc','FIELD','a65f2f8f7e6d47639df2ed6a15b2e42e','ProductInfo_Type','2344631100044813a5126adcfb93e80d','C-255','PRIMITIVE');
INSERT INTO PUBLIC.OBJECT_FIELD_METADATA (ID, NAME, METADATA_TYPE, PARENT_METADATA,PARENT_METADATA_NAME, REFERENCE_METADATA, REFERENCE_METADATA_NAME, REFERENCE_METADATA_TYPE)VALUES('a10a1f3e19844bdc80310647d1909e75','SalesTrainingDesc','FIELD','a65f2f8f7e6d47639df2ed6a15b2e42e','ProductInfo_Type','395c33ebbd5b40f0aee8a4f93dbedf31','C-Infinite','PRIMITIVE');
INSERT INTO PUBLIC.OBJECT_FIELD_METADATA (ID, NAME, METADATA_TYPE, PARENT_METADATA,PARENT_METADATA_NAME, REFERENCE_METADATA, REFERENCE_METADATA_NAME, REFERENCE_METADATA_TYPE)VALUES('d2b071cd175a4486ab01d58baa9ebe00','ModificationReason','FIELD','a65f2f8f7e6d47639df2ed6a15b2e42e','ProductInfo_Type','2344631100044813a5126adcfb93e80d','C-255','PRIMITIVE');
INSERT INTO PUBLIC.OBJECT_FIELD_METADATA (ID, NAME, METADATA_TYPE, PARENT_METADATA,PARENT_METADATA_NAME, REFERENCE_METADATA, REFERENCE_METADATA_NAME, REFERENCE_METADATA_TYPE)VALUES('5ef65d4ce91c415c80e2da924d0a7a63','QualityAssuranceTitle','FIELD','a65f2f8f7e6d47639df2ed6a15b2e42e','ProductInfo_Type','2344631100044813a5126adcfb93e80d','C-255','PRIMITIVE');
INSERT INTO PUBLIC.OBJECT_FIELD_METADATA (ID, NAME, METADATA_TYPE, PARENT_METADATA,PARENT_METADATA_NAME, REFERENCE_METADATA, REFERENCE_METADATA_NAME, REFERENCE_METADATA_TYPE)VALUES('4b3ac222486d4b229bf3b280a2d479e1','ModificationDesc','FIELD','a65f2f8f7e6d47639df2ed6a15b2e42e','ProductInfo_Type','2344631100044813a5126adcfb93e80d','C-255','PRIMITIVE');
INSERT INTO PUBLIC.OBJECT_FIELD_METADATA (ID, NAME, METADATA_TYPE, PARENT_METADATA,PARENT_METADATA_NAME, REFERENCE_METADATA, REFERENCE_METADATA_NAME, REFERENCE_METADATA_TYPE)VALUES('74135db37f724a7582d92a1eaaf7e480','ShippedToOthersPct','FIELD','a65f2f8f7e6d47639df2ed6a15b2e42e','ProductInfo_Type','42787ecf7ebe44bdb047ebe0f2268d21','PercentLong','PRIMITIVE');
INSERT INTO PUBLIC.OBJECT_METADATA (ID, NAME, METADATA_TYPE, REFERENCE_METADATA, REFERENCE_METADATA_NAME) VALUES('6bdf8c39d6eb4257ad4c3768f54164b8','ProductManufacturing_Type','OBJECT',null,null);
INSERT INTO PUBLIC.OBJECT_FIELD_METADATA (ID, NAME, METADATA_TYPE, PARENT_METADATA,PARENT_METADATA_NAME, REFERENCE_METADATA, REFERENCE_METADATA_NAME, REFERENCE_METADATA_TYPE)VALUES('cec20e949e554f89baa9e7255502b3ca','FirmDesc','FIELD','6bdf8c39d6eb4257ad4c3768f54164b8','ProductManufacturing_Type','2344631100044813a5126adcfb93e80d','C-255','PRIMITIVE');
INSERT INTO PUBLIC.OBJECT_FIELD_METADATA (ID, NAME, METADATA_TYPE, PARENT_METADATA,PARENT_METADATA_NAME, REFERENCE_METADATA, REFERENCE_METADATA_NAME, REFERENCE_METADATA_TYPE)VALUES('fbf0cbf5a0d1462ebe3d2a81f0cf1ec5','ProductManufacturingExt','FIELD','6bdf8c39d6eb4257ad4c3768f54164b8','ProductManufacturing_Type',null,null,null);
INSERT INTO PUBLIC.OBJECT_FIELD_METADATA (ID, NAME, METADATA_TYPE, PARENT_METADATA,PARENT_METADATA_NAME, REFERENCE_METADATA, REFERENCE_METADATA_NAME, REFERENCE_METADATA_TYPE)VALUES('c26da8bc669e4f178e169427d9e83151','ProductManufacturing','MODEL_RELATION','a65f2f8f7e6d47639df2ed6a15b2e42e','ProductInfo_Type','6bdf8c39d6eb4257ad4c3768f54164b8','ProductManufacturing_Type','OBJECT');
INSERT INTO PUBLIC.OBJECT_FIELD_METADATA (ID, NAME, METADATA_TYPE, PARENT_METADATA,PARENT_METADATA_NAME, REFERENCE_METADATA, REFERENCE_METADATA_NAME, REFERENCE_METADATA_TYPE)VALUES('19b1ed0c07e5450eacae67eea53bd4b1','ProductFailureDesc','FIELD','a65f2f8f7e6d47639df2ed6a15b2e42e','ProductInfo_Type','395c33ebbd5b40f0aee8a4f93dbedf31','C-Infinite','PRIMITIVE');
INSERT INTO PUBLIC.OBJECT_FIELD_METADATA (ID, NAME, METADATA_TYPE, PARENT_METADATA,PARENT_METADATA_NAME, REFERENCE_METADATA, REFERENCE_METADATA_NAME, REFERENCE_METADATA_TYPE)VALUES('133332cb63f54255bd01db0d9149c743','WorkSubcontractedDescription','FIELD','a65f2f8f7e6d47639df2ed6a15b2e42e','ProductInfo_Type','395c33ebbd5b40f0aee8a4f93dbedf31','C-Infinite','PRIMITIVE');
INSERT INTO PUBLIC.OBJECT_FIELD_METADATA (ID, NAME, METADATA_TYPE, PARENT_METADATA,PARENT_METADATA_NAME, REFERENCE_METADATA, REFERENCE_METADATA_NAME, REFERENCE_METADATA_TYPE)VALUES('ea5967101bed4a729dd74905150ba37f','ProductMfgDesc','FIELD','a65f2f8f7e6d47639df2ed6a15b2e42e','ProductInfo_Type','395c33ebbd5b40f0aee8a4f93dbedf31','C-Infinite','PRIMITIVE');
INSERT INTO PUBLIC.OBJECT_FIELD_METADATA (ID, NAME, METADATA_TYPE, PARENT_METADATA,PARENT_METADATA_NAME, REFERENCE_METADATA, REFERENCE_METADATA_NAME, REFERENCE_METADATA_TYPE)VALUES('25c50d88576b41498230840e08e207a7','ProductInfo','MODEL_RELATION','a206732a58de4b24939bf8c03910669e','ErrorsAndOmissionsLineBusiness_Type','a65f2f8f7e6d47639df2ed6a15b2e42e','ProductInfo_Type','OBJECT');
INSERT INTO PUBLIC.OBJECT_FIELD_METADATA (ID, NAME, METADATA_TYPE, PARENT_METADATA,PARENT_METADATA_NAME, REFERENCE_METADATA, REFERENCE_METADATA_NAME, REFERENCE_METADATA_TYPE)VALUES('547842e6b43441b1879508082971673d','AdditionalInterest','MODEL_RELATION','a206732a58de4b24939bf8c03910669e','ErrorsAndOmissionsLineBusiness_Type','23a83d5912a54d0ca9b4669826684442','AdditionalInterest_Type','OBJECT');
INSERT INTO PUBLIC.OBJECT_FIELD_METADATA (ID, NAME, METADATA_TYPE, PARENT_METADATA,PARENT_METADATA_NAME, REFERENCE_METADATA, REFERENCE_METADATA_NAME, REFERENCE_METADATA_TYPE)VALUES('8cdeb96df60948f08af74859e6a6d62f','AuditInfo','MODEL_RELATION','a206732a58de4b24939bf8c03910669e','ErrorsAndOmissionsLineBusiness_Type','cafd893cc1ec4101a8df78b1c1a8c82e','AuditInfo_Type','OBJECT');
INSERT INTO PUBLIC.OBJECT_FIELD_METADATA (ID, NAME, METADATA_TYPE, PARENT_METADATA,PARENT_METADATA_NAME, REFERENCE_METADATA, REFERENCE_METADATA_NAME, REFERENCE_METADATA_TYPE)VALUES('19f98121089144f5935ff5330ccbcf23','SubcontractedWorkPct','FIELD','a206732a58de4b24939bf8c03910669e','ErrorsAndOmissionsLineBusiness_Type','42787ecf7ebe44bdb047ebe0f2268d21','PercentLong','PRIMITIVE');
INSERT INTO PUBLIC.OBJECT_FIELD_METADATA (ID, NAME, METADATA_TYPE, PARENT_METADATA,PARENT_METADATA_NAME, REFERENCE_METADATA, REFERENCE_METADATA_NAME, REFERENCE_METADATA_TYPE)VALUES('24087f3f8ed54e3e884aaa6858ea6289','MergersDesc','FIELD','a206732a58de4b24939bf8c03910669e','ErrorsAndOmissionsLineBusiness_Type','395c33ebbd5b40f0aee8a4f93dbedf31','C-Infinite','PRIMITIVE');
INSERT INTO PUBLIC.OBJECT_FIELD_METADATA (ID, NAME, METADATA_TYPE, PARENT_METADATA,PARENT_METADATA_NAME, REFERENCE_METADATA, REFERENCE_METADATA_NAME, REFERENCE_METADATA_TYPE)VALUES('563fc64686d045e0ba615559ae0d3228','MinPremInd','FIELD','a206732a58de4b24939bf8c03910669e','ErrorsAndOmissionsLineBusiness_Type','4ffb0bcc3ec946d1af3ef883f4c3a4e6','Boolean','PRIMITIVE');
INSERT INTO PUBLIC.OBJECT_FIELD_METADATA (ID, NAME, METADATA_TYPE, PARENT_METADATA,PARENT_METADATA_NAME, REFERENCE_METADATA, REFERENCE_METADATA_NAME, REFERENCE_METADATA_TYPE)VALUES('e0312a601880446a99248804c4425dee','ExpectedLife','MODEL_RELATION','a206732a58de4b24939bf8c03910669e','ErrorsAndOmissionsLineBusiness_Type','1df1057b06734b019460d9f8fb0a43b0','MEASUREMENT','OBJECT');
INSERT INTO PUBLIC.OBJECT_FIELD_METADATA (ID, NAME, METADATA_TYPE, PARENT_METADATA,PARENT_METADATA_NAME, REFERENCE_METADATA, REFERENCE_METADATA_NAME, REFERENCE_METADATA_TYPE)VALUES('917a505b31924b96976dc09a42179fcb','DownTimeCd','FIELD','a206732a58de4b24939bf8c03910669e','ErrorsAndOmissionsLineBusiness_Type','90030f3dd02843e3b982684d2bd6039d','Frequency','PRIMITIVE');
INSERT INTO PUBLIC.OBJECT_FIELD_METADATA (ID, NAME, METADATA_TYPE, PARENT_METADATA,PARENT_METADATA_NAME, REFERENCE_METADATA, REFERENCE_METADATA_NAME, REFERENCE_METADATA_TYPE)VALUES('c42f5cdff8fb447593d491429c964ee1','NetChangeAmt','MODEL_RELATION','a206732a58de4b24939bf8c03910669e','ErrorsAndOmissionsLineBusiness_Type','4fa89203e94a4637baa0484d19b460c5','CURRENCY','OBJECT');
INSERT INTO PUBLIC.OBJECT_FIELD_METADATA (ID, NAME, METADATA_TYPE, PARENT_METADATA,PARENT_METADATA_NAME, REFERENCE_METADATA, REFERENCE_METADATA_NAME, REFERENCE_METADATA_TYPE)VALUES('657259b12561483db5daad27ab525b79','Coverage','MODEL_RELATION','a206732a58de4b24939bf8c03910669e','ErrorsAndOmissionsLineBusiness_Type','d0675b4bbe674c1fa08297c27c3cb675','Coverage_Type','OBJECT');
INSERT INTO PUBLIC.PRIMITIVE_METADATA (ID, NAME, METADATA_TYPE) VALUES('276dedb80a174338b5f9ee85a0de0f91','TestingType','PRIMITIVE');
INSERT INTO PUBLIC.OBJECT_FIELD_METADATA (ID, NAME, METADATA_TYPE, PARENT_METADATA,PARENT_METADATA_NAME, REFERENCE_METADATA, REFERENCE_METADATA_NAME, REFERENCE_METADATA_TYPE)VALUES('2dab139735fe4e269b49095c4bc99260','LegalReviewTestingCd','FIELD','a206732a58de4b24939bf8c03910669e','ErrorsAndOmissionsLineBusiness_Type','276dedb80a174338b5f9ee85a0de0f91','TestingType','PRIMITIVE');
INSERT INTO PUBLIC.OBJECT_FIELD_METADATA (ID, NAME, METADATA_TYPE, PARENT_METADATA,PARENT_METADATA_NAME, REFERENCE_METADATA, REFERENCE_METADATA_NAME, REFERENCE_METADATA_TYPE)VALUES('aa54959506744b00879ff46d527bb826','LargestProjectCostAmt','MODEL_RELATION','a206732a58de4b24939bf8c03910669e','ErrorsAndOmissionsLineBusiness_Type','4fa89203e94a4637baa0484d19b460c5','CURRENCY','OBJECT');
INSERT INTO PUBLIC.OBJECT_FIELD_METADATA (ID, NAME, METADATA_TYPE, PARENT_METADATA,PARENT_METADATA_NAME, REFERENCE_METADATA, REFERENCE_METADATA_NAME, REFERENCE_METADATA_TYPE)VALUES('af388656a0c747a1bdf60ef2eba7b509','PMACd','FIELD','a206732a58de4b24939bf8c03910669e','ErrorsAndOmissionsLineBusiness_Type','6240ce877a244a73a1253961131c6cc9','IndustryCode_Type','PRIMITIVE');
INSERT INTO PUBLIC.OBJECT_FIELD_METADATA (ID, NAME, METADATA_TYPE, PARENT_METADATA,PARENT_METADATA_NAME, REFERENCE_METADATA, REFERENCE_METADATA_NAME, REFERENCE_METADATA_TYPE)VALUES('70a1fb20e5ad481e88982bb11c06dd45','LOBSubCd','FIELD','a206732a58de4b24939bf8c03910669e','ErrorsAndOmissionsLineBusiness_Type','8376159ebcf44685b36391928a67e333','LineOfBusinessSubCode','PRIMITIVE');
INSERT INTO PUBLIC.OBJECT_FIELD_METADATA (ID, NAME, METADATA_TYPE, PARENT_METADATA,PARENT_METADATA_NAME, REFERENCE_METADATA, REFERENCE_METADATA_NAME, REFERENCE_METADATA_TYPE)VALUES('37f8e30426504680a84de64f6dca8fbb','GroupId','FIELD','a206732a58de4b24939bf8c03910669e','ErrorsAndOmissionsLineBusiness_Type','3da4bbbc6bf44d5f941e647b8e8408dc','AssignedIdentifier','PRIMITIVE');
INSERT INTO PUBLIC.OBJECT_FIELD_METADATA (ID, NAME, METADATA_TYPE, PARENT_METADATA,PARENT_METADATA_NAME, REFERENCE_METADATA, REFERENCE_METADATA_NAME, REFERENCE_METADATA_TYPE)VALUES('6c52e8f67bd54269be1fe9f3d92d27c9','CommlCoverage','MODEL_RELATION','a206732a58de4b24939bf8c03910669e','ErrorsAndOmissionsLineBusiness_Type','d0675b4bbe674c1fa08297c27c3cb675','Coverage_Type','OBJECT');
INSERT INTO PUBLIC.OBJECT_METADATA (ID, NAME, METADATA_TYPE, REFERENCE_METADATA, REFERENCE_METADATA_NAME) VALUES('c14be96bbfe94d0fbaceb5f2f796a39a','CommlSalesRevenueHistoryAndProjections_Type','OBJECT',null,null);
INSERT INTO PUBLIC.OBJECT_FIELD_METADATA (ID, NAME, METADATA_TYPE, PARENT_METADATA,PARENT_METADATA_NAME, REFERENCE_METADATA, REFERENCE_METADATA_NAME, REFERENCE_METADATA_TYPE)VALUES('194fa7d175ea464fb6922595fb392359','ProjectedIncreasePct','FIELD','c14be96bbfe94d0fbaceb5f2f796a39a','CommlSalesRevenueHistoryAndProjections_Type','42787ecf7ebe44bdb047ebe0f2268d21','PercentLong','PRIMITIVE');
INSERT INTO PUBLIC.OBJECT_FIELD_METADATA (ID, NAME, METADATA_TYPE, PARENT_METADATA,PARENT_METADATA_NAME, REFERENCE_METADATA, REFERENCE_METADATA_NAME, REFERENCE_METADATA_TYPE)VALUES('2146eddd621b46e59decc4331f35fb92','PriorThreeYearsInternationalSalesAmt','MODEL_RELATION','c14be96bbfe94d0fbaceb5f2f796a39a','CommlSalesRevenueHistoryAndProjections_Type','4fa89203e94a4637baa0484d19b460c5','CURRENCY','OBJECT');
INSERT INTO PUBLIC.OBJECT_FIELD_METADATA (ID, NAME, METADATA_TYPE, PARENT_METADATA,PARENT_METADATA_NAME, REFERENCE_METADATA, REFERENCE_METADATA_NAME, REFERENCE_METADATA_TYPE)VALUES('cc05d117e52b4bcb8dc23c809514da66','PriorThreeYearsTotalSalesAmt','MODEL_RELATION','c14be96bbfe94d0fbaceb5f2f796a39a','CommlSalesRevenueHistoryAndProjections_Type','4fa89203e94a4637baa0484d19b460c5','CURRENCY','OBJECT');
INSERT INTO PUBLIC.OBJECT_FIELD_METADATA (ID, NAME, METADATA_TYPE, PARENT_METADATA,PARENT_METADATA_NAME, REFERENCE_METADATA, REFERENCE_METADATA_NAME, REFERENCE_METADATA_TYPE)VALUES('49a1e0fbc9824ffd920df2b945d43425','PriorTwoYearsTotalSalesAmt','MODEL_RELATION','c14be96bbfe94d0fbaceb5f2f796a39a','CommlSalesRevenueHistoryAndProjections_Type','4fa89203e94a4637baa0484d19b460c5','CURRENCY','OBJECT');
INSERT INTO PUBLIC.OBJECT_FIELD_METADATA (ID, NAME, METADATA_TYPE, PARENT_METADATA,PARENT_METADATA_NAME, REFERENCE_METADATA, REFERENCE_METADATA_NAME, REFERENCE_METADATA_TYPE)VALUES('18ccd5d11dc44ca1ad7f570f7b2c9ae7','ProjectedInternationalSalesAmt','MODEL_RELATION','c14be96bbfe94d0fbaceb5f2f796a39a','CommlSalesRevenueHistoryAndProjections_Type','4fa89203e94a4637baa0484d19b460c5','CURRENCY','OBJECT');
INSERT INTO PUBLIC.OBJECT_FIELD_METADATA (ID, NAME, METADATA_TYPE, PARENT_METADATA,PARENT_METADATA_NAME, REFERENCE_METADATA, REFERENCE_METADATA_NAME, REFERENCE_METADATA_TYPE)VALUES('e061c7f108a24c1d8196c4d0dd082c11','SalesPriorTwoYr','FIELD','c14be96bbfe94d0fbaceb5f2f796a39a','CommlSalesRevenueHistoryAndProjections_Type','7c9113946db7435cb0053de34c768997','Year','PRIMITIVE');
INSERT INTO PUBLIC.OBJECT_FIELD_METADATA (ID, NAME, METADATA_TYPE, PARENT_METADATA,PARENT_METADATA_NAME, REFERENCE_METADATA, REFERENCE_METADATA_NAME, REFERENCE_METADATA_TYPE)VALUES('d15915d3c7364207a7bb195a1e8cb5a9','PriorInternationalSalesAmt','MODEL_RELATION','c14be96bbfe94d0fbaceb5f2f796a39a','CommlSalesRevenueHistoryAndProjections_Type','4fa89203e94a4637baa0484d19b460c5','CURRENCY','OBJECT');
INSERT INTO PUBLIC.OBJECT_FIELD_METADATA (ID, NAME, METADATA_TYPE, PARENT_METADATA,PARENT_METADATA_NAME, REFERENCE_METADATA, REFERENCE_METADATA_NAME, REFERENCE_METADATA_TYPE)VALUES('87dd5d37e9054b7c9b2bd1224bcc5df3','PriorTwoYearsDomesticSalesAmt','MODEL_RELATION','c14be96bbfe94d0fbaceb5f2f796a39a','CommlSalesRevenueHistoryAndProjections_Type','4fa89203e94a4637baa0484d19b460c5','CURRENCY','OBJECT');
INSERT INTO PUBLIC.OBJECT_FIELD_METADATA (ID, NAME, METADATA_TYPE, PARENT_METADATA,PARENT_METADATA_NAME, REFERENCE_METADATA, REFERENCE_METADATA_NAME, REFERENCE_METADATA_TYPE)VALUES('834b15d62d06474e948a5d767c6d4737','PriorTotalSalesAmt','MODEL_RELATION','c14be96bbfe94d0fbaceb5f2f796a39a','CommlSalesRevenueHistoryAndProjections_Type','4fa89203e94a4637baa0484d19b460c5','CURRENCY','OBJECT');
INSERT INTO PUBLIC.OBJECT_FIELD_METADATA (ID, NAME, METADATA_TYPE, PARENT_METADATA,PARENT_METADATA_NAME, REFERENCE_METADATA, REFERENCE_METADATA_NAME, REFERENCE_METADATA_TYPE)VALUES('9d407391864c46a9b2c3e88caf503866','SalesPriorYr','FIELD','c14be96bbfe94d0fbaceb5f2f796a39a','CommlSalesRevenueHistoryAndProjections_Type','7c9113946db7435cb0053de34c768997','Year','PRIMITIVE');
INSERT INTO PUBLIC.OBJECT_FIELD_METADATA (ID, NAME, METADATA_TYPE, PARENT_METADATA,PARENT_METADATA_NAME, REFERENCE_METADATA, REFERENCE_METADATA_NAME, REFERENCE_METADATA_TYPE)VALUES('a5563f0cc7bb41889a04a600fd007d0a','SalesPriorThreeYr','FIELD','c14be96bbfe94d0fbaceb5f2f796a39a','CommlSalesRevenueHistoryAndProjections_Type','7c9113946db7435cb0053de34c768997','Year','PRIMITIVE');
INSERT INTO PUBLIC.OBJECT_FIELD_METADATA (ID, NAME, METADATA_TYPE, PARENT_METADATA,PARENT_METADATA_NAME, REFERENCE_METADATA, REFERENCE_METADATA_NAME, REFERENCE_METADATA_TYPE)VALUES('4e7a4092bbf9494ea6604870124d06cb','PriorThreeYearsDomesticSalesAmt','MODEL_RELATION','c14be96bbfe94d0fbaceb5f2f796a39a','CommlSalesRevenueHistoryAndProjections_Type','4fa89203e94a4637baa0484d19b460c5','CURRENCY','OBJECT');
INSERT INTO PUBLIC.OBJECT_FIELD_METADATA (ID, NAME, METADATA_TYPE, PARENT_METADATA,PARENT_METADATA_NAME, REFERENCE_METADATA, REFERENCE_METADATA_NAME, REFERENCE_METADATA_TYPE)VALUES('a22155aef18143f182d8de0a709226c5','ProjectedDomesticSalesAmt','MODEL_RELATION','c14be96bbfe94d0fbaceb5f2f796a39a','CommlSalesRevenueHistoryAndProjections_Type','4fa89203e94a4637baa0484d19b460c5','CURRENCY','OBJECT');
INSERT INTO PUBLIC.OBJECT_FIELD_METADATA (ID, NAME, METADATA_TYPE, PARENT_METADATA,PARENT_METADATA_NAME, REFERENCE_METADATA, REFERENCE_METADATA_NAME, REFERENCE_METADATA_TYPE)VALUES('ee4ab5c5efd24f9a8e032e0c220cb5b6','ProjectedTotalSalesAmt','MODEL_RELATION','c14be96bbfe94d0fbaceb5f2f796a39a','CommlSalesRevenueHistoryAndProjections_Type','4fa89203e94a4637baa0484d19b460c5','CURRENCY','OBJECT');
INSERT INTO PUBLIC.OBJECT_FIELD_METADATA (ID, NAME, METADATA_TYPE, PARENT_METADATA,PARENT_METADATA_NAME, REFERENCE_METADATA, REFERENCE_METADATA_NAME, REFERENCE_METADATA_TYPE)VALUES('aa5b8d530b4641fd9e5d24ebd3ec8049','SalesCurrentYr','FIELD','c14be96bbfe94d0fbaceb5f2f796a39a','CommlSalesRevenueHistoryAndProjections_Type','7c9113946db7435cb0053de34c768997','Year','PRIMITIVE');
INSERT INTO PUBLIC.OBJECT_FIELD_METADATA (ID, NAME, METADATA_TYPE, PARENT_METADATA,PARENT_METADATA_NAME, REFERENCE_METADATA, REFERENCE_METADATA_NAME, REFERENCE_METADATA_TYPE)VALUES('03f1180a9f854bdbb0725ad78f13dd82','CommlSalesRevenueHistoryAndProjectionsExt','FIELD','c14be96bbfe94d0fbaceb5f2f796a39a','CommlSalesRevenueHistoryAndProjections_Type',null,null,null);
INSERT INTO PUBLIC.OBJECT_FIELD_METADATA (ID, NAME, METADATA_TYPE, PARENT_METADATA,PARENT_METADATA_NAME, REFERENCE_METADATA, REFERENCE_METADATA_NAME, REFERENCE_METADATA_TYPE)VALUES('71e5b02cf95d4064ad69b7757325a11e','PriorDomesticSalesAmt','MODEL_RELATION','c14be96bbfe94d0fbaceb5f2f796a39a','CommlSalesRevenueHistoryAndProjections_Type','4fa89203e94a4637baa0484d19b460c5','CURRENCY','OBJECT');
INSERT INTO PUBLIC.OBJECT_FIELD_METADATA (ID, NAME, METADATA_TYPE, PARENT_METADATA,PARENT_METADATA_NAME, REFERENCE_METADATA, REFERENCE_METADATA_NAME, REFERENCE_METADATA_TYPE)VALUES('fc7b5bba92c74e3db8b48e3be5b0e968','PriorTwoYearsInternationalSalesAmt','MODEL_RELATION','c14be96bbfe94d0fbaceb5f2f796a39a','CommlSalesRevenueHistoryAndProjections_Type','4fa89203e94a4637baa0484d19b460c5','CURRENCY','OBJECT');
INSERT INTO PUBLIC.OBJECT_FIELD_METADATA (ID, NAME, METADATA_TYPE, PARENT_METADATA,PARENT_METADATA_NAME, REFERENCE_METADATA, REFERENCE_METADATA_NAME, REFERENCE_METADATA_TYPE)VALUES('1a0b476c00a847c2bbc4cb22f35ed591','CommlSalesRevenueHistoryAndProjections','MODEL_RELATION','a206732a58de4b24939bf8c03910669e','ErrorsAndOmissionsLineBusiness_Type','c14be96bbfe94d0fbaceb5f2f796a39a','CommlSalesRevenueHistoryAndProjections_Type','OBJECT');
INSERT INTO PUBLIC.OBJECT_FIELD_METADATA (ID, NAME, METADATA_TYPE, PARENT_METADATA,PARENT_METADATA_NAME, REFERENCE_METADATA, REFERENCE_METADATA_NAME, REFERENCE_METADATA_TYPE)VALUES('33b18387c3b645ef92eb0010a3c33e5b','LOBCd','FIELD','a206732a58de4b24939bf8c03910669e','ErrorsAndOmissionsLineBusiness_Type','3b75decf3cfc42c496d4405220659cf0','LineOfBusiness','PRIMITIVE');
INSERT INTO PUBLIC.OBJECT_FIELD_METADATA (ID, NAME, METADATA_TYPE, PARENT_METADATA,PARENT_METADATA_NAME, REFERENCE_METADATA, REFERENCE_METADATA_NAME, REFERENCE_METADATA_TYPE)VALUES('6421cb8fff734871aa07d7401819711a','AverageProjectCostAmt','MODEL_RELATION','a206732a58de4b24939bf8c03910669e','ErrorsAndOmissionsLineBusiness_Type','4fa89203e94a4637baa0484d19b460c5','CURRENCY','OBJECT');
INSERT INTO PUBLIC.OBJECT_FIELD_METADATA (ID, NAME, METADATA_TYPE, PARENT_METADATA,PARENT_METADATA_NAME, REFERENCE_METADATA, REFERENCE_METADATA_NAME, REFERENCE_METADATA_TYPE)VALUES('70dcecd06e494bd396ddede3104b1df0','RateEffectiveDt','FIELD','a206732a58de4b24939bf8c03910669e','ErrorsAndOmissionsLineBusiness_Type','3b0a2ca6cf3a4fb19718e35aa60287cd','Date','PRIMITIVE');
INSERT INTO PUBLIC.OBJECT_FIELD_METADATA (ID, NAME, METADATA_TYPE, PARENT_METADATA,PARENT_METADATA_NAME, REFERENCE_METADATA, REFERENCE_METADATA_NAME, REFERENCE_METADATA_TYPE)VALUES('d9923cb5893348b389e41b371eea326b','AverageProjectTerm','MODEL_RELATION','a206732a58de4b24939bf8c03910669e','ErrorsAndOmissionsLineBusiness_Type','1df1057b06734b019460d9f8fb0a43b0','MEASUREMENT','OBJECT');
INSERT INTO PUBLIC.OBJECT_FIELD_METADATA (ID, NAME, METADATA_TYPE, PARENT_METADATA,PARENT_METADATA_NAME, REFERENCE_METADATA, REFERENCE_METADATA_NAME, REFERENCE_METADATA_TYPE)VALUES('7306db0741364c5eae18e9b5935bb709','ErrorsAndOmissionsLineBusiness','MODEL_RELATION','a8485aa8f7a7481b8828e638330f5291','Policy_Type','a206732a58de4b24939bf8c03910669e','ErrorsAndOmissionsLineBusiness_Type','MODEL');
INSERT INTO PUBLIC.OBJECT_FIELD_METADATA (ID, NAME, METADATA_TYPE, PARENT_METADATA,PARENT_METADATA_NAME, REFERENCE_METADATA, REFERENCE_METADATA_NAME, REFERENCE_METADATA_TYPE)VALUES('f16a534c400d4e4d824d338df421e5a4','PolicyExt','FIELD','a8485aa8f7a7481b8828e638330f5291','Policy_Type',null,null,null);
INSERT INTO PUBLIC.PRIMITIVE_METADATA (ID, NAME, METADATA_TYPE) VALUES('afa07b42985348ddb7ae5fca68209c53','OrganizationIdentifier','PRIMITIVE');
INSERT INTO PUBLIC.OBJECT_FIELD_METADATA (ID, NAME, METADATA_TYPE, PARENT_METADATA,PARENT_METADATA_NAME, REFERENCE_METADATA, REFERENCE_METADATA_NAME, REFERENCE_METADATA_TYPE)VALUES('45b38f0c515d41c2b0f0831c34c0b2b2','CustomerServicingCd','FIELD','a8485aa8f7a7481b8828e638330f5291','Policy_Type','afa07b42985348ddb7ae5fca68209c53','OrganizationIdentifier','PRIMITIVE');
INSERT INTO PUBLIC.OBJECT_METADATA (ID, NAME, METADATA_TYPE, REFERENCE_METADATA, REFERENCE_METADATA_NAME) VALUES('f3cb8bad494c48a6a2f18dea4a018709','EDPLineBusiness_Type','MODEL',null,null);
INSERT INTO PUBLIC.OBJECT_FIELD_METADATA (ID, NAME, METADATA_TYPE, PARENT_METADATA,PARENT_METADATA_NAME, REFERENCE_METADATA, REFERENCE_METADATA_NAME, REFERENCE_METADATA_TYPE)VALUES('01a106ee833f4bd380f419d20b6e530b','WrittenAmt','MODEL_RELATION','f3cb8bad494c48a6a2f18dea4a018709','EDPLineBusiness_Type','4fa89203e94a4637baa0484d19b460c5','CURRENCY','OBJECT');
INSERT INTO PUBLIC.OBJECT_FIELD_METADATA (ID, NAME, METADATA_TYPE, PARENT_METADATA,PARENT_METADATA_NAME, REFERENCE_METADATA, REFERENCE_METADATA_NAME, REFERENCE_METADATA_TYPE)VALUES('9849e62abf1b47fba6eff12763aa82f3','AdditionalInterest','MODEL_RELATION','f3cb8bad494c48a6a2f18dea4a018709','EDPLineBusiness_Type','23a83d5912a54d0ca9b4669826684442','AdditionalInterest_Type','OBJECT');
INSERT INTO PUBLIC.OBJECT_FIELD_METADATA (ID, NAME, METADATA_TYPE, PARENT_METADATA,PARENT_METADATA_NAME, REFERENCE_METADATA, REFERENCE_METADATA_NAME, REFERENCE_METADATA_TYPE)VALUES('d853369b482643bca970ec4fc1fc953d','AuditInfo','MODEL_RELATION','f3cb8bad494c48a6a2f18dea4a018709','EDPLineBusiness_Type','cafd893cc1ec4101a8df78b1c1a8c82e','AuditInfo_Type','OBJECT');
INSERT INTO PUBLIC.OBJECT_FIELD_METADATA (ID, NAME, METADATA_TYPE, PARENT_METADATA,PARENT_METADATA_NAME, REFERENCE_METADATA, REFERENCE_METADATA_NAME, REFERENCE_METADATA_TYPE)VALUES('5a18f6311c3b493280cde3d4154862ce','MinPremInd','FIELD','f3cb8bad494c48a6a2f18dea4a018709','EDPLineBusiness_Type','4ffb0bcc3ec946d1af3ef883f4c3a4e6','Boolean','PRIMITIVE');
INSERT INTO PUBLIC.OBJECT_FIELD_METADATA (ID, NAME, METADATA_TYPE, PARENT_METADATA,PARENT_METADATA_NAME, REFERENCE_METADATA, REFERENCE_METADATA_NAME, REFERENCE_METADATA_TYPE)VALUES('aadefe1814bc4506872dae6f878afd5d','Form','MODEL_RELATION','f3cb8bad494c48a6a2f18dea4a018709','EDPLineBusiness_Type','a54486c19cc9402197e0027f1d2fa2a9','Form_Type','OBJECT');
INSERT INTO PUBLIC.OBJECT_FIELD_METADATA (ID, NAME, METADATA_TYPE, PARENT_METADATA,PARENT_METADATA_NAME, REFERENCE_METADATA, REFERENCE_METADATA_NAME, REFERENCE_METADATA_TYPE)VALUES('7cbfb30bb1a141e8a347d7d0f49b4a8a','HazardGradeInfo','MODEL_RELATION','f3cb8bad494c48a6a2f18dea4a018709','EDPLineBusiness_Type','27cb6123ae2a4e5da40275f0c5716a86','HazardGradeInfo_Type','OBJECT');
INSERT INTO PUBLIC.OBJECT_FIELD_METADATA (ID, NAME, METADATA_TYPE, PARENT_METADATA,PARENT_METADATA_NAME, REFERENCE_METADATA, REFERENCE_METADATA_NAME, REFERENCE_METADATA_TYPE)VALUES('a3818cef248a48c99cd8945c3dad9c13','EDPLineBusinessExt','FIELD','f3cb8bad494c48a6a2f18dea4a018709','EDPLineBusiness_Type',null,null,null);
INSERT INTO PUBLIC.OBJECT_FIELD_METADATA (ID, NAME, METADATA_TYPE, PARENT_METADATA,PARENT_METADATA_NAME, REFERENCE_METADATA, REFERENCE_METADATA_NAME, REFERENCE_METADATA_TYPE)VALUES('87c17ea9ff664dfaba9f96fff64ba05d','NetChangeAmt','MODEL_RELATION','f3cb8bad494c48a6a2f18dea4a018709','EDPLineBusiness_Type','4fa89203e94a4637baa0484d19b460c5','CURRENCY','OBJECT');
INSERT INTO PUBLIC.OBJECT_FIELD_METADATA (ID, NAME, METADATA_TYPE, PARENT_METADATA,PARENT_METADATA_NAME, REFERENCE_METADATA, REFERENCE_METADATA_NAME, REFERENCE_METADATA_TYPE)VALUES('6a421a0adefc4af18fd0240a2880f384','MinPremAmt','MODEL_RELATION','f3cb8bad494c48a6a2f18dea4a018709','EDPLineBusiness_Type','4fa89203e94a4637baa0484d19b460c5','CURRENCY','OBJECT');
INSERT INTO PUBLIC.OBJECT_FIELD_METADATA (ID, NAME, METADATA_TYPE, PARENT_METADATA,PARENT_METADATA_NAME, REFERENCE_METADATA, REFERENCE_METADATA_NAME, REFERENCE_METADATA_TYPE)VALUES('b56193047b924249a22d56d9038037d7','Coverage','MODEL_RELATION','f3cb8bad494c48a6a2f18dea4a018709','EDPLineBusiness_Type','d0675b4bbe674c1fa08297c27c3cb675','Coverage_Type','OBJECT');
INSERT INTO PUBLIC.OBJECT_FIELD_METADATA (ID, NAME, METADATA_TYPE, PARENT_METADATA,PARENT_METADATA_NAME, REFERENCE_METADATA, REFERENCE_METADATA_NAME, REFERENCE_METADATA_TYPE)VALUES('764398fbb83d4fc98b6b6c95e427ad1f','CurrentTermAmt','MODEL_RELATION','f3cb8bad494c48a6a2f18dea4a018709','EDPLineBusiness_Type','4fa89203e94a4637baa0484d19b460c5','CURRENCY','OBJECT');
INSERT INTO PUBLIC.OBJECT_FIELD_METADATA (ID, NAME, METADATA_TYPE, PARENT_METADATA,PARENT_METADATA_NAME, REFERENCE_METADATA, REFERENCE_METADATA_NAME, REFERENCE_METADATA_TYPE)VALUES('a2020e83c522431cbf77c03e8189068b','CompanyProductCd','FIELD','f3cb8bad494c48a6a2f18dea4a018709','EDPLineBusiness_Type','6240ce877a244a73a1253961131c6cc9','IndustryCode_Type','PRIMITIVE');
INSERT INTO PUBLIC.OBJECT_FIELD_METADATA (ID, NAME, METADATA_TYPE, PARENT_METADATA,PARENT_METADATA_NAME, REFERENCE_METADATA, REFERENCE_METADATA_NAME, REFERENCE_METADATA_TYPE)VALUES('6bf3e7e47274434c90f62b9fba62efbe','PMACd','FIELD','f3cb8bad494c48a6a2f18dea4a018709','EDPLineBusiness_Type','6240ce877a244a73a1253961131c6cc9','IndustryCode_Type','PRIMITIVE');
INSERT INTO PUBLIC.OBJECT_FIELD_METADATA (ID, NAME, METADATA_TYPE, PARENT_METADATA,PARENT_METADATA_NAME, REFERENCE_METADATA, REFERENCE_METADATA_NAME, REFERENCE_METADATA_TYPE)VALUES('62d89497825b4290a46053eeb51eac72','LOBSubCd','FIELD','f3cb8bad494c48a6a2f18dea4a018709','EDPLineBusiness_Type','8376159ebcf44685b36391928a67e333','LineOfBusinessSubCode','PRIMITIVE');
INSERT INTO PUBLIC.OBJECT_FIELD_METADATA (ID, NAME, METADATA_TYPE, PARENT_METADATA,PARENT_METADATA_NAME, REFERENCE_METADATA, REFERENCE_METADATA_NAME, REFERENCE_METADATA_TYPE)VALUES('afe11ae453784732b00e565fb99cce9e','GroupId','FIELD','f3cb8bad494c48a6a2f18dea4a018709','EDPLineBusiness_Type','3da4bbbc6bf44d5f941e647b8e8408dc','AssignedIdentifier','PRIMITIVE');
INSERT INTO PUBLIC.OBJECT_FIELD_METADATA (ID, NAME, METADATA_TYPE, PARENT_METADATA,PARENT_METADATA_NAME, REFERENCE_METADATA, REFERENCE_METADATA_NAME, REFERENCE_METADATA_TYPE)VALUES('f8e72344d0e3410c8c7cfcc3990a7d82','CommlCoverage','MODEL_RELATION','f3cb8bad494c48a6a2f18dea4a018709','EDPLineBusiness_Type','d0675b4bbe674c1fa08297c27c3cb675','Coverage_Type','OBJECT');
INSERT INTO PUBLIC.OBJECT_FIELD_METADATA (ID, NAME, METADATA_TYPE, PARENT_METADATA,PARENT_METADATA_NAME, REFERENCE_METADATA, REFERENCE_METADATA_NAME, REFERENCE_METADATA_TYPE)VALUES('7d8a38bb77c44240851e01c8920a9474','CoverageAvailable','MODEL_RELATION','f3cb8bad494c48a6a2f18dea4a018709','EDPLineBusiness_Type','d0675b4bbe674c1fa08297c27c3cb675','Coverage_Type','OBJECT');
INSERT INTO PUBLIC.OBJECT_FIELD_METADATA (ID, NAME, METADATA_TYPE, PARENT_METADATA,PARENT_METADATA_NAME, REFERENCE_METADATA, REFERENCE_METADATA_NAME, REFERENCE_METADATA_TYPE)VALUES('a5a12a75436f47e3b51d77c5c3df24c6','LOBCd','FIELD','f3cb8bad494c48a6a2f18dea4a018709','EDPLineBusiness_Type','3b75decf3cfc42c496d4405220659cf0','LineOfBusiness','PRIMITIVE');
INSERT INTO PUBLIC.OBJECT_FIELD_METADATA (ID, NAME, METADATA_TYPE, PARENT_METADATA,PARENT_METADATA_NAME, REFERENCE_METADATA, REFERENCE_METADATA_NAME, REFERENCE_METADATA_TYPE)VALUES('d62f2b22fbbf4aeaa2848e53c6a61a23','HazardGradeCd','FIELD','f3cb8bad494c48a6a2f18dea4a018709','EDPLineBusiness_Type','6240ce877a244a73a1253961131c6cc9','IndustryCode_Type','PRIMITIVE');
INSERT INTO PUBLIC.OBJECT_FIELD_METADATA (ID, NAME, METADATA_TYPE, PARENT_METADATA,PARENT_METADATA_NAME, REFERENCE_METADATA, REFERENCE_METADATA_NAME, REFERENCE_METADATA_TYPE)VALUES('0348e7fe946a4a78abb78847fc17eaef','RateEffectiveDt','FIELD','f3cb8bad494c48a6a2f18dea4a018709','EDPLineBusiness_Type','3b0a2ca6cf3a4fb19718e35aa60287cd','Date','PRIMITIVE');
INSERT INTO PUBLIC.OBJECT_METADATA (ID, NAME, METADATA_TYPE, REFERENCE_METADATA, REFERENCE_METADATA_NAME) VALUES('f1382aef50e64dadb18f28d0e14980fd','ClassBusinessDetailInfo_Type','OBJECT',null,null);
INSERT INTO PUBLIC.OBJECT_FIELD_METADATA (ID, NAME, METADATA_TYPE, PARENT_METADATA,PARENT_METADATA_NAME, REFERENCE_METADATA, REFERENCE_METADATA_NAME, REFERENCE_METADATA_TYPE)VALUES('51a9ad4d23d948df9070a9b800dd1735','CommlCoverage','MODEL_RELATION','f1382aef50e64dadb18f28d0e14980fd','ClassBusinessDetailInfo_Type','d0675b4bbe674c1fa08297c27c3cb675','Coverage_Type','OBJECT');
INSERT INTO PUBLIC.OBJECT_FIELD_METADATA (ID, NAME, METADATA_TYPE, PARENT_METADATA,PARENT_METADATA_NAME, REFERENCE_METADATA, REFERENCE_METADATA_NAME, REFERENCE_METADATA_TYPE)VALUES('7631eacaed6240698614ddf93d991ede','CoverageAvailable','MODEL_RELATION','f1382aef50e64dadb18f28d0e14980fd','ClassBusinessDetailInfo_Type','d0675b4bbe674c1fa08297c27c3cb675','Coverage_Type','OBJECT');
INSERT INTO PUBLIC.OBJECT_FIELD_METADATA (ID, NAME, METADATA_TYPE, PARENT_METADATA,PARENT_METADATA_NAME, REFERENCE_METADATA, REFERENCE_METADATA_NAME, REFERENCE_METADATA_TYPE)VALUES('d4711a379647468196c21b33359d5c08','CreditOrSurcharge','MODEL_RELATION','f1382aef50e64dadb18f28d0e14980fd','ClassBusinessDetailInfo_Type','ac7618a3e7974e27b3a4f0a5f2a22a98','PCCREDITSURCHARGE','OBJECT');
INSERT INTO PUBLIC.OBJECT_FIELD_METADATA (ID, NAME, METADATA_TYPE, PARENT_METADATA,PARENT_METADATA_NAME, REFERENCE_METADATA, REFERENCE_METADATA_NAME, REFERENCE_METADATA_TYPE)VALUES('f043af23832c4fc8b3b35f3e16e3d645','ClassBusinessDetailInfoExt','FIELD','f1382aef50e64dadb18f28d0e14980fd','ClassBusinessDetailInfo_Type',null,null,null);
INSERT INTO PUBLIC.OBJECT_FIELD_METADATA (ID, NAME, METADATA_TYPE, PARENT_METADATA,PARENT_METADATA_NAME, REFERENCE_METADATA, REFERENCE_METADATA_NAME, REFERENCE_METADATA_TYPE)VALUES('502d34531af14fefa8949168e8509b55','PropertySchedule','MODEL_RELATION','f1382aef50e64dadb18f28d0e14980fd','ClassBusinessDetailInfo_Type','346b6250d26b498193e1c2e76c13b3e7','PropertySchedule_Type','OBJECT');
INSERT INTO PUBLIC.OBJECT_FIELD_METADATA (ID, NAME, METADATA_TYPE, PARENT_METADATA,PARENT_METADATA_NAME, REFERENCE_METADATA, REFERENCE_METADATA_NAME, REFERENCE_METADATA_TYPE)VALUES('c86bbefd30f1459ca6c199f512dfa313','Coverage','MODEL_RELATION','f1382aef50e64dadb18f28d0e14980fd','ClassBusinessDetailInfo_Type','d0675b4bbe674c1fa08297c27c3cb675','Coverage_Type','OBJECT');
INSERT INTO PUBLIC.OBJECT_FIELD_METADATA (ID, NAME, METADATA_TYPE, PARENT_METADATA,PARENT_METADATA_NAME, REFERENCE_METADATA, REFERENCE_METADATA_NAME, REFERENCE_METADATA_TYPE)VALUES('f815839315d048498c533d2e5dee766d','ClassBusinessDetailInfo','MODEL_RELATION','f3cb8bad494c48a6a2f18dea4a018709','EDPLineBusiness_Type','f1382aef50e64dadb18f28d0e14980fd','ClassBusinessDetailInfo_Type','OBJECT');
INSERT INTO PUBLIC.OBJECT_FIELD_METADATA (ID, NAME, METADATA_TYPE, PARENT_METADATA,PARENT_METADATA_NAME, REFERENCE_METADATA, REFERENCE_METADATA_NAME, REFERENCE_METADATA_TYPE)VALUES('8a1514abc70b437cb649bca7cb39ed51','QuestionAnswer','MODEL_RELATION','f3cb8bad494c48a6a2f18dea4a018709','EDPLineBusiness_Type','152fefd4f3054b68b490c1af5c9c284c','QuestionAnswer_Type','OBJECT');
INSERT INTO PUBLIC.OBJECT_FIELD_METADATA (ID, NAME, METADATA_TYPE, PARENT_METADATA,PARENT_METADATA_NAME, REFERENCE_METADATA, REFERENCE_METADATA_NAME, REFERENCE_METADATA_TYPE)VALUES('49c98df7e91645708a79d4139618abf5','NAICCd','FIELD','f3cb8bad494c48a6a2f18dea4a018709','EDPLineBusiness_Type','6240ce877a244a73a1253961131c6cc9','IndustryCode_Type','PRIMITIVE');
INSERT INTO PUBLIC.OBJECT_METADATA (ID, NAME, METADATA_TYPE, REFERENCE_METADATA, REFERENCE_METADATA_NAME) VALUES('a2e30b9c79f64e91856e70a61f8d5a3b','EDPInfo_Type','OBJECT',null,null);
INSERT INTO PUBLIC.OBJECT_FIELD_METADATA (ID, NAME, METADATA_TYPE, PARENT_METADATA,PARENT_METADATA_NAME, REFERENCE_METADATA, REFERENCE_METADATA_NAME, REFERENCE_METADATA_TYPE)VALUES('8ae5748b93e74c108638abf1aca94418','EDPInfoExt','FIELD','a2e30b9c79f64e91856e70a61f8d5a3b','EDPInfo_Type',null,null,null);
INSERT INTO PUBLIC.OBJECT_FIELD_METADATA (ID, NAME, METADATA_TYPE, PARENT_METADATA,PARENT_METADATA_NAME, REFERENCE_METADATA, REFERENCE_METADATA_NAME, REFERENCE_METADATA_TYPE)VALUES('0526339c2c1142d9849885d1f560fea3','ItemInfo','MODEL_RELATION','a2e30b9c79f64e91856e70a61f8d5a3b','EDPInfo_Type','522cbdffd77c4832b0944737bbcb6b9a','ItemInfo_Type','OBJECT');
INSERT INTO PUBLIC.PRIMITIVE_METADATA (ID, NAME, METADATA_TYPE) VALUES('5cd059d6eca349c282149e31c952648e','ItemLocation','PRIMITIVE');
INSERT INTO PUBLIC.OBJECT_FIELD_METADATA (ID, NAME, METADATA_TYPE, PARENT_METADATA,PARENT_METADATA_NAME, REFERENCE_METADATA, REFERENCE_METADATA_NAME, REFERENCE_METADATA_TYPE)VALUES('ed7fbd689c3243feabba7be457c49c77','LocationEquipmentCd','FIELD','a2e30b9c79f64e91856e70a61f8d5a3b','EDPInfo_Type','5cd059d6eca349c282149e31c952648e','ItemLocation','PRIMITIVE');
INSERT INTO PUBLIC.OBJECT_FIELD_METADATA (ID, NAME, METADATA_TYPE, PARENT_METADATA,PARENT_METADATA_NAME, REFERENCE_METADATA, REFERENCE_METADATA_NAME, REFERENCE_METADATA_TYPE)VALUES('a87fc0e1313d406e87f072b494c84aeb','OperationsDesc','FIELD','a2e30b9c79f64e91856e70a61f8d5a3b','EDPInfo_Type','2344631100044813a5126adcfb93e80d','C-255','PRIMITIVE');
INSERT INTO PUBLIC.OBJECT_FIELD_METADATA (ID, NAME, METADATA_TYPE, PARENT_METADATA,PARENT_METADATA_NAME, REFERENCE_METADATA, REFERENCE_METADATA_NAME, REFERENCE_METADATA_TYPE)VALUES('37fbb070ca674559b014777dbc31ebab','AlarmAndSecurity','MODEL_RELATION','a2e30b9c79f64e91856e70a61f8d5a3b','EDPInfo_Type','ddc71afcd2764fd69a8ed87e5449ce50','AlarmAndSecurity_Type','OBJECT');
INSERT INTO PUBLIC.OBJECT_METADATA (ID, NAME, METADATA_TYPE, REFERENCE_METADATA, REFERENCE_METADATA_NAME) VALUES('bfdc2dc0d5a44a5fa27a9e210b7abded','MediaAndDataInfo_Type','OBJECT',null,null);
INSERT INTO PUBLIC.OBJECT_FIELD_METADATA (ID, NAME, METADATA_TYPE, PARENT_METADATA,PARENT_METADATA_NAME, REFERENCE_METADATA, REFERENCE_METADATA_NAME, REFERENCE_METADATA_TYPE)VALUES('8c4e2dc6997548e1a9a9c1a77bf3a44a','DuplicateSoftwareOnPremisesInd','FIELD','bfdc2dc0d5a44a5fa27a9e210b7abded','MediaAndDataInfo_Type','4ffb0bcc3ec946d1af3ef883f4c3a4e6','Boolean','PRIMITIVE');
INSERT INTO PUBLIC.OBJECT_FIELD_METADATA (ID, NAME, METADATA_TYPE, PARENT_METADATA,PARENT_METADATA_NAME, REFERENCE_METADATA, REFERENCE_METADATA_NAME, REFERENCE_METADATA_TYPE)VALUES('a2f0235ba7324bc3bada9a649c54428c','BackupFrequencyCd','FIELD','bfdc2dc0d5a44a5fa27a9e210b7abded','MediaAndDataInfo_Type','90030f3dd02843e3b982684d2bd6039d','Frequency','PRIMITIVE');
INSERT INTO PUBLIC.OBJECT_FIELD_METADATA (ID, NAME, METADATA_TYPE, PARENT_METADATA,PARENT_METADATA_NAME, REFERENCE_METADATA, REFERENCE_METADATA_NAME, REFERENCE_METADATA_TYPE)VALUES('eafd5dbc626f436a8bdc5321d4431e56','MediaAndDataInfoExt','FIELD','bfdc2dc0d5a44a5fa27a9e210b7abded','MediaAndDataInfo_Type',null,null,null);
INSERT INTO PUBLIC.OBJECT_FIELD_METADATA (ID, NAME, METADATA_TYPE, PARENT_METADATA,PARENT_METADATA_NAME, REFERENCE_METADATA, REFERENCE_METADATA_NAME, REFERENCE_METADATA_TYPE)VALUES('672255479fd14185934c5ce39d480efb','DataBackupOnPremisesInd','FIELD','bfdc2dc0d5a44a5fa27a9e210b7abded','MediaAndDataInfo_Type','4ffb0bcc3ec946d1af3ef883f4c3a4e6','Boolean','PRIMITIVE');
INSERT INTO PUBLIC.OBJECT_FIELD_METADATA (ID, NAME, METADATA_TYPE, PARENT_METADATA,PARENT_METADATA_NAME, REFERENCE_METADATA, REFERENCE_METADATA_NAME, REFERENCE_METADATA_TYPE)VALUES('d5b09a6f00f246a69f51b33dd3ae0d8b','MiscParty','MODEL_RELATION','bfdc2dc0d5a44a5fa27a9e210b7abded','MediaAndDataInfo_Type','0a76585a8ae342d897387f29800d50c8','MiscParty_Type','OBJECT');
INSERT INTO PUBLIC.OBJECT_FIELD_METADATA (ID, NAME, METADATA_TYPE, PARENT_METADATA,PARENT_METADATA_NAME, REFERENCE_METADATA, REFERENCE_METADATA_NAME, REFERENCE_METADATA_TYPE)VALUES('101a141d602b4319a2a461d9275c679a','OnPremisesLocationDesc','FIELD','bfdc2dc0d5a44a5fa27a9e210b7abded','MediaAndDataInfo_Type','2344631100044813a5126adcfb93e80d','C-255','PRIMITIVE');
INSERT INTO PUBLIC.PRIMITIVE_METADATA (ID, NAME, METADATA_TYPE) VALUES('1e6ceeef24de49f6abfe523107be3f7e','OnPremisesLocation','PRIMITIVE');
INSERT INTO PUBLIC.OBJECT_FIELD_METADATA (ID, NAME, METADATA_TYPE, PARENT_METADATA,PARENT_METADATA_NAME, REFERENCE_METADATA, REFERENCE_METADATA_NAME, REFERENCE_METADATA_TYPE)VALUES('587feca54b624f66a4ca7115bb1882a6','OnPremisesLocationCd','FIELD','bfdc2dc0d5a44a5fa27a9e210b7abded','MediaAndDataInfo_Type','1e6ceeef24de49f6abfe523107be3f7e','OnPremisesLocation','PRIMITIVE');
INSERT INTO PUBLIC.OBJECT_FIELD_METADATA (ID, NAME, METADATA_TYPE, PARENT_METADATA,PARENT_METADATA_NAME, REFERENCE_METADATA, REFERENCE_METADATA_NAME, REFERENCE_METADATA_TYPE)VALUES('6c5ce09fbb024f5296d1c53400451885','MediaAndDataInfo','MODEL_RELATION','a2e30b9c79f64e91856e70a61f8d5a3b','EDPInfo_Type','bfdc2dc0d5a44a5fa27a9e210b7abded','MediaAndDataInfo_Type','OBJECT');
INSERT INTO PUBLIC.OBJECT_FIELD_METADATA (ID, NAME, METADATA_TYPE, PARENT_METADATA,PARENT_METADATA_NAME, REFERENCE_METADATA, REFERENCE_METADATA_NAME, REFERENCE_METADATA_TYPE)VALUES('ed6625440b30439a948f3a58295974bf','EDPInfo','MODEL_RELATION','f3cb8bad494c48a6a2f18dea4a018709','EDPLineBusiness_Type','a2e30b9c79f64e91856e70a61f8d5a3b','EDPInfo_Type','OBJECT');
INSERT INTO PUBLIC.OBJECT_FIELD_METADATA (ID, NAME, METADATA_TYPE, PARENT_METADATA,PARENT_METADATA_NAME, REFERENCE_METADATA, REFERENCE_METADATA_NAME, REFERENCE_METADATA_TYPE)VALUES('00464ef0837e48358073b6047741633c','EDPLineBusiness','MODEL_RELATION','a8485aa8f7a7481b8828e638330f5291','Policy_Type','f3cb8bad494c48a6a2f18dea4a018709','EDPLineBusiness_Type','MODEL');
INSERT INTO PUBLIC.OBJECT_METADATA (ID, NAME, METADATA_TYPE, REFERENCE_METADATA, REFERENCE_METADATA_NAME) VALUES('3495a58ba1854c11b5039b4498ba6357','HomeLineBusiness_Type','MODEL',null,null);
INSERT INTO PUBLIC.OBJECT_FIELD_METADATA (ID, NAME, METADATA_TYPE, PARENT_METADATA,PARENT_METADATA_NAME, REFERENCE_METADATA, REFERENCE_METADATA_NAME, REFERENCE_METADATA_TYPE)VALUES('b227c301d4ec4f2aa2271952a60f36d4','WrittenAmt','MODEL_RELATION','3495a58ba1854c11b5039b4498ba6357','HomeLineBusiness_Type','4fa89203e94a4637baa0484d19b460c5','CURRENCY','OBJECT');
INSERT INTO PUBLIC.OBJECT_FIELD_METADATA (ID, NAME, METADATA_TYPE, PARENT_METADATA,PARENT_METADATA_NAME, REFERENCE_METADATA, REFERENCE_METADATA_NAME, REFERENCE_METADATA_TYPE)VALUES('19d5701512244c8183832bb6d68900a4','HazardGradeInfo','MODEL_RELATION','3495a58ba1854c11b5039b4498ba6357','HomeLineBusiness_Type','27cb6123ae2a4e5da40275f0c5716a86','HazardGradeInfo_Type','OBJECT');
INSERT INTO PUBLIC.OBJECT_FIELD_METADATA (ID, NAME, METADATA_TYPE, PARENT_METADATA,PARENT_METADATA_NAME, REFERENCE_METADATA, REFERENCE_METADATA_NAME, REFERENCE_METADATA_TYPE)VALUES('0ad297ce72b04c5d93ee1f7c2d531f19','Driver','MODEL_RELATION','3495a58ba1854c11b5039b4498ba6357','HomeLineBusiness_Type','a642f88f7cbb45dcb8077b7cc5d6dc67','Driver_Type','OBJECT');
INSERT INTO PUBLIC.OBJECT_FIELD_METADATA (ID, NAME, METADATA_TYPE, PARENT_METADATA,PARENT_METADATA_NAME, REFERENCE_METADATA, REFERENCE_METADATA_NAME, REFERENCE_METADATA_TYPE)VALUES('ad875a3180384fa7ae11f3d94c714ea0','MinPremAmt','MODEL_RELATION','3495a58ba1854c11b5039b4498ba6357','HomeLineBusiness_Type','4fa89203e94a4637baa0484d19b460c5','CURRENCY','OBJECT');
INSERT INTO PUBLIC.OBJECT_FIELD_METADATA (ID, NAME, METADATA_TYPE, PARENT_METADATA,PARENT_METADATA_NAME, REFERENCE_METADATA, REFERENCE_METADATA_NAME, REFERENCE_METADATA_TYPE)VALUES('ba9548f7fad2478f8cca580572c6bdbd','CurrentTermAmt','MODEL_RELATION','3495a58ba1854c11b5039b4498ba6357','HomeLineBusiness_Type','4fa89203e94a4637baa0484d19b460c5','CURRENCY','OBJECT');
INSERT INTO PUBLIC.OBJECT_FIELD_METADATA (ID, NAME, METADATA_TYPE, PARENT_METADATA,PARENT_METADATA_NAME, REFERENCE_METADATA, REFERENCE_METADATA_NAME, REFERENCE_METADATA_TYPE)VALUES('033b0778531f4841bf5398685b9b9958','CompanyProductCd','FIELD','3495a58ba1854c11b5039b4498ba6357','HomeLineBusiness_Type','6240ce877a244a73a1253961131c6cc9','IndustryCode_Type','PRIMITIVE');
INSERT INTO PUBLIC.OBJECT_FIELD_METADATA (ID, NAME, METADATA_TYPE, PARENT_METADATA,PARENT_METADATA_NAME, REFERENCE_METADATA, REFERENCE_METADATA_NAME, REFERENCE_METADATA_TYPE)VALUES('d33dfebd52eb481a91bd631760de2e0b','CoverageAvailable','MODEL_RELATION','3495a58ba1854c11b5039b4498ba6357','HomeLineBusiness_Type','d0675b4bbe674c1fa08297c27c3cb675','Coverage_Type','OBJECT');
INSERT INTO PUBLIC.OBJECT_FIELD_METADATA (ID, NAME, METADATA_TYPE, PARENT_METADATA,PARENT_METADATA_NAME, REFERENCE_METADATA, REFERENCE_METADATA_NAME, REFERENCE_METADATA_TYPE)VALUES('bcef3c6767504d4ebd59639e5ad5aef4','Vehicle','MODEL_RELATION','3495a58ba1854c11b5039b4498ba6357','HomeLineBusiness_Type','4c397cbda142445eb986a2c13d1482b8','Vehicle_Type','OBJECT');
INSERT INTO PUBLIC.OBJECT_FIELD_METADATA (ID, NAME, METADATA_TYPE, PARENT_METADATA,PARENT_METADATA_NAME, REFERENCE_METADATA, REFERENCE_METADATA_NAME, REFERENCE_METADATA_TYPE)VALUES('64bfc15bbde846a9b5ccdd57166a1509','HazardGradeCd','FIELD','3495a58ba1854c11b5039b4498ba6357','HomeLineBusiness_Type','6240ce877a244a73a1253961131c6cc9','IndustryCode_Type','PRIMITIVE');
INSERT INTO PUBLIC.OBJECT_FIELD_METADATA (ID, NAME, METADATA_TYPE, PARENT_METADATA,PARENT_METADATA_NAME, REFERENCE_METADATA, REFERENCE_METADATA_NAME, REFERENCE_METADATA_TYPE)VALUES('c8fa56921da046948fcc83f39b94274d','WatercraftAccessory','MODEL_RELATION','3495a58ba1854c11b5039b4498ba6357','HomeLineBusiness_Type','f4fe52ea0f8b4f9cb071dcec5e329738','WatercraftAccessory_Type','OBJECT');
INSERT INTO PUBLIC.OBJECT_FIELD_METADATA (ID, NAME, METADATA_TYPE, PARENT_METADATA,PARENT_METADATA_NAME, REFERENCE_METADATA, REFERENCE_METADATA_NAME, REFERENCE_METADATA_TYPE)VALUES('3510dc59f3b141cf889529882ec4baac','HomeLineBusinessExt','FIELD','3495a58ba1854c11b5039b4498ba6357','HomeLineBusiness_Type',null,null,null);
INSERT INTO PUBLIC.OBJECT_FIELD_METADATA (ID, NAME, METADATA_TYPE, PARENT_METADATA,PARENT_METADATA_NAME, REFERENCE_METADATA, REFERENCE_METADATA_NAME, REFERENCE_METADATA_TYPE)VALUES('e1534e94ecb449aa91da1aaebf21e472','ContinuousInsuranceCd','FIELD','3495a58ba1854c11b5039b4498ba6357','HomeLineBusiness_Type','97737112e454491b8bdd1bf01585671f','ContinuousInsurance','PRIMITIVE');
INSERT INTO PUBLIC.OBJECT_FIELD_METADATA (ID, NAME, METADATA_TYPE, PARENT_METADATA,PARENT_METADATA_NAME, REFERENCE_METADATA, REFERENCE_METADATA_NAME, REFERENCE_METADATA_TYPE)VALUES('3241adf528644403be4275b77165ee0b','QuestionAnswer','MODEL_RELATION','3495a58ba1854c11b5039b4498ba6357','HomeLineBusiness_Type','152fefd4f3054b68b490c1af5c9c284c','QuestionAnswer_Type','OBJECT');
INSERT INTO PUBLIC.OBJECT_FIELD_METADATA (ID, NAME, METADATA_TYPE, PARENT_METADATA,PARENT_METADATA_NAME, REFERENCE_METADATA, REFERENCE_METADATA_NAME, REFERENCE_METADATA_TYPE)VALUES('626b9e9aa94b40dfb911fe34a765e392','NAICCd','FIELD','3495a58ba1854c11b5039b4498ba6357','HomeLineBusiness_Type','6240ce877a244a73a1253961131c6cc9','IndustryCode_Type','PRIMITIVE');
INSERT INTO PUBLIC.OBJECT_FIELD_METADATA (ID, NAME, METADATA_TYPE, PARENT_METADATA,PARENT_METADATA_NAME, REFERENCE_METADATA, REFERENCE_METADATA_NAME, REFERENCE_METADATA_TYPE)VALUES('fc9aaca2310f4e3daebfe9891ab507e8','AdditionalInterest','MODEL_RELATION','3495a58ba1854c11b5039b4498ba6357','HomeLineBusiness_Type','23a83d5912a54d0ca9b4669826684442','AdditionalInterest_Type','OBJECT');
INSERT INTO PUBLIC.OBJECT_FIELD_METADATA (ID, NAME, METADATA_TYPE, PARENT_METADATA,PARENT_METADATA_NAME, REFERENCE_METADATA, REFERENCE_METADATA_NAME, REFERENCE_METADATA_TYPE)VALUES('d4fa9b66cd37432cafa13087aac8e293','AuditInfo','MODEL_RELATION','3495a58ba1854c11b5039b4498ba6357','HomeLineBusiness_Type','cafd893cc1ec4101a8df78b1c1a8c82e','AuditInfo_Type','OBJECT');
INSERT INTO PUBLIC.OBJECT_FIELD_METADATA (ID, NAME, METADATA_TYPE, PARENT_METADATA,PARENT_METADATA_NAME, REFERENCE_METADATA, REFERENCE_METADATA_NAME, REFERENCE_METADATA_TYPE)VALUES('fedc54be68af4e3693a3026e86d87f91','MinPremInd','FIELD','3495a58ba1854c11b5039b4498ba6357','HomeLineBusiness_Type','4ffb0bcc3ec946d1af3ef883f4c3a4e6','Boolean','PRIMITIVE');
INSERT INTO PUBLIC.OBJECT_FIELD_METADATA (ID, NAME, METADATA_TYPE, PARENT_METADATA,PARENT_METADATA_NAME, REFERENCE_METADATA, REFERENCE_METADATA_NAME, REFERENCE_METADATA_TYPE)VALUES('696fabc5648e49aaa04eff37cd98ea1a','Dwell','MODEL_RELATION','3495a58ba1854c11b5039b4498ba6357','HomeLineBusiness_Type','4e26027ebc964bf2b9794c16adccd3cf','Dwell_Type','OBJECT');
INSERT INTO PUBLIC.OBJECT_FIELD_METADATA (ID, NAME, METADATA_TYPE, PARENT_METADATA,PARENT_METADATA_NAME, REFERENCE_METADATA, REFERENCE_METADATA_NAME, REFERENCE_METADATA_TYPE)VALUES('f53ee12d4fc648deb75f3a891db464f4','NetChangeAmt','MODEL_RELATION','3495a58ba1854c11b5039b4498ba6357','HomeLineBusiness_Type','4fa89203e94a4637baa0484d19b460c5','CURRENCY','OBJECT');
INSERT INTO PUBLIC.OBJECT_FIELD_METADATA (ID, NAME, METADATA_TYPE, PARENT_METADATA,PARENT_METADATA_NAME, REFERENCE_METADATA, REFERENCE_METADATA_NAME, REFERENCE_METADATA_TYPE)VALUES('6be6e07c62214e07873d8b11b94fd4e9','Coverage','MODEL_RELATION','3495a58ba1854c11b5039b4498ba6357','HomeLineBusiness_Type','d0675b4bbe674c1fa08297c27c3cb675','Coverage_Type','OBJECT');
INSERT INTO PUBLIC.OBJECT_FIELD_METADATA (ID, NAME, METADATA_TYPE, PARENT_METADATA,PARENT_METADATA_NAME, REFERENCE_METADATA, REFERENCE_METADATA_NAME, REFERENCE_METADATA_TYPE)VALUES('07f021bcb3cb4837baff8aa0887a64e5','ResidenceBusiness','MODEL_RELATION','3495a58ba1854c11b5039b4498ba6357','HomeLineBusiness_Type','87c4be22636a4952859aaf41974fac07','ResidenceBusiness_Type','OBJECT');
INSERT INTO PUBLIC.OBJECT_FIELD_METADATA (ID, NAME, METADATA_TYPE, PARENT_METADATA,PARENT_METADATA_NAME, REFERENCE_METADATA, REFERENCE_METADATA_NAME, REFERENCE_METADATA_TYPE)VALUES('565c58f3dcf84cd1850dfc851972374f','PersVeh','MODEL_RELATION','3495a58ba1854c11b5039b4498ba6357','HomeLineBusiness_Type','144539c3c3ab427c886c12fce8e3788e','PersVeh_Type','OBJECT');
INSERT INTO PUBLIC.OBJECT_FIELD_METADATA (ID, NAME, METADATA_TYPE, PARENT_METADATA,PARENT_METADATA_NAME, REFERENCE_METADATA, REFERENCE_METADATA_NAME, REFERENCE_METADATA_TYPE)VALUES('511668e550ad48df8f72018fd7b349f1','PMACd','FIELD','3495a58ba1854c11b5039b4498ba6357','HomeLineBusiness_Type','6240ce877a244a73a1253961131c6cc9','IndustryCode_Type','PRIMITIVE');
INSERT INTO PUBLIC.OBJECT_FIELD_METADATA (ID, NAME, METADATA_TYPE, PARENT_METADATA,PARENT_METADATA_NAME, REFERENCE_METADATA, REFERENCE_METADATA_NAME, REFERENCE_METADATA_TYPE)VALUES('4768f389b8484077bfa1c7ee82b98578','LOBSubCd','FIELD','3495a58ba1854c11b5039b4498ba6357','HomeLineBusiness_Type','8376159ebcf44685b36391928a67e333','LineOfBusinessSubCode','PRIMITIVE');
INSERT INTO PUBLIC.OBJECT_FIELD_METADATA (ID, NAME, METADATA_TYPE, PARENT_METADATA,PARENT_METADATA_NAME, REFERENCE_METADATA, REFERENCE_METADATA_NAME, REFERENCE_METADATA_TYPE)VALUES('91967ef9d90e44ebb88e01845b85fd66','GroupId','FIELD','3495a58ba1854c11b5039b4498ba6357','HomeLineBusiness_Type','3da4bbbc6bf44d5f941e647b8e8408dc','AssignedIdentifier','PRIMITIVE');
INSERT INTO PUBLIC.OBJECT_FIELD_METADATA (ID, NAME, METADATA_TYPE, PARENT_METADATA,PARENT_METADATA_NAME, REFERENCE_METADATA, REFERENCE_METADATA_NAME, REFERENCE_METADATA_TYPE)VALUES('9afa00bbd48e417fb50c3471abf177e6','LOBCd','FIELD','3495a58ba1854c11b5039b4498ba6357','HomeLineBusiness_Type','3b75decf3cfc42c496d4405220659cf0','LineOfBusiness','PRIMITIVE');
INSERT INTO PUBLIC.OBJECT_FIELD_METADATA (ID, NAME, METADATA_TYPE, PARENT_METADATA,PARENT_METADATA_NAME, REFERENCE_METADATA, REFERENCE_METADATA_NAME, REFERENCE_METADATA_TYPE)VALUES('141a10e9f2924dd9bce66647f2d9ecf9','RateEffectiveDt','FIELD','3495a58ba1854c11b5039b4498ba6357','HomeLineBusiness_Type','3b0a2ca6cf3a4fb19718e35aa60287cd','Date','PRIMITIVE');
INSERT INTO PUBLIC.OBJECT_FIELD_METADATA (ID, NAME, METADATA_TYPE, PARENT_METADATA,PARENT_METADATA_NAME, REFERENCE_METADATA, REFERENCE_METADATA_NAME, REFERENCE_METADATA_TYPE)VALUES('824c659b781b4f41a3e26a8bd7556b1c','PersDriver','MODEL_RELATION','3495a58ba1854c11b5039b4498ba6357','HomeLineBusiness_Type','a642f88f7cbb45dcb8077b7cc5d6dc67','Driver_Type','OBJECT');
INSERT INTO PUBLIC.OBJECT_FIELD_METADATA (ID, NAME, METADATA_TYPE, PARENT_METADATA,PARENT_METADATA_NAME, REFERENCE_METADATA, REFERENCE_METADATA_NAME, REFERENCE_METADATA_TYPE)VALUES('cd29586ce62941728f5a9793ca556370','PropertySchedule','MODEL_RELATION','3495a58ba1854c11b5039b4498ba6357','HomeLineBusiness_Type','346b6250d26b498193e1c2e76c13b3e7','PropertySchedule_Type','OBJECT');
INSERT INTO PUBLIC.OBJECT_FIELD_METADATA (ID, NAME, METADATA_TYPE, PARENT_METADATA,PARENT_METADATA_NAME, REFERENCE_METADATA, REFERENCE_METADATA_NAME, REFERENCE_METADATA_TYPE)VALUES('cfc787aceb614469a0f48d0845dec6de','Watercraft','MODEL_RELATION','3495a58ba1854c11b5039b4498ba6357','HomeLineBusiness_Type','5a7ffcbfe09547a1a2add7327f0af9a7','Watercraft_Type','OBJECT');
INSERT INTO PUBLIC.OBJECT_FIELD_METADATA (ID, NAME, METADATA_TYPE, PARENT_METADATA,PARENT_METADATA_NAME, REFERENCE_METADATA, REFERENCE_METADATA_NAME, REFERENCE_METADATA_TYPE)VALUES('28fdd9039f1e4fbeabc05535b44adc4a','HomeLineBusiness','MODEL_RELATION','a8485aa8f7a7481b8828e638330f5291','Policy_Type','3495a58ba1854c11b5039b4498ba6357','HomeLineBusiness_Type','MODEL');
INSERT INTO PUBLIC.OBJECT_METADATA (ID, NAME, METADATA_TYPE, REFERENCE_METADATA, REFERENCE_METADATA_NAME) VALUES('7be2f19e16e64ef295a872cdc348faf9','InsuredOrPrincipal_Type','OBJECT',null,null);
INSERT INTO PUBLIC.OBJECT_METADATA (ID, NAME, METADATA_TYPE, REFERENCE_METADATA, REFERENCE_METADATA_NAME) VALUES('b5c3567157864e71a251943baa378a20','InsuredOrPrincipalInfo_Type','OBJECT',null,null);
INSERT INTO PUBLIC.OBJECT_FIELD_METADATA (ID, NAME, METADATA_TYPE, PARENT_METADATA,PARENT_METADATA_NAME, REFERENCE_METADATA, REFERENCE_METADATA_NAME, REFERENCE_METADATA_TYPE)VALUES('ca8487f8c6ed455b8bc8af9dfe5a5f03','InsuredOrPrincipalInfoExt','FIELD','b5c3567157864e71a251943baa378a20','InsuredOrPrincipalInfo_Type',null,null,null);
INSERT INTO PUBLIC.PRIMITIVE_METADATA (ID, NAME, METADATA_TYPE) VALUES('c681a9624ee74bd1a61018667ead80cf','InsuredPrincipalRoleType','PRIMITIVE');
INSERT INTO PUBLIC.OBJECT_FIELD_METADATA (ID, NAME, METADATA_TYPE, PARENT_METADATA,PARENT_METADATA_NAME, REFERENCE_METADATA, REFERENCE_METADATA_NAME, REFERENCE_METADATA_TYPE)VALUES('1199a784587548b4bcd4132d393c318b','InsuredOrPrincipalRoleCd','FIELD','b5c3567157864e71a251943baa378a20','InsuredOrPrincipalInfo_Type','c681a9624ee74bd1a61018667ead80cf','InsuredPrincipalRoleType','PRIMITIVE');
INSERT INTO PUBLIC.OBJECT_FIELD_METADATA (ID, NAME, METADATA_TYPE, PARENT_METADATA,PARENT_METADATA_NAME, REFERENCE_METADATA, REFERENCE_METADATA_NAME, REFERENCE_METADATA_TYPE)VALUES('6eb776ad9d294439bf833c27ceed5a9f','InsuredOrPrincipalRoleDesc','FIELD','b5c3567157864e71a251943baa378a20','InsuredOrPrincipalInfo_Type','2344631100044813a5126adcfb93e80d','C-255','PRIMITIVE');
INSERT INTO PUBLIC.OBJECT_FIELD_METADATA (ID, NAME, METADATA_TYPE, PARENT_METADATA,PARENT_METADATA_NAME, REFERENCE_METADATA, REFERENCE_METADATA_NAME, REFERENCE_METADATA_TYPE)VALUES('042efd3b7f6f42e098cda5a963d54ec9','License','MODEL_RELATION','b5c3567157864e71a251943baa378a20','InsuredOrPrincipalInfo_Type','26830fc57f3f47558bfb7444c2e52e23','License_Type','OBJECT');
INSERT INTO PUBLIC.OBJECT_FIELD_METADATA (ID, NAME, METADATA_TYPE, PARENT_METADATA,PARENT_METADATA_NAME, REFERENCE_METADATA, REFERENCE_METADATA_NAME, REFERENCE_METADATA_TYPE)VALUES('c8cd8e9ec6b74c1384c8c2186a5509ef','InsuredOrPrincipalInfo','MODEL_RELATION','7be2f19e16e64ef295a872cdc348faf9','InsuredOrPrincipal_Type','b5c3567157864e71a251943baa378a20','InsuredOrPrincipalInfo_Type','OBJECT');
INSERT INTO PUBLIC.OBJECT_FIELD_METADATA (ID, NAME, METADATA_TYPE, PARENT_METADATA,PARENT_METADATA_NAME, REFERENCE_METADATA, REFERENCE_METADATA_NAME, REFERENCE_METADATA_TYPE)VALUES('0734099869074f46b32a2b144186023c','LengthTimeKnownByAgentBroker','MODEL_RELATION','7be2f19e16e64ef295a872cdc348faf9','InsuredOrPrincipal_Type','1df1057b06734b019460d9f8fb0a43b0','MEASUREMENT','OBJECT');
INSERT INTO PUBLIC.OBJECT_FIELD_METADATA (ID, NAME, METADATA_TYPE, PARENT_METADATA,PARENT_METADATA_NAME, REFERENCE_METADATA, REFERENCE_METADATA_NAME, REFERENCE_METADATA_TYPE)VALUES('6934e8709dee4e18a8bc3202624d0fed','GeneralPartyInfo','MODEL_RELATION','7be2f19e16e64ef295a872cdc348faf9','InsuredOrPrincipal_Type','d95b1cb018eb42c690b817b73cf4d5fa','GeneralPartyInfo_Type','OBJECT');
INSERT INTO PUBLIC.OBJECT_FIELD_METADATA (ID, NAME, METADATA_TYPE, PARENT_METADATA,PARENT_METADATA_NAME, REFERENCE_METADATA, REFERENCE_METADATA_NAME, REFERENCE_METADATA_TYPE)VALUES('43ef8ee4ba194e129e651a4b4a5e1674','ItemIdInfo','MODEL_RELATION','7be2f19e16e64ef295a872cdc348faf9','InsuredOrPrincipal_Type','ba3be0e0317741b08f872c1fca47ad8f','ItemIdInfo_Type','OBJECT');
INSERT INTO PUBLIC.OBJECT_FIELD_METADATA (ID, NAME, METADATA_TYPE, PARENT_METADATA,PARENT_METADATA_NAME, REFERENCE_METADATA, REFERENCE_METADATA_NAME, REFERENCE_METADATA_TYPE)VALUES('b53458d01aab4347917c70abae054d15','InsuredOrPrincipalExt','FIELD','7be2f19e16e64ef295a872cdc348faf9','InsuredOrPrincipal_Type',null,null,null);
INSERT INTO PUBLIC.OBJECT_FIELD_METADATA (ID, NAME, METADATA_TYPE, PARENT_METADATA,PARENT_METADATA_NAME, REFERENCE_METADATA, REFERENCE_METADATA_NAME, REFERENCE_METADATA_TYPE)VALUES('404be3d87e6448499b9c231e7d6f00e7','Link','MODEL_RELATION','7be2f19e16e64ef295a872cdc348faf9','InsuredOrPrincipal_Type','366dc9a89db94de3b92abf43ef1bf084','Link_Type','OBJECT');
INSERT INTO PUBLIC.OBJECT_FIELD_METADATA (ID, NAME, METADATA_TYPE, PARENT_METADATA,PARENT_METADATA_NAME, REFERENCE_METADATA, REFERENCE_METADATA_NAME, REFERENCE_METADATA_TYPE)VALUES('640da4a80eb140f7816450e4de56528a','InsuredOrPrincipal','MODEL_RELATION','a8485aa8f7a7481b8828e638330f5291','Policy_Type','7be2f19e16e64ef295a872cdc348faf9','InsuredOrPrincipal_Type','OBJECT');
INSERT INTO PUBLIC.OBJECT_METADATA (ID, NAME, METADATA_TYPE, REFERENCE_METADATA, REFERENCE_METADATA_NAME) VALUES('27b403485b6844cfa3a96053a542bc39','BOPLineBusiness_Type','MODEL',null,null);
INSERT INTO PUBLIC.OBJECT_FIELD_METADATA (ID, NAME, METADATA_TYPE, PARENT_METADATA,PARENT_METADATA_NAME, REFERENCE_METADATA, REFERENCE_METADATA_NAME, REFERENCE_METADATA_TYPE)VALUES('92bc7957b8c74cf0bb9f1f1893344a60','WrittenAmt','MODEL_RELATION','27b403485b6844cfa3a96053a542bc39','BOPLineBusiness_Type','4fa89203e94a4637baa0484d19b460c5','CURRENCY','OBJECT');
INSERT INTO PUBLIC.OBJECT_FIELD_METADATA (ID, NAME, METADATA_TYPE, PARENT_METADATA,PARENT_METADATA_NAME, REFERENCE_METADATA, REFERENCE_METADATA_NAME, REFERENCE_METADATA_TYPE)VALUES('2852483f707544a8b6f194b897aeaeaf','BOPLineBusinessExt','FIELD','27b403485b6844cfa3a96053a542bc39','BOPLineBusiness_Type',null,null,null);
INSERT INTO PUBLIC.OBJECT_FIELD_METADATA (ID, NAME, METADATA_TYPE, PARENT_METADATA,PARENT_METADATA_NAME, REFERENCE_METADATA, REFERENCE_METADATA_NAME, REFERENCE_METADATA_TYPE)VALUES('4efd754f58fa4fd0a03289de44695582','HazardGradeInfo','MODEL_RELATION','27b403485b6844cfa3a96053a542bc39','BOPLineBusiness_Type','27cb6123ae2a4e5da40275f0c5716a86','HazardGradeInfo_Type','OBJECT');
INSERT INTO PUBLIC.OBJECT_FIELD_METADATA (ID, NAME, METADATA_TYPE, PARENT_METADATA,PARENT_METADATA_NAME, REFERENCE_METADATA, REFERENCE_METADATA_NAME, REFERENCE_METADATA_TYPE)VALUES('f2ed4ce96f1541808feb90045e46178b','Driver','MODEL_RELATION','27b403485b6844cfa3a96053a542bc39','BOPLineBusiness_Type','a642f88f7cbb45dcb8077b7cc5d6dc67','Driver_Type','OBJECT');
INSERT INTO PUBLIC.OBJECT_FIELD_METADATA (ID, NAME, METADATA_TYPE, PARENT_METADATA,PARENT_METADATA_NAME, REFERENCE_METADATA, REFERENCE_METADATA_NAME, REFERENCE_METADATA_TYPE)VALUES('9bdb72d5e75846188a6beaff341c8aa3','MinPremAmt','MODEL_RELATION','27b403485b6844cfa3a96053a542bc39','BOPLineBusiness_Type','4fa89203e94a4637baa0484d19b460c5','CURRENCY','OBJECT');
INSERT INTO PUBLIC.OBJECT_FIELD_METADATA (ID, NAME, METADATA_TYPE, PARENT_METADATA,PARENT_METADATA_NAME, REFERENCE_METADATA, REFERENCE_METADATA_NAME, REFERENCE_METADATA_TYPE)VALUES('d11bc7c309c64a34a0f20328af47fcff','CurrentTermAmt','MODEL_RELATION','27b403485b6844cfa3a96053a542bc39','BOPLineBusiness_Type','4fa89203e94a4637baa0484d19b460c5','CURRENCY','OBJECT');
INSERT INTO PUBLIC.OBJECT_FIELD_METADATA (ID, NAME, METADATA_TYPE, PARENT_METADATA,PARENT_METADATA_NAME, REFERENCE_METADATA, REFERENCE_METADATA_NAME, REFERENCE_METADATA_TYPE)VALUES('a51f4c192c744720a36057c371b26186','CompanyProductCd','FIELD','27b403485b6844cfa3a96053a542bc39','BOPLineBusiness_Type','6240ce877a244a73a1253961131c6cc9','IndustryCode_Type','PRIMITIVE');
INSERT INTO PUBLIC.OBJECT_FIELD_METADATA (ID, NAME, METADATA_TYPE, PARENT_METADATA,PARENT_METADATA_NAME, REFERENCE_METADATA, REFERENCE_METADATA_NAME, REFERENCE_METADATA_TYPE)VALUES('404e29683ff44f25b2c5d5d0b4f8f2ff','CoverageAvailable','MODEL_RELATION','27b403485b6844cfa3a96053a542bc39','BOPLineBusiness_Type','d0675b4bbe674c1fa08297c27c3cb675','Coverage_Type','OBJECT');
INSERT INTO PUBLIC.OBJECT_FIELD_METADATA (ID, NAME, METADATA_TYPE, PARENT_METADATA,PARENT_METADATA_NAME, REFERENCE_METADATA, REFERENCE_METADATA_NAME, REFERENCE_METADATA_TYPE)VALUES('48c92d9c173a4de48450317bdf0cf1b9','CommlDriver','MODEL_RELATION','27b403485b6844cfa3a96053a542bc39','BOPLineBusiness_Type','a642f88f7cbb45dcb8077b7cc5d6dc67','Driver_Type','OBJECT');
INSERT INTO PUBLIC.OBJECT_FIELD_METADATA (ID, NAME, METADATA_TYPE, PARENT_METADATA,PARENT_METADATA_NAME, REFERENCE_METADATA, REFERENCE_METADATA_NAME, REFERENCE_METADATA_TYPE)VALUES('410cd1287b59411d90b9cb0756fb77c8','ContractorsUnderwritingQuestions','MODEL_RELATION','27b403485b6844cfa3a96053a542bc39','BOPLineBusiness_Type','378d1a24ebda48569409c7b3c8acf355','ContractorsUnderwritingQuestions_Type','OBJECT');
INSERT INTO PUBLIC.OBJECT_FIELD_METADATA (ID, NAME, METADATA_TYPE, PARENT_METADATA,PARENT_METADATA_NAME, REFERENCE_METADATA, REFERENCE_METADATA_NAME, REFERENCE_METADATA_TYPE)VALUES('5145745d74694ff1a0226feae7c3b2b4','HazardGradeCd','FIELD','27b403485b6844cfa3a96053a542bc39','BOPLineBusiness_Type','6240ce877a244a73a1253961131c6cc9','IndustryCode_Type','PRIMITIVE');
INSERT INTO PUBLIC.OBJECT_METADATA (ID, NAME, METADATA_TYPE, REFERENCE_METADATA, REFERENCE_METADATA_NAME) VALUES('a76dd6fc378942c2b6e2b299b4c2cad8','UmbrellaInfo_Type','OBJECT',null,null);
INSERT INTO PUBLIC.OBJECT_FIELD_METADATA (ID, NAME, METADATA_TYPE, PARENT_METADATA,PARENT_METADATA_NAME, REFERENCE_METADATA, REFERENCE_METADATA_NAME, REFERENCE_METADATA_TYPE)VALUES('c5940d863c4d45a8b0d593c5f9b59e5b','OtherOrPriorPolicy','MODEL_RELATION','a76dd6fc378942c2b6e2b299b4c2cad8','UmbrellaInfo_Type','1412eb5b8fd04500a7cedfa63ff25261','OtherOrPriorPolicy_Type','OBJECT');
INSERT INTO PUBLIC.OBJECT_FIELD_METADATA (ID, NAME, METADATA_TYPE, PARENT_METADATA,PARENT_METADATA_NAME, REFERENCE_METADATA, REFERENCE_METADATA_NAME, REFERENCE_METADATA_TYPE)VALUES('7dc0fa68cabd4c05992d839ce2d153cf','UmbrellaInfoExt','FIELD','a76dd6fc378942c2b6e2b299b4c2cad8','UmbrellaInfo_Type',null,null,null);
INSERT INTO PUBLIC.OBJECT_FIELD_METADATA (ID, NAME, METADATA_TYPE, PARENT_METADATA,PARENT_METADATA_NAME, REFERENCE_METADATA, REFERENCE_METADATA_NAME, REFERENCE_METADATA_TYPE)VALUES('5d0856e5aee04970893fab8af91e4f29','UmbrellaInfo','MODEL_RELATION','27b403485b6844cfa3a96053a542bc39','BOPLineBusiness_Type','a76dd6fc378942c2b6e2b299b4c2cad8','UmbrellaInfo_Type','OBJECT');
INSERT INTO PUBLIC.OBJECT_FIELD_METADATA (ID, NAME, METADATA_TYPE, PARENT_METADATA,PARENT_METADATA_NAME, REFERENCE_METADATA, REFERENCE_METADATA_NAME, REFERENCE_METADATA_TYPE)VALUES('9d3d7f65694c4bbebb5cd5404d82b699','QuestionAnswer','MODEL_RELATION','27b403485b6844cfa3a96053a542bc39','BOPLineBusiness_Type','152fefd4f3054b68b490c1af5c9c284c','QuestionAnswer_Type','OBJECT');
INSERT INTO PUBLIC.OBJECT_FIELD_METADATA (ID, NAME, METADATA_TYPE, PARENT_METADATA,PARENT_METADATA_NAME, REFERENCE_METADATA, REFERENCE_METADATA_NAME, REFERENCE_METADATA_TYPE)VALUES('2368f9c80d8e469f8a2fabf952f5d35c','NAICCd','FIELD','27b403485b6844cfa3a96053a542bc39','BOPLineBusiness_Type','6240ce877a244a73a1253961131c6cc9','IndustryCode_Type','PRIMITIVE');
INSERT INTO PUBLIC.OBJECT_FIELD_METADATA (ID, NAME, METADATA_TYPE, PARENT_METADATA,PARENT_METADATA_NAME, REFERENCE_METADATA, REFERENCE_METADATA_NAME, REFERENCE_METADATA_TYPE)VALUES('ad8ae84ea3b2459dbad70e2363146c43','AdditionalInterest','MODEL_RELATION','27b403485b6844cfa3a96053a542bc39','BOPLineBusiness_Type','23a83d5912a54d0ca9b4669826684442','AdditionalInterest_Type','OBJECT');
INSERT INTO PUBLIC.OBJECT_FIELD_METADATA (ID, NAME, METADATA_TYPE, PARENT_METADATA,PARENT_METADATA_NAME, REFERENCE_METADATA, REFERENCE_METADATA_NAME, REFERENCE_METADATA_TYPE)VALUES('d0580c93a51548ecb68467b930c8f474','AuditInfo','MODEL_RELATION','27b403485b6844cfa3a96053a542bc39','BOPLineBusiness_Type','cafd893cc1ec4101a8df78b1c1a8c82e','AuditInfo_Type','OBJECT');
INSERT INTO PUBLIC.OBJECT_FIELD_METADATA (ID, NAME, METADATA_TYPE, PARENT_METADATA,PARENT_METADATA_NAME, REFERENCE_METADATA, REFERENCE_METADATA_NAME, REFERENCE_METADATA_TYPE)VALUES('a54ce77186e04554b0df3a5fa97edf10','MinPremInd','FIELD','27b403485b6844cfa3a96053a542bc39','BOPLineBusiness_Type','4ffb0bcc3ec946d1af3ef883f4c3a4e6','Boolean','PRIMITIVE');
INSERT INTO PUBLIC.OBJECT_FIELD_METADATA (ID, NAME, METADATA_TYPE, PARENT_METADATA,PARENT_METADATA_NAME, REFERENCE_METADATA, REFERENCE_METADATA_NAME, REFERENCE_METADATA_TYPE)VALUES('a419295330414fb691dd9d977c9efcb1','NetChangeAmt','MODEL_RELATION','27b403485b6844cfa3a96053a542bc39','BOPLineBusiness_Type','4fa89203e94a4637baa0484d19b460c5','CURRENCY','OBJECT');
INSERT INTO PUBLIC.OBJECT_FIELD_METADATA (ID, NAME, METADATA_TYPE, PARENT_METADATA,PARENT_METADATA_NAME, REFERENCE_METADATA, REFERENCE_METADATA_NAME, REFERENCE_METADATA_TYPE)VALUES('f14f6856aae54cb2b322f4c96ed9f346','Coverage','MODEL_RELATION','27b403485b6844cfa3a96053a542bc39','BOPLineBusiness_Type','d0675b4bbe674c1fa08297c27c3cb675','Coverage_Type','OBJECT');
INSERT INTO PUBLIC.OBJECT_METADATA (ID, NAME, METADATA_TYPE, REFERENCE_METADATA, REFERENCE_METADATA_NAME) VALUES('31033c32203a4e3aaefa40b751893fc9','BoilerMachineryInfo_Type','OBJECT',null,null);
INSERT INTO PUBLIC.OBJECT_FIELD_METADATA (ID, NAME, METADATA_TYPE, PARENT_METADATA,PARENT_METADATA_NAME, REFERENCE_METADATA, REFERENCE_METADATA_NAME, REFERENCE_METADATA_TYPE)VALUES('96c365720a184aa5854eb5469dce4320','CommlCoverage','MODEL_RELATION','31033c32203a4e3aaefa40b751893fc9','BoilerMachineryInfo_Type','d0675b4bbe674c1fa08297c27c3cb675','Coverage_Type','OBJECT');
INSERT INTO PUBLIC.OBJECT_FIELD_METADATA (ID, NAME, METADATA_TYPE, PARENT_METADATA,PARENT_METADATA_NAME, REFERENCE_METADATA, REFERENCE_METADATA_NAME, REFERENCE_METADATA_TYPE)VALUES('db85bb000b444ccab443d20b8c31b4b0','CoverageAvailable','MODEL_RELATION','31033c32203a4e3aaefa40b751893fc9','BoilerMachineryInfo_Type','d0675b4bbe674c1fa08297c27c3cb675','Coverage_Type','OBJECT');
INSERT INTO PUBLIC.OBJECT_FIELD_METADATA (ID, NAME, METADATA_TYPE, PARENT_METADATA,PARENT_METADATA_NAME, REFERENCE_METADATA, REFERENCE_METADATA_NAME, REFERENCE_METADATA_TYPE)VALUES('e863a5c6199d46fc94424df730413903','ClassCd','FIELD','31033c32203a4e3aaefa40b751893fc9','BoilerMachineryInfo_Type','6240ce877a244a73a1253961131c6cc9','IndustryCode_Type','PRIMITIVE');
INSERT INTO PUBLIC.OBJECT_FIELD_METADATA (ID, NAME, METADATA_TYPE, PARENT_METADATA,PARENT_METADATA_NAME, REFERENCE_METADATA, REFERENCE_METADATA_NAME, REFERENCE_METADATA_TYPE)VALUES('46d1f91dfa9c4de3908569fbbd18941e','NAICSCd','FIELD','31033c32203a4e3aaefa40b751893fc9','BoilerMachineryInfo_Type','6240ce877a244a73a1253961131c6cc9','IndustryCode_Type','PRIMITIVE');
INSERT INTO PUBLIC.OBJECT_FIELD_METADATA (ID, NAME, METADATA_TYPE, PARENT_METADATA,PARENT_METADATA_NAME, REFERENCE_METADATA, REFERENCE_METADATA_NAME, REFERENCE_METADATA_TYPE)VALUES('e38ddf6cfa5a4cf4ad7a5aa337d87f8c','BoilerMachineryInfoExt','FIELD','31033c32203a4e3aaefa40b751893fc9','BoilerMachineryInfo_Type',null,null,null);
INSERT INTO PUBLIC.OBJECT_FIELD_METADATA (ID, NAME, METADATA_TYPE, PARENT_METADATA,PARENT_METADATA_NAME, REFERENCE_METADATA, REFERENCE_METADATA_NAME, REFERENCE_METADATA_TYPE)VALUES('1790817a0cc146edb2929112440ffcfa','StatementValuesInfo','MODEL_RELATION','31033c32203a4e3aaefa40b751893fc9','BoilerMachineryInfo_Type','b525f90925f94647990a7d2b8b93a702','StatementValuesInfo_Type','OBJECT');
INSERT INTO PUBLIC.OBJECT_FIELD_METADATA (ID, NAME, METADATA_TYPE, PARENT_METADATA,PARENT_METADATA_NAME, REFERENCE_METADATA, REFERENCE_METADATA_NAME, REFERENCE_METADATA_TYPE)VALUES('e68bf179084c4246aa9c61acf3c993b4','Coverage','MODEL_RELATION','31033c32203a4e3aaefa40b751893fc9','BoilerMachineryInfo_Type','d0675b4bbe674c1fa08297c27c3cb675','Coverage_Type','OBJECT');
INSERT INTO PUBLIC.OBJECT_FIELD_METADATA (ID, NAME, METADATA_TYPE, PARENT_METADATA,PARENT_METADATA_NAME, REFERENCE_METADATA, REFERENCE_METADATA_NAME, REFERENCE_METADATA_TYPE)VALUES('d1851583957d4b34b68c0f58c68cd43d','SICCd','FIELD','31033c32203a4e3aaefa40b751893fc9','BoilerMachineryInfo_Type','6240ce877a244a73a1253961131c6cc9','IndustryCode_Type','PRIMITIVE');
INSERT INTO PUBLIC.OBJECT_FIELD_METADATA (ID, NAME, METADATA_TYPE, PARENT_METADATA,PARENT_METADATA_NAME, REFERENCE_METADATA, REFERENCE_METADATA_NAME, REFERENCE_METADATA_TYPE)VALUES('d797145c613c426f986da9c4da9ac8e3','BoilerMachineryInfo','MODEL_RELATION','27b403485b6844cfa3a96053a542bc39','BOPLineBusiness_Type','31033c32203a4e3aaefa40b751893fc9','BoilerMachineryInfo_Type','OBJECT');
INSERT INTO PUBLIC.OBJECT_FIELD_METADATA (ID, NAME, METADATA_TYPE, PARENT_METADATA,PARENT_METADATA_NAME, REFERENCE_METADATA, REFERENCE_METADATA_NAME, REFERENCE_METADATA_TYPE)VALUES('4dfdda0d968149a7845b038890e41e7e','PMACd','FIELD','27b403485b6844cfa3a96053a542bc39','BOPLineBusiness_Type','6240ce877a244a73a1253961131c6cc9','IndustryCode_Type','PRIMITIVE');
INSERT INTO PUBLIC.OBJECT_FIELD_METADATA (ID, NAME, METADATA_TYPE, PARENT_METADATA,PARENT_METADATA_NAME, REFERENCE_METADATA, REFERENCE_METADATA_NAME, REFERENCE_METADATA_TYPE)VALUES('b5f0382d939a43aa8a4e5851489c4e53','LOBSubCd','FIELD','27b403485b6844cfa3a96053a542bc39','BOPLineBusiness_Type','8376159ebcf44685b36391928a67e333','LineOfBusinessSubCode','PRIMITIVE');
INSERT INTO PUBLIC.OBJECT_FIELD_METADATA (ID, NAME, METADATA_TYPE, PARENT_METADATA,PARENT_METADATA_NAME, REFERENCE_METADATA, REFERENCE_METADATA_NAME, REFERENCE_METADATA_TYPE)VALUES('48938ba7ac104f398da716a610c5b140','GroupId','FIELD','27b403485b6844cfa3a96053a542bc39','BOPLineBusiness_Type','3da4bbbc6bf44d5f941e647b8e8408dc','AssignedIdentifier','PRIMITIVE');
INSERT INTO PUBLIC.OBJECT_FIELD_METADATA (ID, NAME, METADATA_TYPE, PARENT_METADATA,PARENT_METADATA_NAME, REFERENCE_METADATA, REFERENCE_METADATA_NAME, REFERENCE_METADATA_TYPE)VALUES('020e202f545e44e5889114bbd028cfc3','CommlCoverage','MODEL_RELATION','27b403485b6844cfa3a96053a542bc39','BOPLineBusiness_Type','d0675b4bbe674c1fa08297c27c3cb675','Coverage_Type','OBJECT');
INSERT INTO PUBLIC.OBJECT_FIELD_METADATA (ID, NAME, METADATA_TYPE, PARENT_METADATA,PARENT_METADATA_NAME, REFERENCE_METADATA, REFERENCE_METADATA_NAME, REFERENCE_METADATA_TYPE)VALUES('3f89986ea7e4499cbddf928255976c07','OtherOrPriorPolicy','MODEL_RELATION','27b403485b6844cfa3a96053a542bc39','BOPLineBusiness_Type','1412eb5b8fd04500a7cedfa63ff25261','OtherOrPriorPolicy_Type','OBJECT');
INSERT INTO PUBLIC.OBJECT_FIELD_METADATA (ID, NAME, METADATA_TYPE, PARENT_METADATA,PARENT_METADATA_NAME, REFERENCE_METADATA, REFERENCE_METADATA_NAME, REFERENCE_METADATA_TYPE)VALUES('ac64c45bc90249e4aac6b0722ad6d867','LOBCd','FIELD','27b403485b6844cfa3a96053a542bc39','BOPLineBusiness_Type','3b75decf3cfc42c496d4405220659cf0','LineOfBusiness','PRIMITIVE');
INSERT INTO PUBLIC.OBJECT_FIELD_METADATA (ID, NAME, METADATA_TYPE, PARENT_METADATA,PARENT_METADATA_NAME, REFERENCE_METADATA, REFERENCE_METADATA_NAME, REFERENCE_METADATA_TYPE)VALUES('0d4d6b2dcb884cc5aaa09af151884420','SponsorUnderwritingInfo','MODEL_RELATION','27b403485b6844cfa3a96053a542bc39','BOPLineBusiness_Type','4b6a5af8063d4d9ab061d8d564262fcd','SponsorUnderwritingInfo_Type','OBJECT');
INSERT INTO PUBLIC.OBJECT_FIELD_METADATA (ID, NAME, METADATA_TYPE, PARENT_METADATA,PARENT_METADATA_NAME, REFERENCE_METADATA, REFERENCE_METADATA_NAME, REFERENCE_METADATA_TYPE)VALUES('d53176b993f24fe4b8d5725b74bb6a96','RateEffectiveDt','FIELD','27b403485b6844cfa3a96053a542bc39','BOPLineBusiness_Type','3b0a2ca6cf3a4fb19718e35aa60287cd','Date','PRIMITIVE');
INSERT INTO PUBLIC.OBJECT_FIELD_METADATA (ID, NAME, METADATA_TYPE, PARENT_METADATA,PARENT_METADATA_NAME, REFERENCE_METADATA, REFERENCE_METADATA_NAME, REFERENCE_METADATA_TYPE)VALUES('3cb01a49a3b640279bbbc92eb816031c','PropertySchedule','MODEL_RELATION','27b403485b6844cfa3a96053a542bc39','BOPLineBusiness_Type','346b6250d26b498193e1c2e76c13b3e7','PropertySchedule_Type','OBJECT');
INSERT INTO PUBLIC.OBJECT_FIELD_METADATA (ID, NAME, METADATA_TYPE, PARENT_METADATA,PARENT_METADATA_NAME, REFERENCE_METADATA, REFERENCE_METADATA_NAME, REFERENCE_METADATA_TYPE)VALUES('3a0e97e62acc4cd59402023d806ff72d','PropertyInfo','MODEL_RELATION','27b403485b6844cfa3a96053a542bc39','BOPLineBusiness_Type','efc5bfb8c67d4a88ae948f193ecf3716','PropertyInfo_Type','OBJECT');
INSERT INTO PUBLIC.OBJECT_FIELD_METADATA (ID, NAME, METADATA_TYPE, PARENT_METADATA,PARENT_METADATA_NAME, REFERENCE_METADATA, REFERENCE_METADATA_NAME, REFERENCE_METADATA_TYPE)VALUES('0fc96ffad4d04bcb865cf1e9ed970309','LiabilityInfo','MODEL_RELATION','27b403485b6844cfa3a96053a542bc39','BOPLineBusiness_Type','a160d601cc0c458e9ca31c3a4c137265','LiabilityInfo_Type','OBJECT');
INSERT INTO PUBLIC.OBJECT_FIELD_METADATA (ID, NAME, METADATA_TYPE, PARENT_METADATA,PARENT_METADATA_NAME, REFERENCE_METADATA, REFERENCE_METADATA_NAME, REFERENCE_METADATA_TYPE)VALUES('d1cf2b23291f46d3bebe8b2410a78b9f','BOPLineBusiness','MODEL_RELATION','a8485aa8f7a7481b8828e638330f5291','Policy_Type','27b403485b6844cfa3a96053a542bc39','BOPLineBusiness_Type','MODEL');
INSERT INTO PUBLIC.OBJECT_FIELD_METADATA (ID, NAME, METADATA_TYPE, PARENT_METADATA,PARENT_METADATA_NAME, REFERENCE_METADATA, REFERENCE_METADATA_NAME, REFERENCE_METADATA_TYPE)VALUES('ceddeb79744049928a1edbf775e5b8f5','SignedDt','FIELD','a8485aa8f7a7481b8828e638330f5291','Policy_Type','3b0a2ca6cf3a4fb19718e35aa60287cd','Date','PRIMITIVE');
INSERT INTO PUBLIC.OBJECT_FIELD_METADATA (ID, NAME, METADATA_TYPE, PARENT_METADATA,PARENT_METADATA_NAME, REFERENCE_METADATA, REFERENCE_METADATA_NAME, REFERENCE_METADATA_TYPE)VALUES('8b802065566d4b3fa190b20b3d39c09b','PaidInFullInd','FIELD','a8485aa8f7a7481b8828e638330f5291','Policy_Type','4ffb0bcc3ec946d1af3ef883f4c3a4e6','Boolean','PRIMITIVE');
INSERT INTO PUBLIC.OBJECT_FIELD_METADATA (ID, NAME, METADATA_TYPE, PARENT_METADATA,PARENT_METADATA_NAME, REFERENCE_METADATA, REFERENCE_METADATA_NAME, REFERENCE_METADATA_TYPE)VALUES('93a3c1c886014f81a102e1450e11a748','QuestionAnswer','MODEL_RELATION','a8485aa8f7a7481b8828e638330f5291','Policy_Type','152fefd4f3054b68b490c1af5c9c284c','QuestionAnswer_Type','OBJECT');
INSERT INTO PUBLIC.OBJECT_FIELD_METADATA (ID, NAME, METADATA_TYPE, PARENT_METADATA,PARENT_METADATA_NAME, REFERENCE_METADATA, REFERENCE_METADATA_NAME, REFERENCE_METADATA_TYPE)VALUES('d092d69bf613419e959bd394d25b5511','NAICCd','FIELD','a8485aa8f7a7481b8828e638330f5291','Policy_Type','6240ce877a244a73a1253961131c6cc9','IndustryCode_Type','PRIMITIVE');
INSERT INTO PUBLIC.OBJECT_FIELD_METADATA (ID, NAME, METADATA_TYPE, PARENT_METADATA,PARENT_METADATA_NAME, REFERENCE_METADATA, REFERENCE_METADATA_NAME, REFERENCE_METADATA_TYPE)VALUES('c5e65d11f5e7447fa42bb8a9d5aeb950','RefusingInsurerCd','FIELD','a8485aa8f7a7481b8828e638330f5291','Policy_Type','6240ce877a244a73a1253961131c6cc9','IndustryCode_Type','PRIMITIVE');
INSERT INTO PUBLIC.OBJECT_METADATA (ID, NAME, METADATA_TYPE, REFERENCE_METADATA, REFERENCE_METADATA_NAME) VALUES('17e93077b499473d83ba4319080e8037','PolicySupplement_Type','OBJECT',null,null);
INSERT INTO PUBLIC.OBJECT_FIELD_METADATA (ID, NAME, METADATA_TYPE, PARENT_METADATA,PARENT_METADATA_NAME, REFERENCE_METADATA, REFERENCE_METADATA_NAME, REFERENCE_METADATA_TYPE)VALUES('e5327e5e1def481fb8e1a3079c971ff1','CatastropheInd','FIELD','17e93077b499473d83ba4319080e8037','PolicySupplement_Type','4ffb0bcc3ec946d1af3ef883f4c3a4e6','Boolean','PRIMITIVE');
INSERT INTO PUBLIC.OBJECT_FIELD_METADATA (ID, NAME, METADATA_TYPE, PARENT_METADATA,PARENT_METADATA_NAME, REFERENCE_METADATA, REFERENCE_METADATA_NAME, REFERENCE_METADATA_TYPE)VALUES('8a769599827246d0a98b5568984b66ab','AnnualSalesAmt','MODEL_RELATION','17e93077b499473d83ba4319080e8037','PolicySupplement_Type','4fa89203e94a4637baa0484d19b460c5','CURRENCY','OBJECT');
INSERT INTO PUBLIC.OBJECT_FIELD_METADATA (ID, NAME, METADATA_TYPE, PARENT_METADATA,PARENT_METADATA_NAME, REFERENCE_METADATA, REFERENCE_METADATA_NAME, REFERENCE_METADATA_TYPE)VALUES('c16816ca16354ee98eb0c2f8e94df426','ConditionCorrectedDesc','FIELD','17e93077b499473d83ba4319080e8037','PolicySupplement_Type','2344631100044813a5126adcfb93e80d','C-255','PRIMITIVE');
INSERT INTO PUBLIC.OBJECT_FIELD_METADATA (ID, NAME, METADATA_TYPE, PARENT_METADATA,PARENT_METADATA_NAME, REFERENCE_METADATA, REFERENCE_METADATA_NAME, REFERENCE_METADATA_TYPE)VALUES('8b1c8349df4641e69af2478ad3b3bab9','OtherLodgingOperationsInd','FIELD','17e93077b499473d83ba4319080e8037','PolicySupplement_Type','4ffb0bcc3ec946d1af3ef883f4c3a4e6','Boolean','PRIMITIVE');
INSERT INTO PUBLIC.OBJECT_FIELD_METADATA (ID, NAME, METADATA_TYPE, PARENT_METADATA,PARENT_METADATA_NAME, REFERENCE_METADATA, REFERENCE_METADATA_NAME, REFERENCE_METADATA_TYPE)VALUES('6d3ef46f5d7a4dd68118f27a253493bd','PriorYearAnnualSalesAmt','MODEL_RELATION','17e93077b499473d83ba4319080e8037','PolicySupplement_Type','4fa89203e94a4637baa0484d19b460c5','CURRENCY','OBJECT');
INSERT INTO PUBLIC.OBJECT_FIELD_METADATA (ID, NAME, METADATA_TYPE, PARENT_METADATA,PARENT_METADATA_NAME, REFERENCE_METADATA, REFERENCE_METADATA_NAME, REFERENCE_METADATA_TYPE)VALUES('9905cdc7c5ee4ae5b5b862d96d6daaa7','CounterSignatureInd','FIELD','17e93077b499473d83ba4319080e8037','PolicySupplement_Type','4ffb0bcc3ec946d1af3ef883f4c3a4e6','Boolean','PRIMITIVE');
INSERT INTO PUBLIC.OBJECT_FIELD_METADATA (ID, NAME, METADATA_TYPE, PARENT_METADATA,PARENT_METADATA_NAME, REFERENCE_METADATA, REFERENCE_METADATA_NAME, REFERENCE_METADATA_TYPE)VALUES('9185405551594275a5a910e3c9f1f6e5','SelfInsuredInd','FIELD','17e93077b499473d83ba4319080e8037','PolicySupplement_Type','4ffb0bcc3ec946d1af3ef883f4c3a4e6','Boolean','PRIMITIVE');
INSERT INTO PUBLIC.OBJECT_FIELD_METADATA (ID, NAME, METADATA_TYPE, PARENT_METADATA,PARENT_METADATA_NAME, REFERENCE_METADATA, REFERENCE_METADATA_NAME, REFERENCE_METADATA_TYPE)VALUES('f945cc05eedd493084a8f05e4a339bdb','TotalPayrollAmt','MODEL_RELATION','17e93077b499473d83ba4319080e8037','PolicySupplement_Type','4fa89203e94a4637baa0484d19b460c5','CURRENCY','OBJECT');
INSERT INTO PUBLIC.OBJECT_FIELD_METADATA (ID, NAME, METADATA_TYPE, PARENT_METADATA,PARENT_METADATA_NAME, REFERENCE_METADATA, REFERENCE_METADATA_NAME, REFERENCE_METADATA_TYPE)VALUES('ea0aab12a8ca48869015715ff451714b','CreditOrSurcharge','MODEL_RELATION','17e93077b499473d83ba4319080e8037','PolicySupplement_Type','ac7618a3e7974e27b3a4f0a5f2a22a98','PCCREDITSURCHARGE','OBJECT');
INSERT INTO PUBLIC.OBJECT_FIELD_METADATA (ID, NAME, METADATA_TYPE, PARENT_METADATA,PARENT_METADATA_NAME, REFERENCE_METADATA, REFERENCE_METADATA_NAME, REFERENCE_METADATA_TYPE)VALUES('c826b490c15949f993f287bce00b8a45','PolicySupplementExt','FIELD','17e93077b499473d83ba4319080e8037','PolicySupplement_Type',null,null,null);
INSERT INTO PUBLIC.OBJECT_FIELD_METADATA (ID, NAME, METADATA_TYPE, PARENT_METADATA,PARENT_METADATA_NAME, REFERENCE_METADATA, REFERENCE_METADATA_NAME, REFERENCE_METADATA_TYPE)VALUES('3767d018a9d749b5b5207c075250a7e3','LengthTimeInBusiness','MODEL_RELATION','17e93077b499473d83ba4319080e8037','PolicySupplement_Type','1df1057b06734b019460d9f8fb0a43b0','MEASUREMENT','OBJECT');
INSERT INTO PUBLIC.OBJECT_FIELD_METADATA (ID, NAME, METADATA_TYPE, PARENT_METADATA,PARENT_METADATA_NAME, REFERENCE_METADATA, REFERENCE_METADATA_NAME, REFERENCE_METADATA_TYPE)VALUES('117f586723ee40fcb5befa98db660fe7','ClaimsMadeInfo','MODEL_RELATION','17e93077b499473d83ba4319080e8037','PolicySupplement_Type','9a886697b8f64399ac2921c9e0c2b766','ClaimsMadeInfo_Type','OBJECT');
INSERT INTO PUBLIC.OBJECT_FIELD_METADATA (ID, NAME, METADATA_TYPE, PARENT_METADATA,PARENT_METADATA_NAME, REFERENCE_METADATA, REFERENCE_METADATA_NAME, REFERENCE_METADATA_TYPE)VALUES('1b1835d1421546dcaeda403672fcaa4a','OSHASafetyProgramInd','FIELD','17e93077b499473d83ba4319080e8037','PolicySupplement_Type','4ffb0bcc3ec946d1af3ef883f4c3a4e6','Boolean','PRIMITIVE');
INSERT INTO PUBLIC.OBJECT_FIELD_METADATA (ID, NAME, METADATA_TYPE, PARENT_METADATA,PARENT_METADATA_NAME, REFERENCE_METADATA, REFERENCE_METADATA_NAME, REFERENCE_METADATA_TYPE)VALUES('becfbb67d37a4c2db1e92315ffb1c584','SubsidiariesCoverageNeededInd','FIELD','17e93077b499473d83ba4319080e8037','PolicySupplement_Type','4ffb0bcc3ec946d1af3ef883f4c3a4e6','Boolean','PRIMITIVE');
INSERT INTO PUBLIC.OBJECT_METADATA (ID, NAME, METADATA_TYPE, REFERENCE_METADATA, REFERENCE_METADATA_NAME) VALUES('3095b98de2e74c9fb7667c0b14471ab3','AffiliationInfo_Type','OBJECT',null,null);
INSERT INTO PUBLIC.OBJECT_FIELD_METADATA (ID, NAME, METADATA_TYPE, PARENT_METADATA,PARENT_METADATA_NAME, REFERENCE_METADATA, REFERENCE_METADATA_NAME, REFERENCE_METADATA_TYPE)VALUES('aec114b57c884f8387f4e1d92b5ebfc4','CommercialName','FIELD','3095b98de2e74c9fb7667c0b14471ab3','AffiliationInfo_Type','2344631100044813a5126adcfb93e80d','C-255','PRIMITIVE');
INSERT INTO PUBLIC.OBJECT_FIELD_METADATA (ID, NAME, METADATA_TYPE, PARENT_METADATA,PARENT_METADATA_NAME, REFERENCE_METADATA, REFERENCE_METADATA_NAME, REFERENCE_METADATA_TYPE)VALUES('87955c2a2c604efaa50dfdbe20627e73','TitleRelationshipCd','FIELD','3095b98de2e74c9fb7667c0b14471ab3','AffiliationInfo_Type','f5e1671ab9224e1da8f2bdb53c9dc398','TitleRelationship','PRIMITIVE');
INSERT INTO PUBLIC.OBJECT_FIELD_METADATA (ID, NAME, METADATA_TYPE, PARENT_METADATA,PARENT_METADATA_NAME, REFERENCE_METADATA, REFERENCE_METADATA_NAME, REFERENCE_METADATA_TYPE)VALUES('5d28ac0700f449129555cf0d14da3834','MiscParty','MODEL_RELATION','3095b98de2e74c9fb7667c0b14471ab3','AffiliationInfo_Type','0a76585a8ae342d897387f29800d50c8','MiscParty_Type','OBJECT');
INSERT INTO PUBLIC.OBJECT_FIELD_METADATA (ID, NAME, METADATA_TYPE, PARENT_METADATA,PARENT_METADATA_NAME, REFERENCE_METADATA, REFERENCE_METADATA_NAME, REFERENCE_METADATA_TYPE)VALUES('7e5c94aad4df45fd9bc497a50428565f','LegalEntityCd','FIELD','3095b98de2e74c9fb7667c0b14471ab3','AffiliationInfo_Type','25eebd863f184232be4964a29df98a0b','LegalEntity','PRIMITIVE');
INSERT INTO PUBLIC.OBJECT_FIELD_METADATA (ID, NAME, METADATA_TYPE, PARENT_METADATA,PARENT_METADATA_NAME, REFERENCE_METADATA, REFERENCE_METADATA_NAME, REFERENCE_METADATA_TYPE)VALUES('bf93a7c6e8564d9ebe220ffb3924bc58','AffiliationInfoExt','FIELD','3095b98de2e74c9fb7667c0b14471ab3','AffiliationInfo_Type',null,null,null);
INSERT INTO PUBLIC.OBJECT_FIELD_METADATA (ID, NAME, METADATA_TYPE, PARENT_METADATA,PARENT_METADATA_NAME, REFERENCE_METADATA, REFERENCE_METADATA_NAME, REFERENCE_METADATA_TYPE)VALUES('fd8cf81ef6b24947833327eea298dd77','AffiliationInfo','MODEL_RELATION','17e93077b499473d83ba4319080e8037','PolicySupplement_Type','3095b98de2e74c9fb7667c0b14471ab3','AffiliationInfo_Type','OBJECT');
INSERT INTO PUBLIC.OBJECT_METADATA (ID, NAME, METADATA_TYPE, REFERENCE_METADATA, REFERENCE_METADATA_NAME) VALUES('682cbba150d94615bfdfdcf9522023b0','AnimalInoculationInfo_Type','OBJECT',null,null);
INSERT INTO PUBLIC.OBJECT_FIELD_METADATA (ID, NAME, METADATA_TYPE, PARENT_METADATA,PARENT_METADATA_NAME, REFERENCE_METADATA, REFERENCE_METADATA_NAME, REFERENCE_METADATA_TYPE)VALUES('f1120e45d7c6438dae56d4a01cd43353','InoculationDt','FIELD','682cbba150d94615bfdfdcf9522023b0','AnimalInoculationInfo_Type','3b0a2ca6cf3a4fb19718e35aa60287cd','Date','PRIMITIVE');
INSERT INTO PUBLIC.OBJECT_FIELD_METADATA (ID, NAME, METADATA_TYPE, PARENT_METADATA,PARENT_METADATA_NAME, REFERENCE_METADATA, REFERENCE_METADATA_NAME, REFERENCE_METADATA_TYPE)VALUES('f40fae38260746f7ab8d25da3d647f06','InoculationDesc','FIELD','682cbba150d94615bfdfdcf9522023b0','AnimalInoculationInfo_Type','2344631100044813a5126adcfb93e80d','C-255','PRIMITIVE');
INSERT INTO PUBLIC.OBJECT_FIELD_METADATA (ID, NAME, METADATA_TYPE, PARENT_METADATA,PARENT_METADATA_NAME, REFERENCE_METADATA, REFERENCE_METADATA_NAME, REFERENCE_METADATA_TYPE)VALUES('78fdca47194f4bdb8c1aacae93687001','AnimalInoculationInfoExt','FIELD','682cbba150d94615bfdfdcf9522023b0','AnimalInoculationInfo_Type',null,null,null);
INSERT INTO PUBLIC.OBJECT_FIELD_METADATA (ID, NAME, METADATA_TYPE, PARENT_METADATA,PARENT_METADATA_NAME, REFERENCE_METADATA, REFERENCE_METADATA_NAME, REFERENCE_METADATA_TYPE)VALUES('c553f42d75ab4f0b9d55c72a9c217fc7','AnimalInoculationInfo','MODEL_RELATION','17e93077b499473d83ba4319080e8037','PolicySupplement_Type','682cbba150d94615bfdfdcf9522023b0','AnimalInoculationInfo_Type','OBJECT');
INSERT INTO PUBLIC.OBJECT_FIELD_METADATA (ID, NAME, METADATA_TYPE, PARENT_METADATA,PARENT_METADATA_NAME, REFERENCE_METADATA, REFERENCE_METADATA_NAME, REFERENCE_METADATA_TYPE)VALUES('3c17b9eb6eac4fd19649538596ac35a2','PolicyProgramName','FIELD','17e93077b499473d83ba4319080e8037','PolicySupplement_Type','4aa23ceca9374701b7716d432173c7c2','C-50','PRIMITIVE');
INSERT INTO PUBLIC.OBJECT_FIELD_METADATA (ID, NAME, METADATA_TYPE, PARENT_METADATA,PARENT_METADATA_NAME, REFERENCE_METADATA, REFERENCE_METADATA_NAME, REFERENCE_METADATA_TYPE)VALUES('3ea5c3b417794d4c8d1dde37f631f594','ProposedRetroactiveDt','FIELD','17e93077b499473d83ba4319080e8037','PolicySupplement_Type','3b0a2ca6cf3a4fb19718e35aa60287cd','Date','PRIMITIVE');
INSERT INTO PUBLIC.OBJECT_FIELD_METADATA (ID, NAME, METADATA_TYPE, PARENT_METADATA,PARENT_METADATA_NAME, REFERENCE_METADATA, REFERENCE_METADATA_NAME, REFERENCE_METADATA_TYPE)VALUES('57bacc4a55424680984e070a5302fea6','MonthlySafetyMeetingInd','FIELD','17e93077b499473d83ba4319080e8037','PolicySupplement_Type','4ffb0bcc3ec946d1af3ef883f4c3a4e6','Boolean','PRIMITIVE');
INSERT INTO PUBLIC.OBJECT_FIELD_METADATA (ID, NAME, METADATA_TYPE, PARENT_METADATA,PARENT_METADATA_NAME, REFERENCE_METADATA, REFERENCE_METADATA_NAME, REFERENCE_METADATA_TYPE)VALUES('c36a3b5e86e84e729b2ee7eb19063d14','ReportingPeriodCd','FIELD','17e93077b499473d83ba4319080e8037','PolicySupplement_Type','90030f3dd02843e3b982684d2bd6039d','Frequency','PRIMITIVE');
INSERT INTO PUBLIC.OBJECT_FIELD_METADATA (ID, NAME, METADATA_TYPE, PARENT_METADATA,PARENT_METADATA_NAME, REFERENCE_METADATA, REFERENCE_METADATA_NAME, REFERENCE_METADATA_TYPE)VALUES('b8910401d2a54e988a86624ffa755619','AuditInd','FIELD','17e93077b499473d83ba4319080e8037','PolicySupplement_Type','4ffb0bcc3ec946d1af3ef883f4c3a4e6','Boolean','PRIMITIVE');
INSERT INTO PUBLIC.OBJECT_FIELD_METADATA (ID, NAME, METADATA_TYPE, PARENT_METADATA,PARENT_METADATA_NAME, REFERENCE_METADATA, REFERENCE_METADATA_NAME, REFERENCE_METADATA_TYPE)VALUES('d564e25a50fb44ef918ee1fb36174fb6','PriorYearTotalPayrollAmt','MODEL_RELATION','17e93077b499473d83ba4319080e8037','PolicySupplement_Type','4fa89203e94a4637baa0484d19b460c5','CURRENCY','OBJECT');
INSERT INTO PUBLIC.OBJECT_FIELD_METADATA (ID, NAME, METADATA_TYPE, PARENT_METADATA,PARENT_METADATA_NAME, REFERENCE_METADATA, REFERENCE_METADATA_NAME, REFERENCE_METADATA_TYPE)VALUES('65c9e83d474d47e5992adf27f86d5c92','NumEmployees','FIELD','17e93077b499473d83ba4319080e8037','PolicySupplement_Type','838cab4e48a54d0bb23ca5ea9db454ab','Long','PRIMITIVE');
INSERT INTO PUBLIC.OBJECT_FIELD_METADATA (ID, NAME, METADATA_TYPE, PARENT_METADATA,PARENT_METADATA_NAME, REFERENCE_METADATA, REFERENCE_METADATA_NAME, REFERENCE_METADATA_TYPE)VALUES('fb1053a0bd2a42aebcac8eaa1ebdadf4','CancelReasonCd','FIELD','17e93077b499473d83ba4319080e8037','PolicySupplement_Type','f4f7898c87294ea5a0dedae46bfe3fd0','CancellationReason','PRIMITIVE');
INSERT INTO PUBLIC.OBJECT_FIELD_METADATA (ID, NAME, METADATA_TYPE, PARENT_METADATA,PARENT_METADATA_NAME, REFERENCE_METADATA, REFERENCE_METADATA_NAME, REFERENCE_METADATA_TYPE)VALUES('dd21e79e99304a98983636f7751db281','OtherSafetyProgramInd','FIELD','17e93077b499473d83ba4319080e8037','PolicySupplement_Type','4ffb0bcc3ec946d1af3ef883f4c3a4e6','Boolean','PRIMITIVE');
INSERT INTO PUBLIC.OBJECT_FIELD_METADATA (ID, NAME, METADATA_TYPE, PARENT_METADATA,PARENT_METADATA_NAME, REFERENCE_METADATA, REFERENCE_METADATA_NAME, REFERENCE_METADATA_TYPE)VALUES('c663f0ccf3204f55900976c6bbc0e154','SafetyManualInd','FIELD','17e93077b499473d83ba4319080e8037','PolicySupplement_Type','4ffb0bcc3ec946d1af3ef883f4c3a4e6','Boolean','PRIMITIVE');
INSERT INTO PUBLIC.OBJECT_FIELD_METADATA (ID, NAME, METADATA_TYPE, PARENT_METADATA,PARENT_METADATA_NAME, REFERENCE_METADATA, REFERENCE_METADATA_NAME, REFERENCE_METADATA_TYPE)VALUES('4d419b8deb9d4ed2b12fe3738fc83de2','SafetyPositionInd','FIELD','17e93077b499473d83ba4319080e8037','PolicySupplement_Type','4ffb0bcc3ec946d1af3ef883f4c3a4e6','Boolean','PRIMITIVE');
INSERT INTO PUBLIC.OBJECT_FIELD_METADATA (ID, NAME, METADATA_TYPE, PARENT_METADATA,PARENT_METADATA_NAME, REFERENCE_METADATA, REFERENCE_METADATA_NAME, REFERENCE_METADATA_TYPE)VALUES('a23d57acdcea49fbbe5437c390081089','ConditionCorrectedInd','FIELD','17e93077b499473d83ba4319080e8037','PolicySupplement_Type','4ffb0bcc3ec946d1af3ef883f4c3a4e6','Boolean','PRIMITIVE');
INSERT INTO PUBLIC.OBJECT_FIELD_METADATA (ID, NAME, METADATA_TYPE, PARENT_METADATA,PARENT_METADATA_NAME, REFERENCE_METADATA, REFERENCE_METADATA_NAME, REFERENCE_METADATA_TYPE)VALUES('1342ae053d9541b3967bd978a6841734','PolicyTypeCd','FIELD','17e93077b499473d83ba4319080e8037','PolicySupplement_Type','cf5a77523e8f4cccbdb97be5a12c28c4','PolicyType','PRIMITIVE');
INSERT INTO PUBLIC.OBJECT_FIELD_METADATA (ID, NAME, METADATA_TYPE, PARENT_METADATA,PARENT_METADATA_NAME, REFERENCE_METADATA, REFERENCE_METADATA_NAME, REFERENCE_METADATA_TYPE)VALUES('4c21a02af1c4465aad2b0a22416637d3','SubsidiariesNatureBusinessCd','FIELD','17e93077b499473d83ba4319080e8037','PolicySupplement_Type','a07a536c272c4ea1934fc7fd560836c1','NatureOfBusiness','PRIMITIVE');
INSERT INTO PUBLIC.OBJECT_FIELD_METADATA (ID, NAME, METADATA_TYPE, PARENT_METADATA,PARENT_METADATA_NAME, REFERENCE_METADATA, REFERENCE_METADATA_NAME, REFERENCE_METADATA_TYPE)VALUES('d776afdf9edc4772bec41315fea5528d','CommlParentOrSubsidiaryInfo','MODEL_RELATION','17e93077b499473d83ba4319080e8037','PolicySupplement_Type','62dea0ed551148eb87d11648581244f4','CommlParentOrSubsidiaryInfo_Type','OBJECT');
INSERT INTO PUBLIC.PRIMITIVE_METADATA (ID, NAME, METADATA_TYPE) VALUES('64da079953004da3ba34b68e5485e87e','FarmRanchType','PRIMITIVE');
INSERT INTO PUBLIC.OBJECT_FIELD_METADATA (ID, NAME, METADATA_TYPE, PARENT_METADATA,PARENT_METADATA_NAME, REFERENCE_METADATA, REFERENCE_METADATA_NAME, REFERENCE_METADATA_TYPE)VALUES('ccb0d05fc75a4f2985984969394a3eed','FarmRanchTypeCd','FIELD','17e93077b499473d83ba4319080e8037','PolicySupplement_Type','64da079953004da3ba34b68e5485e87e','FarmRanchType','PRIMITIVE');
INSERT INTO PUBLIC.OBJECT_FIELD_METADATA (ID, NAME, METADATA_TYPE, PARENT_METADATA,PARENT_METADATA_NAME, REFERENCE_METADATA, REFERENCE_METADATA_NAME, REFERENCE_METADATA_TYPE)VALUES('924c7efe26154f3da71e407e4d8fdbc4','PolicySupplement','MODEL_RELATION','a8485aa8f7a7481b8828e638330f5291','Policy_Type','17e93077b499473d83ba4319080e8037','PolicySupplement_Type','OBJECT');
INSERT INTO PUBLIC.OBJECT_FIELD_METADATA (ID, NAME, METADATA_TYPE, PARENT_METADATA,PARENT_METADATA_NAME, REFERENCE_METADATA, REFERENCE_METADATA_NAME, REFERENCE_METADATA_TYPE)VALUES('a0f39cf9587d4f01810d68058f720c88','MailingResponsibiltyCd','FIELD','a8485aa8f7a7481b8828e638330f5291','Policy_Type','afa07b42985348ddb7ae5fca68209c53','OrganizationIdentifier','PRIMITIVE');
INSERT INTO PUBLIC.OBJECT_METADATA (ID, NAME, METADATA_TYPE, REFERENCE_METADATA, REFERENCE_METADATA_NAME) VALUES('02dfb075730c4c288654f56e4f6df6ec','BoilerMachineryLineBusiness_Type','MODEL',null,null);
INSERT INTO PUBLIC.OBJECT_FIELD_METADATA (ID, NAME, METADATA_TYPE, PARENT_METADATA,PARENT_METADATA_NAME, REFERENCE_METADATA, REFERENCE_METADATA_NAME, REFERENCE_METADATA_TYPE)VALUES('ef493a3fa1f44406ae6ffe6335249329','WrittenAmt','MODEL_RELATION','02dfb075730c4c288654f56e4f6df6ec','BoilerMachineryLineBusiness_Type','4fa89203e94a4637baa0484d19b460c5','CURRENCY','OBJECT');
INSERT INTO PUBLIC.OBJECT_FIELD_METADATA (ID, NAME, METADATA_TYPE, PARENT_METADATA,PARENT_METADATA_NAME, REFERENCE_METADATA, REFERENCE_METADATA_NAME, REFERENCE_METADATA_TYPE)VALUES('1840c612140c46d39fa8ead835daca6a','AdditionalInterest','MODEL_RELATION','02dfb075730c4c288654f56e4f6df6ec','BoilerMachineryLineBusiness_Type','23a83d5912a54d0ca9b4669826684442','AdditionalInterest_Type','OBJECT');
INSERT INTO PUBLIC.OBJECT_FIELD_METADATA (ID, NAME, METADATA_TYPE, PARENT_METADATA,PARENT_METADATA_NAME, REFERENCE_METADATA, REFERENCE_METADATA_NAME, REFERENCE_METADATA_TYPE)VALUES('db4ac2d605af4e6ab9eba0eb652db743','AuditInfo','MODEL_RELATION','02dfb075730c4c288654f56e4f6df6ec','BoilerMachineryLineBusiness_Type','cafd893cc1ec4101a8df78b1c1a8c82e','AuditInfo_Type','OBJECT');
INSERT INTO PUBLIC.OBJECT_FIELD_METADATA (ID, NAME, METADATA_TYPE, PARENT_METADATA,PARENT_METADATA_NAME, REFERENCE_METADATA, REFERENCE_METADATA_NAME, REFERENCE_METADATA_TYPE)VALUES('10785810a0034ed0a09b7479ca306ef5','MinPremInd','FIELD','02dfb075730c4c288654f56e4f6df6ec','BoilerMachineryLineBusiness_Type','4ffb0bcc3ec946d1af3ef883f4c3a4e6','Boolean','PRIMITIVE');
INSERT INTO PUBLIC.OBJECT_FIELD_METADATA (ID, NAME, METADATA_TYPE, PARENT_METADATA,PARENT_METADATA_NAME, REFERENCE_METADATA, REFERENCE_METADATA_NAME, REFERENCE_METADATA_TYPE)VALUES('7c26fab05cf246b9a3e58148f1a97f51','Form','MODEL_RELATION','02dfb075730c4c288654f56e4f6df6ec','BoilerMachineryLineBusiness_Type','a54486c19cc9402197e0027f1d2fa2a9','Form_Type','OBJECT');
INSERT INTO PUBLIC.OBJECT_FIELD_METADATA (ID, NAME, METADATA_TYPE, PARENT_METADATA,PARENT_METADATA_NAME, REFERENCE_METADATA, REFERENCE_METADATA_NAME, REFERENCE_METADATA_TYPE)VALUES('c8a43b8dbf534e909bbdf2bf72e22215','HazardGradeInfo','MODEL_RELATION','02dfb075730c4c288654f56e4f6df6ec','BoilerMachineryLineBusiness_Type','27cb6123ae2a4e5da40275f0c5716a86','HazardGradeInfo_Type','OBJECT');
INSERT INTO PUBLIC.OBJECT_FIELD_METADATA (ID, NAME, METADATA_TYPE, PARENT_METADATA,PARENT_METADATA_NAME, REFERENCE_METADATA, REFERENCE_METADATA_NAME, REFERENCE_METADATA_TYPE)VALUES('b5e647202afc419396ecfc436f337cd8','NetChangeAmt','MODEL_RELATION','02dfb075730c4c288654f56e4f6df6ec','BoilerMachineryLineBusiness_Type','4fa89203e94a4637baa0484d19b460c5','CURRENCY','OBJECT');
INSERT INTO PUBLIC.OBJECT_FIELD_METADATA (ID, NAME, METADATA_TYPE, PARENT_METADATA,PARENT_METADATA_NAME, REFERENCE_METADATA, REFERENCE_METADATA_NAME, REFERENCE_METADATA_TYPE)VALUES('35870f65edba4ac88a79090efe303814','MinPremAmt','MODEL_RELATION','02dfb075730c4c288654f56e4f6df6ec','BoilerMachineryLineBusiness_Type','4fa89203e94a4637baa0484d19b460c5','CURRENCY','OBJECT');
INSERT INTO PUBLIC.OBJECT_FIELD_METADATA (ID, NAME, METADATA_TYPE, PARENT_METADATA,PARENT_METADATA_NAME, REFERENCE_METADATA, REFERENCE_METADATA_NAME, REFERENCE_METADATA_TYPE)VALUES('4956ceb411c342d59bda192f58f9016f','Coverage','MODEL_RELATION','02dfb075730c4c288654f56e4f6df6ec','BoilerMachineryLineBusiness_Type','d0675b4bbe674c1fa08297c27c3cb675','Coverage_Type','OBJECT');
INSERT INTO PUBLIC.OBJECT_FIELD_METADATA (ID, NAME, METADATA_TYPE, PARENT_METADATA,PARENT_METADATA_NAME, REFERENCE_METADATA, REFERENCE_METADATA_NAME, REFERENCE_METADATA_TYPE)VALUES('d50d816a11c04cb48fa89c3bce72aed8','CurrentTermAmt','MODEL_RELATION','02dfb075730c4c288654f56e4f6df6ec','BoilerMachineryLineBusiness_Type','4fa89203e94a4637baa0484d19b460c5','CURRENCY','OBJECT');
INSERT INTO PUBLIC.OBJECT_FIELD_METADATA (ID, NAME, METADATA_TYPE, PARENT_METADATA,PARENT_METADATA_NAME, REFERENCE_METADATA, REFERENCE_METADATA_NAME, REFERENCE_METADATA_TYPE)VALUES('c6a0d335bcea482c9b6358d4341243ed','BoilerMachineryInfo','MODEL_RELATION','02dfb075730c4c288654f56e4f6df6ec','BoilerMachineryLineBusiness_Type','31033c32203a4e3aaefa40b751893fc9','BoilerMachineryInfo_Type','OBJECT');
INSERT INTO PUBLIC.OBJECT_FIELD_METADATA (ID, NAME, METADATA_TYPE, PARENT_METADATA,PARENT_METADATA_NAME, REFERENCE_METADATA, REFERENCE_METADATA_NAME, REFERENCE_METADATA_TYPE)VALUES('ce74d1e14b64423ea7784cdc7340e80a','CompanyProductCd','FIELD','02dfb075730c4c288654f56e4f6df6ec','BoilerMachineryLineBusiness_Type','6240ce877a244a73a1253961131c6cc9','IndustryCode_Type','PRIMITIVE');
INSERT INTO PUBLIC.OBJECT_FIELD_METADATA (ID, NAME, METADATA_TYPE, PARENT_METADATA,PARENT_METADATA_NAME, REFERENCE_METADATA, REFERENCE_METADATA_NAME, REFERENCE_METADATA_TYPE)VALUES('f8692f3112314d58a5160dfa5313cfa6','PMACd','FIELD','02dfb075730c4c288654f56e4f6df6ec','BoilerMachineryLineBusiness_Type','6240ce877a244a73a1253961131c6cc9','IndustryCode_Type','PRIMITIVE');
INSERT INTO PUBLIC.OBJECT_FIELD_METADATA (ID, NAME, METADATA_TYPE, PARENT_METADATA,PARENT_METADATA_NAME, REFERENCE_METADATA, REFERENCE_METADATA_NAME, REFERENCE_METADATA_TYPE)VALUES('19491c7ceac44f49ba9a604156ed2a70','LOBSubCd','FIELD','02dfb075730c4c288654f56e4f6df6ec','BoilerMachineryLineBusiness_Type','8376159ebcf44685b36391928a67e333','LineOfBusinessSubCode','PRIMITIVE');
INSERT INTO PUBLIC.OBJECT_FIELD_METADATA (ID, NAME, METADATA_TYPE, PARENT_METADATA,PARENT_METADATA_NAME, REFERENCE_METADATA, REFERENCE_METADATA_NAME, REFERENCE_METADATA_TYPE)VALUES('24ee5835c0184edfb54a4eb3b479f638','GroupId','FIELD','02dfb075730c4c288654f56e4f6df6ec','BoilerMachineryLineBusiness_Type','3da4bbbc6bf44d5f941e647b8e8408dc','AssignedIdentifier','PRIMITIVE');
INSERT INTO PUBLIC.OBJECT_FIELD_METADATA (ID, NAME, METADATA_TYPE, PARENT_METADATA,PARENT_METADATA_NAME, REFERENCE_METADATA, REFERENCE_METADATA_NAME, REFERENCE_METADATA_TYPE)VALUES('2599b81ecf6a4908971cec5926405112','CommlCoverage','MODEL_RELATION','02dfb075730c4c288654f56e4f6df6ec','BoilerMachineryLineBusiness_Type','d0675b4bbe674c1fa08297c27c3cb675','Coverage_Type','OBJECT');
INSERT INTO PUBLIC.OBJECT_FIELD_METADATA (ID, NAME, METADATA_TYPE, PARENT_METADATA,PARENT_METADATA_NAME, REFERENCE_METADATA, REFERENCE_METADATA_NAME, REFERENCE_METADATA_TYPE)VALUES('6579e9f57ec84fbfa9eabc86948e75d3','CoverageAvailable','MODEL_RELATION','02dfb075730c4c288654f56e4f6df6ec','BoilerMachineryLineBusiness_Type','d0675b4bbe674c1fa08297c27c3cb675','Coverage_Type','OBJECT');
INSERT INTO PUBLIC.OBJECT_FIELD_METADATA (ID, NAME, METADATA_TYPE, PARENT_METADATA,PARENT_METADATA_NAME, REFERENCE_METADATA, REFERENCE_METADATA_NAME, REFERENCE_METADATA_TYPE)VALUES('5ab3e73b53e740b28e83b5b00b3c6393','LOBCd','FIELD','02dfb075730c4c288654f56e4f6df6ec','BoilerMachineryLineBusiness_Type','3b75decf3cfc42c496d4405220659cf0','LineOfBusiness','PRIMITIVE');
INSERT INTO PUBLIC.OBJECT_FIELD_METADATA (ID, NAME, METADATA_TYPE, PARENT_METADATA,PARENT_METADATA_NAME, REFERENCE_METADATA, REFERENCE_METADATA_NAME, REFERENCE_METADATA_TYPE)VALUES('5b8d33df073a4713906801be928fdc3c','HazardGradeCd','FIELD','02dfb075730c4c288654f56e4f6df6ec','BoilerMachineryLineBusiness_Type','6240ce877a244a73a1253961131c6cc9','IndustryCode_Type','PRIMITIVE');
INSERT INTO PUBLIC.OBJECT_FIELD_METADATA (ID, NAME, METADATA_TYPE, PARENT_METADATA,PARENT_METADATA_NAME, REFERENCE_METADATA, REFERENCE_METADATA_NAME, REFERENCE_METADATA_TYPE)VALUES('f7ff2f5df313491d9288fb586d235b12','RateEffectiveDt','FIELD','02dfb075730c4c288654f56e4f6df6ec','BoilerMachineryLineBusiness_Type','3b0a2ca6cf3a4fb19718e35aa60287cd','Date','PRIMITIVE');
INSERT INTO PUBLIC.OBJECT_FIELD_METADATA (ID, NAME, METADATA_TYPE, PARENT_METADATA,PARENT_METADATA_NAME, REFERENCE_METADATA, REFERENCE_METADATA_NAME, REFERENCE_METADATA_TYPE)VALUES('47bb92407a4b497d9e3895b74ded8e3d','ModelYear','FIELD','02dfb075730c4c288654f56e4f6df6ec','BoilerMachineryLineBusiness_Type','838cab4e48a54d0bb23ca5ea9db454ab','Long','PRIMITIVE');
INSERT INTO PUBLIC.OBJECT_FIELD_METADATA (ID, NAME, METADATA_TYPE, PARENT_METADATA,PARENT_METADATA_NAME, REFERENCE_METADATA, REFERENCE_METADATA_NAME, REFERENCE_METADATA_TYPE)VALUES('b99d93188f4b451590c99262203123fd','BoilerMachineryLineBusinessExt','FIELD','02dfb075730c4c288654f56e4f6df6ec','BoilerMachineryLineBusiness_Type',null,null,null);
INSERT INTO PUBLIC.OBJECT_FIELD_METADATA (ID, NAME, METADATA_TYPE, PARENT_METADATA,PARENT_METADATA_NAME, REFERENCE_METADATA, REFERENCE_METADATA_NAME, REFERENCE_METADATA_TYPE)VALUES('f61ac39a2f0a45f4a79359bef4893e18','QuestionAnswer','MODEL_RELATION','02dfb075730c4c288654f56e4f6df6ec','BoilerMachineryLineBusiness_Type','152fefd4f3054b68b490c1af5c9c284c','QuestionAnswer_Type','OBJECT');
INSERT INTO PUBLIC.OBJECT_FIELD_METADATA (ID, NAME, METADATA_TYPE, PARENT_METADATA,PARENT_METADATA_NAME, REFERENCE_METADATA, REFERENCE_METADATA_NAME, REFERENCE_METADATA_TYPE)VALUES('6b22de68b0354a118a048a059b054089','NAICCd','FIELD','02dfb075730c4c288654f56e4f6df6ec','BoilerMachineryLineBusiness_Type','6240ce877a244a73a1253961131c6cc9','IndustryCode_Type','PRIMITIVE');
INSERT INTO PUBLIC.OBJECT_FIELD_METADATA (ID, NAME, METADATA_TYPE, PARENT_METADATA,PARENT_METADATA_NAME, REFERENCE_METADATA, REFERENCE_METADATA_NAME, REFERENCE_METADATA_TYPE)VALUES('976f6ac316894d81b6f2661fe4bbfdb9','BoilerMachineryLineBusiness','MODEL_RELATION','a8485aa8f7a7481b8828e638330f5291','Policy_Type','02dfb075730c4c288654f56e4f6df6ec','BoilerMachineryLineBusiness_Type','MODEL');
INSERT INTO PUBLIC.OBJECT_FIELD_METADATA (ID, NAME, METADATA_TYPE, PARENT_METADATA,PARENT_METADATA_NAME, REFERENCE_METADATA, REFERENCE_METADATA_NAME, REFERENCE_METADATA_TYPE)VALUES('d8ef89cf69024f57bf97cf7fff374cca','PrintedDocumentsRequestedInd','FIELD','a8485aa8f7a7481b8828e638330f5291','Policy_Type','4ffb0bcc3ec946d1af3ef883f4c3a4e6','Boolean','PRIMITIVE');
INSERT INTO PUBLIC.OBJECT_FIELD_METADATA (ID, NAME, METADATA_TYPE, PARENT_METADATA,PARENT_METADATA_NAME, REFERENCE_METADATA, REFERENCE_METADATA_NAME, REFERENCE_METADATA_TYPE)VALUES('9d963135c3774c75903a1022385712a2','CompleteFormListInd','FIELD','a8485aa8f7a7481b8828e638330f5291','Policy_Type','4ffb0bcc3ec946d1af3ef883f4c3a4e6','Boolean','PRIMITIVE');
INSERT INTO PUBLIC.OBJECT_FIELD_METADATA (ID, NAME, METADATA_TYPE, PARENT_METADATA,PARENT_METADATA_NAME, REFERENCE_METADATA, REFERENCE_METADATA_NAME, REFERENCE_METADATA_TYPE)VALUES('e1ac1e71083947f3a2fa3a038eb946fe','NumLossesYrs','FIELD','a8485aa8f7a7481b8828e638330f5291','Policy_Type','838cab4e48a54d0bb23ca5ea9db454ab','Long','PRIMITIVE');
INSERT INTO PUBLIC.OBJECT_FIELD_METADATA (ID, NAME, METADATA_TYPE, PARENT_METADATA,PARENT_METADATA_NAME, REFERENCE_METADATA, REFERENCE_METADATA_NAME, REFERENCE_METADATA_TYPE)VALUES('5712378e62634b94a573392821934f1b','LOBSubCd','FIELD','a8485aa8f7a7481b8828e638330f5291','Policy_Type','8376159ebcf44685b36391928a67e333','LineOfBusinessSubCode','PRIMITIVE');
INSERT INTO PUBLIC.OBJECT_FIELD_METADATA (ID, NAME, METADATA_TYPE, PARENT_METADATA,PARENT_METADATA_NAME, REFERENCE_METADATA, REFERENCE_METADATA_NAME, REFERENCE_METADATA_TYPE)VALUES('2c10fb6623154596b939c18da7ca60ad','LOBCd','FIELD','a8485aa8f7a7481b8828e638330f5291','Policy_Type','3b75decf3cfc42c496d4405220659cf0','LineOfBusiness','PRIMITIVE');
INSERT INTO PUBLIC.OBJECT_FIELD_METADATA (ID, NAME, METADATA_TYPE, PARENT_METADATA,PARENT_METADATA_NAME, REFERENCE_METADATA, REFERENCE_METADATA_NAME, REFERENCE_METADATA_TYPE)VALUES('ae48c763ba004e22bf991e168c904f0f','LanguageCd','FIELD','a8485aa8f7a7481b8828e638330f5291','Policy_Type','6240ce877a244a73a1253961131c6cc9','IndustryCode_Type','PRIMITIVE');
INSERT INTO PUBLIC.OBJECT_METADATA (ID, NAME, METADATA_TYPE, REFERENCE_METADATA, REFERENCE_METADATA_NAME) VALUES('a2b21d403cc74d10ae1cdeaffd2085c1','Producer_Type','OBJECT',null,null);
INSERT INTO PUBLIC.OBJECT_METADATA (ID, NAME, METADATA_TYPE, REFERENCE_METADATA, REFERENCE_METADATA_NAME) VALUES('5fc649f9faa846ae958a00657d79106d','ProducerInfo_Type','OBJECT',null,null);
INSERT INTO PUBLIC.OBJECT_FIELD_METADATA (ID, NAME, METADATA_TYPE, PARENT_METADATA,PARENT_METADATA_NAME, REFERENCE_METADATA, REFERENCE_METADATA_NAME, REFERENCE_METADATA_TYPE)VALUES('92f8f4ef135b4694bca8897399902051','ContractNumber','FIELD','5fc649f9faa846ae958a00657d79106d','ProducerInfo_Type','dca96396670d4a49979b33da4c247da3','C-20','PRIMITIVE');
INSERT INTO PUBLIC.PRIMITIVE_METADATA (ID, NAME, METADATA_TYPE) VALUES('507014f3187e4824bf7e1f18b5e26414','C-100','PRIMITIVE');
INSERT INTO PUBLIC.OBJECT_FIELD_METADATA (ID, NAME, METADATA_TYPE, PARENT_METADATA,PARENT_METADATA_NAME, REFERENCE_METADATA, REFERENCE_METADATA_NAME, REFERENCE_METADATA_TYPE)VALUES('65c58aa4ed654edaa45068bcc4b2914f','PlacingOffice','FIELD','5fc649f9faa846ae958a00657d79106d','ProducerInfo_Type','507014f3187e4824bf7e1f18b5e26414','C-100','PRIMITIVE');
INSERT INTO PUBLIC.OBJECT_FIELD_METADATA (ID, NAME, METADATA_TYPE, PARENT_METADATA,PARENT_METADATA_NAME, REFERENCE_METADATA, REFERENCE_METADATA_NAME, REFERENCE_METADATA_TYPE)VALUES('e98636b499fc4513bedc5d15b6c4d1d4','RiskParticipationPct','FIELD','5fc649f9faa846ae958a00657d79106d','ProducerInfo_Type','d68704d271534c0a935a3012147640c4','PercentDecimal','PRIMITIVE');
INSERT INTO PUBLIC.OBJECT_FIELD_METADATA (ID, NAME, METADATA_TYPE, PARENT_METADATA,PARENT_METADATA_NAME, REFERENCE_METADATA, REFERENCE_METADATA_NAME, REFERENCE_METADATA_TYPE)VALUES('5641d5b4118c4b5c90d693b9a7e48188','AccountYear','FIELD','5fc649f9faa846ae958a00657d79106d','ProducerInfo_Type','7c9113946db7435cb0053de34c768997','Year','PRIMITIVE');
INSERT INTO PUBLIC.PRIMITIVE_METADATA (ID, NAME, METADATA_TYPE) VALUES('709f7bfee62d48d3923c26da80af6a8d','C-8','PRIMITIVE');
INSERT INTO PUBLIC.OBJECT_FIELD_METADATA (ID, NAME, METADATA_TYPE, PARENT_METADATA,PARENT_METADATA_NAME, REFERENCE_METADATA, REFERENCE_METADATA_NAME, REFERENCE_METADATA_TYPE)VALUES('355a4f69b6924f96bff0980e8d5bb907','ProducerSubCode','FIELD','5fc649f9faa846ae958a00657d79106d','ProducerInfo_Type','709f7bfee62d48d3923c26da80af6a8d','C-8','PRIMITIVE');
INSERT INTO PUBLIC.OBJECT_FIELD_METADATA (ID, NAME, METADATA_TYPE, PARENT_METADATA,PARENT_METADATA_NAME, REFERENCE_METADATA, REFERENCE_METADATA_NAME, REFERENCE_METADATA_TYPE)VALUES('06c1394b84e14c5da6efd2027b4726a3','StateProducerId','FIELD','5fc649f9faa846ae958a00657d79106d','ProducerInfo_Type','3da4bbbc6bf44d5f941e647b8e8408dc','AssignedIdentifier','PRIMITIVE');
INSERT INTO PUBLIC.OBJECT_FIELD_METADATA (ID, NAME, METADATA_TYPE, PARENT_METADATA,PARENT_METADATA_NAME, REFERENCE_METADATA, REFERENCE_METADATA_NAME, REFERENCE_METADATA_TYPE)VALUES('3d5392e48e0245988bf25a92d98bbb02','License','MODEL_RELATION','5fc649f9faa846ae958a00657d79106d','ProducerInfo_Type','26830fc57f3f47558bfb7444c2e52e23','License_Type','OBJECT');
INSERT INTO PUBLIC.OBJECT_FIELD_METADATA (ID, NAME, METADATA_TYPE, PARENT_METADATA,PARENT_METADATA_NAME, REFERENCE_METADATA, REFERENCE_METADATA_NAME, REFERENCE_METADATA_TYPE)VALUES('fdb48dbe94f140f3ab4bec33232bbdf4','FieldOfficeCd','FIELD','5fc649f9faa846ae958a00657d79106d','ProducerInfo_Type','6240ce877a244a73a1253961131c6cc9','IndustryCode_Type','PRIMITIVE');
INSERT INTO PUBLIC.OBJECT_FIELD_METADATA (ID, NAME, METADATA_TYPE, PARENT_METADATA,PARENT_METADATA_NAME, REFERENCE_METADATA, REFERENCE_METADATA_NAME, REFERENCE_METADATA_TYPE)VALUES('0c729ac9efba4e0582df65b2c1c98ebd','ProducerInfoExt','FIELD','5fc649f9faa846ae958a00657d79106d','ProducerInfo_Type',null,null,null);
INSERT INTO PUBLIC.OBJECT_FIELD_METADATA (ID, NAME, METADATA_TYPE, PARENT_METADATA,PARENT_METADATA_NAME, REFERENCE_METADATA, REFERENCE_METADATA_NAME, REFERENCE_METADATA_TYPE)VALUES('7da6f48e748c4b2ea3c1ccf376c08e27','ContractTerm','MODEL_RELATION','5fc649f9faa846ae958a00657d79106d','ProducerInfo_Type','2ba28904532b44bfb94bb9bca9b86a8a','DURATION','OBJECT');
INSERT INTO PUBLIC.OBJECT_FIELD_METADATA (ID, NAME, METADATA_TYPE, PARENT_METADATA,PARENT_METADATA_NAME, REFERENCE_METADATA, REFERENCE_METADATA_NAME, REFERENCE_METADATA_TYPE)VALUES('ee3daddec8844b7dba9da90833f3202a','NIPRId','FIELD','5fc649f9faa846ae958a00657d79106d','ProducerInfo_Type','3da4bbbc6bf44d5f941e647b8e8408dc','AssignedIdentifier','PRIMITIVE');
INSERT INTO PUBLIC.PRIMITIVE_METADATA (ID, NAME, METADATA_TYPE) VALUES('5c27044910494f9aba749dddc3a28d98','ProducerRole','PRIMITIVE');
INSERT INTO PUBLIC.OBJECT_FIELD_METADATA (ID, NAME, METADATA_TYPE, PARENT_METADATA,PARENT_METADATA_NAME, REFERENCE_METADATA, REFERENCE_METADATA_NAME, REFERENCE_METADATA_TYPE)VALUES('9b03689f786848949665ab2b3a7b3c30','ProducerRoleCd','FIELD','5fc649f9faa846ae958a00657d79106d','ProducerInfo_Type','5c27044910494f9aba749dddc3a28d98','ProducerRole','PRIMITIVE');
INSERT INTO PUBLIC.OBJECT_FIELD_METADATA (ID, NAME, METADATA_TYPE, PARENT_METADATA,PARENT_METADATA_NAME, REFERENCE_METADATA, REFERENCE_METADATA_NAME, REFERENCE_METADATA_TYPE)VALUES('025e60f367bf42199cc39beffd1dc81c','ProducerInfo','MODEL_RELATION','a2b21d403cc74d10ae1cdeaffd2085c1','Producer_Type','5fc649f9faa846ae958a00657d79106d','ProducerInfo_Type','OBJECT');
INSERT INTO PUBLIC.OBJECT_FIELD_METADATA (ID, NAME, METADATA_TYPE, PARENT_METADATA,PARENT_METADATA_NAME, REFERENCE_METADATA, REFERENCE_METADATA_NAME, REFERENCE_METADATA_TYPE)VALUES('1591e439738e46898d18229439a2d0c2','ProducerExt','FIELD','a2b21d403cc74d10ae1cdeaffd2085c1','Producer_Type',null,null,null);
INSERT INTO PUBLIC.OBJECT_FIELD_METADATA (ID, NAME, METADATA_TYPE, PARENT_METADATA,PARENT_METADATA_NAME, REFERENCE_METADATA, REFERENCE_METADATA_NAME, REFERENCE_METADATA_TYPE)VALUES('2ba19f5ab7654d3cb974ed17869368be','GeneralPartyInfo','MODEL_RELATION','a2b21d403cc74d10ae1cdeaffd2085c1','Producer_Type','d95b1cb018eb42c690b817b73cf4d5fa','GeneralPartyInfo_Type','OBJECT');
INSERT INTO PUBLIC.OBJECT_FIELD_METADATA (ID, NAME, METADATA_TYPE, PARENT_METADATA,PARENT_METADATA_NAME, REFERENCE_METADATA, REFERENCE_METADATA_NAME, REFERENCE_METADATA_TYPE)VALUES('07b91a77b5154edb99460702d0619286','ItemIdInfo','MODEL_RELATION','a2b21d403cc74d10ae1cdeaffd2085c1','Producer_Type','ba3be0e0317741b08f872c1fca47ad8f','ItemIdInfo_Type','OBJECT');
INSERT INTO PUBLIC.OBJECT_FIELD_METADATA (ID, NAME, METADATA_TYPE, PARENT_METADATA,PARENT_METADATA_NAME, REFERENCE_METADATA, REFERENCE_METADATA_NAME, REFERENCE_METADATA_TYPE)VALUES('70c729d43f054f4394cdd64c2f4436ee','Link','MODEL_RELATION','a2b21d403cc74d10ae1cdeaffd2085c1','Producer_Type','366dc9a89db94de3b92abf43ef1bf084','Link_Type','OBJECT');
INSERT INTO PUBLIC.OBJECT_FIELD_METADATA (ID, NAME, METADATA_TYPE, PARENT_METADATA,PARENT_METADATA_NAME, REFERENCE_METADATA, REFERENCE_METADATA_NAME, REFERENCE_METADATA_TYPE)VALUES('833829fdd8564d5498efe823639c48cd','Producer','MODEL_RELATION','a8485aa8f7a7481b8828e638330f5291','Policy_Type','a2b21d403cc74d10ae1cdeaffd2085c1','Producer_Type','OBJECT');
INSERT INTO PUBLIC.OBJECT_FIELD_METADATA (ID, NAME, METADATA_TYPE, PARENT_METADATA,PARENT_METADATA_NAME, REFERENCE_METADATA, REFERENCE_METADATA_NAME, REFERENCE_METADATA_TYPE)VALUES('c50bc3ec686741b78f93548a53ea6234','RateEffectiveDt','FIELD','a8485aa8f7a7481b8828e638330f5291','Policy_Type','3b0a2ca6cf3a4fb19718e35aa60287cd','Date','PRIMITIVE');
INSERT INTO PUBLIC.OBJECT_METADATA (ID, NAME, METADATA_TYPE, REFERENCE_METADATA, REFERENCE_METADATA_NAME) VALUES('064731583c3f4d46a0cbe6503b60071d','HangarLiabilityLineBusiness_Type','MODEL',null,null);
INSERT INTO PUBLIC.OBJECT_FIELD_METADATA (ID, NAME, METADATA_TYPE, PARENT_METADATA,PARENT_METADATA_NAME, REFERENCE_METADATA, REFERENCE_METADATA_NAME, REFERENCE_METADATA_TYPE)VALUES('e125fa0a9d4e4c259402b4815ec0111d','WrittenAmt','MODEL_RELATION','064731583c3f4d46a0cbe6503b60071d','HangarLiabilityLineBusiness_Type','4fa89203e94a4637baa0484d19b460c5','CURRENCY','OBJECT');
INSERT INTO PUBLIC.OBJECT_FIELD_METADATA (ID, NAME, METADATA_TYPE, PARENT_METADATA,PARENT_METADATA_NAME, REFERENCE_METADATA, REFERENCE_METADATA_NAME, REFERENCE_METADATA_TYPE)VALUES('3c73957d468d4d359aa1e4cc47f8ebc6','AdditionalInterest','MODEL_RELATION','064731583c3f4d46a0cbe6503b60071d','HangarLiabilityLineBusiness_Type','23a83d5912a54d0ca9b4669826684442','AdditionalInterest_Type','OBJECT');
INSERT INTO PUBLIC.OBJECT_FIELD_METADATA (ID, NAME, METADATA_TYPE, PARENT_METADATA,PARENT_METADATA_NAME, REFERENCE_METADATA, REFERENCE_METADATA_NAME, REFERENCE_METADATA_TYPE)VALUES('3a29da8135d44737a9d8a18d6746ad48','AuditInfo','MODEL_RELATION','064731583c3f4d46a0cbe6503b60071d','HangarLiabilityLineBusiness_Type','cafd893cc1ec4101a8df78b1c1a8c82e','AuditInfo_Type','OBJECT');
INSERT INTO PUBLIC.OBJECT_FIELD_METADATA (ID, NAME, METADATA_TYPE, PARENT_METADATA,PARENT_METADATA_NAME, REFERENCE_METADATA, REFERENCE_METADATA_NAME, REFERENCE_METADATA_TYPE)VALUES('7acf26ae09194c9087a8a7f790dee29b','Hangar','MODEL_RELATION','064731583c3f4d46a0cbe6503b60071d','HangarLiabilityLineBusiness_Type','0def6b4b8914456fbbccac94076c0405','Hangar_Type','OBJECT');
INSERT INTO PUBLIC.OBJECT_FIELD_METADATA (ID, NAME, METADATA_TYPE, PARENT_METADATA,PARENT_METADATA_NAME, REFERENCE_METADATA, REFERENCE_METADATA_NAME, REFERENCE_METADATA_TYPE)VALUES('c1802d5b716f40d089bb6fa39cc1879f','MinPremInd','FIELD','064731583c3f4d46a0cbe6503b60071d','HangarLiabilityLineBusiness_Type','4ffb0bcc3ec946d1af3ef883f4c3a4e6','Boolean','PRIMITIVE');
INSERT INTO PUBLIC.OBJECT_FIELD_METADATA (ID, NAME, METADATA_TYPE, PARENT_METADATA,PARENT_METADATA_NAME, REFERENCE_METADATA, REFERENCE_METADATA_NAME, REFERENCE_METADATA_TYPE)VALUES('493d7ed693b0465d9bb6b55049b15a60','HazardGradeInfo','MODEL_RELATION','064731583c3f4d46a0cbe6503b60071d','HangarLiabilityLineBusiness_Type','27cb6123ae2a4e5da40275f0c5716a86','HazardGradeInfo_Type','OBJECT');
INSERT INTO PUBLIC.OBJECT_FIELD_METADATA (ID, NAME, METADATA_TYPE, PARENT_METADATA,PARENT_METADATA_NAME, REFERENCE_METADATA, REFERENCE_METADATA_NAME, REFERENCE_METADATA_TYPE)VALUES('af5b9913fa3d4a2995218c16df05c110','NetChangeAmt','MODEL_RELATION','064731583c3f4d46a0cbe6503b60071d','HangarLiabilityLineBusiness_Type','4fa89203e94a4637baa0484d19b460c5','CURRENCY','OBJECT');
INSERT INTO PUBLIC.OBJECT_FIELD_METADATA (ID, NAME, METADATA_TYPE, PARENT_METADATA,PARENT_METADATA_NAME, REFERENCE_METADATA, REFERENCE_METADATA_NAME, REFERENCE_METADATA_TYPE)VALUES('a5a3d47ef58e49aea84653a005250441','MinPremAmt','MODEL_RELATION','064731583c3f4d46a0cbe6503b60071d','HangarLiabilityLineBusiness_Type','4fa89203e94a4637baa0484d19b460c5','CURRENCY','OBJECT');
INSERT INTO PUBLIC.OBJECT_FIELD_METADATA (ID, NAME, METADATA_TYPE, PARENT_METADATA,PARENT_METADATA_NAME, REFERENCE_METADATA, REFERENCE_METADATA_NAME, REFERENCE_METADATA_TYPE)VALUES('23f804016cc34a11ab3f8960bd895348','Coverage','MODEL_RELATION','064731583c3f4d46a0cbe6503b60071d','HangarLiabilityLineBusiness_Type','d0675b4bbe674c1fa08297c27c3cb675','Coverage_Type','OBJECT');
INSERT INTO PUBLIC.OBJECT_FIELD_METADATA (ID, NAME, METADATA_TYPE, PARENT_METADATA,PARENT_METADATA_NAME, REFERENCE_METADATA, REFERENCE_METADATA_NAME, REFERENCE_METADATA_TYPE)VALUES('f8239dfbdfd64ec2a89ca0d2751d16c2','CurrentTermAmt','MODEL_RELATION','064731583c3f4d46a0cbe6503b60071d','HangarLiabilityLineBusiness_Type','4fa89203e94a4637baa0484d19b460c5','CURRENCY','OBJECT');
INSERT INTO PUBLIC.OBJECT_FIELD_METADATA (ID, NAME, METADATA_TYPE, PARENT_METADATA,PARENT_METADATA_NAME, REFERENCE_METADATA, REFERENCE_METADATA_NAME, REFERENCE_METADATA_TYPE)VALUES('c396e7e0fe434bc98b2ff65f3f3f4e97','CompanyProductCd','FIELD','064731583c3f4d46a0cbe6503b60071d','HangarLiabilityLineBusiness_Type','6240ce877a244a73a1253961131c6cc9','IndustryCode_Type','PRIMITIVE');
INSERT INTO PUBLIC.OBJECT_FIELD_METADATA (ID, NAME, METADATA_TYPE, PARENT_METADATA,PARENT_METADATA_NAME, REFERENCE_METADATA, REFERENCE_METADATA_NAME, REFERENCE_METADATA_TYPE)VALUES('900edab0a0db460f82ed4978c3216224','PMACd','FIELD','064731583c3f4d46a0cbe6503b60071d','HangarLiabilityLineBusiness_Type','6240ce877a244a73a1253961131c6cc9','IndustryCode_Type','PRIMITIVE');
INSERT INTO PUBLIC.OBJECT_FIELD_METADATA (ID, NAME, METADATA_TYPE, PARENT_METADATA,PARENT_METADATA_NAME, REFERENCE_METADATA, REFERENCE_METADATA_NAME, REFERENCE_METADATA_TYPE)VALUES('4e7de4f78b3c4317897c651d73f36c8a','LOBSubCd','FIELD','064731583c3f4d46a0cbe6503b60071d','HangarLiabilityLineBusiness_Type','8376159ebcf44685b36391928a67e333','LineOfBusinessSubCode','PRIMITIVE');
INSERT INTO PUBLIC.OBJECT_FIELD_METADATA (ID, NAME, METADATA_TYPE, PARENT_METADATA,PARENT_METADATA_NAME, REFERENCE_METADATA, REFERENCE_METADATA_NAME, REFERENCE_METADATA_TYPE)VALUES('dfb88fd7af45493ba36c48d2086026c3','GroupId','FIELD','064731583c3f4d46a0cbe6503b60071d','HangarLiabilityLineBusiness_Type','3da4bbbc6bf44d5f941e647b8e8408dc','AssignedIdentifier','PRIMITIVE');
INSERT INTO PUBLIC.OBJECT_FIELD_METADATA (ID, NAME, METADATA_TYPE, PARENT_METADATA,PARENT_METADATA_NAME, REFERENCE_METADATA, REFERENCE_METADATA_NAME, REFERENCE_METADATA_TYPE)VALUES('45e30f0d68024ad9a27c4d30a6305ec8','CommlCoverage','MODEL_RELATION','064731583c3f4d46a0cbe6503b60071d','HangarLiabilityLineBusiness_Type','d0675b4bbe674c1fa08297c27c3cb675','Coverage_Type','OBJECT');
INSERT INTO PUBLIC.OBJECT_FIELD_METADATA (ID, NAME, METADATA_TYPE, PARENT_METADATA,PARENT_METADATA_NAME, REFERENCE_METADATA, REFERENCE_METADATA_NAME, REFERENCE_METADATA_TYPE)VALUES('d30c7aa9a5834c06947e052fa41701a8','CoverageAvailable','MODEL_RELATION','064731583c3f4d46a0cbe6503b60071d','HangarLiabilityLineBusiness_Type','d0675b4bbe674c1fa08297c27c3cb675','Coverage_Type','OBJECT');
INSERT INTO PUBLIC.OBJECT_FIELD_METADATA (ID, NAME, METADATA_TYPE, PARENT_METADATA,PARENT_METADATA_NAME, REFERENCE_METADATA, REFERENCE_METADATA_NAME, REFERENCE_METADATA_TYPE)VALUES('a48020631c4f4e01905c9ef7871a928d','LOBCd','FIELD','064731583c3f4d46a0cbe6503b60071d','HangarLiabilityLineBusiness_Type','3b75decf3cfc42c496d4405220659cf0','LineOfBusiness','PRIMITIVE');
INSERT INTO PUBLIC.OBJECT_FIELD_METADATA (ID, NAME, METADATA_TYPE, PARENT_METADATA,PARENT_METADATA_NAME, REFERENCE_METADATA, REFERENCE_METADATA_NAME, REFERENCE_METADATA_TYPE)VALUES('b6d0ba5ce79842a7a8cb3fdc7e7e906e','HazardGradeCd','FIELD','064731583c3f4d46a0cbe6503b60071d','HangarLiabilityLineBusiness_Type','6240ce877a244a73a1253961131c6cc9','IndustryCode_Type','PRIMITIVE');
INSERT INTO PUBLIC.OBJECT_FIELD_METADATA (ID, NAME, METADATA_TYPE, PARENT_METADATA,PARENT_METADATA_NAME, REFERENCE_METADATA, REFERENCE_METADATA_NAME, REFERENCE_METADATA_TYPE)VALUES('6472d90361be4a1580fb045ae85f1e17','RateEffectiveDt','FIELD','064731583c3f4d46a0cbe6503b60071d','HangarLiabilityLineBusiness_Type','3b0a2ca6cf3a4fb19718e35aa60287cd','Date','PRIMITIVE');
INSERT INTO PUBLIC.OBJECT_FIELD_METADATA (ID, NAME, METADATA_TYPE, PARENT_METADATA,PARENT_METADATA_NAME, REFERENCE_METADATA, REFERENCE_METADATA_NAME, REFERENCE_METADATA_TYPE)VALUES('d77dc7658d8f42428bb2f63bd761f408','HangarLiabilityLineBusinessExt','FIELD','064731583c3f4d46a0cbe6503b60071d','HangarLiabilityLineBusiness_Type',null,null,null);
INSERT INTO PUBLIC.OBJECT_FIELD_METADATA (ID, NAME, METADATA_TYPE, PARENT_METADATA,PARENT_METADATA_NAME, REFERENCE_METADATA, REFERENCE_METADATA_NAME, REFERENCE_METADATA_TYPE)VALUES('414f99ec9b7d49579670ea6af77370c0','QuestionAnswer','MODEL_RELATION','064731583c3f4d46a0cbe6503b60071d','HangarLiabilityLineBusiness_Type','152fefd4f3054b68b490c1af5c9c284c','QuestionAnswer_Type','OBJECT');
INSERT INTO PUBLIC.OBJECT_FIELD_METADATA (ID, NAME, METADATA_TYPE, PARENT_METADATA,PARENT_METADATA_NAME, REFERENCE_METADATA, REFERENCE_METADATA_NAME, REFERENCE_METADATA_TYPE)VALUES('2a1b6c5b4f9d4f9eb570a7d232387f1a','NAICCd','FIELD','064731583c3f4d46a0cbe6503b60071d','HangarLiabilityLineBusiness_Type','6240ce877a244a73a1253961131c6cc9','IndustryCode_Type','PRIMITIVE');
INSERT INTO PUBLIC.OBJECT_FIELD_METADATA (ID, NAME, METADATA_TYPE, PARENT_METADATA,PARENT_METADATA_NAME, REFERENCE_METADATA, REFERENCE_METADATA_NAME, REFERENCE_METADATA_TYPE)VALUES('7c37dee7c1d042978eb394026b905cd5','HangarLiabilityLineBusiness','MODEL_RELATION','a8485aa8f7a7481b8828e638330f5291','Policy_Type','064731583c3f4d46a0cbe6503b60071d','HangarLiabilityLineBusiness_Type','MODEL');
INSERT INTO PUBLIC.OBJECT_FIELD_METADATA (ID, NAME, METADATA_TYPE, PARENT_METADATA,PARENT_METADATA_NAME, REFERENCE_METADATA, REFERENCE_METADATA_NAME, REFERENCE_METADATA_TYPE)VALUES('f098459ac2ed4cff84e11d01dad08fbf','CommlSubLocation','MODEL_RELATION','a8485aa8f7a7481b8828e638330f5291','Policy_Type','b872d425ec6a42a4970aebd8984f3d38','LocationUWInfo_Type','OBJECT');
INSERT INTO PUBLIC.OBJECT_FIELD_METADATA (ID, NAME, METADATA_TYPE, PARENT_METADATA,PARENT_METADATA_NAME, REFERENCE_METADATA, REFERENCE_METADATA_NAME, REFERENCE_METADATA_TYPE)VALUES('7fad0399fd804c9ea9869ae08964298d','BillingAccountNumber','FIELD','a8485aa8f7a7481b8828e638330f5291','Policy_Type','dca96396670d4a49979b33da4c247da3','C-20','PRIMITIVE');
INSERT INTO PUBLIC.OBJECT_METADATA (ID, NAME, METADATA_TYPE, REFERENCE_METADATA, REFERENCE_METADATA_NAME) VALUES('ba1a1b472d2544e4bbab6d4ce4e4a846','CommlAutoLineBusiness_Type','MODEL',null,null);
INSERT INTO PUBLIC.OBJECT_FIELD_METADATA (ID, NAME, METADATA_TYPE, PARENT_METADATA,PARENT_METADATA_NAME, REFERENCE_METADATA, REFERENCE_METADATA_NAME, REFERENCE_METADATA_TYPE)VALUES('823ad840e068401e99f26352a23847f6','WrittenAmt','MODEL_RELATION','ba1a1b472d2544e4bbab6d4ce4e4a846','CommlAutoLineBusiness_Type','4fa89203e94a4637baa0484d19b460c5','CURRENCY','OBJECT');
INSERT INTO PUBLIC.OBJECT_FIELD_METADATA (ID, NAME, METADATA_TYPE, PARENT_METADATA,PARENT_METADATA_NAME, REFERENCE_METADATA, REFERENCE_METADATA_NAME, REFERENCE_METADATA_TYPE)VALUES('1a301f01127941179afaa6a44c903723','Form','MODEL_RELATION','ba1a1b472d2544e4bbab6d4ce4e4a846','CommlAutoLineBusiness_Type','a54486c19cc9402197e0027f1d2fa2a9','Form_Type','OBJECT');
INSERT INTO PUBLIC.OBJECT_METADATA (ID, NAME, METADATA_TYPE, REFERENCE_METADATA, REFERENCE_METADATA_NAME) VALUES('39afc104880a4dfb8089fa255da2ae5d','TruckersSupplement_Type','OBJECT',null,null);
INSERT INTO PUBLIC.OBJECT_METADATA (ID, NAME, METADATA_TYPE, REFERENCE_METADATA, REFERENCE_METADATA_NAME) VALUES('2152670ef6ce485e8eb1c111d2a160fd','TruckersTrailerInterchange_Type','OBJECT',null,null);
INSERT INTO PUBLIC.OBJECT_FIELD_METADATA (ID, NAME, METADATA_TYPE, PARENT_METADATA,PARENT_METADATA_NAME, REFERENCE_METADATA, REFERENCE_METADATA_NAME, REFERENCE_METADATA_TYPE)VALUES('1bbd60a70bd74a07a523aa2ab0a454e8','TruckersTrailerInterchangeExt','FIELD','2152670ef6ce485e8eb1c111d2a160fd','TruckersTrailerInterchange_Type',null,null,null);
INSERT INTO PUBLIC.OBJECT_FIELD_METADATA (ID, NAME, METADATA_TYPE, PARENT_METADATA,PARENT_METADATA_NAME, REFERENCE_METADATA, REFERENCE_METADATA_NAME, REFERENCE_METADATA_TYPE)VALUES('fa6aa6254f3a4fb2a80297055ca55844','RadiusUse','MODEL_RELATION','2152670ef6ce485e8eb1c111d2a160fd','TruckersTrailerInterchange_Type','1df1057b06734b019460d9f8fb0a43b0','MEASUREMENT','OBJECT');
INSERT INTO PUBLIC.OBJECT_FIELD_METADATA (ID, NAME, METADATA_TYPE, PARENT_METADATA,PARENT_METADATA_NAME, REFERENCE_METADATA, REFERENCE_METADATA_NAME, REFERENCE_METADATA_TYPE)VALUES('3d8fed1a257e4b28907d9bf899632e17','Coverage','MODEL_RELATION','2152670ef6ce485e8eb1c111d2a160fd','TruckersTrailerInterchange_Type','d0675b4bbe674c1fa08297c27c3cb675','Coverage_Type','OBJECT');
INSERT INTO PUBLIC.OBJECT_FIELD_METADATA (ID, NAME, METADATA_TYPE, PARENT_METADATA,PARENT_METADATA_NAME, REFERENCE_METADATA, REFERENCE_METADATA_NAME, REFERENCE_METADATA_TYPE)VALUES('39641c81b01f420489ad47b5a352ff13','RadiusCd','FIELD','2152670ef6ce485e8eb1c111d2a160fd','TruckersTrailerInterchange_Type','6240ce877a244a73a1253961131c6cc9','IndustryCode_Type','PRIMITIVE');
INSERT INTO PUBLIC.OBJECT_FIELD_METADATA (ID, NAME, METADATA_TYPE, PARENT_METADATA,PARENT_METADATA_NAME, REFERENCE_METADATA, REFERENCE_METADATA_NAME, REFERENCE_METADATA_TYPE)VALUES('04f77fa7438b4a29afbd565c32725a30','NumTrailers','FIELD','2152670ef6ce485e8eb1c111d2a160fd','TruckersTrailerInterchange_Type','838cab4e48a54d0bb23ca5ea9db454ab','Long','PRIMITIVE');
INSERT INTO PUBLIC.OBJECT_FIELD_METADATA (ID, NAME, METADATA_TYPE, PARENT_METADATA,PARENT_METADATA_NAME, REFERENCE_METADATA, REFERENCE_METADATA_NAME, REFERENCE_METADATA_TYPE)VALUES('9040119d5f334a548bbc062832545707','NumDays','FIELD','2152670ef6ce485e8eb1c111d2a160fd','TruckersTrailerInterchange_Type','838cab4e48a54d0bb23ca5ea9db454ab','Long','PRIMITIVE');
INSERT INTO PUBLIC.OBJECT_FIELD_METADATA (ID, NAME, METADATA_TYPE, PARENT_METADATA,PARENT_METADATA_NAME, REFERENCE_METADATA, REFERENCE_METADATA_NAME, REFERENCE_METADATA_TYPE)VALUES('fc2df03f87fa41468be0d23ff50d9a09','CommlCoverage','MODEL_RELATION','2152670ef6ce485e8eb1c111d2a160fd','TruckersTrailerInterchange_Type','d0675b4bbe674c1fa08297c27c3cb675','Coverage_Type','OBJECT');
INSERT INTO PUBLIC.OBJECT_FIELD_METADATA (ID, NAME, METADATA_TYPE, PARENT_METADATA,PARENT_METADATA_NAME, REFERENCE_METADATA, REFERENCE_METADATA_NAME, REFERENCE_METADATA_TYPE)VALUES('f8745ef16f1d47949235cf078978945b','CoverageAvailable','MODEL_RELATION','2152670ef6ce485e8eb1c111d2a160fd','TruckersTrailerInterchange_Type','d0675b4bbe674c1fa08297c27c3cb675','Coverage_Type','OBJECT');
INSERT INTO PUBLIC.OBJECT_FIELD_METADATA (ID, NAME, METADATA_TYPE, PARENT_METADATA,PARENT_METADATA_NAME, REFERENCE_METADATA, REFERENCE_METADATA_NAME, REFERENCE_METADATA_TYPE)VALUES('aa94ece03f664647bbfcf6ed813b8036','CreditOrSurcharge','MODEL_RELATION','2152670ef6ce485e8eb1c111d2a160fd','TruckersTrailerInterchange_Type','ac7618a3e7974e27b3a4f0a5f2a22a98','PCCREDITSURCHARGE','OBJECT');
INSERT INTO PUBLIC.OBJECT_FIELD_METADATA (ID, NAME, METADATA_TYPE, PARENT_METADATA,PARENT_METADATA_NAME, REFERENCE_METADATA, REFERENCE_METADATA_NAME, REFERENCE_METADATA_TYPE)VALUES('9371527999e74dd6b48a48098bcaf652','ValueInfo','MODEL_RELATION','2152670ef6ce485e8eb1c111d2a160fd','TruckersTrailerInterchange_Type','292dd983770e47149290b2eda3f26948','ValueInfo_Type','OBJECT');
INSERT INTO PUBLIC.OBJECT_FIELD_METADATA (ID, NAME, METADATA_TYPE, PARENT_METADATA,PARENT_METADATA_NAME, REFERENCE_METADATA, REFERENCE_METADATA_NAME, REFERENCE_METADATA_TYPE)VALUES('d27a0113915a45b78afd74fd9333553f','ItemIdInfo','MODEL_RELATION','2152670ef6ce485e8eb1c111d2a160fd','TruckersTrailerInterchange_Type','ba3be0e0317741b08f872c1fca47ad8f','ItemIdInfo_Type','OBJECT');
INSERT INTO PUBLIC.OBJECT_FIELD_METADATA (ID, NAME, METADATA_TYPE, PARENT_METADATA,PARENT_METADATA_NAME, REFERENCE_METADATA, REFERENCE_METADATA_NAME, REFERENCE_METADATA_TYPE)VALUES('390f64ab7c584e19bd7f5535e820ef37','FarthestTerminalZoneCd','FIELD','2152670ef6ce485e8eb1c111d2a160fd','TruckersTrailerInterchange_Type','6240ce877a244a73a1253961131c6cc9','IndustryCode_Type','PRIMITIVE');
INSERT INTO PUBLIC.OBJECT_FIELD_METADATA (ID, NAME, METADATA_TYPE, PARENT_METADATA,PARENT_METADATA_NAME, REFERENCE_METADATA, REFERENCE_METADATA_NAME, REFERENCE_METADATA_TYPE)VALUES('85ecc3e369774aee84c9f39374ceb1fc','Link','MODEL_RELATION','2152670ef6ce485e8eb1c111d2a160fd','TruckersTrailerInterchange_Type','366dc9a89db94de3b92abf43ef1bf084','Link_Type','OBJECT');
INSERT INTO PUBLIC.OBJECT_FIELD_METADATA (ID, NAME, METADATA_TYPE, PARENT_METADATA,PARENT_METADATA_NAME, REFERENCE_METADATA, REFERENCE_METADATA_NAME, REFERENCE_METADATA_TYPE)VALUES('c860b2230f1f47e9a1185ea0179d3585','TruckersTrailerInterchange','MODEL_RELATION','39afc104880a4dfb8089fa255da2ae5d','TruckersSupplement_Type','2152670ef6ce485e8eb1c111d2a160fd','TruckersTrailerInterchange_Type','OBJECT');
INSERT INTO PUBLIC.OBJECT_FIELD_METADATA (ID, NAME, METADATA_TYPE, PARENT_METADATA,PARENT_METADATA_NAME, REFERENCE_METADATA, REFERENCE_METADATA_NAME, REFERENCE_METADATA_TYPE)VALUES('bfb8cc30321e40c2b4209912251f22dd','TruckersSupplementExt','FIELD','39afc104880a4dfb8089fa255da2ae5d','TruckersSupplement_Type',null,null,null);
INSERT INTO PUBLIC.OBJECT_METADATA (ID, NAME, METADATA_TYPE, REFERENCE_METADATA, REFERENCE_METADATA_NAME) VALUES('87b536d8eec84b838609a46454b747ca','ReceiptsDistanceUnits_Type','OBJECT',null,null);
INSERT INTO PUBLIC.PRIMITIVE_METADATA (ID, NAME, METADATA_TYPE) VALUES('1eaddc324bbc4e53a40eae3e23843234','YearIdentifier','PRIMITIVE');
INSERT INTO PUBLIC.OBJECT_FIELD_METADATA (ID, NAME, METADATA_TYPE, PARENT_METADATA,PARENT_METADATA_NAME, REFERENCE_METADATA, REFERENCE_METADATA_NAME, REFERENCE_METADATA_TYPE)VALUES('33833bc7da2348b78ecfd65ae3738d48','YearIdentifierCd','FIELD','87b536d8eec84b838609a46454b747ca','ReceiptsDistanceUnits_Type','1eaddc324bbc4e53a40eae3e23843234','YearIdentifier','PRIMITIVE');
INSERT INTO PUBLIC.OBJECT_FIELD_METADATA (ID, NAME, METADATA_TYPE, PARENT_METADATA,PARENT_METADATA_NAME, REFERENCE_METADATA, REFERENCE_METADATA_NAME, REFERENCE_METADATA_TYPE)VALUES('9daa45f7e56647ab818d551176ad563d','EstimatedAnnualDistance','MODEL_RELATION','87b536d8eec84b838609a46454b747ca','ReceiptsDistanceUnits_Type','1df1057b06734b019460d9f8fb0a43b0','MEASUREMENT','OBJECT');
INSERT INTO PUBLIC.OBJECT_FIELD_METADATA (ID, NAME, METADATA_TYPE, PARENT_METADATA,PARENT_METADATA_NAME, REFERENCE_METADATA, REFERENCE_METADATA_NAME, REFERENCE_METADATA_TYPE)VALUES('ea57bb3cdbb04204984cf9a7205ea16c','ReceiptsDistanceUnitsExt','FIELD','87b536d8eec84b838609a46454b747ca','ReceiptsDistanceUnits_Type',null,null,null);
INSERT INTO PUBLIC.OBJECT_FIELD_METADATA (ID, NAME, METADATA_TYPE, PARENT_METADATA,PARENT_METADATA_NAME, REFERENCE_METADATA, REFERENCE_METADATA_NAME, REFERENCE_METADATA_TYPE)VALUES('c604768323584b319b1853006b9b2f28','AnnualGrossReceiptsAmt','MODEL_RELATION','87b536d8eec84b838609a46454b747ca','ReceiptsDistanceUnits_Type','4fa89203e94a4637baa0484d19b460c5','CURRENCY','OBJECT');
INSERT INTO PUBLIC.OBJECT_FIELD_METADATA (ID, NAME, METADATA_TYPE, PARENT_METADATA,PARENT_METADATA_NAME, REFERENCE_METADATA, REFERENCE_METADATA_NAME, REFERENCE_METADATA_TYPE)VALUES('def37d115fb64d53902fd22eacee056c','NumUnits','FIELD','87b536d8eec84b838609a46454b747ca','ReceiptsDistanceUnits_Type','c896845db6f640c6bf65093333a64c69','Decimal','PRIMITIVE');
INSERT INTO PUBLIC.OBJECT_FIELD_METADATA (ID, NAME, METADATA_TYPE, PARENT_METADATA,PARENT_METADATA_NAME, REFERENCE_METADATA, REFERENCE_METADATA_NAME, REFERENCE_METADATA_TYPE)VALUES('bd5df1b974e34e5c952d23d0216bdf53','ReceiptsDistanceUnits','MODEL_RELATION','39afc104880a4dfb8089fa255da2ae5d','TruckersSupplement_Type','87b536d8eec84b838609a46454b747ca','ReceiptsDistanceUnits_Type','OBJECT');
INSERT INTO PUBLIC.OBJECT_METADATA (ID, NAME, METADATA_TYPE, REFERENCE_METADATA, REFERENCE_METADATA_NAME) VALUES('527952ed98f742e18b48f49e7612979c','CommodityInfo_Type','OBJECT',null,null);
INSERT INTO PUBLIC.OBJECT_FIELD_METADATA (ID, NAME, METADATA_TYPE, PARENT_METADATA,PARENT_METADATA_NAME, REFERENCE_METADATA, REFERENCE_METADATA_NAME, REFERENCE_METADATA_TYPE)VALUES('08ab8f3e346140c7ba91809c026ef21d','CommodityInfoExt','FIELD','527952ed98f742e18b48f49e7612979c','CommodityInfo_Type',null,null,null);
INSERT INTO PUBLIC.OBJECT_FIELD_METADATA (ID, NAME, METADATA_TYPE, PARENT_METADATA,PARENT_METADATA_NAME, REFERENCE_METADATA, REFERENCE_METADATA_NAME, REFERENCE_METADATA_TYPE)VALUES('8b790b7d353a414aa4656031cd31ca38','ValueInfo','MODEL_RELATION','527952ed98f742e18b48f49e7612979c','CommodityInfo_Type','292dd983770e47149290b2eda3f26948','ValueInfo_Type','OBJECT');
INSERT INTO PUBLIC.OBJECT_FIELD_METADATA (ID, NAME, METADATA_TYPE, PARENT_METADATA,PARENT_METADATA_NAME, REFERENCE_METADATA, REFERENCE_METADATA_NAME, REFERENCE_METADATA_TYPE)VALUES('6ffaefa1b4a645259799c329b284efcd','Rate','FIELD','527952ed98f742e18b48f49e7612979c','CommodityInfo_Type','c896845db6f640c6bf65093333a64c69','Decimal','PRIMITIVE');
INSERT INTO PUBLIC.OBJECT_FIELD_METADATA (ID, NAME, METADATA_TYPE, PARENT_METADATA,PARENT_METADATA_NAME, REFERENCE_METADATA, REFERENCE_METADATA_NAME, REFERENCE_METADATA_TYPE)VALUES('2a9e7017ffec4c2d869e59e9b13b7b50','CommodityDesc','FIELD','527952ed98f742e18b48f49e7612979c','CommodityInfo_Type','2344631100044813a5126adcfb93e80d','C-255','PRIMITIVE');
INSERT INTO PUBLIC.PRIMITIVE_METADATA (ID, NAME, METADATA_TYPE) VALUES('35a039be4a4143e1a7d299d241c02a9e','Commodity','PRIMITIVE');
INSERT INTO PUBLIC.OBJECT_FIELD_METADATA (ID, NAME, METADATA_TYPE, PARENT_METADATA,PARENT_METADATA_NAME, REFERENCE_METADATA, REFERENCE_METADATA_NAME, REFERENCE_METADATA_TYPE)VALUES('f79e82704b5f4f768cdf0e70f793949e','CommoditiesCd','FIELD','527952ed98f742e18b48f49e7612979c','CommodityInfo_Type','35a039be4a4143e1a7d299d241c02a9e','Commodity','PRIMITIVE');
INSERT INTO PUBLIC.OBJECT_FIELD_METADATA (ID, NAME, METADATA_TYPE, PARENT_METADATA,PARENT_METADATA_NAME, REFERENCE_METADATA, REFERENCE_METADATA_NAME, REFERENCE_METADATA_TYPE)VALUES('0ca5405b5a8d4c2f9f2b8834778f89cf','RevenuePct','FIELD','527952ed98f742e18b48f49e7612979c','CommodityInfo_Type','42787ecf7ebe44bdb047ebe0f2268d21','PercentLong','PRIMITIVE');
INSERT INTO PUBLIC.OBJECT_FIELD_METADATA (ID, NAME, METADATA_TYPE, PARENT_METADATA,PARENT_METADATA_NAME, REFERENCE_METADATA, REFERENCE_METADATA_NAME, REFERENCE_METADATA_TYPE)VALUES('56b79b2e150947168e084201f6bbf599','CommodityInfo','MODEL_RELATION','39afc104880a4dfb8089fa255da2ae5d','TruckersSupplement_Type','527952ed98f742e18b48f49e7612979c','CommodityInfo_Type','OBJECT');
INSERT INTO PUBLIC.OBJECT_FIELD_METADATA (ID, NAME, METADATA_TYPE, PARENT_METADATA,PARENT_METADATA_NAME, REFERENCE_METADATA, REFERENCE_METADATA_NAME, REFERENCE_METADATA_TYPE)VALUES('4994b0ab115e48d5949a603fd7f16780','TruckersSupplement','MODEL_RELATION','ba1a1b472d2544e4bbab6d4ce4e4a846','CommlAutoLineBusiness_Type','39afc104880a4dfb8089fa255da2ae5d','TruckersSupplement_Type','OBJECT');
INSERT INTO PUBLIC.OBJECT_FIELD_METADATA (ID, NAME, METADATA_TYPE, PARENT_METADATA,PARENT_METADATA_NAME, REFERENCE_METADATA, REFERENCE_METADATA_NAME, REFERENCE_METADATA_TYPE)VALUES('3f08985e42e54ac9bef5a95a094c35d8','HazardGradeInfo','MODEL_RELATION','ba1a1b472d2544e4bbab6d4ce4e4a846','CommlAutoLineBusiness_Type','27cb6123ae2a4e5da40275f0c5716a86','HazardGradeInfo_Type','OBJECT');
INSERT INTO PUBLIC.OBJECT_METADATA (ID, NAME, METADATA_TYPE, REFERENCE_METADATA, REFERENCE_METADATA_NAME) VALUES('69628254e079421aabbfe3dd59ae491e','GarageKeepersInfo_Type','OBJECT',null,null);
INSERT INTO PUBLIC.OBJECT_FIELD_METADATA (ID, NAME, METADATA_TYPE, PARENT_METADATA,PARENT_METADATA_NAME, REFERENCE_METADATA, REFERENCE_METADATA_NAME, REFERENCE_METADATA_TYPE)VALUES('0749f396ce5a44a08527533468c71956','InventoryOtherPct','FIELD','69628254e079421aabbfe3dd59ae491e','GarageKeepersInfo_Type','42787ecf7ebe44bdb047ebe0f2268d21','PercentLong','PRIMITIVE');
INSERT INTO PUBLIC.OBJECT_FIELD_METADATA (ID, NAME, METADATA_TYPE, PARENT_METADATA,PARENT_METADATA_NAME, REFERENCE_METADATA, REFERENCE_METADATA_NAME, REFERENCE_METADATA_TYPE)VALUES('7af452f9bb3b4da4b1e0d98bb0924139','AutomobileCoverageInd','FIELD','69628254e079421aabbfe3dd59ae491e','GarageKeepersInfo_Type','4ffb0bcc3ec946d1af3ef883f4c3a4e6','Boolean','PRIMITIVE');
INSERT INTO PUBLIC.OBJECT_FIELD_METADATA (ID, NAME, METADATA_TYPE, PARENT_METADATA,PARENT_METADATA_NAME, REFERENCE_METADATA, REFERENCE_METADATA_NAME, REFERENCE_METADATA_TYPE)VALUES('21d08e686f2d4f1b92683e98fdd9cc14','InventoryCarsPct','FIELD','69628254e079421aabbfe3dd59ae491e','GarageKeepersInfo_Type','42787ecf7ebe44bdb047ebe0f2268d21','PercentLong','PRIMITIVE');
INSERT INTO PUBLIC.OBJECT_FIELD_METADATA (ID, NAME, METADATA_TYPE, PARENT_METADATA,PARENT_METADATA_NAME, REFERENCE_METADATA, REFERENCE_METADATA_NAME, REFERENCE_METADATA_TYPE)VALUES('5da67cf4d8da4f82aedbf531d2b3598d','InventoryRecreationalVehsPct','FIELD','69628254e079421aabbfe3dd59ae491e','GarageKeepersInfo_Type','42787ecf7ebe44bdb047ebe0f2268d21','PercentLong','PRIMITIVE');
INSERT INTO PUBLIC.OBJECT_FIELD_METADATA (ID, NAME, METADATA_TYPE, PARENT_METADATA,PARENT_METADATA_NAME, REFERENCE_METADATA, REFERENCE_METADATA_NAME, REFERENCE_METADATA_TYPE)VALUES('f1d41645dffd419b92f4848f3a651899','GarageKeepersInfoExt','FIELD','69628254e079421aabbfe3dd59ae491e','GarageKeepersInfo_Type',null,null,null);
INSERT INTO PUBLIC.OBJECT_FIELD_METADATA (ID, NAME, METADATA_TYPE, PARENT_METADATA,PARENT_METADATA_NAME, REFERENCE_METADATA, REFERENCE_METADATA_NAME, REFERENCE_METADATA_TYPE)VALUES('4fba5d95241342d9a8b377261c01672b','GrossSalesAmt','MODEL_RELATION','69628254e079421aabbfe3dd59ae491e','GarageKeepersInfo_Type','4fa89203e94a4637baa0484d19b460c5','CURRENCY','OBJECT');
INSERT INTO PUBLIC.OBJECT_FIELD_METADATA (ID, NAME, METADATA_TYPE, PARENT_METADATA,PARENT_METADATA_NAME, REFERENCE_METADATA, REFERENCE_METADATA_NAME, REFERENCE_METADATA_TYPE)VALUES('d8efd7b526de4bdca4f7aa57b8a0abe1','InventorySnowmobilesPct','FIELD','69628254e079421aabbfe3dd59ae491e','GarageKeepersInfo_Type','42787ecf7ebe44bdb047ebe0f2268d21','PercentLong','PRIMITIVE');
INSERT INTO PUBLIC.OBJECT_FIELD_METADATA (ID, NAME, METADATA_TYPE, PARENT_METADATA,PARENT_METADATA_NAME, REFERENCE_METADATA, REFERENCE_METADATA_NAME, REFERENCE_METADATA_TYPE)VALUES('0fa5b0d919214bd1bd4e6c156bbac071','InventoryMotorcyclesPct','FIELD','69628254e079421aabbfe3dd59ae491e','GarageKeepersInfo_Type','42787ecf7ebe44bdb047ebe0f2268d21','PercentLong','PRIMITIVE');
INSERT INTO PUBLIC.OBJECT_FIELD_METADATA (ID, NAME, METADATA_TYPE, PARENT_METADATA,PARENT_METADATA_NAME, REFERENCE_METADATA, REFERENCE_METADATA_NAME, REFERENCE_METADATA_TYPE)VALUES('edf9aeaa1e5c438b92b5b79c98c5dc30','NumDealerRepairerPlates','FIELD','69628254e079421aabbfe3dd59ae491e','GarageKeepersInfo_Type','838cab4e48a54d0bb23ca5ea9db454ab','Long','PRIMITIVE');
INSERT INTO PUBLIC.OBJECT_FIELD_METADATA (ID, NAME, METADATA_TYPE, PARENT_METADATA,PARENT_METADATA_NAME, REFERENCE_METADATA, REFERENCE_METADATA_NAME, REFERENCE_METADATA_TYPE)VALUES('b63f4941f348461c8210d564e4d7a471','FranchiseInd','FIELD','69628254e079421aabbfe3dd59ae491e','GarageKeepersInfo_Type','4ffb0bcc3ec946d1af3ef883f4c3a4e6','Boolean','PRIMITIVE');
INSERT INTO PUBLIC.OBJECT_FIELD_METADATA (ID, NAME, METADATA_TYPE, PARENT_METADATA,PARENT_METADATA_NAME, REFERENCE_METADATA, REFERENCE_METADATA_NAME, REFERENCE_METADATA_TYPE)VALUES('ec0881292de84c299d14b81fce1da58e','InventoryOtherType','FIELD','69628254e079421aabbfe3dd59ae491e','GarageKeepersInfo_Type','43d52c0234024809806a2becf9d18a0f','C-30','PRIMITIVE');
INSERT INTO PUBLIC.OBJECT_FIELD_METADATA (ID, NAME, METADATA_TYPE, PARENT_METADATA,PARENT_METADATA_NAME, REFERENCE_METADATA, REFERENCE_METADATA_NAME, REFERENCE_METADATA_TYPE)VALUES('5c6d9df609b8420b8bb7b50e40cc8885','PremisesOperationsCoverageInd','FIELD','69628254e079421aabbfe3dd59ae491e','GarageKeepersInfo_Type','4ffb0bcc3ec946d1af3ef883f4c3a4e6','Boolean','PRIMITIVE');
INSERT INTO PUBLIC.OBJECT_FIELD_METADATA (ID, NAME, METADATA_TYPE, PARENT_METADATA,PARENT_METADATA_NAME, REFERENCE_METADATA, REFERENCE_METADATA_NAME, REFERENCE_METADATA_TYPE)VALUES('8d24641cc83e4c9e9635a57d032cba89','InventoryTruckTractorsPct','FIELD','69628254e079421aabbfe3dd59ae491e','GarageKeepersInfo_Type','42787ecf7ebe44bdb047ebe0f2268d21','PercentLong','PRIMITIVE');
INSERT INTO PUBLIC.OBJECT_FIELD_METADATA (ID, NAME, METADATA_TYPE, PARENT_METADATA,PARENT_METADATA_NAME, REFERENCE_METADATA, REFERENCE_METADATA_NAME, REFERENCE_METADATA_TYPE)VALUES('87b88b614ded4900b3b3996c8deaf4f8','NumGallons','FIELD','69628254e079421aabbfe3dd59ae491e','GarageKeepersInfo_Type','838cab4e48a54d0bb23ca5ea9db454ab','Long','PRIMITIVE');
INSERT INTO PUBLIC.OBJECT_FIELD_METADATA (ID, NAME, METADATA_TYPE, PARENT_METADATA,PARENT_METADATA_NAME, REFERENCE_METADATA, REFERENCE_METADATA_NAME, REFERENCE_METADATA_TYPE)VALUES('2c01e8de110f45ada8aefb403a486374','NatureBusinessCd','FIELD','69628254e079421aabbfe3dd59ae491e','GarageKeepersInfo_Type','a07a536c272c4ea1934fc7fd560836c1','NatureOfBusiness','PRIMITIVE');
INSERT INTO PUBLIC.OBJECT_FIELD_METADATA (ID, NAME, METADATA_TYPE, PARENT_METADATA,PARENT_METADATA_NAME, REFERENCE_METADATA, REFERENCE_METADATA_NAME, REFERENCE_METADATA_TYPE)VALUES('ae67f5e4dd3544b289c59ae7db1b6231','NumTransportationPlates','FIELD','69628254e079421aabbfe3dd59ae491e','GarageKeepersInfo_Type','838cab4e48a54d0bb23ca5ea9db454ab','Long','PRIMITIVE');
INSERT INTO PUBLIC.OBJECT_METADATA (ID, NAME, METADATA_TYPE, REFERENCE_METADATA, REFERENCE_METADATA_NAME) VALUES('9167f024f51d4004a87d207a25ab8781','PhysicalDamageInfo_Type','OBJECT',null,null);
INSERT INTO PUBLIC.OBJECT_FIELD_METADATA (ID, NAME, METADATA_TYPE, PARENT_METADATA,PARENT_METADATA_NAME, REFERENCE_METADATA, REFERENCE_METADATA_NAME, REFERENCE_METADATA_TYPE)VALUES('19f55fc2a3cd42f7af308f84024898cc','AutosOwnedFinancedInd','FIELD','9167f024f51d4004a87d207a25ab8781','PhysicalDamageInfo_Type','4ffb0bcc3ec946d1af3ef883f4c3a4e6','Boolean','PRIMITIVE');
INSERT INTO PUBLIC.OBJECT_FIELD_METADATA (ID, NAME, METADATA_TYPE, PARENT_METADATA,PARENT_METADATA_NAME, REFERENCE_METADATA, REFERENCE_METADATA_NAME, REFERENCE_METADATA_TYPE)VALUES('ffcd92c92d3d47b4b1e02cf754b5b520','UsedVehCoveredInd','FIELD','9167f024f51d4004a87d207a25ab8781','PhysicalDamageInfo_Type','4ffb0bcc3ec946d1af3ef883f4c3a4e6','Boolean','PRIMITIVE');
INSERT INTO PUBLIC.OBJECT_FIELD_METADATA (ID, NAME, METADATA_TYPE, PARENT_METADATA,PARENT_METADATA_NAME, REFERENCE_METADATA, REFERENCE_METADATA_NAME, REFERENCE_METADATA_TYPE)VALUES('02c3bde683bc42f5bc8c71a298f09a93','NewVehCoveredInd','FIELD','9167f024f51d4004a87d207a25ab8781','PhysicalDamageInfo_Type','4ffb0bcc3ec946d1af3ef883f4c3a4e6','Boolean','PRIMITIVE');
INSERT INTO PUBLIC.OBJECT_FIELD_METADATA (ID, NAME, METADATA_TYPE, PARENT_METADATA,PARENT_METADATA_NAME, REFERENCE_METADATA, REFERENCE_METADATA_NAME, REFERENCE_METADATA_TYPE)VALUES('16e90f5a50894002a5253956b5aaaad7','AutosFinancedInd','FIELD','9167f024f51d4004a87d207a25ab8781','PhysicalDamageInfo_Type','4ffb0bcc3ec946d1af3ef883f4c3a4e6','Boolean','PRIMITIVE');
INSERT INTO PUBLIC.OBJECT_FIELD_METADATA (ID, NAME, METADATA_TYPE, PARENT_METADATA,PARENT_METADATA_NAME, REFERENCE_METADATA, REFERENCE_METADATA_NAME, REFERENCE_METADATA_TYPE)VALUES('8cc7e7de51a54efdbeb92b147be36293','CoverageCd','FIELD','9167f024f51d4004a87d207a25ab8781','PhysicalDamageInfo_Type','95d66cc5fb4849db8ff827e892c753b4','Coverages','PRIMITIVE');
INSERT INTO PUBLIC.OBJECT_FIELD_METADATA (ID, NAME, METADATA_TYPE, PARENT_METADATA,PARENT_METADATA_NAME, REFERENCE_METADATA, REFERENCE_METADATA_NAME, REFERENCE_METADATA_TYPE)VALUES('3a22704006a2447fad992e5a52523e81','PhysicalDamageInfoExt','FIELD','9167f024f51d4004a87d207a25ab8781','PhysicalDamageInfo_Type',null,null,null);
INSERT INTO PUBLIC.OBJECT_FIELD_METADATA (ID, NAME, METADATA_TYPE, PARENT_METADATA,PARENT_METADATA_NAME, REFERENCE_METADATA, REFERENCE_METADATA_NAME, REFERENCE_METADATA_TYPE)VALUES('59c818441a69491f891bb6e597be60f5','AutosOwnedInd','FIELD','9167f024f51d4004a87d207a25ab8781','PhysicalDamageInfo_Type','4ffb0bcc3ec946d1af3ef883f4c3a4e6','Boolean','PRIMITIVE');
INSERT INTO PUBLIC.OBJECT_FIELD_METADATA (ID, NAME, METADATA_TYPE, PARENT_METADATA,PARENT_METADATA_NAME, REFERENCE_METADATA, REFERENCE_METADATA_NAME, REFERENCE_METADATA_TYPE)VALUES('13fe597f452b4a93ae20261cd06f462f','PhysicalDamageInfo','MODEL_RELATION','69628254e079421aabbfe3dd59ae491e','GarageKeepersInfo_Type','9167f024f51d4004a87d207a25ab8781','PhysicalDamageInfo_Type','OBJECT');
INSERT INTO PUBLIC.OBJECT_FIELD_METADATA (ID, NAME, METADATA_TYPE, PARENT_METADATA,PARENT_METADATA_NAME, REFERENCE_METADATA, REFERENCE_METADATA_NAME, REFERENCE_METADATA_TYPE)VALUES('3faaa898c9af44adb0c96210b5908a79','GarageKeepersInfo','MODEL_RELATION','ba1a1b472d2544e4bbab6d4ce4e4a846','CommlAutoLineBusiness_Type','69628254e079421aabbfe3dd59ae491e','GarageKeepersInfo_Type','OBJECT');
INSERT INTO PUBLIC.OBJECT_FIELD_METADATA (ID, NAME, METADATA_TYPE, PARENT_METADATA,PARENT_METADATA_NAME, REFERENCE_METADATA, REFERENCE_METADATA_NAME, REFERENCE_METADATA_TYPE)VALUES('c78c4d5622a74d9097ae48000fe53212','Driver','MODEL_RELATION','ba1a1b472d2544e4bbab6d4ce4e4a846','CommlAutoLineBusiness_Type','a642f88f7cbb45dcb8077b7cc5d6dc67','Driver_Type','OBJECT');
INSERT INTO PUBLIC.OBJECT_FIELD_METADATA (ID, NAME, METADATA_TYPE, PARENT_METADATA,PARENT_METADATA_NAME, REFERENCE_METADATA, REFERENCE_METADATA_NAME, REFERENCE_METADATA_TYPE)VALUES('960b867ed9214501850f521ddc683782','CommlAutoLineBusinessExt','FIELD','ba1a1b472d2544e4bbab6d4ce4e4a846','CommlAutoLineBusiness_Type',null,null,null);
INSERT INTO PUBLIC.OBJECT_FIELD_METADATA (ID, NAME, METADATA_TYPE, PARENT_METADATA,PARENT_METADATA_NAME, REFERENCE_METADATA, REFERENCE_METADATA_NAME, REFERENCE_METADATA_TYPE)VALUES('05207906cb814184971a6a7193a020fb','MinPremAmt','MODEL_RELATION','ba1a1b472d2544e4bbab6d4ce4e4a846','CommlAutoLineBusiness_Type','4fa89203e94a4637baa0484d19b460c5','CURRENCY','OBJECT');
INSERT INTO PUBLIC.OBJECT_FIELD_METADATA (ID, NAME, METADATA_TYPE, PARENT_METADATA,PARENT_METADATA_NAME, REFERENCE_METADATA, REFERENCE_METADATA_NAME, REFERENCE_METADATA_TYPE)VALUES('9d9a8d43f2d14f7e9edd886013c15eac','CurrentTermAmt','MODEL_RELATION','ba1a1b472d2544e4bbab6d4ce4e4a846','CommlAutoLineBusiness_Type','4fa89203e94a4637baa0484d19b460c5','CURRENCY','OBJECT');
INSERT INTO PUBLIC.OBJECT_FIELD_METADATA (ID, NAME, METADATA_TYPE, PARENT_METADATA,PARENT_METADATA_NAME, REFERENCE_METADATA, REFERENCE_METADATA_NAME, REFERENCE_METADATA_TYPE)VALUES('f8ac6ea9c72540f18fe14817f8dcb3f7','CompanyProductCd','FIELD','ba1a1b472d2544e4bbab6d4ce4e4a846','CommlAutoLineBusiness_Type','6240ce877a244a73a1253961131c6cc9','IndustryCode_Type','PRIMITIVE');
INSERT INTO PUBLIC.OBJECT_FIELD_METADATA (ID, NAME, METADATA_TYPE, PARENT_METADATA,PARENT_METADATA_NAME, REFERENCE_METADATA, REFERENCE_METADATA_NAME, REFERENCE_METADATA_TYPE)VALUES('634456a48b174bb5890a19f340571517','CoverageAvailable','MODEL_RELATION','ba1a1b472d2544e4bbab6d4ce4e4a846','CommlAutoLineBusiness_Type','d0675b4bbe674c1fa08297c27c3cb675','Coverage_Type','OBJECT');
INSERT INTO PUBLIC.OBJECT_FIELD_METADATA (ID, NAME, METADATA_TYPE, PARENT_METADATA,PARENT_METADATA_NAME, REFERENCE_METADATA, REFERENCE_METADATA_NAME, REFERENCE_METADATA_TYPE)VALUES('c7da5e59ed6946d5aff74e532bb8712e','CreditOrSurcharge','MODEL_RELATION','ba1a1b472d2544e4bbab6d4ce4e4a846','CommlAutoLineBusiness_Type','ac7618a3e7974e27b3a4f0a5f2a22a98','PCCREDITSURCHARGE','OBJECT');
INSERT INTO PUBLIC.OBJECT_FIELD_METADATA (ID, NAME, METADATA_TYPE, PARENT_METADATA,PARENT_METADATA_NAME, REFERENCE_METADATA, REFERENCE_METADATA_NAME, REFERENCE_METADATA_TYPE)VALUES('a85ec357b865458597bcb23b3e994450','CommlDriver','MODEL_RELATION','ba1a1b472d2544e4bbab6d4ce4e4a846','CommlAutoLineBusiness_Type','a642f88f7cbb45dcb8077b7cc5d6dc67','Driver_Type','OBJECT');
INSERT INTO PUBLIC.OBJECT_FIELD_METADATA (ID, NAME, METADATA_TYPE, PARENT_METADATA,PARENT_METADATA_NAME, REFERENCE_METADATA, REFERENCE_METADATA_NAME, REFERENCE_METADATA_TYPE)VALUES('4dd54c4c40454f79ba45d9fb3687a47e','HazardGradeCd','FIELD','ba1a1b472d2544e4bbab6d4ce4e4a846','CommlAutoLineBusiness_Type','6240ce877a244a73a1253961131c6cc9','IndustryCode_Type','PRIMITIVE');
INSERT INTO PUBLIC.OBJECT_METADATA (ID, NAME, METADATA_TYPE, REFERENCE_METADATA, REFERENCE_METADATA_NAME) VALUES('24afe38d7bac4f59b1fac3613a9c18f7','CommlAutoPolicyInfo_Type','OBJECT',null,null);
INSERT INTO PUBLIC.OBJECT_FIELD_METADATA (ID, NAME, METADATA_TYPE, PARENT_METADATA,PARENT_METADATA_NAME, REFERENCE_METADATA, REFERENCE_METADATA_NAME, REFERENCE_METADATA_TYPE)VALUES('1c82c5a203c04c689f701288f481db46','FleetInd','FIELD','24afe38d7bac4f59b1fac3613a9c18f7','CommlAutoPolicyInfo_Type','4ffb0bcc3ec946d1af3ef883f4c3a4e6','Boolean','PRIMITIVE');
INSERT INTO PUBLIC.OBJECT_FIELD_METADATA (ID, NAME, METADATA_TYPE, PARENT_METADATA,PARENT_METADATA_NAME, REFERENCE_METADATA, REFERENCE_METADATA_NAME, REFERENCE_METADATA_TYPE)VALUES('16601ffef3704657b22ccd8ffc902138','HaulForOthersInd','FIELD','24afe38d7bac4f59b1fac3613a9c18f7','CommlAutoPolicyInfo_Type','4ffb0bcc3ec946d1af3ef883f4c3a4e6','Boolean','PRIMITIVE');
INSERT INTO PUBLIC.OBJECT_FIELD_METADATA (ID, NAME, METADATA_TYPE, PARENT_METADATA,PARENT_METADATA_NAME, REFERENCE_METADATA, REFERENCE_METADATA_NAME, REFERENCE_METADATA_TYPE)VALUES('ef9a509b73214e97aa334b9022cd6b17','CoApplicantWageContinuationPlanName','FIELD','24afe38d7bac4f59b1fac3613a9c18f7','CommlAutoPolicyInfo_Type','2344631100044813a5126adcfb93e80d','C-255','PRIMITIVE');
INSERT INTO PUBLIC.OBJECT_FIELD_METADATA (ID, NAME, METADATA_TYPE, PARENT_METADATA,PARENT_METADATA_NAME, REFERENCE_METADATA, REFERENCE_METADATA_NAME, REFERENCE_METADATA_TYPE)VALUES('089ccd1ecdcf4f489f4d6f986aa14667','NumVehsCovered','FIELD','24afe38d7bac4f59b1fac3613a9c18f7','CommlAutoPolicyInfo_Type','838cab4e48a54d0bb23ca5ea9db454ab','Long','PRIMITIVE');
INSERT INTO PUBLIC.OBJECT_FIELD_METADATA (ID, NAME, METADATA_TYPE, PARENT_METADATA,PARENT_METADATA_NAME, REFERENCE_METADATA, REFERENCE_METADATA_NAME, REFERENCE_METADATA_TYPE)VALUES('ea1a827127c14ae49d5f796b79cc27b0','AnnualGrossSalesFOBPct','FIELD','24afe38d7bac4f59b1fac3613a9c18f7','CommlAutoPolicyInfo_Type','42787ecf7ebe44bdb047ebe0f2268d21','PercentLong','PRIMITIVE');
INSERT INTO PUBLIC.OBJECT_FIELD_METADATA (ID, NAME, METADATA_TYPE, PARENT_METADATA,PARENT_METADATA_NAME, REFERENCE_METADATA, REFERENCE_METADATA_NAME, REFERENCE_METADATA_TYPE)VALUES('d5ba2a057ffe45e3b06423e049abe57e','DriverTrainingInd','FIELD','24afe38d7bac4f59b1fac3613a9c18f7','CommlAutoPolicyInfo_Type','4ffb0bcc3ec946d1af3ef883f4c3a4e6','Boolean','PRIMITIVE');
INSERT INTO PUBLIC.OBJECT_FIELD_METADATA (ID, NAME, METADATA_TYPE, PARENT_METADATA,PARENT_METADATA_NAME, REFERENCE_METADATA, REFERENCE_METADATA_NAME, REFERENCE_METADATA_TYPE)VALUES('7a91634bd43f46ef92aee5d32d71e47c','LeaseVehsToOthersInd','FIELD','24afe38d7bac4f59b1fac3613a9c18f7','CommlAutoPolicyInfo_Type','4ffb0bcc3ec946d1af3ef883f4c3a4e6','Boolean','PRIMITIVE');
INSERT INTO PUBLIC.OBJECT_FIELD_METADATA (ID, NAME, METADATA_TYPE, PARENT_METADATA,PARENT_METADATA_NAME, REFERENCE_METADATA, REFERENCE_METADATA_NAME, REFERENCE_METADATA_TYPE)VALUES('65196a069795476d82adcfb4a202a9c3','LeasedPct','FIELD','24afe38d7bac4f59b1fac3613a9c18f7','CommlAutoPolicyInfo_Type','42787ecf7ebe44bdb047ebe0f2268d21','PercentLong','PRIMITIVE');
INSERT INTO PUBLIC.OBJECT_FIELD_METADATA (ID, NAME, METADATA_TYPE, PARENT_METADATA,PARENT_METADATA_NAME, REFERENCE_METADATA, REFERENCE_METADATA_NAME, REFERENCE_METADATA_TYPE)VALUES('afba77718e3b4a0aad9ecbd4f8a8bcd7','GarageStorageLocationDesc','FIELD','24afe38d7bac4f59b1fac3613a9c18f7','CommlAutoPolicyInfo_Type','2344631100044813a5126adcfb93e80d','C-255','PRIMITIVE');
INSERT INTO PUBLIC.OBJECT_FIELD_METADATA (ID, NAME, METADATA_TYPE, PARENT_METADATA,PARENT_METADATA_NAME, REFERENCE_METADATA, REFERENCE_METADATA_NAME, REFERENCE_METADATA_TYPE)VALUES('d34cd661668e4927b97d369f3d53c020','NumVehsInFleet','FIELD','24afe38d7bac4f59b1fac3613a9c18f7','CommlAutoPolicyInfo_Type','838cab4e48a54d0bb23ca5ea9db454ab','Long','PRIMITIVE');
INSERT INTO PUBLIC.PRIMITIVE_METADATA (ID, NAME, METADATA_TYPE) VALUES('0fa8ab6191884941a27f67173327799e','ShipperType','PRIMITIVE');
INSERT INTO PUBLIC.OBJECT_FIELD_METADATA (ID, NAME, METADATA_TYPE, PARENT_METADATA,PARENT_METADATA_NAME, REFERENCE_METADATA, REFERENCE_METADATA_NAME, REFERENCE_METADATA_TYPE)VALUES('3991e8e23c574df993bbc17b3436bab4','ShipperTypeCd','FIELD','24afe38d7bac4f59b1fac3613a9c18f7','CommlAutoPolicyInfo_Type','0fa8ab6191884941a27f67173327799e','ShipperType','PRIMITIVE');
INSERT INTO PUBLIC.OBJECT_FIELD_METADATA (ID, NAME, METADATA_TYPE, PARENT_METADATA,PARENT_METADATA_NAME, REFERENCE_METADATA, REFERENCE_METADATA_NAME, REFERENCE_METADATA_TYPE)VALUES('50509ce4bd1041baa17061966042f537','DriverPhysicalsInd','FIELD','24afe38d7bac4f59b1fac3613a9c18f7','CommlAutoPolicyInfo_Type','4ffb0bcc3ec946d1af3ef883f4c3a4e6','Boolean','PRIMITIVE');
INSERT INTO PUBLIC.OBJECT_FIELD_METADATA (ID, NAME, METADATA_TYPE, PARENT_METADATA,PARENT_METADATA_NAME, REFERENCE_METADATA, REFERENCE_METADATA_NAME, REFERENCE_METADATA_TYPE)VALUES('c235f1310bd74e2ca3ac51acc607d260','PrimaryRatingJurisdictionCd','FIELD','24afe38d7bac4f59b1fac3613a9c18f7','CommlAutoPolicyInfo_Type','6240ce877a244a73a1253961131c6cc9','IndustryCode_Type','PRIMITIVE');
INSERT INTO PUBLIC.OBJECT_FIELD_METADATA (ID, NAME, METADATA_TYPE, PARENT_METADATA,PARENT_METADATA_NAME, REFERENCE_METADATA, REFERENCE_METADATA_NAME, REFERENCE_METADATA_TYPE)VALUES('f85a5458164c41b9886b30652c43a2ab','Addr','MODEL_RELATION','24afe38d7bac4f59b1fac3613a9c18f7','CommlAutoPolicyInfo_Type','759d14d8f09b4177b35c09e2f3403b97','Addr_Type','OBJECT');
INSERT INTO PUBLIC.OBJECT_FIELD_METADATA (ID, NAME, METADATA_TYPE, PARENT_METADATA,PARENT_METADATA_NAME, REFERENCE_METADATA, REFERENCE_METADATA_NAME, REFERENCE_METADATA_TYPE)VALUES('d7bda75517c8481b89a93627fd82de01','MaxExposureAmt','MODEL_RELATION','24afe38d7bac4f59b1fac3613a9c18f7','CommlAutoPolicyInfo_Type','4fa89203e94a4637baa0484d19b460c5','CURRENCY','OBJECT');
INSERT INTO PUBLIC.OBJECT_FIELD_METADATA (ID, NAME, METADATA_TYPE, PARENT_METADATA,PARENT_METADATA_NAME, REFERENCE_METADATA, REFERENCE_METADATA_NAME, REFERENCE_METADATA_TYPE)VALUES('374d20a8d2ca4cf4a772659cf9426d7e','NumVehsOwned','FIELD','24afe38d7bac4f59b1fac3613a9c18f7','CommlAutoPolicyInfo_Type','838cab4e48a54d0bb23ca5ea9db454ab','Long','PRIMITIVE');
INSERT INTO PUBLIC.OBJECT_FIELD_METADATA (ID, NAME, METADATA_TYPE, PARENT_METADATA,PARENT_METADATA_NAME, REFERENCE_METADATA, REFERENCE_METADATA_NAME, REFERENCE_METADATA_TYPE)VALUES('c6cc33b4f48a490fa7812d4638007f4e','MaxExposureVehAmt','MODEL_RELATION','24afe38d7bac4f59b1fac3613a9c18f7','CommlAutoPolicyInfo_Type','4fa89203e94a4637baa0484d19b460c5','CURRENCY','OBJECT');
INSERT INTO PUBLIC.OBJECT_FIELD_METADATA (ID, NAME, METADATA_TYPE, PARENT_METADATA,PARENT_METADATA_NAME, REFERENCE_METADATA, REFERENCE_METADATA_NAME, REFERENCE_METADATA_TYPE)VALUES('4a71b56351ca451095f488ef2690754b','DriverRecruitingMethodInd','FIELD','24afe38d7bac4f59b1fac3613a9c18f7','CommlAutoPolicyInfo_Type','4ffb0bcc3ec946d1af3ef883f4c3a4e6','Boolean','PRIMITIVE');
INSERT INTO PUBLIC.OBJECT_FIELD_METADATA (ID, NAME, METADATA_TYPE, PARENT_METADATA,PARENT_METADATA_NAME, REFERENCE_METADATA, REFERENCE_METADATA_NAME, REFERENCE_METADATA_TYPE)VALUES('ef93430f954049bbb9d7178440371972','MVRVerificationInd','FIELD','24afe38d7bac4f59b1fac3613a9c18f7','CommlAutoPolicyInfo_Type','4ffb0bcc3ec946d1af3ef883f4c3a4e6','Boolean','PRIMITIVE');
INSERT INTO PUBLIC.OBJECT_FIELD_METADATA (ID, NAME, METADATA_TYPE, PARENT_METADATA,PARENT_METADATA_NAME, REFERENCE_METADATA, REFERENCE_METADATA_NAME, REFERENCE_METADATA_TYPE)VALUES('becc928e71594810bc3f0c7b7a011e0d','NumFleetVehsPhysDamageDiscount','FIELD','24afe38d7bac4f59b1fac3613a9c18f7','CommlAutoPolicyInfo_Type','838cab4e48a54d0bb23ca5ea9db454ab','Long','PRIMITIVE');
INSERT INTO PUBLIC.OBJECT_FIELD_METADATA (ID, NAME, METADATA_TYPE, PARENT_METADATA,PARENT_METADATA_NAME, REFERENCE_METADATA, REFERENCE_METADATA_NAME, REFERENCE_METADATA_TYPE)VALUES('1b48e46b62934dbea05f8f94ba3cd0b5','OthersUnderPermitInd','FIELD','24afe38d7bac4f59b1fac3613a9c18f7','CommlAutoPolicyInfo_Type','4ffb0bcc3ec946d1af3ef883f4c3a4e6','Boolean','PRIMITIVE');
INSERT INTO PUBLIC.OBJECT_FIELD_METADATA (ID, NAME, METADATA_TYPE, PARENT_METADATA,PARENT_METADATA_NAME, REFERENCE_METADATA, REFERENCE_METADATA_NAME, REFERENCE_METADATA_TYPE)VALUES('3c203ef4c5164e0f902a21e87c5c663a','RadiusExceededInd','FIELD','24afe38d7bac4f59b1fac3613a9c18f7','CommlAutoPolicyInfo_Type','4ffb0bcc3ec946d1af3ef883f4c3a4e6','Boolean','PRIMITIVE');
INSERT INTO PUBLIC.OBJECT_FIELD_METADATA (ID, NAME, METADATA_TYPE, PARENT_METADATA,PARENT_METADATA_NAME, REFERENCE_METADATA, REFERENCE_METADATA_NAME, REFERENCE_METADATA_TYPE)VALUES('00d8acac25be437790d1bda640dd17e3','QuestionAnswer','MODEL_RELATION','24afe38d7bac4f59b1fac3613a9c18f7','CommlAutoPolicyInfo_Type','152fefd4f3054b68b490c1af5c9c284c','QuestionAnswer_Type','OBJECT');
INSERT INTO PUBLIC.OBJECT_FIELD_METADATA (ID, NAME, METADATA_TYPE, PARENT_METADATA,PARENT_METADATA_NAME, REFERENCE_METADATA, REFERENCE_METADATA_NAME, REFERENCE_METADATA_TYPE)VALUES('bf18d85d447b4508854ce90cc13d7932','ApplicantWageContinuationPlanName','FIELD','24afe38d7bac4f59b1fac3613a9c18f7','CommlAutoPolicyInfo_Type','2344631100044813a5126adcfb93e80d','C-255','PRIMITIVE');
INSERT INTO PUBLIC.OBJECT_FIELD_METADATA (ID, NAME, METADATA_TYPE, PARENT_METADATA,PARENT_METADATA_NAME, REFERENCE_METADATA, REFERENCE_METADATA_NAME, REFERENCE_METADATA_TYPE)VALUES('20c8b13df96a4cd18b86a9b34e1f36d1','BelongingToOthersPct','FIELD','24afe38d7bac4f59b1fac3613a9c18f7','CommlAutoPolicyInfo_Type','42787ecf7ebe44bdb047ebe0f2268d21','PercentLong','PRIMITIVE');
INSERT INTO PUBLIC.OBJECT_FIELD_METADATA (ID, NAME, METADATA_TYPE, PARENT_METADATA,PARENT_METADATA_NAME, REFERENCE_METADATA, REFERENCE_METADATA_NAME, REFERENCE_METADATA_TYPE)VALUES('02146568804c460db051f734d1782703','InsuringAgreementInd','FIELD','24afe38d7bac4f59b1fac3613a9c18f7','CommlAutoPolicyInfo_Type','4ffb0bcc3ec946d1af3ef883f4c3a4e6','Boolean','PRIMITIVE');
INSERT INTO PUBLIC.OBJECT_FIELD_METADATA (ID, NAME, METADATA_TYPE, PARENT_METADATA,PARENT_METADATA_NAME, REFERENCE_METADATA, REFERENCE_METADATA_NAME, REFERENCE_METADATA_TYPE)VALUES('fd9fe25a70ec4d059853b718fc650ecb','ContingentCoverageFOBInd','FIELD','24afe38d7bac4f59b1fac3613a9c18f7','CommlAutoPolicyInfo_Type','4ffb0bcc3ec946d1af3ef883f4c3a4e6','Boolean','PRIMITIVE');
INSERT INTO PUBLIC.OBJECT_FIELD_METADATA (ID, NAME, METADATA_TYPE, PARENT_METADATA,PARENT_METADATA_NAME, REFERENCE_METADATA, REFERENCE_METADATA_NAME, REFERENCE_METADATA_TYPE)VALUES('66d096720c37496795c4f0027397a4cb','TargetCommoditiesInd','FIELD','24afe38d7bac4f59b1fac3613a9c18f7','CommlAutoPolicyInfo_Type','4ffb0bcc3ec946d1af3ef883f4c3a4e6','Boolean','PRIMITIVE');
INSERT INTO PUBLIC.OBJECT_METADATA (ID, NAME, METADATA_TYPE, REFERENCE_METADATA, REFERENCE_METADATA_NAME) VALUES('de18427c63e1403fb31fdec8230d958c','ElectronicMonitoringInfo_Type','OBJECT',null,null);
INSERT INTO PUBLIC.OBJECT_FIELD_METADATA (ID, NAME, METADATA_TYPE, PARENT_METADATA,PARENT_METADATA_NAME, REFERENCE_METADATA, REFERENCE_METADATA_NAME, REFERENCE_METADATA_TYPE)VALUES('9ad156f693604290ad59c89d0c3ff8e7','MonitorDriverSafetyInd','FIELD','de18427c63e1403fb31fdec8230d958c','ElectronicMonitoringInfo_Type','4ffb0bcc3ec946d1af3ef883f4c3a4e6','Boolean','PRIMITIVE');
INSERT INTO PUBLIC.OBJECT_METADATA (ID, NAME, METADATA_TYPE, REFERENCE_METADATA, REFERENCE_METADATA_NAME) VALUES('7ed1985bd949407d9969d135de801842','OtherMonitoringUse_Type','OBJECT',null,null);
INSERT INTO PUBLIC.OBJECT_FIELD_METADATA (ID, NAME, METADATA_TYPE, PARENT_METADATA,PARENT_METADATA_NAME, REFERENCE_METADATA, REFERENCE_METADATA_NAME, REFERENCE_METADATA_TYPE)VALUES('45a097b6d4fd4328b4846ab061d8abd4','OtherUseDescription','FIELD','7ed1985bd949407d9969d135de801842','OtherMonitoringUse_Type','2344631100044813a5126adcfb93e80d','C-255','PRIMITIVE');
INSERT INTO PUBLIC.OBJECT_FIELD_METADATA (ID, NAME, METADATA_TYPE, PARENT_METADATA,PARENT_METADATA_NAME, REFERENCE_METADATA, REFERENCE_METADATA_NAME, REFERENCE_METADATA_TYPE)VALUES('d8fbf22cdbdd440e944334294ae13149','OtherMonitoringUseExt','FIELD','7ed1985bd949407d9969d135de801842','OtherMonitoringUse_Type',null,null,null);
INSERT INTO PUBLIC.OBJECT_FIELD_METADATA (ID, NAME, METADATA_TYPE, PARENT_METADATA,PARENT_METADATA_NAME, REFERENCE_METADATA, REFERENCE_METADATA_NAME, REFERENCE_METADATA_TYPE)VALUES('a405184d70fb4f0997888f52a53ddad3','OtherUseInd','FIELD','7ed1985bd949407d9969d135de801842','OtherMonitoringUse_Type','4ffb0bcc3ec946d1af3ef883f4c3a4e6','Boolean','PRIMITIVE');
INSERT INTO PUBLIC.OBJECT_FIELD_METADATA (ID, NAME, METADATA_TYPE, PARENT_METADATA,PARENT_METADATA_NAME, REFERENCE_METADATA, REFERENCE_METADATA_NAME, REFERENCE_METADATA_TYPE)VALUES('aa4b471c41c444aeb92e545818b53d1f','OtherMonitoringUse','MODEL_RELATION','de18427c63e1403fb31fdec8230d958c','ElectronicMonitoringInfo_Type','7ed1985bd949407d9969d135de801842','OtherMonitoringUse_Type','OBJECT');
INSERT INTO PUBLIC.OBJECT_FIELD_METADATA (ID, NAME, METADATA_TYPE, PARENT_METADATA,PARENT_METADATA_NAME, REFERENCE_METADATA, REFERENCE_METADATA_NAME, REFERENCE_METADATA_TYPE)VALUES('39eacea9b4f54acc81eb4f08fe37a1ea','FuelConsumptionTrackingInd','FIELD','de18427c63e1403fb31fdec8230d958c','ElectronicMonitoringInfo_Type','4ffb0bcc3ec946d1af3ef883f4c3a4e6','Boolean','PRIMITIVE');
INSERT INTO PUBLIC.OBJECT_FIELD_METADATA (ID, NAME, METADATA_TYPE, PARENT_METADATA,PARENT_METADATA_NAME, REFERENCE_METADATA, REFERENCE_METADATA_NAME, REFERENCE_METADATA_TYPE)VALUES('38fa3e34fa00467280e1524b84f3e7ee','NavigationInd','FIELD','de18427c63e1403fb31fdec8230d958c','ElectronicMonitoringInfo_Type','4ffb0bcc3ec946d1af3ef883f4c3a4e6','Boolean','PRIMITIVE');
INSERT INTO PUBLIC.OBJECT_FIELD_METADATA (ID, NAME, METADATA_TYPE, PARENT_METADATA,PARENT_METADATA_NAME, REFERENCE_METADATA, REFERENCE_METADATA_NAME, REFERENCE_METADATA_TYPE)VALUES('87f94a34662c4ae9831e5eb3262fc93a','GeneralUseDesc','FIELD','de18427c63e1403fb31fdec8230d958c','ElectronicMonitoringInfo_Type','2344631100044813a5126adcfb93e80d','C-255','PRIMITIVE');
INSERT INTO PUBLIC.OBJECT_FIELD_METADATA (ID, NAME, METADATA_TYPE, PARENT_METADATA,PARENT_METADATA_NAME, REFERENCE_METADATA, REFERENCE_METADATA_NAME, REFERENCE_METADATA_TYPE)VALUES('6ece8081042d4bab8cfc4f4e0f33d3a1','LocationTrackingInd','FIELD','de18427c63e1403fb31fdec8230d958c','ElectronicMonitoringInfo_Type','4ffb0bcc3ec946d1af3ef883f4c3a4e6','Boolean','PRIMITIVE');
INSERT INTO PUBLIC.OBJECT_FIELD_METADATA (ID, NAME, METADATA_TYPE, PARENT_METADATA,PARENT_METADATA_NAME, REFERENCE_METADATA, REFERENCE_METADATA_NAME, REFERENCE_METADATA_TYPE)VALUES('ee27a991f2ec4f84a37650848a2b7f21','MonitorVehicleMaintenanceInd','FIELD','de18427c63e1403fb31fdec8230d958c','ElectronicMonitoringInfo_Type','4ffb0bcc3ec946d1af3ef883f4c3a4e6','Boolean','PRIMITIVE');
INSERT INTO PUBLIC.OBJECT_FIELD_METADATA (ID, NAME, METADATA_TYPE, PARENT_METADATA,PARENT_METADATA_NAME, REFERENCE_METADATA, REFERENCE_METADATA_NAME, REFERENCE_METADATA_TYPE)VALUES('be709a151f28409ba77018837194d7a7','FleetVehMonitoredPct','FIELD','de18427c63e1403fb31fdec8230d958c','ElectronicMonitoringInfo_Type','42787ecf7ebe44bdb047ebe0f2268d21','PercentLong','PRIMITIVE');
INSERT INTO PUBLIC.OBJECT_FIELD_METADATA (ID, NAME, METADATA_TYPE, PARENT_METADATA,PARENT_METADATA_NAME, REFERENCE_METADATA, REFERENCE_METADATA_NAME, REFERENCE_METADATA_TYPE)VALUES('2088059f01b647e1a37be434666f278a','MileageTrackingInd','FIELD','de18427c63e1403fb31fdec8230d958c','ElectronicMonitoringInfo_Type','4ffb0bcc3ec946d1af3ef883f4c3a4e6','Boolean','PRIMITIVE');
INSERT INTO PUBLIC.OBJECT_FIELD_METADATA (ID, NAME, METADATA_TYPE, PARENT_METADATA,PARENT_METADATA_NAME, REFERENCE_METADATA, REFERENCE_METADATA_NAME, REFERENCE_METADATA_TYPE)VALUES('2204b745433e4b9aa19e01ac80c4d517','ElectronicMonitoringInfoExt','FIELD','de18427c63e1403fb31fdec8230d958c','ElectronicMonitoringInfo_Type',null,null,null);
INSERT INTO PUBLIC.OBJECT_FIELD_METADATA (ID, NAME, METADATA_TYPE, PARENT_METADATA,PARENT_METADATA_NAME, REFERENCE_METADATA, REFERENCE_METADATA_NAME, REFERENCE_METADATA_TYPE)VALUES('e89a17e5d1114aedbc0dcffa13960390','ElectronicMonitoringInd','FIELD','de18427c63e1403fb31fdec8230d958c','ElectronicMonitoringInfo_Type','4ffb0bcc3ec946d1af3ef883f4c3a4e6','Boolean','PRIMITIVE');
INSERT INTO PUBLIC.OBJECT_FIELD_METADATA (ID, NAME, METADATA_TYPE, PARENT_METADATA,PARENT_METADATA_NAME, REFERENCE_METADATA, REFERENCE_METADATA_NAME, REFERENCE_METADATA_TYPE)VALUES('40de369494394c3092f5238355708505','ElectronicMonitoringInfo','MODEL_RELATION','24afe38d7bac4f59b1fac3613a9c18f7','CommlAutoPolicyInfo_Type','de18427c63e1403fb31fdec8230d958c','ElectronicMonitoringInfo_Type','OBJECT');
INSERT INTO PUBLIC.OBJECT_FIELD_METADATA (ID, NAME, METADATA_TYPE, PARENT_METADATA,PARENT_METADATA_NAME, REFERENCE_METADATA, REFERENCE_METADATA_NAME, REFERENCE_METADATA_TYPE)VALUES('7e5ab9c0739d441993b1b5f0de02e1fa','DriverTestingInd','FIELD','24afe38d7bac4f59b1fac3613a9c18f7','CommlAutoPolicyInfo_Type','4ffb0bcc3ec946d1af3ef883f4c3a4e6','Boolean','PRIMITIVE');
INSERT INTO PUBLIC.OBJECT_FIELD_METADATA (ID, NAME, METADATA_TYPE, PARENT_METADATA,PARENT_METADATA_NAME, REFERENCE_METADATA, REFERENCE_METADATA_NAME, REFERENCE_METADATA_TYPE)VALUES('6fed142cee0547ed9b39c8fef032a2f5','CommlAutoPolicyInfoExt','FIELD','24afe38d7bac4f59b1fac3613a9c18f7','CommlAutoPolicyInfo_Type',null,null,null);
INSERT INTO PUBLIC.OBJECT_FIELD_METADATA (ID, NAME, METADATA_TYPE, PARENT_METADATA,PARENT_METADATA_NAME, REFERENCE_METADATA, REFERENCE_METADATA_NAME, REFERENCE_METADATA_TYPE)VALUES('46e08bfe92844a5dbb2ac7efa5784af2','MaxExposureLocationAmt','MODEL_RELATION','24afe38d7bac4f59b1fac3613a9c18f7','CommlAutoPolicyInfo_Type','4fa89203e94a4637baa0484d19b460c5','CURRENCY','OBJECT');
INSERT INTO PUBLIC.OBJECT_FIELD_METADATA (ID, NAME, METADATA_TYPE, PARENT_METADATA,PARENT_METADATA_NAME, REFERENCE_METADATA, REFERENCE_METADATA_NAME, REFERENCE_METADATA_TYPE)VALUES('cc5535aa3745427f8e67d5b6a7571ab2','LeasedWithOperatorsInd','FIELD','24afe38d7bac4f59b1fac3613a9c18f7','CommlAutoPolicyInfo_Type','4ffb0bcc3ec946d1af3ef883f4c3a4e6','Boolean','PRIMITIVE');
INSERT INTO PUBLIC.PRIMITIVE_METADATA (ID, NAME, METADATA_TYPE) VALUES('37021fb52d694aaf84b2e9f51f026d9c','CarrierType','PRIMITIVE');
INSERT INTO PUBLIC.OBJECT_FIELD_METADATA (ID, NAME, METADATA_TYPE, PARENT_METADATA,PARENT_METADATA_NAME, REFERENCE_METADATA, REFERENCE_METADATA_NAME, REFERENCE_METADATA_TYPE)VALUES('d154e250ed6541f597317f707d74da39','CarrierTypeCd','FIELD','24afe38d7bac4f59b1fac3613a9c18f7','CommlAutoPolicyInfo_Type','37021fb52d694aaf84b2e9f51f026d9c','CarrierType','PRIMITIVE');
INSERT INTO PUBLIC.OBJECT_FIELD_METADATA (ID, NAME, METADATA_TYPE, PARENT_METADATA,PARENT_METADATA_NAME, REFERENCE_METADATA, REFERENCE_METADATA_NAME, REFERENCE_METADATA_TYPE)VALUES('590a61b194374828999fd56f92658518','CompensationPerTripInd','FIELD','24afe38d7bac4f59b1fac3613a9c18f7','CommlAutoPolicyInfo_Type','4ffb0bcc3ec946d1af3ef883f4c3a4e6','Boolean','PRIMITIVE');
INSERT INTO PUBLIC.OBJECT_FIELD_METADATA (ID, NAME, METADATA_TYPE, PARENT_METADATA,PARENT_METADATA_NAME, REFERENCE_METADATA, REFERENCE_METADATA_NAME, REFERENCE_METADATA_TYPE)VALUES('0575f83107764e19925aa1d1a8535d8c','HireEquipmentInd','FIELD','24afe38d7bac4f59b1fac3613a9c18f7','CommlAutoPolicyInfo_Type','4ffb0bcc3ec946d1af3ef883f4c3a4e6','Boolean','PRIMITIVE');
INSERT INTO PUBLIC.OBJECT_FIELD_METADATA (ID, NAME, METADATA_TYPE, PARENT_METADATA,PARENT_METADATA_NAME, REFERENCE_METADATA, REFERENCE_METADATA_NAME, REFERENCE_METADATA_TYPE)VALUES('21f4543b73c34d9fb1ffd6962195c9e6','VehMaintenanceInd','FIELD','24afe38d7bac4f59b1fac3613a9c18f7','CommlAutoPolicyInfo_Type','4ffb0bcc3ec946d1af3ef883f4c3a4e6','Boolean','PRIMITIVE');
INSERT INTO PUBLIC.OBJECT_FIELD_METADATA (ID, NAME, METADATA_TYPE, PARENT_METADATA,PARENT_METADATA_NAME, REFERENCE_METADATA, REFERENCE_METADATA_NAME, REFERENCE_METADATA_TYPE)VALUES('5925bf0210c74d2d848af31ebc897bc0','CommlAutoPolicyInfo','MODEL_RELATION','ba1a1b472d2544e4bbab6d4ce4e4a846','CommlAutoLineBusiness_Type','24afe38d7bac4f59b1fac3613a9c18f7','CommlAutoPolicyInfo_Type','OBJECT');
INSERT INTO PUBLIC.OBJECT_FIELD_METADATA (ID, NAME, METADATA_TYPE, PARENT_METADATA,PARENT_METADATA_NAME, REFERENCE_METADATA, REFERENCE_METADATA_NAME, REFERENCE_METADATA_TYPE)VALUES('3d744037b9b4452db95585773c26e984','QuestionAnswer','MODEL_RELATION','ba1a1b472d2544e4bbab6d4ce4e4a846','CommlAutoLineBusiness_Type','152fefd4f3054b68b490c1af5c9c284c','QuestionAnswer_Type','OBJECT');
INSERT INTO PUBLIC.OBJECT_METADATA (ID, NAME, METADATA_TYPE, REFERENCE_METADATA, REFERENCE_METADATA_NAME) VALUES('aa45596299094b44938eae749e7155eb','GarageKeepersLocation_Type','OBJECT',null,null);
INSERT INTO PUBLIC.OBJECT_FIELD_METADATA (ID, NAME, METADATA_TYPE, PARENT_METADATA,PARENT_METADATA_NAME, REFERENCE_METADATA, REFERENCE_METADATA_NAME, REFERENCE_METADATA_TYPE)VALUES('fa9844f700bf40af915b043604cac45c','NumClassIRegularOperators','FIELD','aa45596299094b44938eae749e7155eb','GarageKeepersLocation_Type','838cab4e48a54d0bb23ca5ea9db454ab','Long','PRIMITIVE');
INSERT INTO PUBLIC.OBJECT_FIELD_METADATA (ID, NAME, METADATA_TYPE, PARENT_METADATA,PARENT_METADATA_NAME, REFERENCE_METADATA, REFERENCE_METADATA_NAME, REFERENCE_METADATA_TYPE)VALUES('e36f851a0eb545a9becd7036562f7330','InventoryBldgPct','FIELD','aa45596299094b44938eae749e7155eb','GarageKeepersLocation_Type','42787ecf7ebe44bdb047ebe0f2268d21','PercentLong','PRIMITIVE');
INSERT INTO PUBLIC.OBJECT_FIELD_METADATA (ID, NAME, METADATA_TYPE, PARENT_METADATA,PARENT_METADATA_NAME, REFERENCE_METADATA, REFERENCE_METADATA_NAME, REFERENCE_METADATA_TYPE)VALUES('42154e3176f94aa58a626bad24b1ee1f','InventoryNonStandardOpenLotPct','FIELD','aa45596299094b44938eae749e7155eb','GarageKeepersLocation_Type','42787ecf7ebe44bdb047ebe0f2268d21','PercentLong','PRIMITIVE');
INSERT INTO PUBLIC.OBJECT_FIELD_METADATA (ID, NAME, METADATA_TYPE, PARENT_METADATA,PARENT_METADATA_NAME, REFERENCE_METADATA, REFERENCE_METADATA_NAME, REFERENCE_METADATA_TYPE)VALUES('c119fc05214d49e38bab2de9e8eaf2fb','NumEmployees','FIELD','aa45596299094b44938eae749e7155eb','GarageKeepersLocation_Type','838cab4e48a54d0bb23ca5ea9db454ab','Long','PRIMITIVE');
INSERT INTO PUBLIC.OBJECT_FIELD_METADATA (ID, NAME, METADATA_TYPE, PARENT_METADATA,PARENT_METADATA_NAME, REFERENCE_METADATA, REFERENCE_METADATA_NAME, REFERENCE_METADATA_TYPE)VALUES('a5250c42d267401d8b84c64ca9002b7e','GarageKeepersLocationExt','FIELD','aa45596299094b44938eae749e7155eb','GarageKeepersLocation_Type',null,null,null);
INSERT INTO PUBLIC.OBJECT_FIELD_METADATA (ID, NAME, METADATA_TYPE, PARENT_METADATA,PARENT_METADATA_NAME, REFERENCE_METADATA, REFERENCE_METADATA_NAME, REFERENCE_METADATA_TYPE)VALUES('5bc17e50f8c541feaffbb86ae4725661','OtherFacilityType','FIELD','aa45596299094b44938eae749e7155eb','GarageKeepersLocation_Type','43d52c0234024809806a2becf9d18a0f','C-30','PRIMITIVE');
INSERT INTO PUBLIC.OBJECT_FIELD_METADATA (ID, NAME, METADATA_TYPE, PARENT_METADATA,PARENT_METADATA_NAME, REFERENCE_METADATA, REFERENCE_METADATA_NAME, REFERENCE_METADATA_TYPE)VALUES('e1daaac43e754d5bb47539436e80ad23','Coverage','MODEL_RELATION','aa45596299094b44938eae749e7155eb','GarageKeepersLocation_Type','d0675b4bbe674c1fa08297c27c3cb675','Coverage_Type','OBJECT');
INSERT INTO PUBLIC.OBJECT_FIELD_METADATA (ID, NAME, METADATA_TYPE, PARENT_METADATA,PARENT_METADATA_NAME, REFERENCE_METADATA, REFERENCE_METADATA_NAME, REFERENCE_METADATA_TYPE)VALUES('142d221636c34010b96ee0a519838689','NumClassIOtherOperators','FIELD','aa45596299094b44938eae749e7155eb','GarageKeepersLocation_Type','838cab4e48a54d0bb23ca5ea9db454ab','Long','PRIMITIVE');
INSERT INTO PUBLIC.OBJECT_FIELD_METADATA (ID, NAME, METADATA_TYPE, PARENT_METADATA,PARENT_METADATA_NAME, REFERENCE_METADATA, REFERENCE_METADATA_NAME, REFERENCE_METADATA_TYPE)VALUES('bddff099cc814c94a271900f1f57cb70','NumClassIIUnderAgeOperators','FIELD','aa45596299094b44938eae749e7155eb','GarageKeepersLocation_Type','838cab4e48a54d0bb23ca5ea9db454ab','Long','PRIMITIVE');
INSERT INTO PUBLIC.OBJECT_FIELD_METADATA (ID, NAME, METADATA_TYPE, PARENT_METADATA,PARENT_METADATA_NAME, REFERENCE_METADATA, REFERENCE_METADATA_NAME, REFERENCE_METADATA_TYPE)VALUES('6be6dc4ca61f4d6ba797ac907d255882','CommlCoverage','MODEL_RELATION','aa45596299094b44938eae749e7155eb','GarageKeepersLocation_Type','d0675b4bbe674c1fa08297c27c3cb675','Coverage_Type','OBJECT');
INSERT INTO PUBLIC.OBJECT_FIELD_METADATA (ID, NAME, METADATA_TYPE, PARENT_METADATA,PARENT_METADATA_NAME, REFERENCE_METADATA, REFERENCE_METADATA_NAME, REFERENCE_METADATA_TYPE)VALUES('9f04db19c4c241099227272d5dc4a23c','CoverageAvailable','MODEL_RELATION','aa45596299094b44938eae749e7155eb','GarageKeepersLocation_Type','d0675b4bbe674c1fa08297c27c3cb675','Coverage_Type','OBJECT');
INSERT INTO PUBLIC.OBJECT_FIELD_METADATA (ID, NAME, METADATA_TYPE, PARENT_METADATA,PARENT_METADATA_NAME, REFERENCE_METADATA, REFERENCE_METADATA_NAME, REFERENCE_METADATA_TYPE)VALUES('6d5f903c49d44aeebbe040e5f0de15b2','TotalPayrollAmt','MODEL_RELATION','aa45596299094b44938eae749e7155eb','GarageKeepersLocation_Type','4fa89203e94a4637baa0484d19b460c5','CURRENCY','OBJECT');
INSERT INTO PUBLIC.OBJECT_FIELD_METADATA (ID, NAME, METADATA_TYPE, PARENT_METADATA,PARENT_METADATA_NAME, REFERENCE_METADATA, REFERENCE_METADATA_NAME, REFERENCE_METADATA_TYPE)VALUES('d8cb01eb7eb949d2bd522bf36f126324','InventoryStandardOpenLotPct','FIELD','aa45596299094b44938eae749e7155eb','GarageKeepersLocation_Type','42787ecf7ebe44bdb047ebe0f2268d21','PercentLong','PRIMITIVE');
INSERT INTO PUBLIC.OBJECT_FIELD_METADATA (ID, NAME, METADATA_TYPE, PARENT_METADATA,PARENT_METADATA_NAME, REFERENCE_METADATA, REFERENCE_METADATA_NAME, REFERENCE_METADATA_TYPE)VALUES('df1ab255265c4ab59850d4d5c4115a0c','InventoryOtherFacilityTypePct','FIELD','aa45596299094b44938eae749e7155eb','GarageKeepersLocation_Type','42787ecf7ebe44bdb047ebe0f2268d21','PercentLong','PRIMITIVE');
INSERT INTO PUBLIC.OBJECT_FIELD_METADATA (ID, NAME, METADATA_TYPE, PARENT_METADATA,PARENT_METADATA_NAME, REFERENCE_METADATA, REFERENCE_METADATA_NAME, REFERENCE_METADATA_TYPE)VALUES('48645b9c958f49e49f9fab907dd5d4c0','ItemIdInfo','MODEL_RELATION','aa45596299094b44938eae749e7155eb','GarageKeepersLocation_Type','ba3be0e0317741b08f872c1fca47ad8f','ItemIdInfo_Type','OBJECT');
INSERT INTO PUBLIC.OBJECT_FIELD_METADATA (ID, NAME, METADATA_TYPE, PARENT_METADATA,PARENT_METADATA_NAME, REFERENCE_METADATA, REFERENCE_METADATA_NAME, REFERENCE_METADATA_TYPE)VALUES('ede563510d7e499d9228c29a710b075d','NumClassIIOtherOperators','FIELD','aa45596299094b44938eae749e7155eb','GarageKeepersLocation_Type','838cab4e48a54d0bb23ca5ea9db454ab','Long','PRIMITIVE');
INSERT INTO PUBLIC.OBJECT_FIELD_METADATA (ID, NAME, METADATA_TYPE, PARENT_METADATA,PARENT_METADATA_NAME, REFERENCE_METADATA, REFERENCE_METADATA_NAME, REFERENCE_METADATA_TYPE)VALUES('ed2a0f0e54704bde84bdd411ffb9bf47','Link','MODEL_RELATION','aa45596299094b44938eae749e7155eb','GarageKeepersLocation_Type','366dc9a89db94de3b92abf43ef1bf084','Link_Type','OBJECT');
INSERT INTO PUBLIC.OBJECT_FIELD_METADATA (ID, NAME, METADATA_TYPE, PARENT_METADATA,PARENT_METADATA_NAME, REFERENCE_METADATA, REFERENCE_METADATA_NAME, REFERENCE_METADATA_TYPE)VALUES('f0b3d0f941bf4baca2694dfaa3d3b1e3','GarageKeepersLocation','MODEL_RELATION','ba1a1b472d2544e4bbab6d4ce4e4a846','CommlAutoLineBusiness_Type','aa45596299094b44938eae749e7155eb','GarageKeepersLocation_Type','OBJECT');
INSERT INTO PUBLIC.OBJECT_FIELD_METADATA (ID, NAME, METADATA_TYPE, PARENT_METADATA,PARENT_METADATA_NAME, REFERENCE_METADATA, REFERENCE_METADATA_NAME, REFERENCE_METADATA_TYPE)VALUES('cd2c2341939d4410b5431ab5e1bd8920','NAICCd','FIELD','ba1a1b472d2544e4bbab6d4ce4e4a846','CommlAutoLineBusiness_Type','6240ce877a244a73a1253961131c6cc9','IndustryCode_Type','PRIMITIVE');
INSERT INTO PUBLIC.OBJECT_FIELD_METADATA (ID, NAME, METADATA_TYPE, PARENT_METADATA,PARENT_METADATA_NAME, REFERENCE_METADATA, REFERENCE_METADATA_NAME, REFERENCE_METADATA_TYPE)VALUES('f8ca0bebbf86497a97e434e3516f85cc','CoveredAutoSymbol','MODEL_RELATION','ba1a1b472d2544e4bbab6d4ce4e4a846','CommlAutoLineBusiness_Type','ab9d0a5196334a0481a07e6d547b986f','CoveredAutoSymbol_Type','OBJECT');
INSERT INTO PUBLIC.OBJECT_FIELD_METADATA (ID, NAME, METADATA_TYPE, PARENT_METADATA,PARENT_METADATA_NAME, REFERENCE_METADATA, REFERENCE_METADATA_NAME, REFERENCE_METADATA_TYPE)VALUES('335f0a1610ea43119fde6d27308cb443','CommlVehFleetInfo','MODEL_RELATION','ba1a1b472d2544e4bbab6d4ce4e4a846','CommlAutoLineBusiness_Type','88ee4a52b5a74a5eaaa6bf312372333f','CommlVehFleetInfo_Type','OBJECT');
INSERT INTO PUBLIC.OBJECT_FIELD_METADATA (ID, NAME, METADATA_TYPE, PARENT_METADATA,PARENT_METADATA_NAME, REFERENCE_METADATA, REFERENCE_METADATA_NAME, REFERENCE_METADATA_TYPE)VALUES('f420654345e54a7db88b7c0b60b98c64','AdditionalInterest','MODEL_RELATION','ba1a1b472d2544e4bbab6d4ce4e4a846','CommlAutoLineBusiness_Type','23a83d5912a54d0ca9b4669826684442','AdditionalInterest_Type','OBJECT');
INSERT INTO PUBLIC.OBJECT_FIELD_METADATA (ID, NAME, METADATA_TYPE, PARENT_METADATA,PARENT_METADATA_NAME, REFERENCE_METADATA, REFERENCE_METADATA_NAME, REFERENCE_METADATA_TYPE)VALUES('9d24fb72736b443db781b9ed6c1f2bc1','AuditInfo','MODEL_RELATION','ba1a1b472d2544e4bbab6d4ce4e4a846','CommlAutoLineBusiness_Type','cafd893cc1ec4101a8df78b1c1a8c82e','AuditInfo_Type','OBJECT');
INSERT INTO PUBLIC.OBJECT_FIELD_METADATA (ID, NAME, METADATA_TYPE, PARENT_METADATA,PARENT_METADATA_NAME, REFERENCE_METADATA, REFERENCE_METADATA_NAME, REFERENCE_METADATA_TYPE)VALUES('cced42f644dd42d6b3243b0585c67225','MinPremInd','FIELD','ba1a1b472d2544e4bbab6d4ce4e4a846','CommlAutoLineBusiness_Type','4ffb0bcc3ec946d1af3ef883f4c3a4e6','Boolean','PRIMITIVE');
INSERT INTO PUBLIC.OBJECT_FIELD_METADATA (ID, NAME, METADATA_TYPE, PARENT_METADATA,PARENT_METADATA_NAME, REFERENCE_METADATA, REFERENCE_METADATA_NAME, REFERENCE_METADATA_TYPE)VALUES('a18adbfb623e407290bd5e672606a035','NetChangeAmt','MODEL_RELATION','ba1a1b472d2544e4bbab6d4ce4e4a846','CommlAutoLineBusiness_Type','4fa89203e94a4637baa0484d19b460c5','CURRENCY','OBJECT');
INSERT INTO PUBLIC.OBJECT_FIELD_METADATA (ID, NAME, METADATA_TYPE, PARENT_METADATA,PARENT_METADATA_NAME, REFERENCE_METADATA, REFERENCE_METADATA_NAME, REFERENCE_METADATA_TYPE)VALUES('7403f666cecc478eb045a808c16e0d84','Coverage','MODEL_RELATION','ba1a1b472d2544e4bbab6d4ce4e4a846','CommlAutoLineBusiness_Type','d0675b4bbe674c1fa08297c27c3cb675','Coverage_Type','OBJECT');
INSERT INTO PUBLIC.OBJECT_FIELD_METADATA (ID, NAME, METADATA_TYPE, PARENT_METADATA,PARENT_METADATA_NAME, REFERENCE_METADATA, REFERENCE_METADATA_NAME, REFERENCE_METADATA_TYPE)VALUES('bd10794eb81f4ecdb54e1bc3c8c9bc4a','PMACd','FIELD','ba1a1b472d2544e4bbab6d4ce4e4a846','CommlAutoLineBusiness_Type','6240ce877a244a73a1253961131c6cc9','IndustryCode_Type','PRIMITIVE');
INSERT INTO PUBLIC.OBJECT_FIELD_METADATA (ID, NAME, METADATA_TYPE, PARENT_METADATA,PARENT_METADATA_NAME, REFERENCE_METADATA, REFERENCE_METADATA_NAME, REFERENCE_METADATA_TYPE)VALUES('0bcaa26f485f439da9d9ca5880bc98fa','LOBSubCd','FIELD','ba1a1b472d2544e4bbab6d4ce4e4a846','CommlAutoLineBusiness_Type','8376159ebcf44685b36391928a67e333','LineOfBusinessSubCode','PRIMITIVE');
INSERT INTO PUBLIC.OBJECT_FIELD_METADATA (ID, NAME, METADATA_TYPE, PARENT_METADATA,PARENT_METADATA_NAME, REFERENCE_METADATA, REFERENCE_METADATA_NAME, REFERENCE_METADATA_TYPE)VALUES('c5cdb834ba3247a6818aa653a3cb3cdd','GroupId','FIELD','ba1a1b472d2544e4bbab6d4ce4e4a846','CommlAutoLineBusiness_Type','3da4bbbc6bf44d5f941e647b8e8408dc','AssignedIdentifier','PRIMITIVE');
INSERT INTO PUBLIC.OBJECT_FIELD_METADATA (ID, NAME, METADATA_TYPE, PARENT_METADATA,PARENT_METADATA_NAME, REFERENCE_METADATA, REFERENCE_METADATA_NAME, REFERENCE_METADATA_TYPE)VALUES('c60e14c50fb64f80af0871206c539333','CommlCoverage','MODEL_RELATION','ba1a1b472d2544e4bbab6d4ce4e4a846','CommlAutoLineBusiness_Type','d0675b4bbe674c1fa08297c27c3cb675','Coverage_Type','OBJECT');
INSERT INTO PUBLIC.OBJECT_FIELD_METADATA (ID, NAME, METADATA_TYPE, PARENT_METADATA,PARENT_METADATA_NAME, REFERENCE_METADATA, REFERENCE_METADATA_NAME, REFERENCE_METADATA_TYPE)VALUES('4e16510b8cad48578709bbf4ab4a14a3','LOBCd','FIELD','ba1a1b472d2544e4bbab6d4ce4e4a846','CommlAutoLineBusiness_Type','3b75decf3cfc42c496d4405220659cf0','LineOfBusiness','PRIMITIVE');
INSERT INTO PUBLIC.OBJECT_FIELD_METADATA (ID, NAME, METADATA_TYPE, PARENT_METADATA,PARENT_METADATA_NAME, REFERENCE_METADATA, REFERENCE_METADATA_NAME, REFERENCE_METADATA_TYPE)VALUES('873523063a2c448f8e52c2f4868c6e20','RateEffectiveDt','FIELD','ba1a1b472d2544e4bbab6d4ce4e4a846','CommlAutoLineBusiness_Type','3b0a2ca6cf3a4fb19718e35aa60287cd','Date','PRIMITIVE');
INSERT INTO PUBLIC.OBJECT_METADATA (ID, NAME, METADATA_TYPE, REFERENCE_METADATA, REFERENCE_METADATA_NAME) VALUES('bf7252bd19a2405591c9548cc7ca117f','CommlVehFiling_Type','OBJECT',null,null);
INSERT INTO PUBLIC.PRIMITIVE_METADATA (ID, NAME, METADATA_TYPE) VALUES('bc1ac3faefcc445981b381cf607d7c2c','LiabilityCargoAuthorityType','PRIMITIVE');
INSERT INTO PUBLIC.OBJECT_FIELD_METADATA (ID, NAME, METADATA_TYPE, PARENT_METADATA,PARENT_METADATA_NAME, REFERENCE_METADATA, REFERENCE_METADATA_NAME, REFERENCE_METADATA_TYPE)VALUES('95628d1de36745b7a54ef9f6955271e7','AuthorityTypeLiabilityCd','FIELD','bf7252bd19a2405591c9548cc7ca117f','CommlVehFiling_Type','bc1ac3faefcc445981b381cf607d7c2c','LiabilityCargoAuthorityType','PRIMITIVE');
INSERT INTO PUBLIC.OBJECT_FIELD_METADATA (ID, NAME, METADATA_TYPE, PARENT_METADATA,PARENT_METADATA_NAME, REFERENCE_METADATA, REFERENCE_METADATA_NAME, REFERENCE_METADATA_TYPE)VALUES('aba905a763884435b1bc2fda6b53a54d','CargoDocketNumber','FIELD','bf7252bd19a2405591c9548cc7ca117f','CommlVehFiling_Type','838cab4e48a54d0bb23ca5ea9db454ab','Long','PRIMITIVE');
INSERT INTO PUBLIC.OBJECT_FIELD_METADATA (ID, NAME, METADATA_TYPE, PARENT_METADATA,PARENT_METADATA_NAME, REFERENCE_METADATA, REFERENCE_METADATA_NAME, REFERENCE_METADATA_TYPE)VALUES('a0d44712c6924cb28989f3f27b5c5f89','DOTRatingAppliesInd','FIELD','bf7252bd19a2405591c9548cc7ca117f','CommlVehFiling_Type','4ffb0bcc3ec946d1af3ef883f4c3a4e6','Boolean','PRIMITIVE');
INSERT INTO PUBLIC.OBJECT_FIELD_METADATA (ID, NAME, METADATA_TYPE, PARENT_METADATA,PARENT_METADATA_NAME, REFERENCE_METADATA, REFERENCE_METADATA_NAME, REFERENCE_METADATA_TYPE)VALUES('b117770aa50a488a8ca14b2030b2f3c8','FinancialResponsibilityFiling','MODEL_RELATION','bf7252bd19a2405591c9548cc7ca117f','CommlVehFiling_Type','df5d5d7362e444499f6f87f4a987a7a4','FinancialResponsibilityFiling_Type','OBJECT');
INSERT INTO PUBLIC.OBJECT_FIELD_METADATA (ID, NAME, METADATA_TYPE, PARENT_METADATA,PARENT_METADATA_NAME, REFERENCE_METADATA, REFERENCE_METADATA_NAME, REFERENCE_METADATA_TYPE)VALUES('d473d7f05f2140c8947ae892222b8823','AuthorityTypeCargoCd','FIELD','bf7252bd19a2405591c9548cc7ca117f','CommlVehFiling_Type','bc1ac3faefcc445981b381cf607d7c2c','LiabilityCargoAuthorityType','PRIMITIVE');
INSERT INTO PUBLIC.OBJECT_FIELD_METADATA (ID, NAME, METADATA_TYPE, PARENT_METADATA,PARENT_METADATA_NAME, REFERENCE_METADATA, REFERENCE_METADATA_NAME, REFERENCE_METADATA_TYPE)VALUES('27da541cfeb24eab8e68bc85ee23dcfa','LiabilityDocketNumber','FIELD','bf7252bd19a2405591c9548cc7ca117f','CommlVehFiling_Type','2344631100044813a5126adcfb93e80d','C-255','PRIMITIVE');
INSERT INTO PUBLIC.OBJECT_FIELD_METADATA (ID, NAME, METADATA_TYPE, PARENT_METADATA,PARENT_METADATA_NAME, REFERENCE_METADATA, REFERENCE_METADATA_NAME, REFERENCE_METADATA_TYPE)VALUES('e3467dd147084e578df26a078a421288','StateProvCd','FIELD','bf7252bd19a2405591c9548cc7ca117f','CommlVehFiling_Type','6240ce877a244a73a1253961131c6cc9','IndustryCode_Type','PRIMITIVE');
INSERT INTO PUBLIC.OBJECT_FIELD_METADATA (ID, NAME, METADATA_TYPE, PARENT_METADATA,PARENT_METADATA_NAME, REFERENCE_METADATA, REFERENCE_METADATA_NAME, REFERENCE_METADATA_TYPE)VALUES('bb7d1504abb9413ab966a2fbbc54ddcc','BaseStateProvCd','FIELD','bf7252bd19a2405591c9548cc7ca117f','CommlVehFiling_Type','6240ce877a244a73a1253961131c6cc9','IndustryCode_Type','PRIMITIVE');
INSERT INTO PUBLIC.OBJECT_FIELD_METADATA (ID, NAME, METADATA_TYPE, PARENT_METADATA,PARENT_METADATA_NAME, REFERENCE_METADATA, REFERENCE_METADATA_NAME, REFERENCE_METADATA_TYPE)VALUES('ccf0295e8c66463e8bfd8eb2677afde2','CommlVehFilingExt','FIELD','bf7252bd19a2405591c9548cc7ca117f','CommlVehFiling_Type',null,null,null);
INSERT INTO PUBLIC.OBJECT_FIELD_METADATA (ID, NAME, METADATA_TYPE, PARENT_METADATA,PARENT_METADATA_NAME, REFERENCE_METADATA, REFERENCE_METADATA_NAME, REFERENCE_METADATA_TYPE)VALUES('46fdf59984624462ae6fb6d7c6a37cb0','CommlVehFiling','MODEL_RELATION','ba1a1b472d2544e4bbab6d4ce4e4a846','CommlAutoLineBusiness_Type','bf7252bd19a2405591c9548cc7ca117f','CommlVehFiling_Type','OBJECT');
INSERT INTO PUBLIC.OBJECT_METADATA (ID, NAME, METADATA_TYPE, REFERENCE_METADATA, REFERENCE_METADATA_NAME) VALUES('5c6e5127200c4e4d820a5a60199a10b8','TruckersZone_Type','OBJECT',null,null);
INSERT INTO PUBLIC.OBJECT_FIELD_METADATA (ID, NAME, METADATA_TYPE, PARENT_METADATA,PARENT_METADATA_NAME, REFERENCE_METADATA, REFERENCE_METADATA_NAME, REFERENCE_METADATA_TYPE)VALUES('f09aff06b28e410789d133769e96ed57','DistanceFarthestTerminal','MODEL_RELATION','5c6e5127200c4e4d820a5a60199a10b8','TruckersZone_Type','1df1057b06734b019460d9f8fb0a43b0','MEASUREMENT','OBJECT');
INSERT INTO PUBLIC.OBJECT_FIELD_METADATA (ID, NAME, METADATA_TYPE, PARENT_METADATA,PARENT_METADATA_NAME, REFERENCE_METADATA, REFERENCE_METADATA_NAME, REFERENCE_METADATA_TYPE)VALUES('22a28181d15e4465a579dd95e5c7eec6','NumTerminals','FIELD','5c6e5127200c4e4d820a5a60199a10b8','TruckersZone_Type','838cab4e48a54d0bb23ca5ea9db454ab','Long','PRIMITIVE');
INSERT INTO PUBLIC.OBJECT_METADATA (ID, NAME, METADATA_TYPE, REFERENCE_METADATA, REFERENCE_METADATA_NAME) VALUES('cf96d84f0940444a97904a3503867d15','TruckersTerminal_Type','OBJECT',null,null);
INSERT INTO PUBLIC.OBJECT_FIELD_METADATA (ID, NAME, METADATA_TYPE, PARENT_METADATA,PARENT_METADATA_NAME, REFERENCE_METADATA, REFERENCE_METADATA_NAME, REFERENCE_METADATA_TYPE)VALUES('79fc2df1a1ca440f9b784654ee4a5e8e','NumVehs','FIELD','cf96d84f0940444a97904a3503867d15','TruckersTerminal_Type','838cab4e48a54d0bb23ca5ea9db454ab','Long','PRIMITIVE');
INSERT INTO PUBLIC.OBJECT_FIELD_METADATA (ID, NAME, METADATA_TYPE, PARENT_METADATA,PARENT_METADATA_NAME, REFERENCE_METADATA, REFERENCE_METADATA_NAME, REFERENCE_METADATA_TYPE)VALUES('de8bf25e55ab496fa2332d7cf7f287a9','DistanceFromGarage','MODEL_RELATION','cf96d84f0940444a97904a3503867d15','TruckersTerminal_Type','1df1057b06734b019460d9f8fb0a43b0','MEASUREMENT','OBJECT');
INSERT INTO PUBLIC.OBJECT_FIELD_METADATA (ID, NAME, METADATA_TYPE, PARENT_METADATA,PARENT_METADATA_NAME, REFERENCE_METADATA, REFERENCE_METADATA_NAME, REFERENCE_METADATA_TYPE)VALUES('b9e019713c7f4c70ac38586088a44d1f','SequenceNumber','FIELD','cf96d84f0940444a97904a3503867d15','TruckersTerminal_Type','838cab4e48a54d0bb23ca5ea9db454ab','Long','PRIMITIVE');
INSERT INTO PUBLIC.OBJECT_FIELD_METADATA (ID, NAME, METADATA_TYPE, PARENT_METADATA,PARENT_METADATA_NAME, REFERENCE_METADATA, REFERENCE_METADATA_NAME, REFERENCE_METADATA_TYPE)VALUES('fa50e3864c0647939fd2da142a66fea1','ItemIdInfo','MODEL_RELATION','cf96d84f0940444a97904a3503867d15','TruckersTerminal_Type','ba3be0e0317741b08f872c1fca47ad8f','ItemIdInfo_Type','OBJECT');
INSERT INTO PUBLIC.OBJECT_FIELD_METADATA (ID, NAME, METADATA_TYPE, PARENT_METADATA,PARENT_METADATA_NAME, REFERENCE_METADATA, REFERENCE_METADATA_NAME, REFERENCE_METADATA_TYPE)VALUES('e01443fc69cd4066b4b88e1cf32233ab','TruckersTerminalExt','FIELD','cf96d84f0940444a97904a3503867d15','TruckersTerminal_Type',null,null,null);
INSERT INTO PUBLIC.OBJECT_FIELD_METADATA (ID, NAME, METADATA_TYPE, PARENT_METADATA,PARENT_METADATA_NAME, REFERENCE_METADATA, REFERENCE_METADATA_NAME, REFERENCE_METADATA_TYPE)VALUES('99d44676d0304ed6a3bc23a54c5be690','TruckersTerminal','MODEL_RELATION','5c6e5127200c4e4d820a5a60199a10b8','TruckersZone_Type','cf96d84f0940444a97904a3503867d15','TruckersTerminal_Type','OBJECT');
INSERT INTO PUBLIC.OBJECT_FIELD_METADATA (ID, NAME, METADATA_TYPE, PARENT_METADATA,PARENT_METADATA_NAME, REFERENCE_METADATA, REFERENCE_METADATA_NAME, REFERENCE_METADATA_TYPE)VALUES('eb3afc6d548f41a5a7fc9ea872ee764e','ZoneCd','FIELD','5c6e5127200c4e4d820a5a60199a10b8','TruckersZone_Type','6240ce877a244a73a1253961131c6cc9','IndustryCode_Type','PRIMITIVE');
INSERT INTO PUBLIC.OBJECT_FIELD_METADATA (ID, NAME, METADATA_TYPE, PARENT_METADATA,PARENT_METADATA_NAME, REFERENCE_METADATA, REFERENCE_METADATA_NAME, REFERENCE_METADATA_TYPE)VALUES('1ddfa3b0638c46159ac56cbcaeb93887','Addr','MODEL_RELATION','5c6e5127200c4e4d820a5a60199a10b8','TruckersZone_Type','759d14d8f09b4177b35c09e2f3403b97','Addr_Type','OBJECT');
INSERT INTO PUBLIC.OBJECT_FIELD_METADATA (ID, NAME, METADATA_TYPE, PARENT_METADATA,PARENT_METADATA_NAME, REFERENCE_METADATA, REFERENCE_METADATA_NAME, REFERENCE_METADATA_TYPE)VALUES('4390a38c70ea461e807383c960a02514','TruckersZoneExt','FIELD','5c6e5127200c4e4d820a5a60199a10b8','TruckersZone_Type',null,null,null);
INSERT INTO PUBLIC.OBJECT_FIELD_METADATA (ID, NAME, METADATA_TYPE, PARENT_METADATA,PARENT_METADATA_NAME, REFERENCE_METADATA, REFERENCE_METADATA_NAME, REFERENCE_METADATA_TYPE)VALUES('0b5edc90220542d38b869e218ca62522','TruckersZone','MODEL_RELATION','ba1a1b472d2544e4bbab6d4ce4e4a846','CommlAutoLineBusiness_Type','5c6e5127200c4e4d820a5a60199a10b8','TruckersZone_Type','OBJECT');
INSERT INTO PUBLIC.OBJECT_FIELD_METADATA (ID, NAME, METADATA_TYPE, PARENT_METADATA,PARENT_METADATA_NAME, REFERENCE_METADATA, REFERENCE_METADATA_NAME, REFERENCE_METADATA_TYPE)VALUES('95948c5d185c4f3d9d59ef467cc82add','CommlRateState','MODEL_RELATION','ba1a1b472d2544e4bbab6d4ce4e4a846','CommlAutoLineBusiness_Type','c02137e903df4586af72d3f07eb2b73a','CommlRateState_Type','OBJECT');
INSERT INTO PUBLIC.OBJECT_FIELD_METADATA (ID, NAME, METADATA_TYPE, PARENT_METADATA,PARENT_METADATA_NAME, REFERENCE_METADATA, REFERENCE_METADATA_NAME, REFERENCE_METADATA_TYPE)VALUES('49dfc1b86c1d4c74977bd836d4e0137b','CommlAutoLineBusiness','MODEL_RELATION','a8485aa8f7a7481b8828e638330f5291','Policy_Type','ba1a1b472d2544e4bbab6d4ce4e4a846','CommlAutoLineBusiness_Type','MODEL');
INSERT INTO PUBLIC.OBJECT_METADATA (ID, NAME, METADATA_TYPE, REFERENCE_METADATA, REFERENCE_METADATA_NAME) VALUES('cba63611d30c4b1dad9c76e7eb58f0e5','CommlInlandMarineLineBusiness_Type','MODEL',null,null);
INSERT INTO PUBLIC.OBJECT_FIELD_METADATA (ID, NAME, METADATA_TYPE, PARENT_METADATA,PARENT_METADATA_NAME, REFERENCE_METADATA, REFERENCE_METADATA_NAME, REFERENCE_METADATA_TYPE)VALUES('044213d2ce1442fc8164656f1b34993a','WrittenAmt','MODEL_RELATION','cba63611d30c4b1dad9c76e7eb58f0e5','CommlInlandMarineLineBusiness_Type','4fa89203e94a4637baa0484d19b460c5','CURRENCY','OBJECT');
INSERT INTO PUBLIC.OBJECT_FIELD_METADATA (ID, NAME, METADATA_TYPE, PARENT_METADATA,PARENT_METADATA_NAME, REFERENCE_METADATA, REFERENCE_METADATA_NAME, REFERENCE_METADATA_TYPE)VALUES('c91094cae96844a4aa062ec0e3a80fed','AdditionalInterest','MODEL_RELATION','cba63611d30c4b1dad9c76e7eb58f0e5','CommlInlandMarineLineBusiness_Type','23a83d5912a54d0ca9b4669826684442','AdditionalInterest_Type','OBJECT');
INSERT INTO PUBLIC.OBJECT_FIELD_METADATA (ID, NAME, METADATA_TYPE, PARENT_METADATA,PARENT_METADATA_NAME, REFERENCE_METADATA, REFERENCE_METADATA_NAME, REFERENCE_METADATA_TYPE)VALUES('63f92087c42849b78375f3950d0b27fa','AuditInfo','MODEL_RELATION','cba63611d30c4b1dad9c76e7eb58f0e5','CommlInlandMarineLineBusiness_Type','cafd893cc1ec4101a8df78b1c1a8c82e','AuditInfo_Type','OBJECT');
INSERT INTO PUBLIC.OBJECT_FIELD_METADATA (ID, NAME, METADATA_TYPE, PARENT_METADATA,PARENT_METADATA_NAME, REFERENCE_METADATA, REFERENCE_METADATA_NAME, REFERENCE_METADATA_TYPE)VALUES('b2d5a9395e8445288a9053b3da8a272d','MinPremInd','FIELD','cba63611d30c4b1dad9c76e7eb58f0e5','CommlInlandMarineLineBusiness_Type','4ffb0bcc3ec946d1af3ef883f4c3a4e6','Boolean','PRIMITIVE');
INSERT INTO PUBLIC.OBJECT_FIELD_METADATA (ID, NAME, METADATA_TYPE, PARENT_METADATA,PARENT_METADATA_NAME, REFERENCE_METADATA, REFERENCE_METADATA_NAME, REFERENCE_METADATA_TYPE)VALUES('4ead3a8ea8514fada34a24af9c37bf1e','HazardGradeInfo','MODEL_RELATION','cba63611d30c4b1dad9c76e7eb58f0e5','CommlInlandMarineLineBusiness_Type','27cb6123ae2a4e5da40275f0c5716a86','HazardGradeInfo_Type','OBJECT');
INSERT INTO PUBLIC.OBJECT_FIELD_METADATA (ID, NAME, METADATA_TYPE, PARENT_METADATA,PARENT_METADATA_NAME, REFERENCE_METADATA, REFERENCE_METADATA_NAME, REFERENCE_METADATA_TYPE)VALUES('62f0a7dc1b324a79bc1e2e55d48d43d5','PremiumAdjustmentFrequencyCd','FIELD','cba63611d30c4b1dad9c76e7eb58f0e5','CommlInlandMarineLineBusiness_Type','90030f3dd02843e3b982684d2bd6039d','Frequency','PRIMITIVE');
INSERT INTO PUBLIC.OBJECT_FIELD_METADATA (ID, NAME, METADATA_TYPE, PARENT_METADATA,PARENT_METADATA_NAME, REFERENCE_METADATA, REFERENCE_METADATA_NAME, REFERENCE_METADATA_TYPE)VALUES('70c105dde21044efbe8da901f5e51fe6','NetChangeAmt','MODEL_RELATION','cba63611d30c4b1dad9c76e7eb58f0e5','CommlInlandMarineLineBusiness_Type','4fa89203e94a4637baa0484d19b460c5','CURRENCY','OBJECT');
INSERT INTO PUBLIC.OBJECT_FIELD_METADATA (ID, NAME, METADATA_TYPE, PARENT_METADATA,PARENT_METADATA_NAME, REFERENCE_METADATA, REFERENCE_METADATA_NAME, REFERENCE_METADATA_TYPE)VALUES('b8be933391dc40499c5299203c097c30','MinPremAmt','MODEL_RELATION','cba63611d30c4b1dad9c76e7eb58f0e5','CommlInlandMarineLineBusiness_Type','4fa89203e94a4637baa0484d19b460c5','CURRENCY','OBJECT');
INSERT INTO PUBLIC.OBJECT_FIELD_METADATA (ID, NAME, METADATA_TYPE, PARENT_METADATA,PARENT_METADATA_NAME, REFERENCE_METADATA, REFERENCE_METADATA_NAME, REFERENCE_METADATA_TYPE)VALUES('eafb2180ff784bf8adc4f185b9a6acdc','Coverage','MODEL_RELATION','cba63611d30c4b1dad9c76e7eb58f0e5','CommlInlandMarineLineBusiness_Type','d0675b4bbe674c1fa08297c27c3cb675','Coverage_Type','OBJECT');
INSERT INTO PUBLIC.OBJECT_FIELD_METADATA (ID, NAME, METADATA_TYPE, PARENT_METADATA,PARENT_METADATA_NAME, REFERENCE_METADATA, REFERENCE_METADATA_NAME, REFERENCE_METADATA_TYPE)VALUES('266eccf90d2c417294800992388bb767','CurrentTermAmt','MODEL_RELATION','cba63611d30c4b1dad9c76e7eb58f0e5','CommlInlandMarineLineBusiness_Type','4fa89203e94a4637baa0484d19b460c5','CURRENCY','OBJECT');
INSERT INTO PUBLIC.OBJECT_FIELD_METADATA (ID, NAME, METADATA_TYPE, PARENT_METADATA,PARENT_METADATA_NAME, REFERENCE_METADATA, REFERENCE_METADATA_NAME, REFERENCE_METADATA_TYPE)VALUES('70d011b81559440e817589c305d0c640','CompanyProductCd','FIELD','cba63611d30c4b1dad9c76e7eb58f0e5','CommlInlandMarineLineBusiness_Type','6240ce877a244a73a1253961131c6cc9','IndustryCode_Type','PRIMITIVE');
INSERT INTO PUBLIC.OBJECT_FIELD_METADATA (ID, NAME, METADATA_TYPE, PARENT_METADATA,PARENT_METADATA_NAME, REFERENCE_METADATA, REFERENCE_METADATA_NAME, REFERENCE_METADATA_TYPE)VALUES('d82c025a30864a1e8dc125542ff0568d','PMACd','FIELD','cba63611d30c4b1dad9c76e7eb58f0e5','CommlInlandMarineLineBusiness_Type','6240ce877a244a73a1253961131c6cc9','IndustryCode_Type','PRIMITIVE');
INSERT INTO PUBLIC.OBJECT_FIELD_METADATA (ID, NAME, METADATA_TYPE, PARENT_METADATA,PARENT_METADATA_NAME, REFERENCE_METADATA, REFERENCE_METADATA_NAME, REFERENCE_METADATA_TYPE)VALUES('12f348af0141430fb0f82adcf7d1d340','LOBSubCd','FIELD','cba63611d30c4b1dad9c76e7eb58f0e5','CommlInlandMarineLineBusiness_Type','8376159ebcf44685b36391928a67e333','LineOfBusinessSubCode','PRIMITIVE');
INSERT INTO PUBLIC.OBJECT_FIELD_METADATA (ID, NAME, METADATA_TYPE, PARENT_METADATA,PARENT_METADATA_NAME, REFERENCE_METADATA, REFERENCE_METADATA_NAME, REFERENCE_METADATA_TYPE)VALUES('5a3f5d96cd724bb4838f663f73a227c4','GroupId','FIELD','cba63611d30c4b1dad9c76e7eb58f0e5','CommlInlandMarineLineBusiness_Type','3da4bbbc6bf44d5f941e647b8e8408dc','AssignedIdentifier','PRIMITIVE');
INSERT INTO PUBLIC.OBJECT_FIELD_METADATA (ID, NAME, METADATA_TYPE, PARENT_METADATA,PARENT_METADATA_NAME, REFERENCE_METADATA, REFERENCE_METADATA_NAME, REFERENCE_METADATA_TYPE)VALUES('95f68fa9fd494b3fb7cf8044d05d4569','CommlCoverage','MODEL_RELATION','cba63611d30c4b1dad9c76e7eb58f0e5','CommlInlandMarineLineBusiness_Type','d0675b4bbe674c1fa08297c27c3cb675','Coverage_Type','OBJECT');
INSERT INTO PUBLIC.OBJECT_FIELD_METADATA (ID, NAME, METADATA_TYPE, PARENT_METADATA,PARENT_METADATA_NAME, REFERENCE_METADATA, REFERENCE_METADATA_NAME, REFERENCE_METADATA_TYPE)VALUES('7fa74eda8f584da3b167697a02ebffe8','CoverageAvailable','MODEL_RELATION','cba63611d30c4b1dad9c76e7eb58f0e5','CommlInlandMarineLineBusiness_Type','d0675b4bbe674c1fa08297c27c3cb675','Coverage_Type','OBJECT');
INSERT INTO PUBLIC.OBJECT_FIELD_METADATA (ID, NAME, METADATA_TYPE, PARENT_METADATA,PARENT_METADATA_NAME, REFERENCE_METADATA, REFERENCE_METADATA_NAME, REFERENCE_METADATA_TYPE)VALUES('c2cbb918e27b4949b41c800d40ac85c3','CreditOrSurcharge','MODEL_RELATION','cba63611d30c4b1dad9c76e7eb58f0e5','CommlInlandMarineLineBusiness_Type','ac7618a3e7974e27b3a4f0a5f2a22a98','PCCREDITSURCHARGE','OBJECT');
INSERT INTO PUBLIC.OBJECT_FIELD_METADATA (ID, NAME, METADATA_TYPE, PARENT_METADATA,PARENT_METADATA_NAME, REFERENCE_METADATA, REFERENCE_METADATA_NAME, REFERENCE_METADATA_TYPE)VALUES('d8b6d70b58ee4109bd6d7a851e7eed97','LOBCd','FIELD','cba63611d30c4b1dad9c76e7eb58f0e5','CommlInlandMarineLineBusiness_Type','3b75decf3cfc42c496d4405220659cf0','LineOfBusiness','PRIMITIVE');
INSERT INTO PUBLIC.OBJECT_FIELD_METADATA (ID, NAME, METADATA_TYPE, PARENT_METADATA,PARENT_METADATA_NAME, REFERENCE_METADATA, REFERENCE_METADATA_NAME, REFERENCE_METADATA_TYPE)VALUES('74bab7aa689542f6b138d7113ce7cd84','HazardGradeCd','FIELD','cba63611d30c4b1dad9c76e7eb58f0e5','CommlInlandMarineLineBusiness_Type','6240ce877a244a73a1253961131c6cc9','IndustryCode_Type','PRIMITIVE');
INSERT INTO PUBLIC.OBJECT_FIELD_METADATA (ID, NAME, METADATA_TYPE, PARENT_METADATA,PARENT_METADATA_NAME, REFERENCE_METADATA, REFERENCE_METADATA_NAME, REFERENCE_METADATA_TYPE)VALUES('8389aee3bf10467f934720b620db78ed','RateEffectiveDt','FIELD','cba63611d30c4b1dad9c76e7eb58f0e5','CommlInlandMarineLineBusiness_Type','3b0a2ca6cf3a4fb19718e35aa60287cd','Date','PRIMITIVE');
INSERT INTO PUBLIC.OBJECT_FIELD_METADATA (ID, NAME, METADATA_TYPE, PARENT_METADATA,PARENT_METADATA_NAME, REFERENCE_METADATA, REFERENCE_METADATA_NAME, REFERENCE_METADATA_TYPE)VALUES('11dbfe76c62546c1a529cc6f990c9746','CommlInlandMarineLineBusinessExt','FIELD','cba63611d30c4b1dad9c76e7eb58f0e5','CommlInlandMarineLineBusiness_Type',null,null,null);
INSERT INTO PUBLIC.OBJECT_METADATA (ID, NAME, METADATA_TYPE, REFERENCE_METADATA, REFERENCE_METADATA_NAME) VALUES('d13e5814af164205a1630aae552773ec','CommlIMInfo_Type','OBJECT',null,null);
INSERT INTO PUBLIC.OBJECT_FIELD_METADATA (ID, NAME, METADATA_TYPE, PARENT_METADATA,PARENT_METADATA_NAME, REFERENCE_METADATA, REFERENCE_METADATA_NAME, REFERENCE_METADATA_TYPE)VALUES('60ebc6f87bf04865ba69ffbab76cee19','ClassCd','FIELD','d13e5814af164205a1630aae552773ec','CommlIMInfo_Type','6240ce877a244a73a1253961131c6cc9','IndustryCode_Type','PRIMITIVE');
INSERT INTO PUBLIC.OBJECT_FIELD_METADATA (ID, NAME, METADATA_TYPE, PARENT_METADATA,PARENT_METADATA_NAME, REFERENCE_METADATA, REFERENCE_METADATA_NAME, REFERENCE_METADATA_TYPE)VALUES('61174bf691824956bd6b6927ca4c697c','WrittenAmt','MODEL_RELATION','d13e5814af164205a1630aae552773ec','CommlIMInfo_Type','4fa89203e94a4637baa0484d19b460c5','CURRENCY','OBJECT');
INSERT INTO PUBLIC.OBJECT_METADATA (ID, NAME, METADATA_TYPE, REFERENCE_METADATA, REFERENCE_METADATA_NAME) VALUES('ff6b255b9e2647d0aeb7b4e6d71eb4ff','SubcontractorInfo_Type','OBJECT',null,null);
INSERT INTO PUBLIC.OBJECT_FIELD_METADATA (ID, NAME, METADATA_TYPE, PARENT_METADATA,PARENT_METADATA_NAME, REFERENCE_METADATA, REFERENCE_METADATA_NAME, REFERENCE_METADATA_TYPE)VALUES('de0f55949de145c5b354dbe1a9a4cc52','WorkCompAuditExposure','MODEL_RELATION','ff6b255b9e2647d0aeb7b4e6d71eb4ff','SubcontractorInfo_Type','caac683ba4b84c96b540e8867914b31d','WorkCompAuditExposure_Type','OBJECT');
INSERT INTO PUBLIC.OBJECT_FIELD_METADATA (ID, NAME, METADATA_TYPE, PARENT_METADATA,PARENT_METADATA_NAME, REFERENCE_METADATA, REFERENCE_METADATA_NAME, REFERENCE_METADATA_TYPE)VALUES('27ffd8cda08c400f8bcbd5e90a619a3d','ContractorsUnderwritingQuestions','MODEL_RELATION','ff6b255b9e2647d0aeb7b4e6d71eb4ff','SubcontractorInfo_Type','378d1a24ebda48569409c7b3c8acf355','ContractorsUnderwritingQuestions_Type','OBJECT');
INSERT INTO PUBLIC.OBJECT_FIELD_METADATA (ID, NAME, METADATA_TYPE, PARENT_METADATA,PARENT_METADATA_NAME, REFERENCE_METADATA, REFERENCE_METADATA_NAME, REFERENCE_METADATA_TYPE)VALUES('c51dcb50e51143389ea09128f1aca3ec','SubcontractorInfoExt','FIELD','ff6b255b9e2647d0aeb7b4e6d71eb4ff','SubcontractorInfo_Type',null,null,null);
INSERT INTO PUBLIC.OBJECT_FIELD_METADATA (ID, NAME, METADATA_TYPE, PARENT_METADATA,PARENT_METADATA_NAME, REFERENCE_METADATA, REFERENCE_METADATA_NAME, REFERENCE_METADATA_TYPE)VALUES('94fbda33483a4577b1e6e7376883414b','StateProvCd','FIELD','ff6b255b9e2647d0aeb7b4e6d71eb4ff','SubcontractorInfo_Type','6240ce877a244a73a1253961131c6cc9','IndustryCode_Type','PRIMITIVE');
INSERT INTO PUBLIC.OBJECT_FIELD_METADATA (ID, NAME, METADATA_TYPE, PARENT_METADATA,PARENT_METADATA_NAME, REFERENCE_METADATA, REFERENCE_METADATA_NAME, REFERENCE_METADATA_TYPE)VALUES('f6f5e753320244e99c07f8c6a73535bf','SubcontractorInfo','MODEL_RELATION','d13e5814af164205a1630aae552773ec','CommlIMInfo_Type','ff6b255b9e2647d0aeb7b4e6d71eb4ff','SubcontractorInfo_Type','OBJECT');
INSERT INTO PUBLIC.OBJECT_METADATA (ID, NAME, METADATA_TYPE, REFERENCE_METADATA, REFERENCE_METADATA_NAME) VALUES('0ad7416f3699429dadcf25d18f8016c2','PremiumInfo_Type','OBJECT',null,null);
INSERT INTO PUBLIC.PRIMITIVE_METADATA (ID, NAME, METADATA_TYPE) VALUES('edf9143594f8477b845be77c50b3bf1b','DepositType','PRIMITIVE');
INSERT INTO PUBLIC.OBJECT_FIELD_METADATA (ID, NAME, METADATA_TYPE, PARENT_METADATA,PARENT_METADATA_NAME, REFERENCE_METADATA, REFERENCE_METADATA_NAME, REFERENCE_METADATA_TYPE)VALUES('be98b50ce75b4089b30e57c0ed622946','DepositTypeCd','FIELD','0ad7416f3699429dadcf25d18f8016c2','PremiumInfo_Type','edf9143594f8477b845be77c50b3bf1b','DepositType','PRIMITIVE');
INSERT INTO PUBLIC.PRIMITIVE_METADATA (ID, NAME, METADATA_TYPE) VALUES('3e7b3e466a8245d294484d614def6d48','PremiumCategory','PRIMITIVE');
INSERT INTO PUBLIC.OBJECT_FIELD_METADATA (ID, NAME, METADATA_TYPE, PARENT_METADATA,PARENT_METADATA_NAME, REFERENCE_METADATA, REFERENCE_METADATA_NAME, REFERENCE_METADATA_TYPE)VALUES('4191b191221a492d986e23f22d2baf84','PremiumCategoryCd','FIELD','0ad7416f3699429dadcf25d18f8016c2','PremiumInfo_Type','3e7b3e466a8245d294484d614def6d48','PremiumCategory','PRIMITIVE');
INSERT INTO PUBLIC.OBJECT_FIELD_METADATA (ID, NAME, METADATA_TYPE, PARENT_METADATA,PARENT_METADATA_NAME, REFERENCE_METADATA, REFERENCE_METADATA_NAME, REFERENCE_METADATA_TYPE)VALUES('a50e52ebbf814b00b12c77af6176358c','PremiumAdjustmentFrequencyCd','FIELD','0ad7416f3699429dadcf25d18f8016c2','PremiumInfo_Type','90030f3dd02843e3b982684d2bd6039d','Frequency','PRIMITIVE');
INSERT INTO PUBLIC.PRIMITIVE_METADATA (ID, NAME, METADATA_TYPE) VALUES('c0ad8cb2550b4236b363a2bfe325844a','PremiumAccountingType','PRIMITIVE');
INSERT INTO PUBLIC.OBJECT_FIELD_METADATA (ID, NAME, METADATA_TYPE, PARENT_METADATA,PARENT_METADATA_NAME, REFERENCE_METADATA, REFERENCE_METADATA_NAME, REFERENCE_METADATA_TYPE)VALUES('cbf5259e2c9d436195fb2e610beec363','PremiumAccountingTypeCd','FIELD','0ad7416f3699429dadcf25d18f8016c2','PremiumInfo_Type','c0ad8cb2550b4236b363a2bfe325844a','PremiumAccountingType','PRIMITIVE');
INSERT INTO PUBLIC.OBJECT_FIELD_METADATA (ID, NAME, METADATA_TYPE, PARENT_METADATA,PARENT_METADATA_NAME, REFERENCE_METADATA, REFERENCE_METADATA_NAME, REFERENCE_METADATA_TYPE)VALUES('a4e46d58233741f88a73c1af16048820','PremiumAmt','MODEL_RELATION','0ad7416f3699429dadcf25d18f8016c2','PremiumInfo_Type','4fa89203e94a4637baa0484d19b460c5','CURRENCY','OBJECT');
INSERT INTO PUBLIC.PRIMITIVE_METADATA (ID, NAME, METADATA_TYPE) VALUES('d979f14011f64a4bbee4ffa926c60f35','PremiumCalculationMethod','PRIMITIVE');
INSERT INTO PUBLIC.OBJECT_FIELD_METADATA (ID, NAME, METADATA_TYPE, PARENT_METADATA,PARENT_METADATA_NAME, REFERENCE_METADATA, REFERENCE_METADATA_NAME, REFERENCE_METADATA_TYPE)VALUES('8753de3071ad483f87a7749a1e4e3606','PremiumCalcMethodCd','FIELD','0ad7416f3699429dadcf25d18f8016c2','PremiumInfo_Type','d979f14011f64a4bbee4ffa926c60f35','PremiumCalculationMethod','PRIMITIVE');
INSERT INTO PUBLIC.OBJECT_FIELD_METADATA (ID, NAME, METADATA_TYPE, PARENT_METADATA,PARENT_METADATA_NAME, REFERENCE_METADATA, REFERENCE_METADATA_NAME, REFERENCE_METADATA_TYPE)VALUES('705ccd26ac074bbe80067cea7f6707cd','PremiumTransactionTypeCd','FIELD','0ad7416f3699429dadcf25d18f8016c2','PremiumInfo_Type','d6ddb837905d47aeaf0c7c7df97d44b7','PolicyStatus','PRIMITIVE');
INSERT INTO PUBLIC.OBJECT_FIELD_METADATA (ID, NAME, METADATA_TYPE, PARENT_METADATA,PARENT_METADATA_NAME, REFERENCE_METADATA, REFERENCE_METADATA_NAME, REFERENCE_METADATA_TYPE)VALUES('7e48f8b3bf2e4dcfa317ab5c165926f8','PremiumInfoExt','FIELD','0ad7416f3699429dadcf25d18f8016c2','PremiumInfo_Type',null,null,null);
INSERT INTO PUBLIC.OBJECT_FIELD_METADATA (ID, NAME, METADATA_TYPE, PARENT_METADATA,PARENT_METADATA_NAME, REFERENCE_METADATA, REFERENCE_METADATA_NAME, REFERENCE_METADATA_TYPE)VALUES('3521eaaaa9a8471eb77fda9ac3780209','PremiumInfo','MODEL_RELATION','d13e5814af164205a1630aae552773ec','CommlIMInfo_Type','0ad7416f3699429dadcf25d18f8016c2','PremiumInfo_Type','OBJECT');
INSERT INTO PUBLIC.OBJECT_FIELD_METADATA (ID, NAME, METADATA_TYPE, PARENT_METADATA,PARENT_METADATA_NAME, REFERENCE_METADATA, REFERENCE_METADATA_NAME, REFERENCE_METADATA_TYPE)VALUES('9a7fdaca65874c0da15f0ecb86fc2014','ScheduledInd','FIELD','d13e5814af164205a1630aae552773ec','CommlIMInfo_Type','4ffb0bcc3ec946d1af3ef883f4c3a4e6','Boolean','PRIMITIVE');
INSERT INTO PUBLIC.OBJECT_FIELD_METADATA (ID, NAME, METADATA_TYPE, PARENT_METADATA,PARENT_METADATA_NAME, REFERENCE_METADATA, REFERENCE_METADATA_NAME, REFERENCE_METADATA_TYPE)VALUES('170e1720ab0e4fb889237ffaf6ecfc78','MaxValueAmt','MODEL_RELATION','d13e5814af164205a1630aae552773ec','CommlIMInfo_Type','4fa89203e94a4637baa0484d19b460c5','CURRENCY','OBJECT');
INSERT INTO PUBLIC.PRIMITIVE_METADATA (ID, NAME, METADATA_TYPE) VALUES('63e61f873354435ab6ae5327e70d9d45','CommlIMClass','PRIMITIVE');
INSERT INTO PUBLIC.OBJECT_FIELD_METADATA (ID, NAME, METADATA_TYPE, PARENT_METADATA,PARENT_METADATA_NAME, REFERENCE_METADATA, REFERENCE_METADATA_NAME, REFERENCE_METADATA_TYPE)VALUES('96c3369ebe4f4724984a2567feb36215','CommlIMClassCd','FIELD','d13e5814af164205a1630aae552773ec','CommlIMInfo_Type','63e61f873354435ab6ae5327e70d9d45','CommlIMClass','PRIMITIVE');
INSERT INTO PUBLIC.OBJECT_METADATA (ID, NAME, METADATA_TYPE, REFERENCE_METADATA, REFERENCE_METADATA_NAME) VALUES('a7738740ebeb460f9365bcd1b98bc699','CommlIMLocation_Type','OBJECT',null,null);
INSERT INTO PUBLIC.OBJECT_FIELD_METADATA (ID, NAME, METADATA_TYPE, PARENT_METADATA,PARENT_METADATA_NAME, REFERENCE_METADATA, REFERENCE_METADATA_NAME, REFERENCE_METADATA_TYPE)VALUES('41312bb23d204fbf9a7cd0fc38cbe771','CommlCoverage','MODEL_RELATION','a7738740ebeb460f9365bcd1b98bc699','CommlIMLocation_Type','d0675b4bbe674c1fa08297c27c3cb675','Coverage_Type','OBJECT');
INSERT INTO PUBLIC.OBJECT_FIELD_METADATA (ID, NAME, METADATA_TYPE, PARENT_METADATA,PARENT_METADATA_NAME, REFERENCE_METADATA, REFERENCE_METADATA_NAME, REFERENCE_METADATA_TYPE)VALUES('4a92e6e832a346e8a182741511c0cae9','CoverageAvailable','MODEL_RELATION','a7738740ebeb460f9365bcd1b98bc699','CommlIMLocation_Type','d0675b4bbe674c1fa08297c27c3cb675','Coverage_Type','OBJECT');
INSERT INTO PUBLIC.OBJECT_FIELD_METADATA (ID, NAME, METADATA_TYPE, PARENT_METADATA,PARENT_METADATA_NAME, REFERENCE_METADATA, REFERENCE_METADATA_NAME, REFERENCE_METADATA_TYPE)VALUES('7cafa90db24840a3ba1f7b09427a1c45','CreditOrSurcharge','MODEL_RELATION','a7738740ebeb460f9365bcd1b98bc699','CommlIMLocation_Type','ac7618a3e7974e27b3a4f0a5f2a22a98','PCCREDITSURCHARGE','OBJECT');
INSERT INTO PUBLIC.OBJECT_FIELD_METADATA (ID, NAME, METADATA_TYPE, PARENT_METADATA,PARENT_METADATA_NAME, REFERENCE_METADATA, REFERENCE_METADATA_NAME, REFERENCE_METADATA_TYPE)VALUES('98731d1b2a704e2b9545008ceb431b97','WrittenAmt','MODEL_RELATION','a7738740ebeb460f9365bcd1b98bc699','CommlIMLocation_Type','4fa89203e94a4637baa0484d19b460c5','CURRENCY','OBJECT');
INSERT INTO PUBLIC.OBJECT_FIELD_METADATA (ID, NAME, METADATA_TYPE, PARENT_METADATA,PARENT_METADATA_NAME, REFERENCE_METADATA, REFERENCE_METADATA_NAME, REFERENCE_METADATA_TYPE)VALUES('aaf8ebdbdcc64f4ea5208d7d0df12627','CommlIMLocationExt','FIELD','a7738740ebeb460f9365bcd1b98bc699','CommlIMLocation_Type',null,null,null);
INSERT INTO PUBLIC.OBJECT_METADATA (ID, NAME, METADATA_TYPE, REFERENCE_METADATA, REFERENCE_METADATA_NAME) VALUES('e21ef12095544c4cb3340092c824b4e6','RatingCalc_Type','OBJECT',null,null);
INSERT INTO PUBLIC.OBJECT_FIELD_METADATA (ID, NAME, METADATA_TYPE, PARENT_METADATA,PARENT_METADATA_NAME, REFERENCE_METADATA, REFERENCE_METADATA_NAME, REFERENCE_METADATA_TYPE)VALUES('2f94a8f09666404e80a55cc7724958a3','JudgmentRateInd','FIELD','e21ef12095544c4cb3340092c824b4e6','RatingCalc_Type','4ffb0bcc3ec946d1af3ef883f4c3a4e6','Boolean','PRIMITIVE');
INSERT INTO PUBLIC.OBJECT_FIELD_METADATA (ID, NAME, METADATA_TYPE, PARENT_METADATA,PARENT_METADATA_NAME, REFERENCE_METADATA, REFERENCE_METADATA_NAME, REFERENCE_METADATA_TYPE)VALUES('bdc92ef3698f4494ba9a0d6f55a11c1d','PremiumBasisCd','FIELD','e21ef12095544c4cb3340092c824b4e6','RatingCalc_Type','5dfb62cbf01e431c9467afdd15995ec9','PremiumBase','PRIMITIVE');
INSERT INTO PUBLIC.OBJECT_FIELD_METADATA (ID, NAME, METADATA_TYPE, PARENT_METADATA,PARENT_METADATA_NAME, REFERENCE_METADATA, REFERENCE_METADATA_NAME, REFERENCE_METADATA_TYPE)VALUES('1b2f5b6b322245a0995860591c4f4975','RatingCdInd','FIELD','e21ef12095544c4cb3340092c824b4e6','RatingCalc_Type','4ffb0bcc3ec946d1af3ef883f4c3a4e6','Boolean','PRIMITIVE');
INSERT INTO PUBLIC.OBJECT_FIELD_METADATA (ID, NAME, METADATA_TYPE, PARENT_METADATA,PARENT_METADATA_NAME, REFERENCE_METADATA, REFERENCE_METADATA_NAME, REFERENCE_METADATA_TYPE)VALUES('2ad4012c77244dd3b11e99598e8d9e75','ClassCdDesc','FIELD','e21ef12095544c4cb3340092c824b4e6','RatingCalc_Type','2344631100044813a5126adcfb93e80d','C-255','PRIMITIVE');
INSERT INTO PUBLIC.OBJECT_FIELD_METADATA (ID, NAME, METADATA_TYPE, PARENT_METADATA,PARENT_METADATA_NAME, REFERENCE_METADATA, REFERENCE_METADATA_NAME, REFERENCE_METADATA_TYPE)VALUES('3512da99f519442c8304c072a0e5619a','ExposureInfo','MODEL_RELATION','e21ef12095544c4cb3340092c824b4e6','RatingCalc_Type','d2af9d5366414e609acfaad3e91bda61','ExposureInfo_Type','OBJECT');
INSERT INTO PUBLIC.OBJECT_FIELD_METADATA (ID, NAME, METADATA_TYPE, PARENT_METADATA,PARENT_METADATA_NAME, REFERENCE_METADATA, REFERENCE_METADATA_NAME, REFERENCE_METADATA_TYPE)VALUES('6f081175c67c4e5d987f21ae64541748','RatingClassificationDescCd','FIELD','e21ef12095544c4cb3340092c824b4e6','RatingCalc_Type','6240ce877a244a73a1253961131c6cc9','IndustryCode_Type','PRIMITIVE');
INSERT INTO PUBLIC.OBJECT_FIELD_METADATA (ID, NAME, METADATA_TYPE, PARENT_METADATA,PARENT_METADATA_NAME, REFERENCE_METADATA, REFERENCE_METADATA_NAME, REFERENCE_METADATA_TYPE)VALUES('bdd8d559111d407a9c9ba1e8ffc74422','Exposure','FIELD','e21ef12095544c4cb3340092c824b4e6','RatingCalc_Type','c896845db6f640c6bf65093333a64c69','Decimal','PRIMITIVE');
INSERT INTO PUBLIC.OBJECT_FIELD_METADATA (ID, NAME, METADATA_TYPE, PARENT_METADATA,PARENT_METADATA_NAME, REFERENCE_METADATA, REFERENCE_METADATA_NAME, REFERENCE_METADATA_TYPE)VALUES('cb167f4586a6429aa231b2f726db6e04','RangeInfo','MODEL_RELATION','e21ef12095544c4cb3340092c824b4e6','RatingCalc_Type','1dc92e0a319746b99db79ac4a0040809','RangeInfo_Type','OBJECT');
INSERT INTO PUBLIC.OBJECT_FIELD_METADATA (ID, NAME, METADATA_TYPE, PARENT_METADATA,PARENT_METADATA_NAME, REFERENCE_METADATA, REFERENCE_METADATA_NAME, REFERENCE_METADATA_TYPE)VALUES('6b6c0b3fe5884e44835c9a5992122a51','IfAnyRatingBasisInd','FIELD','e21ef12095544c4cb3340092c824b4e6','RatingCalc_Type','4ffb0bcc3ec946d1af3ef883f4c3a4e6','Boolean','PRIMITIVE');
INSERT INTO PUBLIC.OBJECT_FIELD_METADATA (ID, NAME, METADATA_TYPE, PARENT_METADATA,PARENT_METADATA_NAME, REFERENCE_METADATA, REFERENCE_METADATA_NAME, REFERENCE_METADATA_TYPE)VALUES('6966a5e763f84b45861f0ae704898275','NumericValue','MODEL_RELATION','e21ef12095544c4cb3340092c824b4e6','RatingCalc_Type','1b867fac5d844dc4bda5ad58bc400f4a','FORMATTEDNUMBER','OBJECT');
INSERT INTO PUBLIC.OBJECT_FIELD_METADATA (ID, NAME, METADATA_TYPE, PARENT_METADATA,PARENT_METADATA_NAME, REFERENCE_METADATA, REFERENCE_METADATA_NAME, REFERENCE_METADATA_TYPE)VALUES('4eb52780f5684173baed4d5e289eb021','RatingClassificationCd','FIELD','e21ef12095544c4cb3340092c824b4e6','RatingCalc_Type','6240ce877a244a73a1253961131c6cc9','IndustryCode_Type','PRIMITIVE');
INSERT INTO PUBLIC.OBJECT_FIELD_METADATA (ID, NAME, METADATA_TYPE, PARENT_METADATA,PARENT_METADATA_NAME, REFERENCE_METADATA, REFERENCE_METADATA_NAME, REFERENCE_METADATA_TYPE)VALUES('d2d52a65e3bf4869884d446b11859ed5','RatingCalcExt','FIELD','e21ef12095544c4cb3340092c824b4e6','RatingCalc_Type',null,null,null);
INSERT INTO PUBLIC.OBJECT_FIELD_METADATA (ID, NAME, METADATA_TYPE, PARENT_METADATA,PARENT_METADATA_NAME, REFERENCE_METADATA, REFERENCE_METADATA_NAME, REFERENCE_METADATA_TYPE)VALUES('49bd2183ec024c9da9615b35acf14cd6','RatingCalc','MODEL_RELATION','a7738740ebeb460f9365bcd1b98bc699','CommlIMLocation_Type','e21ef12095544c4cb3340092c824b4e6','RatingCalc_Type','OBJECT');
INSERT INTO PUBLIC.OBJECT_FIELD_METADATA (ID, NAME, METADATA_TYPE, PARENT_METADATA,PARENT_METADATA_NAME, REFERENCE_METADATA, REFERENCE_METADATA_NAME, REFERENCE_METADATA_TYPE)VALUES('7ef6710e11334dfeb3de7539069cebaf','Coverage','MODEL_RELATION','a7738740ebeb460f9365bcd1b98bc699','CommlIMLocation_Type','d0675b4bbe674c1fa08297c27c3cb675','Coverage_Type','OBJECT');
INSERT INTO PUBLIC.OBJECT_FIELD_METADATA (ID, NAME, METADATA_TYPE, PARENT_METADATA,PARENT_METADATA_NAME, REFERENCE_METADATA, REFERENCE_METADATA_NAME, REFERENCE_METADATA_TYPE)VALUES('4510244a535642e88bf31ac05934c645','NetChangeAmt','MODEL_RELATION','a7738740ebeb460f9365bcd1b98bc699','CommlIMLocation_Type','4fa89203e94a4637baa0484d19b460c5','CURRENCY','OBJECT');
INSERT INTO PUBLIC.OBJECT_FIELD_METADATA (ID, NAME, METADATA_TYPE, PARENT_METADATA,PARENT_METADATA_NAME, REFERENCE_METADATA, REFERENCE_METADATA_NAME, REFERENCE_METADATA_TYPE)VALUES('7dae9db58ff9438caeabb13ee1a31045','CurrentTermAmt','MODEL_RELATION','a7738740ebeb460f9365bcd1b98bc699','CommlIMLocation_Type','4fa89203e94a4637baa0484d19b460c5','CURRENCY','OBJECT');
INSERT INTO PUBLIC.OBJECT_FIELD_METADATA (ID, NAME, METADATA_TYPE, PARENT_METADATA,PARENT_METADATA_NAME, REFERENCE_METADATA, REFERENCE_METADATA_NAME, REFERENCE_METADATA_TYPE)VALUES('be831726fddb4cc5bf6db23c818128d9','StateProvCd','FIELD','a7738740ebeb460f9365bcd1b98bc699','CommlIMLocation_Type','6240ce877a244a73a1253961131c6cc9','IndustryCode_Type','PRIMITIVE');
INSERT INTO PUBLIC.OBJECT_FIELD_METADATA (ID, NAME, METADATA_TYPE, PARENT_METADATA,PARENT_METADATA_NAME, REFERENCE_METADATA, REFERENCE_METADATA_NAME, REFERENCE_METADATA_TYPE)VALUES('d07ee1572f594a4298eb4856c7fa48a7','CommlIMLocation','MODEL_RELATION','d13e5814af164205a1630aae552773ec','CommlIMInfo_Type','a7738740ebeb460f9365bcd1b98bc699','CommlIMLocation_Type','OBJECT');
INSERT INTO PUBLIC.OBJECT_FIELD_METADATA (ID, NAME, METADATA_TYPE, PARENT_METADATA,PARENT_METADATA_NAME, REFERENCE_METADATA, REFERENCE_METADATA_NAME, REFERENCE_METADATA_TYPE)VALUES('4c87214927ea4420aae4804a82148e5b','MinPremAmt','MODEL_RELATION','d13e5814af164205a1630aae552773ec','CommlIMInfo_Type','4fa89203e94a4637baa0484d19b460c5','CURRENCY','OBJECT');
INSERT INTO PUBLIC.OBJECT_FIELD_METADATA (ID, NAME, METADATA_TYPE, PARENT_METADATA,PARENT_METADATA_NAME, REFERENCE_METADATA, REFERENCE_METADATA_NAME, REFERENCE_METADATA_TYPE)VALUES('554df8d6aa044699af12b7f63ddcb62d','CommlIMInfoExt','FIELD','d13e5814af164205a1630aae552773ec','CommlIMInfo_Type',null,null,null);
INSERT INTO PUBLIC.OBJECT_FIELD_METADATA (ID, NAME, METADATA_TYPE, PARENT_METADATA,PARENT_METADATA_NAME, REFERENCE_METADATA, REFERENCE_METADATA_NAME, REFERENCE_METADATA_TYPE)VALUES('cf279f135d0a4ab58e2fc5a9dcfe3a81','CurrentTermAmt','MODEL_RELATION','d13e5814af164205a1630aae552773ec','CommlIMInfo_Type','4fa89203e94a4637baa0484d19b460c5','CURRENCY','OBJECT');
INSERT INTO PUBLIC.OBJECT_FIELD_METADATA (ID, NAME, METADATA_TYPE, PARENT_METADATA,PARENT_METADATA_NAME, REFERENCE_METADATA, REFERENCE_METADATA_NAME, REFERENCE_METADATA_TYPE)VALUES('2103cc33b30c47948d88688a06fc7d74','CoverageAvailable','MODEL_RELATION','d13e5814af164205a1630aae552773ec','CommlIMInfo_Type','d0675b4bbe674c1fa08297c27c3cb675','Coverage_Type','OBJECT');
INSERT INTO PUBLIC.OBJECT_FIELD_METADATA (ID, NAME, METADATA_TYPE, PARENT_METADATA,PARENT_METADATA_NAME, REFERENCE_METADATA, REFERENCE_METADATA_NAME, REFERENCE_METADATA_TYPE)VALUES('3723c6fbaa6d4c7388bee4f7ccbdd4c9','CreditOrSurcharge','MODEL_RELATION','d13e5814af164205a1630aae552773ec','CommlIMInfo_Type','ac7618a3e7974e27b3a4f0a5f2a22a98','PCCREDITSURCHARGE','OBJECT');
INSERT INTO PUBLIC.OBJECT_METADATA (ID, NAME, METADATA_TYPE, REFERENCE_METADATA, REFERENCE_METADATA_NAME) VALUES('709f1f9f29b64b1fbcfd446f920e6190','PropertyItem_Type','OBJECT',null,null);
INSERT INTO PUBLIC.OBJECT_METADATA (ID, NAME, METADATA_TYPE, REFERENCE_METADATA, REFERENCE_METADATA_NAME) VALUES('6c30b22d339642b8a4787d5fa6893c4f','InternationalProperty_Type','OBJECT',null,null);
INSERT INTO PUBLIC.OBJECT_FIELD_METADATA (ID, NAME, METADATA_TYPE, PARENT_METADATA,PARENT_METADATA_NAME, REFERENCE_METADATA, REFERENCE_METADATA_NAME, REFERENCE_METADATA_TYPE)VALUES('c1c0fcf1357149fda945ca32bcebc641','SalesSamplesDesc','FIELD','6c30b22d339642b8a4787d5fa6893c4f','InternationalProperty_Type','395c33ebbd5b40f0aee8a4f93dbedf31','C-Infinite','PRIMITIVE');
INSERT INTO PUBLIC.OBJECT_FIELD_METADATA (ID, NAME, METADATA_TYPE, PARENT_METADATA,PARENT_METADATA_NAME, REFERENCE_METADATA, REFERENCE_METADATA_NAME, REFERENCE_METADATA_TYPE)VALUES('8c6aeacbab3c4727a448d30eb46ab5a7','NumShipments','FIELD','6c30b22d339642b8a4787d5fa6893c4f','InternationalProperty_Type','838cab4e48a54d0bb23ca5ea9db454ab','Long','PRIMITIVE');
INSERT INTO PUBLIC.OBJECT_FIELD_METADATA (ID, NAME, METADATA_TYPE, PARENT_METADATA,PARENT_METADATA_NAME, REFERENCE_METADATA, REFERENCE_METADATA_NAME, REFERENCE_METADATA_TYPE)VALUES('8aedb270abae4b9b8bb2683409d0be03','PropertyShippedDesc','FIELD','6c30b22d339642b8a4787d5fa6893c4f','InternationalProperty_Type','395c33ebbd5b40f0aee8a4f93dbedf31','C-Infinite','PRIMITIVE');
INSERT INTO PUBLIC.OBJECT_FIELD_METADATA (ID, NAME, METADATA_TYPE, PARENT_METADATA,PARENT_METADATA_NAME, REFERENCE_METADATA, REFERENCE_METADATA_NAME, REFERENCE_METADATA_TYPE)VALUES('1c6483381dd2433bbbfa7b409cad3b27','ShipmentsValueAmt','MODEL_RELATION','6c30b22d339642b8a4787d5fa6893c4f','InternationalProperty_Type','4fa89203e94a4637baa0484d19b460c5','CURRENCY','OBJECT');
INSERT INTO PUBLIC.OBJECT_FIELD_METADATA (ID, NAME, METADATA_TYPE, PARENT_METADATA,PARENT_METADATA_NAME, REFERENCE_METADATA, REFERENCE_METADATA_NAME, REFERENCE_METADATA_TYPE)VALUES('a794a72230b441cfbf978f97a7f4d4aa','DestinationDesc','FIELD','6c30b22d339642b8a4787d5fa6893c4f','InternationalProperty_Type','395c33ebbd5b40f0aee8a4f93dbedf31','C-Infinite','PRIMITIVE');
INSERT INTO PUBLIC.PRIMITIVE_METADATA (ID, NAME, METADATA_TYPE) VALUES('08ba9b549d874dda9714d03d230fd3d8','Conveyance','PRIMITIVE');
INSERT INTO PUBLIC.OBJECT_FIELD_METADATA (ID, NAME, METADATA_TYPE, PARENT_METADATA,PARENT_METADATA_NAME, REFERENCE_METADATA, REFERENCE_METADATA_NAME, REFERENCE_METADATA_TYPE)VALUES('781542c5f39345538883e393189e6f1d','ConveyanceCd','FIELD','6c30b22d339642b8a4787d5fa6893c4f','InternationalProperty_Type','08ba9b549d874dda9714d03d230fd3d8','Conveyance','PRIMITIVE');
INSERT INTO PUBLIC.OBJECT_FIELD_METADATA (ID, NAME, METADATA_TYPE, PARENT_METADATA,PARENT_METADATA_NAME, REFERENCE_METADATA, REFERENCE_METADATA_NAME, REFERENCE_METADATA_TYPE)VALUES('6ed8d13cb393473c895e31383d7dfbdb','InternationalPropertyExt','FIELD','6c30b22d339642b8a4787d5fa6893c4f','InternationalProperty_Type',null,null,null);
INSERT INTO PUBLIC.OBJECT_FIELD_METADATA (ID, NAME, METADATA_TYPE, PARENT_METADATA,PARENT_METADATA_NAME, REFERENCE_METADATA, REFERENCE_METADATA_NAME, REFERENCE_METADATA_TYPE)VALUES('f450ae0437a0499ea5bb857d76ac4c33','CommoditiesDesc','FIELD','6c30b22d339642b8a4787d5fa6893c4f','InternationalProperty_Type','395c33ebbd5b40f0aee8a4f93dbedf31','C-Infinite','PRIMITIVE');
INSERT INTO PUBLIC.OBJECT_FIELD_METADATA (ID, NAME, METADATA_TYPE, PARENT_METADATA,PARENT_METADATA_NAME, REFERENCE_METADATA, REFERENCE_METADATA_NAME, REFERENCE_METADATA_TYPE)VALUES('269e9d4ba61546558f24609ec1d62f64','ExhibitedPropertyDesc','FIELD','6c30b22d339642b8a4787d5fa6893c4f','InternationalProperty_Type','395c33ebbd5b40f0aee8a4f93dbedf31','C-Infinite','PRIMITIVE');
INSERT INTO PUBLIC.OBJECT_FIELD_METADATA (ID, NAME, METADATA_TYPE, PARENT_METADATA,PARENT_METADATA_NAME, REFERENCE_METADATA, REFERENCE_METADATA_NAME, REFERENCE_METADATA_TYPE)VALUES('b9d777e8a25f4146a030523f00412ac8','NumExhibits','FIELD','6c30b22d339642b8a4787d5fa6893c4f','InternationalProperty_Type','838cab4e48a54d0bb23ca5ea9db454ab','Long','PRIMITIVE');
INSERT INTO PUBLIC.OBJECT_FIELD_METADATA (ID, NAME, METADATA_TYPE, PARENT_METADATA,PARENT_METADATA_NAME, REFERENCE_METADATA, REFERENCE_METADATA_NAME, REFERENCE_METADATA_TYPE)VALUES('190d02b3e7d44afc97aa05e2481eabaf','Addr','MODEL_RELATION','6c30b22d339642b8a4787d5fa6893c4f','InternationalProperty_Type','759d14d8f09b4177b35c09e2f3403b97','Addr_Type','OBJECT');
INSERT INTO PUBLIC.OBJECT_FIELD_METADATA (ID, NAME, METADATA_TYPE, PARENT_METADATA,PARENT_METADATA_NAME, REFERENCE_METADATA, REFERENCE_METADATA_NAME, REFERENCE_METADATA_TYPE)VALUES('97a17f5dda5545d4a55a967903d37ff2','InternationalProperty','MODEL_RELATION','709f1f9f29b64b1fbcfd446f920e6190','PropertyItem_Type','6c30b22d339642b8a4787d5fa6893c4f','InternationalProperty_Type','OBJECT');
INSERT INTO PUBLIC.OBJECT_FIELD_METADATA (ID, NAME, METADATA_TYPE, PARENT_METADATA,PARENT_METADATA_NAME, REFERENCE_METADATA, REFERENCE_METADATA_NAME, REFERENCE_METADATA_TYPE)VALUES('98b509b743924f479237185d6feccc79','ItemValuationTypeCd','FIELD','709f1f9f29b64b1fbcfd446f920e6190','PropertyItem_Type','368246d7db6541bcb59e6c100060f5db','ValuationMethod','PRIMITIVE');
INSERT INTO PUBLIC.OBJECT_FIELD_METADATA (ID, NAME, METADATA_TYPE, PARENT_METADATA,PARENT_METADATA_NAME, REFERENCE_METADATA, REFERENCE_METADATA_NAME, REFERENCE_METADATA_TYPE)VALUES('4ddb7bb4808a415789d7a6f237cce68c','AdditionalInterest','MODEL_RELATION','709f1f9f29b64b1fbcfd446f920e6190','PropertyItem_Type','23a83d5912a54d0ca9b4669826684442','AdditionalInterest_Type','OBJECT');
INSERT INTO PUBLIC.OBJECT_METADATA (ID, NAME, METADATA_TYPE, REFERENCE_METADATA, REFERENCE_METADATA_NAME) VALUES('308a29aaa3584ecca77c5f28e556072e','ItemDetail_Type','OBJECT',null,null);
INSERT INTO PUBLIC.OBJECT_FIELD_METADATA (ID, NAME, METADATA_TYPE, PARENT_METADATA,PARENT_METADATA_NAME, REFERENCE_METADATA, REFERENCE_METADATA_NAME, REFERENCE_METADATA_TYPE)VALUES('b64be2f70d1c4b9db2e96d4316b91bf8','SerialIdNumber','FIELD','308a29aaa3584ecca77c5f28e556072e','ItemDetail_Type','4aa23ceca9374701b7716d432173c7c2','C-50','PRIMITIVE');
INSERT INTO PUBLIC.OBJECT_FIELD_METADATA (ID, NAME, METADATA_TYPE, PARENT_METADATA,PARENT_METADATA_NAME, REFERENCE_METADATA, REFERENCE_METADATA_NAME, REFERENCE_METADATA_TYPE)VALUES('69f12b8c854140d09aff320e6133afdb','CertifyingEntityCd','FIELD','308a29aaa3584ecca77c5f28e556072e','ItemDetail_Type','ebbd3c5d997c4c269fde40c171ca98f1','CertifyingEntity','PRIMITIVE');
INSERT INTO PUBLIC.OBJECT_FIELD_METADATA (ID, NAME, METADATA_TYPE, PARENT_METADATA,PARENT_METADATA_NAME, REFERENCE_METADATA, REFERENCE_METADATA_NAME, REFERENCE_METADATA_TYPE)VALUES('8610dada3a3a49f9a63f53bc2a00e8df','ItemDesc','FIELD','308a29aaa3584ecca77c5f28e556072e','ItemDetail_Type','395c33ebbd5b40f0aee8a4f93dbedf31','C-Infinite','PRIMITIVE');
INSERT INTO PUBLIC.OBJECT_FIELD_METADATA (ID, NAME, METADATA_TYPE, PARENT_METADATA,PARENT_METADATA_NAME, REFERENCE_METADATA, REFERENCE_METADATA_NAME, REFERENCE_METADATA_TYPE)VALUES('09868bb1a1c445fc9df0896bfff9afd2','ItemTypeCd','FIELD','308a29aaa3584ecca77c5f28e556072e','ItemDetail_Type','74db24eba2f947ab956520fb91ac25af','ItemDefinitionType','PRIMITIVE');
INSERT INTO PUBLIC.OBJECT_FIELD_METADATA (ID, NAME, METADATA_TYPE, PARENT_METADATA,PARENT_METADATA_NAME, REFERENCE_METADATA, REFERENCE_METADATA_NAME, REFERENCE_METADATA_TYPE)VALUES('520a2c4954b948fdafbc00462c585d61','TransmissionSerialNumber','FIELD','308a29aaa3584ecca77c5f28e556072e','ItemDetail_Type','4aa23ceca9374701b7716d432173c7c2','C-50','PRIMITIVE');
INSERT INTO PUBLIC.OBJECT_FIELD_METADATA (ID, NAME, METADATA_TYPE, PARENT_METADATA,PARENT_METADATA_NAME, REFERENCE_METADATA, REFERENCE_METADATA_NAME, REFERENCE_METADATA_TYPE)VALUES('4671357418a649c6a00962c10e775eab','BodyTypeCd','FIELD','308a29aaa3584ecca77c5f28e556072e','ItemDetail_Type','bffd6f81bef947abb7faeb2fb50c3922','VehicleBodyType','PRIMITIVE');
INSERT INTO PUBLIC.OBJECT_FIELD_METADATA (ID, NAME, METADATA_TYPE, PARENT_METADATA,PARENT_METADATA_NAME, REFERENCE_METADATA, REFERENCE_METADATA_NAME, REFERENCE_METADATA_TYPE)VALUES('6f8c853f9e764eeb95695e7f616669de','LeasedInd','FIELD','308a29aaa3584ecca77c5f28e556072e','ItemDetail_Type','4ffb0bcc3ec946d1af3ef883f4c3a4e6','Boolean','PRIMITIVE');
INSERT INTO PUBLIC.OBJECT_FIELD_METADATA (ID, NAME, METADATA_TYPE, PARENT_METADATA,PARENT_METADATA_NAME, REFERENCE_METADATA, REFERENCE_METADATA_NAME, REFERENCE_METADATA_TYPE)VALUES('357427afc8da4dc49e6d16b90c2af0c8','ChassisSerialNumber','FIELD','308a29aaa3584ecca77c5f28e556072e','ItemDetail_Type','4aa23ceca9374701b7716d432173c7c2','C-50','PRIMITIVE');
INSERT INTO PUBLIC.OBJECT_FIELD_METADATA (ID, NAME, METADATA_TYPE, PARENT_METADATA,PARENT_METADATA_NAME, REFERENCE_METADATA, REFERENCE_METADATA_NAME, REFERENCE_METADATA_TYPE)VALUES('a1cac42c5cce4a15bab42ec37603699e','PurchasePriceAmt','MODEL_RELATION','308a29aaa3584ecca77c5f28e556072e','ItemDetail_Type','4fa89203e94a4637baa0484d19b460c5','CURRENCY','OBJECT');
INSERT INTO PUBLIC.OBJECT_FIELD_METADATA (ID, NAME, METADATA_TYPE, PARENT_METADATA,PARENT_METADATA_NAME, REFERENCE_METADATA, REFERENCE_METADATA_NAME, REFERENCE_METADATA_TYPE)VALUES('62c057eb2a14437a9e0b21b4f6d7796d','ItemDetailExt','FIELD','308a29aaa3584ecca77c5f28e556072e','ItemDetail_Type',null,null,null);
INSERT INTO PUBLIC.OBJECT_FIELD_METADATA (ID, NAME, METADATA_TYPE, PARENT_METADATA,PARENT_METADATA_NAME, REFERENCE_METADATA, REFERENCE_METADATA_NAME, REFERENCE_METADATA_TYPE)VALUES('1ddf773623714d39847134af214f398b','ModelCd','FIELD','308a29aaa3584ecca77c5f28e556072e','ItemDetail_Type','6240ce877a244a73a1253961131c6cc9','IndustryCode_Type','PRIMITIVE');
INSERT INTO PUBLIC.OBJECT_FIELD_METADATA (ID, NAME, METADATA_TYPE, PARENT_METADATA,PARENT_METADATA_NAME, REFERENCE_METADATA, REFERENCE_METADATA_NAME, REFERENCE_METADATA_TYPE)VALUES('2b779e573a9d46f9b71ad1d6471ed254','ManufactureMethodCd','FIELD','308a29aaa3584ecca77c5f28e556072e','ItemDetail_Type','6247ee32126946b38ffaf93d0aa3d211','ManufactureMethod','PRIMITIVE');
INSERT INTO PUBLIC.OBJECT_FIELD_METADATA (ID, NAME, METADATA_TYPE, PARENT_METADATA,PARENT_METADATA_NAME, REFERENCE_METADATA, REFERENCE_METADATA_NAME, REFERENCE_METADATA_TYPE)VALUES('b23708dd2e1f4a3abffb2b376d1beb01','Capacity','MODEL_RELATION','308a29aaa3584ecca77c5f28e556072e','ItemDetail_Type','1df1057b06734b019460d9f8fb0a43b0','MEASUREMENT','OBJECT');
INSERT INTO PUBLIC.OBJECT_FIELD_METADATA (ID, NAME, METADATA_TYPE, PARENT_METADATA,PARENT_METADATA_NAME, REFERENCE_METADATA, REFERENCE_METADATA_NAME, REFERENCE_METADATA_TYPE)VALUES('50ec7485968f4c00b1f3bae9ee75372c','Registration','MODEL_RELATION','308a29aaa3584ecca77c5f28e556072e','ItemDetail_Type','1f54c746f68040a5ae5875642bcffcf7','Registration_Type','OBJECT');
INSERT INTO PUBLIC.OBJECT_FIELD_METADATA (ID, NAME, METADATA_TYPE, PARENT_METADATA,PARENT_METADATA_NAME, REFERENCE_METADATA, REFERENCE_METADATA_NAME, REFERENCE_METADATA_TYPE)VALUES('fa130a26c2aa460883035406d9a8ef2a','Manufacturer','FIELD','308a29aaa3584ecca77c5f28e556072e','ItemDetail_Type','4aa23ceca9374701b7716d432173c7c2','C-50','PRIMITIVE');
INSERT INTO PUBLIC.OBJECT_FIELD_METADATA (ID, NAME, METADATA_TYPE, PARENT_METADATA,PARENT_METADATA_NAME, REFERENCE_METADATA, REFERENCE_METADATA_NAME, REFERENCE_METADATA_TYPE)VALUES('8251183f753842b38558314e12677b32','Model','FIELD','308a29aaa3584ecca77c5f28e556072e','ItemDetail_Type','4aa23ceca9374701b7716d432173c7c2','C-50','PRIMITIVE');
INSERT INTO PUBLIC.OBJECT_FIELD_METADATA (ID, NAME, METADATA_TYPE, PARENT_METADATA,PARENT_METADATA_NAME, REFERENCE_METADATA, REFERENCE_METADATA_NAME, REFERENCE_METADATA_TYPE)VALUES('fb644e24bfe54d9089714c82c73df1c6','PurchasedNewInd','FIELD','308a29aaa3584ecca77c5f28e556072e','ItemDetail_Type','4ffb0bcc3ec946d1af3ef883f4c3a4e6','Boolean','PRIMITIVE');
INSERT INTO PUBLIC.OBJECT_FIELD_METADATA (ID, NAME, METADATA_TYPE, PARENT_METADATA,PARENT_METADATA_NAME, REFERENCE_METADATA, REFERENCE_METADATA_NAME, REFERENCE_METADATA_TYPE)VALUES('f7b08fd1479e4787b2903286ee5dc1f1','ManufacturerCd','FIELD','308a29aaa3584ecca77c5f28e556072e','ItemDetail_Type','6240ce877a244a73a1253961131c6cc9','IndustryCode_Type','PRIMITIVE');
INSERT INTO PUBLIC.OBJECT_FIELD_METADATA (ID, NAME, METADATA_TYPE, PARENT_METADATA,PARENT_METADATA_NAME, REFERENCE_METADATA, REFERENCE_METADATA_NAME, REFERENCE_METADATA_TYPE)VALUES('02d7590847d6410790ef358c0b9869d1','EngineSerialNumber','FIELD','308a29aaa3584ecca77c5f28e556072e','ItemDetail_Type','4aa23ceca9374701b7716d432173c7c2','C-50','PRIMITIVE');
INSERT INTO PUBLIC.OBJECT_FIELD_METADATA (ID, NAME, METADATA_TYPE, PARENT_METADATA,PARENT_METADATA_NAME, REFERENCE_METADATA, REFERENCE_METADATA_NAME, REFERENCE_METADATA_TYPE)VALUES('b31b011c589444c284d07522a9bf3a9f','ModelYear','FIELD','308a29aaa3584ecca77c5f28e556072e','ItemDetail_Type','838cab4e48a54d0bb23ca5ea9db454ab','Long','PRIMITIVE');
INSERT INTO PUBLIC.OBJECT_FIELD_METADATA (ID, NAME, METADATA_TYPE, PARENT_METADATA,PARENT_METADATA_NAME, REFERENCE_METADATA, REFERENCE_METADATA_NAME, REFERENCE_METADATA_TYPE)VALUES('36e0069d844c4e24b8ab47e031ee0c86','Height','MODEL_RELATION','308a29aaa3584ecca77c5f28e556072e','ItemDetail_Type','1df1057b06734b019460d9f8fb0a43b0','MEASUREMENT','OBJECT');
INSERT INTO PUBLIC.OBJECT_FIELD_METADATA (ID, NAME, METADATA_TYPE, PARENT_METADATA,PARENT_METADATA_NAME, REFERENCE_METADATA, REFERENCE_METADATA_NAME, REFERENCE_METADATA_TYPE)VALUES('3f4b32f12cfa41a895cc078d49780e6f','ItemIdInfo','MODEL_RELATION','308a29aaa3584ecca77c5f28e556072e','ItemDetail_Type','ba3be0e0317741b08f872c1fca47ad8f','ItemIdInfo_Type','OBJECT');
INSERT INTO PUBLIC.OBJECT_FIELD_METADATA (ID, NAME, METADATA_TYPE, PARENT_METADATA,PARENT_METADATA_NAME, REFERENCE_METADATA, REFERENCE_METADATA_NAME, REFERENCE_METADATA_TYPE)VALUES('5217b0cb52f54d78aaf958e919328747','PurchaseDt','FIELD','308a29aaa3584ecca77c5f28e556072e','ItemDetail_Type','3b0a2ca6cf3a4fb19718e35aa60287cd','Date','PRIMITIVE');
INSERT INTO PUBLIC.OBJECT_FIELD_METADATA (ID, NAME, METADATA_TYPE, PARENT_METADATA,PARENT_METADATA_NAME, REFERENCE_METADATA, REFERENCE_METADATA_NAME, REFERENCE_METADATA_TYPE)VALUES('4d8c13f9caae4154861b4a6ff81808bf','Width','MODEL_RELATION','308a29aaa3584ecca77c5f28e556072e','ItemDetail_Type','1df1057b06734b019460d9f8fb0a43b0','MEASUREMENT','OBJECT');
INSERT INTO PUBLIC.OBJECT_FIELD_METADATA (ID, NAME, METADATA_TYPE, PARENT_METADATA,PARENT_METADATA_NAME, REFERENCE_METADATA, REFERENCE_METADATA_NAME, REFERENCE_METADATA_TYPE)VALUES('dae95b5b02be4839b002742ad20067e0','ItemDetail','MODEL_RELATION','709f1f9f29b64b1fbcfd446f920e6190','PropertyItem_Type','308a29aaa3584ecca77c5f28e556072e','ItemDetail_Type','OBJECT');
INSERT INTO PUBLIC.OBJECT_FIELD_METADATA (ID, NAME, METADATA_TYPE, PARENT_METADATA,PARENT_METADATA_NAME, REFERENCE_METADATA, REFERENCE_METADATA_NAME, REFERENCE_METADATA_TYPE)VALUES('99afd34ac3154a78999624b585783a96','MinPremInd','FIELD','709f1f9f29b64b1fbcfd446f920e6190','PropertyItem_Type','4ffb0bcc3ec946d1af3ef883f4c3a4e6','Boolean','PRIMITIVE');
INSERT INTO PUBLIC.OBJECT_FIELD_METADATA (ID, NAME, METADATA_TYPE, PARENT_METADATA,PARENT_METADATA_NAME, REFERENCE_METADATA, REFERENCE_METADATA_NAME, REFERENCE_METADATA_TYPE)VALUES('04e41b41e22043aa9be694968b6e6825','InsuranceAmt','MODEL_RELATION','709f1f9f29b64b1fbcfd446f920e6190','PropertyItem_Type','4fa89203e94a4637baa0484d19b460c5','CURRENCY','OBJECT');
INSERT INTO PUBLIC.OBJECT_FIELD_METADATA (ID, NAME, METADATA_TYPE, PARENT_METADATA,PARENT_METADATA_NAME, REFERENCE_METADATA, REFERENCE_METADATA_NAME, REFERENCE_METADATA_TYPE)VALUES('e6b26311275d42c2a86a8b9d0e0e7c24','CoinsurancePct','FIELD','709f1f9f29b64b1fbcfd446f920e6190','PropertyItem_Type','d68704d271534c0a935a3012147640c4','PercentDecimal','PRIMITIVE');
INSERT INTO PUBLIC.OBJECT_FIELD_METADATA (ID, NAME, METADATA_TYPE, PARENT_METADATA,PARENT_METADATA_NAME, REFERENCE_METADATA, REFERENCE_METADATA_NAME, REFERENCE_METADATA_TYPE)VALUES('3720442b21464073ae062b3ff05aa6bb','Coverage','MODEL_RELATION','709f1f9f29b64b1fbcfd446f920e6190','PropertyItem_Type','d0675b4bbe674c1fa08297c27c3cb675','Coverage_Type','OBJECT');
INSERT INTO PUBLIC.OBJECT_FIELD_METADATA (ID, NAME, METADATA_TYPE, PARENT_METADATA,PARENT_METADATA_NAME, REFERENCE_METADATA, REFERENCE_METADATA_NAME, REFERENCE_METADATA_TYPE)VALUES('392f5aa559b3443a84d7332446506a4d','PropertyItemExt','FIELD','709f1f9f29b64b1fbcfd446f920e6190','PropertyItem_Type',null,null,null);
INSERT INTO PUBLIC.OBJECT_FIELD_METADATA (ID, NAME, METADATA_TYPE, PARENT_METADATA,PARENT_METADATA_NAME, REFERENCE_METADATA, REFERENCE_METADATA_NAME, REFERENCE_METADATA_TYPE)VALUES('d70a7cec2c804ca4a94b1c9bbf19f86f','SalesReceiptAppraisal','MODEL_RELATION','709f1f9f29b64b1fbcfd446f920e6190','PropertyItem_Type','a1f531c31331460bb28283bb5aad9882','SalesReceiptAppraisal_Type','OBJECT');
INSERT INTO PUBLIC.OBJECT_FIELD_METADATA (ID, NAME, METADATA_TYPE, PARENT_METADATA,PARENT_METADATA_NAME, REFERENCE_METADATA, REFERENCE_METADATA_NAME, REFERENCE_METADATA_TYPE)VALUES('df9b7d7bcb1443f6a60619db76c86675','CommlCoverage','MODEL_RELATION','709f1f9f29b64b1fbcfd446f920e6190','PropertyItem_Type','d0675b4bbe674c1fa08297c27c3cb675','Coverage_Type','OBJECT');
INSERT INTO PUBLIC.OBJECT_FIELD_METADATA (ID, NAME, METADATA_TYPE, PARENT_METADATA,PARENT_METADATA_NAME, REFERENCE_METADATA, REFERENCE_METADATA_NAME, REFERENCE_METADATA_TYPE)VALUES('4799d8096f2d4bfb826beee8a67d4d99','CoverageAvailable','MODEL_RELATION','709f1f9f29b64b1fbcfd446f920e6190','PropertyItem_Type','d0675b4bbe674c1fa08297c27c3cb675','Coverage_Type','OBJECT');
INSERT INTO PUBLIC.OBJECT_FIELD_METADATA (ID, NAME, METADATA_TYPE, PARENT_METADATA,PARENT_METADATA_NAME, REFERENCE_METADATA, REFERENCE_METADATA_NAME, REFERENCE_METADATA_TYPE)VALUES('1284dd4f80c14c439bd8825591e0d7b9','ValueInfo','MODEL_RELATION','709f1f9f29b64b1fbcfd446f920e6190','PropertyItem_Type','292dd983770e47149290b2eda3f26948','ValueInfo_Type','OBJECT');
INSERT INTO PUBLIC.OBJECT_FIELD_METADATA (ID, NAME, METADATA_TYPE, PARENT_METADATA,PARENT_METADATA_NAME, REFERENCE_METADATA, REFERENCE_METADATA_NAME, REFERENCE_METADATA_TYPE)VALUES('57096122b03349b3bd30505c01bdb1f9','ExcludedInd','FIELD','709f1f9f29b64b1fbcfd446f920e6190','PropertyItem_Type','4ffb0bcc3ec946d1af3ef883f4c3a4e6','Boolean','PRIMITIVE');
INSERT INTO PUBLIC.OBJECT_FIELD_METADATA (ID, NAME, METADATA_TYPE, PARENT_METADATA,PARENT_METADATA_NAME, REFERENCE_METADATA, REFERENCE_METADATA_NAME, REFERENCE_METADATA_TYPE)VALUES('dfd673b4adce4898a6d6e55badafa206','Measure','MODEL_RELATION','709f1f9f29b64b1fbcfd446f920e6190','PropertyItem_Type','1df1057b06734b019460d9f8fb0a43b0','MEASUREMENT','OBJECT');
INSERT INTO PUBLIC.OBJECT_FIELD_METADATA (ID, NAME, METADATA_TYPE, PARENT_METADATA,PARENT_METADATA_NAME, REFERENCE_METADATA, REFERENCE_METADATA_NAME, REFERENCE_METADATA_TYPE)VALUES('ada320458b7648ca827099fdcb56d3e6','RatingCalc','MODEL_RELATION','709f1f9f29b64b1fbcfd446f920e6190','PropertyItem_Type','e21ef12095544c4cb3340092c824b4e6','RatingCalc_Type','OBJECT');
INSERT INTO PUBLIC.OBJECT_FIELD_METADATA (ID, NAME, METADATA_TYPE, PARENT_METADATA,PARENT_METADATA_NAME, REFERENCE_METADATA, REFERENCE_METADATA_NAME, REFERENCE_METADATA_TYPE)VALUES('aa73c375287b4f47b48eb46797e04c82','ItemIdInfo','MODEL_RELATION','709f1f9f29b64b1fbcfd446f920e6190','PropertyItem_Type','ba3be0e0317741b08f872c1fca47ad8f','ItemIdInfo_Type','OBJECT');
INSERT INTO PUBLIC.OBJECT_FIELD_METADATA (ID, NAME, METADATA_TYPE, PARENT_METADATA,PARENT_METADATA_NAME, REFERENCE_METADATA, REFERENCE_METADATA_NAME, REFERENCE_METADATA_TYPE)VALUES('d97c133bb6084bbb9b4dd1fedd5ffe7d','Link','MODEL_RELATION','709f1f9f29b64b1fbcfd446f920e6190','PropertyItem_Type','366dc9a89db94de3b92abf43ef1bf084','Link_Type','OBJECT');
INSERT INTO PUBLIC.OBJECT_FIELD_METADATA (ID, NAME, METADATA_TYPE, PARENT_METADATA,PARENT_METADATA_NAME, REFERENCE_METADATA, REFERENCE_METADATA_NAME, REFERENCE_METADATA_TYPE)VALUES('029dee0a497d4eb38e53e167aa23f7f2','PropertyItem','MODEL_RELATION','d13e5814af164205a1630aae552773ec','CommlIMInfo_Type','709f1f9f29b64b1fbcfd446f920e6190','PropertyItem_Type','OBJECT');
INSERT INTO PUBLIC.OBJECT_FIELD_METADATA (ID, NAME, METADATA_TYPE, PARENT_METADATA,PARENT_METADATA_NAME, REFERENCE_METADATA, REFERENCE_METADATA_NAME, REFERENCE_METADATA_TYPE)VALUES('abf63113ddaf49a0ab09d20a7c92303a','RatingCalc','MODEL_RELATION','d13e5814af164205a1630aae552773ec','CommlIMInfo_Type','e21ef12095544c4cb3340092c824b4e6','RatingCalc_Type','OBJECT');
INSERT INTO PUBLIC.OBJECT_FIELD_METADATA (ID, NAME, METADATA_TYPE, PARENT_METADATA,PARENT_METADATA_NAME, REFERENCE_METADATA, REFERENCE_METADATA_NAME, REFERENCE_METADATA_TYPE)VALUES('4aa7f67abc0f490a9acff7c25064d62a','QuestionAnswer','MODEL_RELATION','d13e5814af164205a1630aae552773ec','CommlIMInfo_Type','152fefd4f3054b68b490c1af5c9c284c','QuestionAnswer_Type','OBJECT');
INSERT INTO PUBLIC.OBJECT_FIELD_METADATA (ID, NAME, METADATA_TYPE, PARENT_METADATA,PARENT_METADATA_NAME, REFERENCE_METADATA, REFERENCE_METADATA_NAME, REFERENCE_METADATA_TYPE)VALUES('4faa814fe0854e699c7afac24bb7c20f','MinPremInd','FIELD','d13e5814af164205a1630aae552773ec','CommlIMInfo_Type','4ffb0bcc3ec946d1af3ef883f4c3a4e6','Boolean','PRIMITIVE');
INSERT INTO PUBLIC.OBJECT_FIELD_METADATA (ID, NAME, METADATA_TYPE, PARENT_METADATA,PARENT_METADATA_NAME, REFERENCE_METADATA, REFERENCE_METADATA_NAME, REFERENCE_METADATA_TYPE)VALUES('f37d9acb209a4b73b043bde6260cca7f','CoinsurancePct','FIELD','d13e5814af164205a1630aae552773ec','CommlIMInfo_Type','d68704d271534c0a935a3012147640c4','PercentDecimal','PRIMITIVE');
INSERT INTO PUBLIC.OBJECT_METADATA (ID, NAME, METADATA_TYPE, REFERENCE_METADATA, REFERENCE_METADATA_NAME) VALUES('3a7971b9bb2148b3b53fe5b2a94e59bf','CommlIMCareCustodyControl_Type','OBJECT',null,null);
INSERT INTO PUBLIC.OBJECT_FIELD_METADATA (ID, NAME, METADATA_TYPE, PARENT_METADATA,PARENT_METADATA_NAME, REFERENCE_METADATA, REFERENCE_METADATA_NAME, REFERENCE_METADATA_TYPE)VALUES('e9b685a895b44c24a767209efd3e65a4','NumDays','FIELD','3a7971b9bb2148b3b53fe5b2a94e59bf','CommlIMCareCustodyControl_Type','838cab4e48a54d0bb23ca5ea9db454ab','Long','PRIMITIVE');
INSERT INTO PUBLIC.OBJECT_FIELD_METADATA (ID, NAME, METADATA_TYPE, PARENT_METADATA,PARENT_METADATA_NAME, REFERENCE_METADATA, REFERENCE_METADATA_NAME, REFERENCE_METADATA_TYPE)VALUES('ee2657efc90c478b8b44a4312a008254','CountryCd','FIELD','3a7971b9bb2148b3b53fe5b2a94e59bf','CommlIMCareCustodyControl_Type','6240ce877a244a73a1253961131c6cc9','IndustryCode_Type','PRIMITIVE');
INSERT INTO PUBLIC.OBJECT_FIELD_METADATA (ID, NAME, METADATA_TYPE, PARENT_METADATA,PARENT_METADATA_NAME, REFERENCE_METADATA, REFERENCE_METADATA_NAME, REFERENCE_METADATA_TYPE)VALUES('5d88613fb8a641688d7a6be16c42f7bd','GeneralPartyInfo','MODEL_RELATION','3a7971b9bb2148b3b53fe5b2a94e59bf','CommlIMCareCustodyControl_Type','d95b1cb018eb42c690b817b73cf4d5fa','GeneralPartyInfo_Type','OBJECT');
INSERT INTO PUBLIC.OBJECT_FIELD_METADATA (ID, NAME, METADATA_TYPE, PARENT_METADATA,PARENT_METADATA_NAME, REFERENCE_METADATA, REFERENCE_METADATA_NAME, REFERENCE_METADATA_TYPE)VALUES('66b607c9194f470892917404a3d1a913','MaxCarriedAmt','MODEL_RELATION','3a7971b9bb2148b3b53fe5b2a94e59bf','CommlIMCareCustodyControl_Type','4fa89203e94a4637baa0484d19b460c5','CURRENCY','OBJECT');
INSERT INTO PUBLIC.OBJECT_FIELD_METADATA (ID, NAME, METADATA_TYPE, PARENT_METADATA,PARENT_METADATA_NAME, REFERENCE_METADATA, REFERENCE_METADATA_NAME, REFERENCE_METADATA_TYPE)VALUES('cf6fb24d63114b13829b627c1a9032e9','AvgCarriedAmt','MODEL_RELATION','3a7971b9bb2148b3b53fe5b2a94e59bf','CommlIMCareCustodyControl_Type','4fa89203e94a4637baa0484d19b460c5','CURRENCY','OBJECT');
INSERT INTO PUBLIC.PRIMITIVE_METADATA (ID, NAME, METADATA_TYPE) VALUES('e692dcf6477042c2a5db33e3df6283ac','PropertyLocation','PRIMITIVE');
INSERT INTO PUBLIC.OBJECT_FIELD_METADATA (ID, NAME, METADATA_TYPE, PARENT_METADATA,PARENT_METADATA_NAME, REFERENCE_METADATA, REFERENCE_METADATA_NAME, REFERENCE_METADATA_TYPE)VALUES('9bcfd6fd4d3a4c0da0c7c60cbcce3b13','PropertyLocationCd','FIELD','3a7971b9bb2148b3b53fe5b2a94e59bf','CommlIMCareCustodyControl_Type','e692dcf6477042c2a5db33e3df6283ac','PropertyLocation','PRIMITIVE');
INSERT INTO PUBLIC.OBJECT_FIELD_METADATA (ID, NAME, METADATA_TYPE, PARENT_METADATA,PARENT_METADATA_NAME, REFERENCE_METADATA, REFERENCE_METADATA_NAME, REFERENCE_METADATA_TYPE)VALUES('1476b0919e3f49c2a80dabcbc776606b','CommlIMCareCustodyControlExt','FIELD','3a7971b9bb2148b3b53fe5b2a94e59bf','CommlIMCareCustodyControl_Type',null,null,null);
INSERT INTO PUBLIC.OBJECT_FIELD_METADATA (ID, NAME, METADATA_TYPE, PARENT_METADATA,PARENT_METADATA_NAME, REFERENCE_METADATA, REFERENCE_METADATA_NAME, REFERENCE_METADATA_TYPE)VALUES('c072573fcca04e7e8990e9ff01a5069a','CommlIMCareCustodyControl','MODEL_RELATION','d13e5814af164205a1630aae552773ec','CommlIMInfo_Type','3a7971b9bb2148b3b53fe5b2a94e59bf','CommlIMCareCustodyControl_Type','OBJECT');
INSERT INTO PUBLIC.OBJECT_FIELD_METADATA (ID, NAME, METADATA_TYPE, PARENT_METADATA,PARENT_METADATA_NAME, REFERENCE_METADATA, REFERENCE_METADATA_NAME, REFERENCE_METADATA_TYPE)VALUES('fbeae2b913094b31b479bff89f702f97','Coverage','MODEL_RELATION','d13e5814af164205a1630aae552773ec','CommlIMInfo_Type','d0675b4bbe674c1fa08297c27c3cb675','Coverage_Type','OBJECT');
INSERT INTO PUBLIC.OBJECT_FIELD_METADATA (ID, NAME, METADATA_TYPE, PARENT_METADATA,PARENT_METADATA_NAME, REFERENCE_METADATA, REFERENCE_METADATA_NAME, REFERENCE_METADATA_TYPE)VALUES('65a5dc1394864078bedeb39991ae87d9','NetChangeAmt','MODEL_RELATION','d13e5814af164205a1630aae552773ec','CommlIMInfo_Type','4fa89203e94a4637baa0484d19b460c5','CURRENCY','OBJECT');
INSERT INTO PUBLIC.OBJECT_FIELD_METADATA (ID, NAME, METADATA_TYPE, PARENT_METADATA,PARENT_METADATA_NAME, REFERENCE_METADATA, REFERENCE_METADATA_NAME, REFERENCE_METADATA_TYPE)VALUES('7584ddf53d64486ab376a1e60f00befa','PropertyScheduleModifications','MODEL_RELATION','d13e5814af164205a1630aae552773ec','CommlIMInfo_Type','2889f4f2139147b68dfc87a74630ff87','PropertyScheduleModifications_Type','OBJECT');
INSERT INTO PUBLIC.OBJECT_FIELD_METADATA (ID, NAME, METADATA_TYPE, PARENT_METADATA,PARENT_METADATA_NAME, REFERENCE_METADATA, REFERENCE_METADATA_NAME, REFERENCE_METADATA_TYPE)VALUES('fa26e0f2b8f941ec81a921fe419d24d9','CommlCoverage','MODEL_RELATION','d13e5814af164205a1630aae552773ec','CommlIMInfo_Type','d0675b4bbe674c1fa08297c27c3cb675','Coverage_Type','OBJECT');
INSERT INTO PUBLIC.PRIMITIVE_METADATA (ID, NAME, METADATA_TYPE) VALUES('d230b7c965664cb2b734becaa5ae32e3','CommlIMSubClass','PRIMITIVE');
INSERT INTO PUBLIC.OBJECT_FIELD_METADATA (ID, NAME, METADATA_TYPE, PARENT_METADATA,PARENT_METADATA_NAME, REFERENCE_METADATA, REFERENCE_METADATA_NAME, REFERENCE_METADATA_TYPE)VALUES('1909889fc2d942fca7267d966a4086e7','CommlIMSubClassCd','FIELD','d13e5814af164205a1630aae552773ec','CommlIMInfo_Type','d230b7c965664cb2b734becaa5ae32e3','CommlIMSubClass','PRIMITIVE');
INSERT INTO PUBLIC.OBJECT_FIELD_METADATA (ID, NAME, METADATA_TYPE, PARENT_METADATA,PARENT_METADATA_NAME, REFERENCE_METADATA, REFERENCE_METADATA_NAME, REFERENCE_METADATA_TYPE)VALUES('d62b5b1e60be49fea337d6c0cd68a827','ValuationCd','FIELD','d13e5814af164205a1630aae552773ec','CommlIMInfo_Type','a21806a17c114d80a5a94e9d48045507','ValuationType','PRIMITIVE');
INSERT INTO PUBLIC.OBJECT_FIELD_METADATA (ID, NAME, METADATA_TYPE, PARENT_METADATA,PARENT_METADATA_NAME, REFERENCE_METADATA, REFERENCE_METADATA_NAME, REFERENCE_METADATA_TYPE)VALUES('ebd87e17601848fd8a0ee3e4dc483adf','CommlIMClassDesc','FIELD','d13e5814af164205a1630aae552773ec','CommlIMInfo_Type','2344631100044813a5126adcfb93e80d','C-255','PRIMITIVE');
INSERT INTO PUBLIC.OBJECT_FIELD_METADATA (ID, NAME, METADATA_TYPE, PARENT_METADATA,PARENT_METADATA_NAME, REFERENCE_METADATA, REFERENCE_METADATA_NAME, REFERENCE_METADATA_TYPE)VALUES('3b49a2008189481faec2d9ce7be79ffc','CommlIMInfo','MODEL_RELATION','cba63611d30c4b1dad9c76e7eb58f0e5','CommlInlandMarineLineBusiness_Type','d13e5814af164205a1630aae552773ec','CommlIMInfo_Type','OBJECT');
INSERT INTO PUBLIC.OBJECT_FIELD_METADATA (ID, NAME, METADATA_TYPE, PARENT_METADATA,PARENT_METADATA_NAME, REFERENCE_METADATA, REFERENCE_METADATA_NAME, REFERENCE_METADATA_TYPE)VALUES('5331f547b0894a9b9f115d486e1e0d75','NAICCd','FIELD','cba63611d30c4b1dad9c76e7eb58f0e5','CommlInlandMarineLineBusiness_Type','6240ce877a244a73a1253961131c6cc9','IndustryCode_Type','PRIMITIVE');
INSERT INTO PUBLIC.OBJECT_FIELD_METADATA (ID, NAME, METADATA_TYPE, PARENT_METADATA,PARENT_METADATA_NAME, REFERENCE_METADATA, REFERENCE_METADATA_NAME, REFERENCE_METADATA_TYPE)VALUES('2eb1d8860227453eb47afc3ad17ff3e3','CommlInlandMarineLineBusiness','MODEL_RELATION','a8485aa8f7a7481b8828e638330f5291','Policy_Type','cba63611d30c4b1dad9c76e7eb58f0e5','CommlInlandMarineLineBusiness_Type','MODEL');
INSERT INTO PUBLIC.OBJECT_FIELD_METADATA (ID, NAME, METADATA_TYPE, PARENT_METADATA,PARENT_METADATA_NAME, REFERENCE_METADATA, REFERENCE_METADATA_NAME, REFERENCE_METADATA_TYPE)VALUES('d24c0767542c418681178d158f094f86','TotalPaidLossAmt','MODEL_RELATION','a8485aa8f7a7481b8828e638330f5291','Policy_Type','4fa89203e94a4637baa0484d19b460c5','CURRENCY','OBJECT');
INSERT INTO PUBLIC.OBJECT_FIELD_METADATA (ID, NAME, METADATA_TYPE, PARENT_METADATA,PARENT_METADATA_NAME, REFERENCE_METADATA, REFERENCE_METADATA_NAME, REFERENCE_METADATA_TYPE)VALUES('728bfbf1c8754529a3750c903b69df7e','Form','MODEL_RELATION','a8485aa8f7a7481b8828e638330f5291','Policy_Type','a54486c19cc9402197e0027f1d2fa2a9','Form_Type','OBJECT');
INSERT INTO PUBLIC.OBJECT_FIELD_METADATA (ID, NAME, METADATA_TYPE, PARENT_METADATA,PARENT_METADATA_NAME, REFERENCE_METADATA, REFERENCE_METADATA_NAME, REFERENCE_METADATA_TYPE)VALUES('53d6c490d37b4b7ba47f40c67080e7f1','HazardGradeInfo','MODEL_RELATION','a8485aa8f7a7481b8828e638330f5291','Policy_Type','27cb6123ae2a4e5da40275f0c5716a86','HazardGradeInfo_Type','OBJECT');
INSERT INTO PUBLIC.PRIMITIVE_METADATA (ID, NAME, METADATA_TYPE) VALUES('ba135168ef164286a94ec4710a560c5d','RenewalStatus','PRIMITIVE');
INSERT INTO PUBLIC.OBJECT_FIELD_METADATA (ID, NAME, METADATA_TYPE, PARENT_METADATA,PARENT_METADATA_NAME, REFERENCE_METADATA, REFERENCE_METADATA_NAME, REFERENCE_METADATA_TYPE)VALUES('1f0147e9599245c09b0ca74c7aeee154','RenewalStatusCd','FIELD','a8485aa8f7a7481b8828e638330f5291','Policy_Type','ba135168ef164286a94ec4710a560c5d','RenewalStatus','PRIMITIVE');
INSERT INTO PUBLIC.OBJECT_FIELD_METADATA (ID, NAME, METADATA_TYPE, PARENT_METADATA,PARENT_METADATA_NAME, REFERENCE_METADATA, REFERENCE_METADATA_NAME, REFERENCE_METADATA_TYPE)VALUES('d7439c4d40584514a9a90695276f985d','CompanyProductCd','FIELD','a8485aa8f7a7481b8828e638330f5291','Policy_Type','6240ce877a244a73a1253961131c6cc9','IndustryCode_Type','PRIMITIVE');
INSERT INTO PUBLIC.OBJECT_FIELD_METADATA (ID, NAME, METADATA_TYPE, PARENT_METADATA,PARENT_METADATA_NAME, REFERENCE_METADATA, REFERENCE_METADATA_NAME, REFERENCE_METADATA_TYPE)VALUES('9cf5f0c96076458ea43d1ee482749f93','CommlPolicySupplement','MODEL_RELATION','a8485aa8f7a7481b8828e638330f5291','Policy_Type','17e93077b499473d83ba4319080e8037','PolicySupplement_Type','OBJECT');
INSERT INTO PUBLIC.OBJECT_FIELD_METADATA (ID, NAME, METADATA_TYPE, PARENT_METADATA,PARENT_METADATA_NAME, REFERENCE_METADATA, REFERENCE_METADATA_NAME, REFERENCE_METADATA_TYPE)VALUES('c42093e5993847d6af0810be94073a1a','OriginalPolicyInceptionDt','FIELD','a8485aa8f7a7481b8828e638330f5291','Policy_Type','3b0a2ca6cf3a4fb19718e35aa60287cd','Date','PRIMITIVE');
INSERT INTO PUBLIC.OBJECT_FIELD_METADATA (ID, NAME, METADATA_TYPE, PARENT_METADATA,PARENT_METADATA_NAME, REFERENCE_METADATA, REFERENCE_METADATA_NAME, REFERENCE_METADATA_TYPE)VALUES('1ee553af48a9460089eb4e3670527dc3','OriginalInceptionDt','FIELD','a8485aa8f7a7481b8828e638330f5291','Policy_Type','3b0a2ca6cf3a4fb19718e35aa60287cd','Date','PRIMITIVE');
INSERT INTO PUBLIC.OBJECT_FIELD_METADATA (ID, NAME, METADATA_TYPE, PARENT_METADATA,PARENT_METADATA_NAME, REFERENCE_METADATA, REFERENCE_METADATA_NAME, REFERENCE_METADATA_TYPE)VALUES('0d7f9d59521e4382ac43a96914de290e','MiscParty','MODEL_RELATION','a8485aa8f7a7481b8828e638330f5291','Policy_Type','0a76585a8ae342d897387f29800d50c8','MiscParty_Type','OBJECT');
INSERT INTO PUBLIC.OBJECT_FIELD_METADATA (ID, NAME, METADATA_TYPE, PARENT_METADATA,PARENT_METADATA_NAME, REFERENCE_METADATA, REFERENCE_METADATA_NAME, REFERENCE_METADATA_TYPE)VALUES('d243a2de2afe4ee899d2c361a30de34a','NumLosses','FIELD','a8485aa8f7a7481b8828e638330f5291','Policy_Type','838cab4e48a54d0bb23ca5ea9db454ab','Long','PRIMITIVE');
INSERT INTO PUBLIC.OBJECT_FIELD_METADATA (ID, NAME, METADATA_TYPE, PARENT_METADATA,PARENT_METADATA_NAME, REFERENCE_METADATA, REFERENCE_METADATA_NAME, REFERENCE_METADATA_TYPE)VALUES('375a7c803e7b4861bba1e9d08ebe36f0','GroupCompanyCd','FIELD','a8485aa8f7a7481b8828e638330f5291','Policy_Type','6240ce877a244a73a1253961131c6cc9','IndustryCode_Type','PRIMITIVE');
INSERT INTO PUBLIC.OBJECT_METADATA (ID, NAME, METADATA_TYPE, REFERENCE_METADATA, REFERENCE_METADATA_NAME) VALUES('f1cd66dc81ef49498da7a4df2280e756','RemarkText','OBJECT',null,null);
INSERT INTO PUBLIC.OBJECT_FIELD_METADATA (ID, NAME, METADATA_TYPE, PARENT_METADATA,PARENT_METADATA_NAME, REFERENCE_METADATA, REFERENCE_METADATA_NAME, REFERENCE_METADATA_TYPE)VALUES('1ee7b4066cbe46dabc172ce6b30d2d87','RemarkText','MODEL_RELATION','a8485aa8f7a7481b8828e638330f5291','Policy_Type','f1cd66dc81ef49498da7a4df2280e756','RemarkText','OBJECT');
INSERT INTO PUBLIC.OBJECT_FIELD_METADATA (ID, NAME, METADATA_TYPE, PARENT_METADATA,PARENT_METADATA_NAME, REFERENCE_METADATA, REFERENCE_METADATA_NAME, REFERENCE_METADATA_TYPE)VALUES('ce55fd45f4274becab6d763bd6432a90','AccountNumberId','FIELD','a8485aa8f7a7481b8828e638330f5291','Policy_Type','3da4bbbc6bf44d5f941e647b8e8408dc','AssignedIdentifier','PRIMITIVE');
INSERT INTO PUBLIC.OBJECT_FIELD_METADATA (ID, NAME, METADATA_TYPE, PARENT_METADATA,PARENT_METADATA_NAME, REFERENCE_METADATA, REFERENCE_METADATA_NAME, REFERENCE_METADATA_TYPE)VALUES('a8421172d8d74a1ba00c0d8e2516b347','MailingResponsibilityCd','FIELD','a8485aa8f7a7481b8828e638330f5291','Policy_Type','afa07b42985348ddb7ae5fca68209c53','OrganizationIdentifier','PRIMITIVE');
INSERT INTO PUBLIC.OBJECT_FIELD_METADATA (ID, NAME, METADATA_TYPE, PARENT_METADATA,PARENT_METADATA_NAME, REFERENCE_METADATA, REFERENCE_METADATA_NAME, REFERENCE_METADATA_TYPE)VALUES('f15bc74fae534913a78f7be9f4b37db7','SignatureFormTypeCd','FIELD','a8485aa8f7a7481b8828e638330f5291','Policy_Type','87bf87ab11ff491286d152d86f57ac49','SignatureFormType','PRIMITIVE');
INSERT INTO PUBLIC.OBJECT_METADATA (ID, NAME, METADATA_TYPE, REFERENCE_METADATA, REFERENCE_METADATA_NAME) VALUES('9a60aa70a69e4ec5b3a7169f14757d7a','ProductsLiabilityLineBusiness_Type','MODEL',null,null);
INSERT INTO PUBLIC.OBJECT_FIELD_METADATA (ID, NAME, METADATA_TYPE, PARENT_METADATA,PARENT_METADATA_NAME, REFERENCE_METADATA, REFERENCE_METADATA_NAME, REFERENCE_METADATA_TYPE)VALUES('8fabc344722d47c7b2295805252823cb','WrittenAmt','MODEL_RELATION','9a60aa70a69e4ec5b3a7169f14757d7a','ProductsLiabilityLineBusiness_Type','4fa89203e94a4637baa0484d19b460c5','CURRENCY','OBJECT');
INSERT INTO PUBLIC.OBJECT_FIELD_METADATA (ID, NAME, METADATA_TYPE, PARENT_METADATA,PARENT_METADATA_NAME, REFERENCE_METADATA, REFERENCE_METADATA_NAME, REFERENCE_METADATA_TYPE)VALUES('e0688dc2b4d5484aa186d84d3b92fdcb','GrossReceipts','MODEL_RELATION','9a60aa70a69e4ec5b3a7169f14757d7a','ProductsLiabilityLineBusiness_Type','fb9da0a4eea447c6a769d5cd2129c017','GrossReceipts_Type','OBJECT');
INSERT INTO PUBLIC.OBJECT_METADATA (ID, NAME, METADATA_TYPE, REFERENCE_METADATA, REFERENCE_METADATA_NAME) VALUES('e5746057972147c9b7a33e6d17ffcace','CustomerSales_Type','OBJECT',null,null);
INSERT INTO PUBLIC.OBJECT_FIELD_METADATA (ID, NAME, METADATA_TYPE, PARENT_METADATA,PARENT_METADATA_NAME, REFERENCE_METADATA, REFERENCE_METADATA_NAME, REFERENCE_METADATA_TYPE)VALUES('1270d5a3ba194b74a606dc1182a1bf49','AircraftModelsDesc','FIELD','e5746057972147c9b7a33e6d17ffcace','CustomerSales_Type','2344631100044813a5126adcfb93e80d','C-255','PRIMITIVE');
INSERT INTO PUBLIC.OBJECT_FIELD_METADATA (ID, NAME, METADATA_TYPE, PARENT_METADATA,PARENT_METADATA_NAME, REFERENCE_METADATA, REFERENCE_METADATA_NAME, REFERENCE_METADATA_TYPE)VALUES('ee88b49e784a4f95ad6dea1108d22b7a','ProductDesc','FIELD','e5746057972147c9b7a33e6d17ffcace','CustomerSales_Type','2344631100044813a5126adcfb93e80d','C-255','PRIMITIVE');
INSERT INTO PUBLIC.OBJECT_FIELD_METADATA (ID, NAME, METADATA_TYPE, PARENT_METADATA,PARENT_METADATA_NAME, REFERENCE_METADATA, REFERENCE_METADATA_NAME, REFERENCE_METADATA_TYPE)VALUES('3035c251e8d549d28f9eba5140f7a882','AircraftSystemsDesc','FIELD','e5746057972147c9b7a33e6d17ffcace','CustomerSales_Type','2344631100044813a5126adcfb93e80d','C-255','PRIMITIVE');
INSERT INTO PUBLIC.OBJECT_FIELD_METADATA (ID, NAME, METADATA_TYPE, PARENT_METADATA,PARENT_METADATA_NAME, REFERENCE_METADATA, REFERENCE_METADATA_NAME, REFERENCE_METADATA_TYPE)VALUES('e6940fab9a454721a81e299ebd70ef81','SalesPct','FIELD','e5746057972147c9b7a33e6d17ffcace','CustomerSales_Type','d68704d271534c0a935a3012147640c4','PercentDecimal','PRIMITIVE');
INSERT INTO PUBLIC.OBJECT_FIELD_METADATA (ID, NAME, METADATA_TYPE, PARENT_METADATA,PARENT_METADATA_NAME, REFERENCE_METADATA, REFERENCE_METADATA_NAME, REFERENCE_METADATA_TYPE)VALUES('be1472e2c0e6437597d40b2d6d3fc6ec','CustomerSalesExt','FIELD','e5746057972147c9b7a33e6d17ffcace','CustomerSales_Type',null,null,null);
INSERT INTO PUBLIC.OBJECT_FIELD_METADATA (ID, NAME, METADATA_TYPE, PARENT_METADATA,PARENT_METADATA_NAME, REFERENCE_METADATA, REFERENCE_METADATA_NAME, REFERENCE_METADATA_TYPE)VALUES('210f61ae7a4a4f86b9b573b09ca27082','CustomerSales','MODEL_RELATION','9a60aa70a69e4ec5b3a7169f14757d7a','ProductsLiabilityLineBusiness_Type','e5746057972147c9b7a33e6d17ffcace','CustomerSales_Type','OBJECT');
INSERT INTO PUBLIC.OBJECT_FIELD_METADATA (ID, NAME, METADATA_TYPE, PARENT_METADATA,PARENT_METADATA_NAME, REFERENCE_METADATA, REFERENCE_METADATA_NAME, REFERENCE_METADATA_TYPE)VALUES('fcf6b26a010c47a495dce4384fcc8dc1','HazardGradeInfo','MODEL_RELATION','9a60aa70a69e4ec5b3a7169f14757d7a','ProductsLiabilityLineBusiness_Type','27cb6123ae2a4e5da40275f0c5716a86','HazardGradeInfo_Type','OBJECT');
INSERT INTO PUBLIC.OBJECT_FIELD_METADATA (ID, NAME, METADATA_TYPE, PARENT_METADATA,PARENT_METADATA_NAME, REFERENCE_METADATA, REFERENCE_METADATA_NAME, REFERENCE_METADATA_TYPE)VALUES('4e3f683d2f8147e181ec67f8ea91dea9','MinPremAmt','MODEL_RELATION','9a60aa70a69e4ec5b3a7169f14757d7a','ProductsLiabilityLineBusiness_Type','4fa89203e94a4637baa0484d19b460c5','CURRENCY','OBJECT');
INSERT INTO PUBLIC.OBJECT_FIELD_METADATA (ID, NAME, METADATA_TYPE, PARENT_METADATA,PARENT_METADATA_NAME, REFERENCE_METADATA, REFERENCE_METADATA_NAME, REFERENCE_METADATA_TYPE)VALUES('5f30ed6972464a24971e7992baac8158','CurrentTermAmt','MODEL_RELATION','9a60aa70a69e4ec5b3a7169f14757d7a','ProductsLiabilityLineBusiness_Type','4fa89203e94a4637baa0484d19b460c5','CURRENCY','OBJECT');
INSERT INTO PUBLIC.OBJECT_FIELD_METADATA (ID, NAME, METADATA_TYPE, PARENT_METADATA,PARENT_METADATA_NAME, REFERENCE_METADATA, REFERENCE_METADATA_NAME, REFERENCE_METADATA_TYPE)VALUES('003a4e89fe014575a942fc0223e102ca','CompanyProductCd','FIELD','9a60aa70a69e4ec5b3a7169f14757d7a','ProductsLiabilityLineBusiness_Type','6240ce877a244a73a1253961131c6cc9','IndustryCode_Type','PRIMITIVE');
INSERT INTO PUBLIC.OBJECT_FIELD_METADATA (ID, NAME, METADATA_TYPE, PARENT_METADATA,PARENT_METADATA_NAME, REFERENCE_METADATA, REFERENCE_METADATA_NAME, REFERENCE_METADATA_TYPE)VALUES('b05318aa2a8c46939fc51537ded62013','CoverageAvailable','MODEL_RELATION','9a60aa70a69e4ec5b3a7169f14757d7a','ProductsLiabilityLineBusiness_Type','d0675b4bbe674c1fa08297c27c3cb675','Coverage_Type','OBJECT');
INSERT INTO PUBLIC.OBJECT_FIELD_METADATA (ID, NAME, METADATA_TYPE, PARENT_METADATA,PARENT_METADATA_NAME, REFERENCE_METADATA, REFERENCE_METADATA_NAME, REFERENCE_METADATA_TYPE)VALUES('5fe481825c1648bcbc987e570586b6b0','WarrantiesDesc','FIELD','9a60aa70a69e4ec5b3a7169f14757d7a','ProductsLiabilityLineBusiness_Type','395c33ebbd5b40f0aee8a4f93dbedf31','C-Infinite','PRIMITIVE');
INSERT INTO PUBLIC.OBJECT_FIELD_METADATA (ID, NAME, METADATA_TYPE, PARENT_METADATA,PARENT_METADATA_NAME, REFERENCE_METADATA, REFERENCE_METADATA_NAME, REFERENCE_METADATA_TYPE)VALUES('541ab31c251843e088c0b9a63351f438','HazardGradeCd','FIELD','9a60aa70a69e4ec5b3a7169f14757d7a','ProductsLiabilityLineBusiness_Type','6240ce877a244a73a1253961131c6cc9','IndustryCode_Type','PRIMITIVE');
INSERT INTO PUBLIC.OBJECT_FIELD_METADATA (ID, NAME, METADATA_TYPE, PARENT_METADATA,PARENT_METADATA_NAME, REFERENCE_METADATA, REFERENCE_METADATA_NAME, REFERENCE_METADATA_TYPE)VALUES('b7049d08d7b1468f8d1d316a3ba45a69','ProductsLiabilityLineBusinessExt','FIELD','9a60aa70a69e4ec5b3a7169f14757d7a','ProductsLiabilityLineBusiness_Type',null,null,null);
INSERT INTO PUBLIC.OBJECT_FIELD_METADATA (ID, NAME, METADATA_TYPE, PARENT_METADATA,PARENT_METADATA_NAME, REFERENCE_METADATA, REFERENCE_METADATA_NAME, REFERENCE_METADATA_TYPE)VALUES('d6cdf876c5d64a198483e19faf59a634','QuestionAnswer','MODEL_RELATION','9a60aa70a69e4ec5b3a7169f14757d7a','ProductsLiabilityLineBusiness_Type','152fefd4f3054b68b490c1af5c9c284c','QuestionAnswer_Type','OBJECT');
INSERT INTO PUBLIC.OBJECT_FIELD_METADATA (ID, NAME, METADATA_TYPE, PARENT_METADATA,PARENT_METADATA_NAME, REFERENCE_METADATA, REFERENCE_METADATA_NAME, REFERENCE_METADATA_TYPE)VALUES('3a9fe542bfcc424c827729f2cf266f91','NAICCd','FIELD','9a60aa70a69e4ec5b3a7169f14757d7a','ProductsLiabilityLineBusiness_Type','6240ce877a244a73a1253961131c6cc9','IndustryCode_Type','PRIMITIVE');
INSERT INTO PUBLIC.OBJECT_FIELD_METADATA (ID, NAME, METADATA_TYPE, PARENT_METADATA,PARENT_METADATA_NAME, REFERENCE_METADATA, REFERENCE_METADATA_NAME, REFERENCE_METADATA_TYPE)VALUES('444b8b15f98d4b96a5d39d93c85508bb','ProductInfo','MODEL_RELATION','9a60aa70a69e4ec5b3a7169f14757d7a','ProductsLiabilityLineBusiness_Type','a65f2f8f7e6d47639df2ed6a15b2e42e','ProductInfo_Type','OBJECT');
INSERT INTO PUBLIC.OBJECT_FIELD_METADATA (ID, NAME, METADATA_TYPE, PARENT_METADATA,PARENT_METADATA_NAME, REFERENCE_METADATA, REFERENCE_METADATA_NAME, REFERENCE_METADATA_TYPE)VALUES('8d618391fcd645cbaf44f7c0a54fb443','AdditionalInterest','MODEL_RELATION','9a60aa70a69e4ec5b3a7169f14757d7a','ProductsLiabilityLineBusiness_Type','23a83d5912a54d0ca9b4669826684442','AdditionalInterest_Type','OBJECT');
INSERT INTO PUBLIC.OBJECT_FIELD_METADATA (ID, NAME, METADATA_TYPE, PARENT_METADATA,PARENT_METADATA_NAME, REFERENCE_METADATA, REFERENCE_METADATA_NAME, REFERENCE_METADATA_TYPE)VALUES('05e48dbca57c414d925e551192dd989b','AuditInfo','MODEL_RELATION','9a60aa70a69e4ec5b3a7169f14757d7a','ProductsLiabilityLineBusiness_Type','cafd893cc1ec4101a8df78b1c1a8c82e','AuditInfo_Type','OBJECT');
INSERT INTO PUBLIC.OBJECT_FIELD_METADATA (ID, NAME, METADATA_TYPE, PARENT_METADATA,PARENT_METADATA_NAME, REFERENCE_METADATA, REFERENCE_METADATA_NAME, REFERENCE_METADATA_TYPE)VALUES('1c3ec8a89c0240cface813b788a58621','MinPremInd','FIELD','9a60aa70a69e4ec5b3a7169f14757d7a','ProductsLiabilityLineBusiness_Type','4ffb0bcc3ec946d1af3ef883f4c3a4e6','Boolean','PRIMITIVE');
INSERT INTO PUBLIC.OBJECT_FIELD_METADATA (ID, NAME, METADATA_TYPE, PARENT_METADATA,PARENT_METADATA_NAME, REFERENCE_METADATA, REFERENCE_METADATA_NAME, REFERENCE_METADATA_TYPE)VALUES('e11f092304534babbf8dce7c13a8a1b3','NetChangeAmt','MODEL_RELATION','9a60aa70a69e4ec5b3a7169f14757d7a','ProductsLiabilityLineBusiness_Type','4fa89203e94a4637baa0484d19b460c5','CURRENCY','OBJECT');
INSERT INTO PUBLIC.OBJECT_FIELD_METADATA (ID, NAME, METADATA_TYPE, PARENT_METADATA,PARENT_METADATA_NAME, REFERENCE_METADATA, REFERENCE_METADATA_NAME, REFERENCE_METADATA_TYPE)VALUES('fce1efb7cb84415aba34737d27fcafa8','Coverage','MODEL_RELATION','9a60aa70a69e4ec5b3a7169f14757d7a','ProductsLiabilityLineBusiness_Type','d0675b4bbe674c1fa08297c27c3cb675','Coverage_Type','OBJECT');
INSERT INTO PUBLIC.OBJECT_FIELD_METADATA (ID, NAME, METADATA_TYPE, PARENT_METADATA,PARENT_METADATA_NAME, REFERENCE_METADATA, REFERENCE_METADATA_NAME, REFERENCE_METADATA_TYPE)VALUES('b743cd0689da42c791bb14f3055eaee9','PMACd','FIELD','9a60aa70a69e4ec5b3a7169f14757d7a','ProductsLiabilityLineBusiness_Type','6240ce877a244a73a1253961131c6cc9','IndustryCode_Type','PRIMITIVE');
INSERT INTO PUBLIC.OBJECT_FIELD_METADATA (ID, NAME, METADATA_TYPE, PARENT_METADATA,PARENT_METADATA_NAME, REFERENCE_METADATA, REFERENCE_METADATA_NAME, REFERENCE_METADATA_TYPE)VALUES('daf4d8da04eb4814b2f50bddf6e19454','LOBSubCd','FIELD','9a60aa70a69e4ec5b3a7169f14757d7a','ProductsLiabilityLineBusiness_Type','8376159ebcf44685b36391928a67e333','LineOfBusinessSubCode','PRIMITIVE');
INSERT INTO PUBLIC.OBJECT_FIELD_METADATA (ID, NAME, METADATA_TYPE, PARENT_METADATA,PARENT_METADATA_NAME, REFERENCE_METADATA, REFERENCE_METADATA_NAME, REFERENCE_METADATA_TYPE)VALUES('143fa31412c2463d886cb8a6f5e91f99','GroupId','FIELD','9a60aa70a69e4ec5b3a7169f14757d7a','ProductsLiabilityLineBusiness_Type','3da4bbbc6bf44d5f941e647b8e8408dc','AssignedIdentifier','PRIMITIVE');
INSERT INTO PUBLIC.OBJECT_FIELD_METADATA (ID, NAME, METADATA_TYPE, PARENT_METADATA,PARENT_METADATA_NAME, REFERENCE_METADATA, REFERENCE_METADATA_NAME, REFERENCE_METADATA_TYPE)VALUES('fd26346885fa47b4877678d829b590b8','CommlCoverage','MODEL_RELATION','9a60aa70a69e4ec5b3a7169f14757d7a','ProductsLiabilityLineBusiness_Type','d0675b4bbe674c1fa08297c27c3cb675','Coverage_Type','OBJECT');
INSERT INTO PUBLIC.OBJECT_FIELD_METADATA (ID, NAME, METADATA_TYPE, PARENT_METADATA,PARENT_METADATA_NAME, REFERENCE_METADATA, REFERENCE_METADATA_NAME, REFERENCE_METADATA_TYPE)VALUES('f1a74805dc6c451d980fe4d318e46884','LOBCd','FIELD','9a60aa70a69e4ec5b3a7169f14757d7a','ProductsLiabilityLineBusiness_Type','3b75decf3cfc42c496d4405220659cf0','LineOfBusiness','PRIMITIVE');
INSERT INTO PUBLIC.OBJECT_FIELD_METADATA (ID, NAME, METADATA_TYPE, PARENT_METADATA,PARENT_METADATA_NAME, REFERENCE_METADATA, REFERENCE_METADATA_NAME, REFERENCE_METADATA_TYPE)VALUES('e6cc5a2757054b57bec2c126ae969051','RateEffectiveDt','FIELD','9a60aa70a69e4ec5b3a7169f14757d7a','ProductsLiabilityLineBusiness_Type','3b0a2ca6cf3a4fb19718e35aa60287cd','Date','PRIMITIVE');
INSERT INTO PUBLIC.OBJECT_FIELD_METADATA (ID, NAME, METADATA_TYPE, PARENT_METADATA,PARENT_METADATA_NAME, REFERENCE_METADATA, REFERENCE_METADATA_NAME, REFERENCE_METADATA_TYPE)VALUES('a01eabd6d4994ea19ce3679dc46b4781','QualityControlDesc','FIELD','9a60aa70a69e4ec5b3a7169f14757d7a','ProductsLiabilityLineBusiness_Type','395c33ebbd5b40f0aee8a4f93dbedf31','C-Infinite','PRIMITIVE');
INSERT INTO PUBLIC.OBJECT_FIELD_METADATA (ID, NAME, METADATA_TYPE, PARENT_METADATA,PARENT_METADATA_NAME, REFERENCE_METADATA, REFERENCE_METADATA_NAME, REFERENCE_METADATA_TYPE)VALUES('1b3f62b0c5714ef7a153858a2b026187','ProductsLiabilityLineBusiness','MODEL_RELATION','a8485aa8f7a7481b8828e638330f5291','Policy_Type','9a60aa70a69e4ec5b3a7169f14757d7a','ProductsLiabilityLineBusiness_Type','MODEL');
INSERT INTO PUBLIC.OBJECT_FIELD_METADATA (ID, NAME, METADATA_TYPE, PARENT_METADATA,PARENT_METADATA_NAME, REFERENCE_METADATA, REFERENCE_METADATA_NAME, REFERENCE_METADATA_TYPE)VALUES('fe8274f7a01042fd951af9b81d95e9d4','AdditionalInterest','MODEL_RELATION','a8485aa8f7a7481b8828e638330f5291','Policy_Type','23a83d5912a54d0ca9b4669826684442','AdditionalInterest_Type','OBJECT');
INSERT INTO PUBLIC.PRIMITIVE_METADATA (ID, NAME, METADATA_TYPE) VALUES('8e7d8f1927bf4df3a5ef62ceeaaa20d5','ElectronicDocumentType','PRIMITIVE');
INSERT INTO PUBLIC.OBJECT_FIELD_METADATA (ID, NAME, METADATA_TYPE, PARENT_METADATA,PARENT_METADATA_NAME, REFERENCE_METADATA, REFERENCE_METADATA_NAME, REFERENCE_METADATA_TYPE)VALUES('49382e415f614a02a9661c4a7c24730f','ElectronicDocsCd','FIELD','a8485aa8f7a7481b8828e638330f5291','Policy_Type','8e7d8f1927bf4df3a5ef62ceeaaa20d5','ElectronicDocumentType','PRIMITIVE');
INSERT INTO PUBLIC.OBJECT_FIELD_METADATA (ID, NAME, METADATA_TYPE, PARENT_METADATA,PARENT_METADATA_NAME, REFERENCE_METADATA, REFERENCE_METADATA_NAME, REFERENCE_METADATA_TYPE)VALUES('5cc6f6bdf5a940b2909122f4985f5d31','MinPremInd','FIELD','a8485aa8f7a7481b8828e638330f5291','Policy_Type','4ffb0bcc3ec946d1af3ef883f4c3a4e6','Boolean','PRIMITIVE');
INSERT INTO PUBLIC.OBJECT_METADATA (ID, NAME, METADATA_TYPE, REFERENCE_METADATA, REFERENCE_METADATA_NAME) VALUES('fa8d37c84e1d4b8291068a2a9c9d020f','CrimeLineBusiness_Type','MODEL',null,null);
INSERT INTO PUBLIC.OBJECT_FIELD_METADATA (ID, NAME, METADATA_TYPE, PARENT_METADATA,PARENT_METADATA_NAME, REFERENCE_METADATA, REFERENCE_METADATA_NAME, REFERENCE_METADATA_TYPE)VALUES('2c6a5ce71030429487d6a6f37b113254','WrittenAmt','MODEL_RELATION','fa8d37c84e1d4b8291068a2a9c9d020f','CrimeLineBusiness_Type','4fa89203e94a4637baa0484d19b460c5','CURRENCY','OBJECT');
INSERT INTO PUBLIC.OBJECT_FIELD_METADATA (ID, NAME, METADATA_TYPE, PARENT_METADATA,PARENT_METADATA_NAME, REFERENCE_METADATA, REFERENCE_METADATA_NAME, REFERENCE_METADATA_TYPE)VALUES('c7a695173cd24549b4cfffe2c61ca595','ClassCd','FIELD','fa8d37c84e1d4b8291068a2a9c9d020f','CrimeLineBusiness_Type','6240ce877a244a73a1253961131c6cc9','IndustryCode_Type','PRIMITIVE');
INSERT INTO PUBLIC.OBJECT_FIELD_METADATA (ID, NAME, METADATA_TYPE, PARENT_METADATA,PARENT_METADATA_NAME, REFERENCE_METADATA, REFERENCE_METADATA_NAME, REFERENCE_METADATA_TYPE)VALUES('d4b1816142344cc0bf6e849dfbb5ce55','HazardGradeInfo','MODEL_RELATION','fa8d37c84e1d4b8291068a2a9c9d020f','CrimeLineBusiness_Type','27cb6123ae2a4e5da40275f0c5716a86','HazardGradeInfo_Type','OBJECT');
INSERT INTO PUBLIC.OBJECT_FIELD_METADATA (ID, NAME, METADATA_TYPE, PARENT_METADATA,PARENT_METADATA_NAME, REFERENCE_METADATA, REFERENCE_METADATA_NAME, REFERENCE_METADATA_TYPE)VALUES('745461aba71449179201acc6926f059e','NumEmployeesLeasedToOthers','FIELD','fa8d37c84e1d4b8291068a2a9c9d020f','CrimeLineBusiness_Type','838cab4e48a54d0bb23ca5ea9db454ab','Long','PRIMITIVE');
INSERT INTO PUBLIC.OBJECT_FIELD_METADATA (ID, NAME, METADATA_TYPE, PARENT_METADATA,PARENT_METADATA_NAME, REFERENCE_METADATA, REFERENCE_METADATA_NAME, REFERENCE_METADATA_TYPE)VALUES('a9a34c92edc24b94bbd1aa7199ff717f','MinPremAmt','MODEL_RELATION','fa8d37c84e1d4b8291068a2a9c9d020f','CrimeLineBusiness_Type','4fa89203e94a4637baa0484d19b460c5','CURRENCY','OBJECT');
INSERT INTO PUBLIC.OBJECT_FIELD_METADATA (ID, NAME, METADATA_TYPE, PARENT_METADATA,PARENT_METADATA_NAME, REFERENCE_METADATA, REFERENCE_METADATA_NAME, REFERENCE_METADATA_TYPE)VALUES('9b332ae67d7b486cb3f495ae436a2e2d','CurrentTermAmt','MODEL_RELATION','fa8d37c84e1d4b8291068a2a9c9d020f','CrimeLineBusiness_Type','4fa89203e94a4637baa0484d19b460c5','CURRENCY','OBJECT');
INSERT INTO PUBLIC.OBJECT_FIELD_METADATA (ID, NAME, METADATA_TYPE, PARENT_METADATA,PARENT_METADATA_NAME, REFERENCE_METADATA, REFERENCE_METADATA_NAME, REFERENCE_METADATA_TYPE)VALUES('352d6f2cebb040e8971afe8cc633dbc4','CompanyProductCd','FIELD','fa8d37c84e1d4b8291068a2a9c9d020f','CrimeLineBusiness_Type','6240ce877a244a73a1253961131c6cc9','IndustryCode_Type','PRIMITIVE');
INSERT INTO PUBLIC.OBJECT_FIELD_METADATA (ID, NAME, METADATA_TYPE, PARENT_METADATA,PARENT_METADATA_NAME, REFERENCE_METADATA, REFERENCE_METADATA_NAME, REFERENCE_METADATA_TYPE)VALUES('8084de42eaa24566a22b60a8e26c71c2','EmployeeClassInfo','MODEL_RELATION','fa8d37c84e1d4b8291068a2a9c9d020f','CrimeLineBusiness_Type','16b63826be0c4b90b744e139e06cc4a7','EmployeeClassInfo_Type','OBJECT');
INSERT INTO PUBLIC.OBJECT_FIELD_METADATA (ID, NAME, METADATA_TYPE, PARENT_METADATA,PARENT_METADATA_NAME, REFERENCE_METADATA, REFERENCE_METADATA_NAME, REFERENCE_METADATA_TYPE)VALUES('2533fcc8cb394ba2976aeeff4046b731','CoverageAvailable','MODEL_RELATION','fa8d37c84e1d4b8291068a2a9c9d020f','CrimeLineBusiness_Type','d0675b4bbe674c1fa08297c27c3cb675','Coverage_Type','OBJECT');
INSERT INTO PUBLIC.OBJECT_METADATA (ID, NAME, METADATA_TYPE, REFERENCE_METADATA, REFERENCE_METADATA_NAME) VALUES('a6d4538b986d4993baed4fe278e5d7db','EmployeeBenefitPlanInfo_Type','OBJECT',null,null);
INSERT INTO PUBLIC.PRIMITIVE_METADATA (ID, NAME, METADATA_TYPE) VALUES('f7fedf4f2fa44a589dccf2970438c0c9','EmployeeBenefitPlanType','PRIMITIVE');
INSERT INTO PUBLIC.OBJECT_FIELD_METADATA (ID, NAME, METADATA_TYPE, PARENT_METADATA,PARENT_METADATA_NAME, REFERENCE_METADATA, REFERENCE_METADATA_NAME, REFERENCE_METADATA_TYPE)VALUES('aa62aea7133d46e597cb6509ad071d82','EmployeeBenefitPlanTypeCd','FIELD','a6d4538b986d4993baed4fe278e5d7db','EmployeeBenefitPlanInfo_Type','f7fedf4f2fa44a589dccf2970438c0c9','EmployeeBenefitPlanType','PRIMITIVE');
INSERT INTO PUBLIC.OBJECT_FIELD_METADATA (ID, NAME, METADATA_TYPE, PARENT_METADATA,PARENT_METADATA_NAME, REFERENCE_METADATA, REFERENCE_METADATA_NAME, REFERENCE_METADATA_TYPE)VALUES('c09575cd34a248578bbdf8d9c133d561','EmployeeBenefitPlanInfoExt','FIELD','a6d4538b986d4993baed4fe278e5d7db','EmployeeBenefitPlanInfo_Type',null,null,null);
INSERT INTO PUBLIC.OBJECT_FIELD_METADATA (ID, NAME, METADATA_TYPE, PARENT_METADATA,PARENT_METADATA_NAME, REFERENCE_METADATA, REFERENCE_METADATA_NAME, REFERENCE_METADATA_TYPE)VALUES('5857337188ee4fb2af4936493118ffef','NumEmployees','FIELD','a6d4538b986d4993baed4fe278e5d7db','EmployeeBenefitPlanInfo_Type','838cab4e48a54d0bb23ca5ea9db454ab','Long','PRIMITIVE');
INSERT INTO PUBLIC.OBJECT_FIELD_METADATA (ID, NAME, METADATA_TYPE, PARENT_METADATA,PARENT_METADATA_NAME, REFERENCE_METADATA, REFERENCE_METADATA_NAME, REFERENCE_METADATA_TYPE)VALUES('53a98ab01572410c95b3738145fec724','PlanAssetValueAmt','MODEL_RELATION','a6d4538b986d4993baed4fe278e5d7db','EmployeeBenefitPlanInfo_Type','4fa89203e94a4637baa0484d19b460c5','CURRENCY','OBJECT');
INSERT INTO PUBLIC.OBJECT_FIELD_METADATA (ID, NAME, METADATA_TYPE, PARENT_METADATA,PARENT_METADATA_NAME, REFERENCE_METADATA, REFERENCE_METADATA_NAME, REFERENCE_METADATA_TYPE)VALUES('c9fff53891bb49caad4e2970a867b557','PlanName','FIELD','a6d4538b986d4993baed4fe278e5d7db','EmployeeBenefitPlanInfo_Type','2344631100044813a5126adcfb93e80d','C-255','PRIMITIVE');
INSERT INTO PUBLIC.OBJECT_FIELD_METADATA (ID, NAME, METADATA_TYPE, PARENT_METADATA,PARENT_METADATA_NAME, REFERENCE_METADATA, REFERENCE_METADATA_NAME, REFERENCE_METADATA_TYPE)VALUES('bd0459e248e34976916a3cd780d648b9','NumPlanParticipants','FIELD','a6d4538b986d4993baed4fe278e5d7db','EmployeeBenefitPlanInfo_Type','838cab4e48a54d0bb23ca5ea9db454ab','Long','PRIMITIVE');
INSERT INTO PUBLIC.OBJECT_FIELD_METADATA (ID, NAME, METADATA_TYPE, PARENT_METADATA,PARENT_METADATA_NAME, REFERENCE_METADATA, REFERENCE_METADATA_NAME, REFERENCE_METADATA_TYPE)VALUES('6deef6c0ef2f4c6c86ae5c3d04ed7413','PlanAssetsPriorYearAmt','MODEL_RELATION','a6d4538b986d4993baed4fe278e5d7db','EmployeeBenefitPlanInfo_Type','4fa89203e94a4637baa0484d19b460c5','CURRENCY','OBJECT');
INSERT INTO PUBLIC.OBJECT_FIELD_METADATA (ID, NAME, METADATA_TYPE, PARENT_METADATA,PARENT_METADATA_NAME, REFERENCE_METADATA, REFERENCE_METADATA_NAME, REFERENCE_METADATA_TYPE)VALUES('bf53246d66ea4789bff43397cb951be1','PlanEstablishedYr','FIELD','a6d4538b986d4993baed4fe278e5d7db','EmployeeBenefitPlanInfo_Type','7c9113946db7435cb0053de34c768997','Year','PRIMITIVE');
INSERT INTO PUBLIC.OBJECT_FIELD_METADATA (ID, NAME, METADATA_TYPE, PARENT_METADATA,PARENT_METADATA_NAME, REFERENCE_METADATA, REFERENCE_METADATA_NAME, REFERENCE_METADATA_TYPE)VALUES('d95c929692294700adb909b9c1a7acff','EmployeeBenefitPlanInfo','MODEL_RELATION','fa8d37c84e1d4b8291068a2a9c9d020f','CrimeLineBusiness_Type','a6d4538b986d4993baed4fe278e5d7db','EmployeeBenefitPlanInfo_Type','OBJECT');
INSERT INTO PUBLIC.OBJECT_FIELD_METADATA (ID, NAME, METADATA_TYPE, PARENT_METADATA,PARENT_METADATA_NAME, REFERENCE_METADATA, REFERENCE_METADATA_NAME, REFERENCE_METADATA_TYPE)VALUES('765dd52d782b44edbad23f6152c933d3','NumRetailLocations','FIELD','fa8d37c84e1d4b8291068a2a9c9d020f','CrimeLineBusiness_Type','838cab4e48a54d0bb23ca5ea9db454ab','Long','PRIMITIVE');
INSERT INTO PUBLIC.OBJECT_FIELD_METADATA (ID, NAME, METADATA_TYPE, PARENT_METADATA,PARENT_METADATA_NAME, REFERENCE_METADATA, REFERENCE_METADATA_NAME, REFERENCE_METADATA_TYPE)VALUES('76393dfe103947e9866ce9884024b149','HazardGradeCd','FIELD','fa8d37c84e1d4b8291068a2a9c9d020f','CrimeLineBusiness_Type','6240ce877a244a73a1253961131c6cc9','IndustryCode_Type','PRIMITIVE');
INSERT INTO PUBLIC.OBJECT_FIELD_METADATA (ID, NAME, METADATA_TYPE, PARENT_METADATA,PARENT_METADATA_NAME, REFERENCE_METADATA, REFERENCE_METADATA_NAME, REFERENCE_METADATA_TYPE)VALUES('f0f5456f84554436aac3f0b6c0ba80f5','EmployeeBenefitPlanTotalAssetAmt','MODEL_RELATION','fa8d37c84e1d4b8291068a2a9c9d020f','CrimeLineBusiness_Type','4fa89203e94a4637baa0484d19b460c5','CURRENCY','OBJECT');
INSERT INTO PUBLIC.OBJECT_FIELD_METADATA (ID, NAME, METADATA_TYPE, PARENT_METADATA,PARENT_METADATA_NAME, REFERENCE_METADATA, REFERENCE_METADATA_NAME, REFERENCE_METADATA_TYPE)VALUES('72e957807fa444e0bcdf6f0f18090c3f','NumLocations','FIELD','fa8d37c84e1d4b8291068a2a9c9d020f','CrimeLineBusiness_Type','838cab4e48a54d0bb23ca5ea9db454ab','Long','PRIMITIVE');
INSERT INTO PUBLIC.OBJECT_FIELD_METADATA (ID, NAME, METADATA_TYPE, PARENT_METADATA,PARENT_METADATA_NAME, REFERENCE_METADATA, REFERENCE_METADATA_NAME, REFERENCE_METADATA_TYPE)VALUES('318fcd97eece4adaaafca30b6497f61a','QuestionAnswer','MODEL_RELATION','fa8d37c84e1d4b8291068a2a9c9d020f','CrimeLineBusiness_Type','152fefd4f3054b68b490c1af5c9c284c','QuestionAnswer_Type','OBJECT');
INSERT INTO PUBLIC.OBJECT_FIELD_METADATA (ID, NAME, METADATA_TYPE, PARENT_METADATA,PARENT_METADATA_NAME, REFERENCE_METADATA, REFERENCE_METADATA_NAME, REFERENCE_METADATA_TYPE)VALUES('fc9f4d92101644ac9f6c0831a0d6702a','NAICCd','FIELD','fa8d37c84e1d4b8291068a2a9c9d020f','CrimeLineBusiness_Type','6240ce877a244a73a1253961131c6cc9','IndustryCode_Type','PRIMITIVE');
INSERT INTO PUBLIC.OBJECT_FIELD_METADATA (ID, NAME, METADATA_TYPE, PARENT_METADATA,PARENT_METADATA_NAME, REFERENCE_METADATA, REFERENCE_METADATA_NAME, REFERENCE_METADATA_TYPE)VALUES('d00113ca8e764c658cd0cef66b09adad','ProposedRetroactiveDt','FIELD','fa8d37c84e1d4b8291068a2a9c9d020f','CrimeLineBusiness_Type','3b0a2ca6cf3a4fb19718e35aa60287cd','Date','PRIMITIVE');
INSERT INTO PUBLIC.OBJECT_FIELD_METADATA (ID, NAME, METADATA_TYPE, PARENT_METADATA,PARENT_METADATA_NAME, REFERENCE_METADATA, REFERENCE_METADATA_NAME, REFERENCE_METADATA_TYPE)VALUES('c5ea5a2a0301484a8acf5835dea46ff9','AdditionalInterest','MODEL_RELATION','fa8d37c84e1d4b8291068a2a9c9d020f','CrimeLineBusiness_Type','23a83d5912a54d0ca9b4669826684442','AdditionalInterest_Type','OBJECT');
INSERT INTO PUBLIC.OBJECT_FIELD_METADATA (ID, NAME, METADATA_TYPE, PARENT_METADATA,PARENT_METADATA_NAME, REFERENCE_METADATA, REFERENCE_METADATA_NAME, REFERENCE_METADATA_TYPE)VALUES('075f2e2d0ac04a20910d1de34d85ccd3','AuditInfo','MODEL_RELATION','fa8d37c84e1d4b8291068a2a9c9d020f','CrimeLineBusiness_Type','cafd893cc1ec4101a8df78b1c1a8c82e','AuditInfo_Type','OBJECT');
INSERT INTO PUBLIC.OBJECT_FIELD_METADATA (ID, NAME, METADATA_TYPE, PARENT_METADATA,PARENT_METADATA_NAME, REFERENCE_METADATA, REFERENCE_METADATA_NAME, REFERENCE_METADATA_TYPE)VALUES('23f252abf5f0430380b3955e3854417e','CrimeLineBusinessExt','FIELD','fa8d37c84e1d4b8291068a2a9c9d020f','CrimeLineBusiness_Type',null,null,null);
INSERT INTO PUBLIC.OBJECT_FIELD_METADATA (ID, NAME, METADATA_TYPE, PARENT_METADATA,PARENT_METADATA_NAME, REFERENCE_METADATA, REFERENCE_METADATA_NAME, REFERENCE_METADATA_TYPE)VALUES('82f7ad9c1b634cb3848f895c5445f32f','MinPremInd','FIELD','fa8d37c84e1d4b8291068a2a9c9d020f','CrimeLineBusiness_Type','4ffb0bcc3ec946d1af3ef883f4c3a4e6','Boolean','PRIMITIVE');
INSERT INTO PUBLIC.OBJECT_FIELD_METADATA (ID, NAME, METADATA_TYPE, PARENT_METADATA,PARENT_METADATA_NAME, REFERENCE_METADATA, REFERENCE_METADATA_NAME, REFERENCE_METADATA_TYPE)VALUES('8812db1ea1804ab3878c48d5b5378c97','NetChangeAmt','MODEL_RELATION','fa8d37c84e1d4b8291068a2a9c9d020f','CrimeLineBusiness_Type','4fa89203e94a4637baa0484d19b460c5','CURRENCY','OBJECT');
INSERT INTO PUBLIC.OBJECT_METADATA (ID, NAME, METADATA_TYPE, REFERENCE_METADATA, REFERENCE_METADATA_NAME) VALUES('ae0cb920996b4b4ebf684617cfc15b28','CrimeCoverageInfo_Type','OBJECT',null,null);
INSERT INTO PUBLIC.OBJECT_FIELD_METADATA (ID, NAME, METADATA_TYPE, PARENT_METADATA,PARENT_METADATA_NAME, REFERENCE_METADATA, REFERENCE_METADATA_NAME, REFERENCE_METADATA_TYPE)VALUES('8b854f41a79842d2821d409f66ecb4d3','CrimeCoverageInfoExt','FIELD','ae0cb920996b4b4ebf684617cfc15b28','CrimeCoverageInfo_Type',null,null,null);
INSERT INTO PUBLIC.OBJECT_FIELD_METADATA (ID, NAME, METADATA_TYPE, PARENT_METADATA,PARENT_METADATA_NAME, REFERENCE_METADATA, REFERENCE_METADATA_NAME, REFERENCE_METADATA_TYPE)VALUES('91aa632dbd79469fac721eb51713b014','CrimePlanCd','FIELD','ae0cb920996b4b4ebf684617cfc15b28','CrimeCoverageInfo_Type','95d66cc5fb4849db8ff827e892c753b4','Coverages','PRIMITIVE');
INSERT INTO PUBLIC.OBJECT_METADATA (ID, NAME, METADATA_TYPE, REFERENCE_METADATA, REFERENCE_METADATA_NAME) VALUES('7839514f99a14821af4120cb585edc2f','CrimeCoverageDetails_Type','OBJECT',null,null);
INSERT INTO PUBLIC.OBJECT_FIELD_METADATA (ID, NAME, METADATA_TYPE, PARENT_METADATA,PARENT_METADATA_NAME, REFERENCE_METADATA, REFERENCE_METADATA_NAME, REFERENCE_METADATA_TYPE)VALUES('b363a8d139884efaa9418a6d95e0b525','CommlCoverage','MODEL_RELATION','7839514f99a14821af4120cb585edc2f','CrimeCoverageDetails_Type','d0675b4bbe674c1fa08297c27c3cb675','Coverage_Type','OBJECT');
INSERT INTO PUBLIC.OBJECT_FIELD_METADATA (ID, NAME, METADATA_TYPE, PARENT_METADATA,PARENT_METADATA_NAME, REFERENCE_METADATA, REFERENCE_METADATA_NAME, REFERENCE_METADATA_TYPE)VALUES('9cee8841a75a453fae3d11a8e60832c5','CoverageAvailable','MODEL_RELATION','7839514f99a14821af4120cb585edc2f','CrimeCoverageDetails_Type','d0675b4bbe674c1fa08297c27c3cb675','Coverage_Type','OBJECT');
INSERT INTO PUBLIC.OBJECT_FIELD_METADATA (ID, NAME, METADATA_TYPE, PARENT_METADATA,PARENT_METADATA_NAME, REFERENCE_METADATA, REFERENCE_METADATA_NAME, REFERENCE_METADATA_TYPE)VALUES('58500abee4174af28a20736560ef1da2','CrimeCoverageDetailsExt','FIELD','7839514f99a14821af4120cb585edc2f','CrimeCoverageDetails_Type',null,null,null);
INSERT INTO PUBLIC.OBJECT_FIELD_METADATA (ID, NAME, METADATA_TYPE, PARENT_METADATA,PARENT_METADATA_NAME, REFERENCE_METADATA, REFERENCE_METADATA_NAME, REFERENCE_METADATA_TYPE)VALUES('7a8cdbf067a141ecb439263e9d5afabc','Coverage','MODEL_RELATION','7839514f99a14821af4120cb585edc2f','CrimeCoverageDetails_Type','d0675b4bbe674c1fa08297c27c3cb675','Coverage_Type','OBJECT');
INSERT INTO PUBLIC.OBJECT_FIELD_METADATA (ID, NAME, METADATA_TYPE, PARENT_METADATA,PARENT_METADATA_NAME, REFERENCE_METADATA, REFERENCE_METADATA_NAME, REFERENCE_METADATA_TYPE)VALUES('3f4699ecc57d497ba5bcf298dfd78682','CrimeCoverageFormCd','FIELD','7839514f99a14821af4120cb585edc2f','CrimeCoverageDetails_Type','95d66cc5fb4849db8ff827e892c753b4','Coverages','PRIMITIVE');
INSERT INTO PUBLIC.OBJECT_FIELD_METADATA (ID, NAME, METADATA_TYPE, PARENT_METADATA,PARENT_METADATA_NAME, REFERENCE_METADATA, REFERENCE_METADATA_NAME, REFERENCE_METADATA_TYPE)VALUES('6086aa71654c48f2bcc010eccec90dee','CrimeCoverageDetails','MODEL_RELATION','ae0cb920996b4b4ebf684617cfc15b28','CrimeCoverageInfo_Type','7839514f99a14821af4120cb585edc2f','CrimeCoverageDetails_Type','OBJECT');
INSERT INTO PUBLIC.OBJECT_FIELD_METADATA (ID, NAME, METADATA_TYPE, PARENT_METADATA,PARENT_METADATA_NAME, REFERENCE_METADATA, REFERENCE_METADATA_NAME, REFERENCE_METADATA_TYPE)VALUES('0049a0ce3c26404d9c7836364056bb47','CrimeCoverageInfo','MODEL_RELATION','fa8d37c84e1d4b8291068a2a9c9d020f','CrimeLineBusiness_Type','ae0cb920996b4b4ebf684617cfc15b28','CrimeCoverageInfo_Type','OBJECT');
INSERT INTO PUBLIC.OBJECT_FIELD_METADATA (ID, NAME, METADATA_TYPE, PARENT_METADATA,PARENT_METADATA_NAME, REFERENCE_METADATA, REFERENCE_METADATA_NAME, REFERENCE_METADATA_TYPE)VALUES('b510c6cf73df46789b7d0c0e0524b102','Coverage','MODEL_RELATION','fa8d37c84e1d4b8291068a2a9c9d020f','CrimeLineBusiness_Type','d0675b4bbe674c1fa08297c27c3cb675','Coverage_Type','OBJECT');
INSERT INTO PUBLIC.OBJECT_FIELD_METADATA (ID, NAME, METADATA_TYPE, PARENT_METADATA,PARENT_METADATA_NAME, REFERENCE_METADATA, REFERENCE_METADATA_NAME, REFERENCE_METADATA_TYPE)VALUES('6f96a1604007483fad8a889ea5d63289','PMACd','FIELD','fa8d37c84e1d4b8291068a2a9c9d020f','CrimeLineBusiness_Type','6240ce877a244a73a1253961131c6cc9','IndustryCode_Type','PRIMITIVE');
INSERT INTO PUBLIC.OBJECT_FIELD_METADATA (ID, NAME, METADATA_TYPE, PARENT_METADATA,PARENT_METADATA_NAME, REFERENCE_METADATA, REFERENCE_METADATA_NAME, REFERENCE_METADATA_TYPE)VALUES('74e8fa184edf462888feaa9ae707baf5','LOBSubCd','FIELD','fa8d37c84e1d4b8291068a2a9c9d020f','CrimeLineBusiness_Type','8376159ebcf44685b36391928a67e333','LineOfBusinessSubCode','PRIMITIVE');
INSERT INTO PUBLIC.OBJECT_FIELD_METADATA (ID, NAME, METADATA_TYPE, PARENT_METADATA,PARENT_METADATA_NAME, REFERENCE_METADATA, REFERENCE_METADATA_NAME, REFERENCE_METADATA_TYPE)VALUES('0d7c03b779174ca895742535c1410ae2','GroupId','FIELD','fa8d37c84e1d4b8291068a2a9c9d020f','CrimeLineBusiness_Type','3da4bbbc6bf44d5f941e647b8e8408dc','AssignedIdentifier','PRIMITIVE');
INSERT INTO PUBLIC.OBJECT_FIELD_METADATA (ID, NAME, METADATA_TYPE, PARENT_METADATA,PARENT_METADATA_NAME, REFERENCE_METADATA, REFERENCE_METADATA_NAME, REFERENCE_METADATA_TYPE)VALUES('103b3528d7fd4928acd57b06ce4d501e','CrimeInfo','MODEL_RELATION','fa8d37c84e1d4b8291068a2a9c9d020f','CrimeLineBusiness_Type','463d081222aa421d8c04752a6ecd76ae','CrimeInfo_Type','OBJECT');
INSERT INTO PUBLIC.OBJECT_METADATA (ID, NAME, METADATA_TYPE, REFERENCE_METADATA, REFERENCE_METADATA_NAME) VALUES('121a124b3e074217a506b0dabc0a4097','CrimeSchedule_Type','OBJECT',null,null);
INSERT INTO PUBLIC.OBJECT_FIELD_METADATA (ID, NAME, METADATA_TYPE, PARENT_METADATA,PARENT_METADATA_NAME, REFERENCE_METADATA, REFERENCE_METADATA_NAME, REFERENCE_METADATA_TYPE)VALUES('01e5755118724910b9b5c77224756767','CommlCoverage','MODEL_RELATION','121a124b3e074217a506b0dabc0a4097','CrimeSchedule_Type','d0675b4bbe674c1fa08297c27c3cb675','Coverage_Type','OBJECT');
INSERT INTO PUBLIC.OBJECT_FIELD_METADATA (ID, NAME, METADATA_TYPE, PARENT_METADATA,PARENT_METADATA_NAME, REFERENCE_METADATA, REFERENCE_METADATA_NAME, REFERENCE_METADATA_TYPE)VALUES('4cc21f2a67c84aaf9716caefc3fff3cc','CoverageAvailable','MODEL_RELATION','121a124b3e074217a506b0dabc0a4097','CrimeSchedule_Type','d0675b4bbe674c1fa08297c27c3cb675','Coverage_Type','OBJECT');
INSERT INTO PUBLIC.OBJECT_FIELD_METADATA (ID, NAME, METADATA_TYPE, PARENT_METADATA,PARENT_METADATA_NAME, REFERENCE_METADATA, REFERENCE_METADATA_NAME, REFERENCE_METADATA_TYPE)VALUES('8a61bc3e7f3b48b2ab42a256caf95256','NameInfo','MODEL_RELATION','121a124b3e074217a506b0dabc0a4097','CrimeSchedule_Type','02f87e48703e4070b19e633337850703','NameInfo_Type','OBJECT');
INSERT INTO PUBLIC.PRIMITIVE_METADATA (ID, NAME, METADATA_TYPE) VALUES('f5c77328e76e4ea38339534cc7880661','CrimeScheduleType','PRIMITIVE');
INSERT INTO PUBLIC.OBJECT_FIELD_METADATA (ID, NAME, METADATA_TYPE, PARENT_METADATA,PARENT_METADATA_NAME, REFERENCE_METADATA, REFERENCE_METADATA_NAME, REFERENCE_METADATA_TYPE)VALUES('2ad3d39454ec4affaf60765f480a2c6c','CrimeScheduleTypeCd','FIELD','121a124b3e074217a506b0dabc0a4097','CrimeSchedule_Type','f5c77328e76e4ea38339534cc7880661','CrimeScheduleType','PRIMITIVE');
INSERT INTO PUBLIC.OBJECT_FIELD_METADATA (ID, NAME, METADATA_TYPE, PARENT_METADATA,PARENT_METADATA_NAME, REFERENCE_METADATA, REFERENCE_METADATA_NAME, REFERENCE_METADATA_TYPE)VALUES('7e3e314c4aad41d19f8166025fc28d3e','CrimeScheduleExt','FIELD','121a124b3e074217a506b0dabc0a4097','CrimeSchedule_Type',null,null,null);
INSERT INTO PUBLIC.OBJECT_FIELD_METADATA (ID, NAME, METADATA_TYPE, PARENT_METADATA,PARENT_METADATA_NAME, REFERENCE_METADATA, REFERENCE_METADATA_NAME, REFERENCE_METADATA_TYPE)VALUES('dcf79866bb9346f1bec6c24e3dcc5d30','Coverage','MODEL_RELATION','121a124b3e074217a506b0dabc0a4097','CrimeSchedule_Type','d0675b4bbe674c1fa08297c27c3cb675','Coverage_Type','OBJECT');
INSERT INTO PUBLIC.OBJECT_FIELD_METADATA (ID, NAME, METADATA_TYPE, PARENT_METADATA,PARENT_METADATA_NAME, REFERENCE_METADATA, REFERENCE_METADATA_NAME, REFERENCE_METADATA_TYPE)VALUES('08a706d3f19f4cb8bd24f3f5fe050be4','ItemIdInfo','MODEL_RELATION','121a124b3e074217a506b0dabc0a4097','CrimeSchedule_Type','ba3be0e0317741b08f872c1fca47ad8f','ItemIdInfo_Type','OBJECT');
INSERT INTO PUBLIC.OBJECT_FIELD_METADATA (ID, NAME, METADATA_TYPE, PARENT_METADATA,PARENT_METADATA_NAME, REFERENCE_METADATA, REFERENCE_METADATA_NAME, REFERENCE_METADATA_TYPE)VALUES('f90045ddb6494cbba9440927fad85ba9','Link','MODEL_RELATION','121a124b3e074217a506b0dabc0a4097','CrimeSchedule_Type','366dc9a89db94de3b92abf43ef1bf084','Link_Type','OBJECT');
INSERT INTO PUBLIC.OBJECT_FIELD_METADATA (ID, NAME, METADATA_TYPE, PARENT_METADATA,PARENT_METADATA_NAME, REFERENCE_METADATA, REFERENCE_METADATA_NAME, REFERENCE_METADATA_TYPE)VALUES('0345ab986d504a3aaec710232370e0ee','CrimeSchedule','MODEL_RELATION','fa8d37c84e1d4b8291068a2a9c9d020f','CrimeLineBusiness_Type','121a124b3e074217a506b0dabc0a4097','CrimeSchedule_Type','OBJECT');
INSERT INTO PUBLIC.OBJECT_FIELD_METADATA (ID, NAME, METADATA_TYPE, PARENT_METADATA,PARENT_METADATA_NAME, REFERENCE_METADATA, REFERENCE_METADATA_NAME, REFERENCE_METADATA_TYPE)VALUES('cc0dc3cf964041a3af5c18b77e159ad1','CommlCoverage','MODEL_RELATION','fa8d37c84e1d4b8291068a2a9c9d020f','CrimeLineBusiness_Type','d0675b4bbe674c1fa08297c27c3cb675','Coverage_Type','OBJECT');
INSERT INTO PUBLIC.OBJECT_FIELD_METADATA (ID, NAME, METADATA_TYPE, PARENT_METADATA,PARENT_METADATA_NAME, REFERENCE_METADATA, REFERENCE_METADATA_NAME, REFERENCE_METADATA_TYPE)VALUES('52f1ab03aaa24f59a8b10200245351ac','LOBCd','FIELD','fa8d37c84e1d4b8291068a2a9c9d020f','CrimeLineBusiness_Type','3b75decf3cfc42c496d4405220659cf0','LineOfBusiness','PRIMITIVE');
INSERT INTO PUBLIC.OBJECT_FIELD_METADATA (ID, NAME, METADATA_TYPE, PARENT_METADATA,PARENT_METADATA_NAME, REFERENCE_METADATA, REFERENCE_METADATA_NAME, REFERENCE_METADATA_TYPE)VALUES('2e372f142c2b45459041e2f17853a19b','NumEmployeesLeasedFromOthers','FIELD','fa8d37c84e1d4b8291068a2a9c9d020f','CrimeLineBusiness_Type','838cab4e48a54d0bb23ca5ea9db454ab','Long','PRIMITIVE');
INSERT INTO PUBLIC.OBJECT_FIELD_METADATA (ID, NAME, METADATA_TYPE, PARENT_METADATA,PARENT_METADATA_NAME, REFERENCE_METADATA, REFERENCE_METADATA_NAME, REFERENCE_METADATA_TYPE)VALUES('5dd05a5a7ce34443be0481cbfb5f5d5e','CrimeMoneyAndSecurities','MODEL_RELATION','fa8d37c84e1d4b8291068a2a9c9d020f','CrimeLineBusiness_Type','bb4c8ebefdb640cba9f80ba1811f3bd3','CrimeMoneyAndSecurities_Type','OBJECT');
INSERT INTO PUBLIC.OBJECT_FIELD_METADATA (ID, NAME, METADATA_TYPE, PARENT_METADATA,PARENT_METADATA_NAME, REFERENCE_METADATA, REFERENCE_METADATA_NAME, REFERENCE_METADATA_TYPE)VALUES('9888a11acd424e84bc3a9bfb065331e5','RateEffectiveDt','FIELD','fa8d37c84e1d4b8291068a2a9c9d020f','CrimeLineBusiness_Type','3b0a2ca6cf3a4fb19718e35aa60287cd','Date','PRIMITIVE');
INSERT INTO PUBLIC.OBJECT_FIELD_METADATA (ID, NAME, METADATA_TYPE, PARENT_METADATA,PARENT_METADATA_NAME, REFERENCE_METADATA, REFERENCE_METADATA_NAME, REFERENCE_METADATA_TYPE)VALUES('be4ec3905047496784e46c22762ddea6','NumVolunteers','FIELD','fa8d37c84e1d4b8291068a2a9c9d020f','CrimeLineBusiness_Type','838cab4e48a54d0bb23ca5ea9db454ab','Long','PRIMITIVE');
INSERT INTO PUBLIC.OBJECT_FIELD_METADATA (ID, NAME, METADATA_TYPE, PARENT_METADATA,PARENT_METADATA_NAME, REFERENCE_METADATA, REFERENCE_METADATA_NAME, REFERENCE_METADATA_TYPE)VALUES('84af0cd24f904d77bbd966b3cf3a9330','CurrentRetroactiveDt','FIELD','fa8d37c84e1d4b8291068a2a9c9d020f','CrimeLineBusiness_Type','3b0a2ca6cf3a4fb19718e35aa60287cd','Date','PRIMITIVE');
INSERT INTO PUBLIC.OBJECT_FIELD_METADATA (ID, NAME, METADATA_TYPE, PARENT_METADATA,PARENT_METADATA_NAME, REFERENCE_METADATA, REFERENCE_METADATA_NAME, REFERENCE_METADATA_TYPE)VALUES('e9de08f23f0e41ee938079322505ff09','CrimeLineBusiness','MODEL_RELATION','a8485aa8f7a7481b8828e638330f5291','Policy_Type','fa8d37c84e1d4b8291068a2a9c9d020f','CrimeLineBusiness_Type','MODEL');
INSERT INTO PUBLIC.OBJECT_FIELD_METADATA (ID, NAME, METADATA_TYPE, PARENT_METADATA,PARENT_METADATA_NAME, REFERENCE_METADATA, REFERENCE_METADATA_NAME, REFERENCE_METADATA_TYPE)VALUES('4d56d58c7cfb45e2b410bab966768c57','CreditScoreInfo','MODEL_RELATION','a8485aa8f7a7481b8828e638330f5291','Policy_Type','657bec11d29b4edba534dee80e8b85e9','CreditScoreInfo_Type','OBJECT');
INSERT INTO PUBLIC.OBJECT_FIELD_METADATA (ID, NAME, METADATA_TYPE, PARENT_METADATA,PARENT_METADATA_NAME, REFERENCE_METADATA, REFERENCE_METADATA_NAME, REFERENCE_METADATA_TYPE)VALUES('ad81de7b22d84437941bde1b72807ff8','Coverage','MODEL_RELATION','a8485aa8f7a7481b8828e638330f5291','Policy_Type','d0675b4bbe674c1fa08297c27c3cb675','Coverage_Type','OBJECT');
INSERT INTO PUBLIC.OBJECT_METADATA (ID, NAME, METADATA_TYPE, REFERENCE_METADATA, REFERENCE_METADATA_NAME) VALUES('2675f84d0534464bbae51120699ea27c','CounterSignature_Type','OBJECT',null,null);
INSERT INTO PUBLIC.OBJECT_FIELD_METADATA (ID, NAME, METADATA_TYPE, PARENT_METADATA,PARENT_METADATA_NAME, REFERENCE_METADATA, REFERENCE_METADATA_NAME, REFERENCE_METADATA_TYPE)VALUES('067efa6704fa45e9bd841f0a778bcab8','ContractNumber','FIELD','2675f84d0534464bbae51120699ea27c','CounterSignature_Type','dca96396670d4a49979b33da4c247da3','C-20','PRIMITIVE');
INSERT INTO PUBLIC.OBJECT_FIELD_METADATA (ID, NAME, METADATA_TYPE, PARENT_METADATA,PARENT_METADATA_NAME, REFERENCE_METADATA, REFERENCE_METADATA_NAME, REFERENCE_METADATA_TYPE)VALUES('2d641ba7e33842d59db0f467465f088f','PrintedDocumentsRequestedInd','FIELD','2675f84d0534464bbae51120699ea27c','CounterSignature_Type','4ffb0bcc3ec946d1af3ef883f4c3a4e6','Boolean','PRIMITIVE');
INSERT INTO PUBLIC.OBJECT_FIELD_METADATA (ID, NAME, METADATA_TYPE, PARENT_METADATA,PARENT_METADATA_NAME, REFERENCE_METADATA, REFERENCE_METADATA_NAME, REFERENCE_METADATA_TYPE)VALUES('fadf0ffb43fc45688e2de138d9e11324','CounterSignatureLicenseNumber','FIELD','2675f84d0534464bbae51120699ea27c','CounterSignature_Type','3869bfeb4b5f47c0b4e159b3cfde6d71','C-25','PRIMITIVE');
INSERT INTO PUBLIC.OBJECT_FIELD_METADATA (ID, NAME, METADATA_TYPE, PARENT_METADATA,PARENT_METADATA_NAME, REFERENCE_METADATA, REFERENCE_METADATA_NAME, REFERENCE_METADATA_TYPE)VALUES('3a4e368bd3124dd79b7c4039210b2164','FieldOfficeCd','FIELD','2675f84d0534464bbae51120699ea27c','CounterSignature_Type','6240ce877a244a73a1253961131c6cc9','IndustryCode_Type','PRIMITIVE');
INSERT INTO PUBLIC.OBJECT_FIELD_METADATA (ID, NAME, METADATA_TYPE, PARENT_METADATA,PARENT_METADATA_NAME, REFERENCE_METADATA, REFERENCE_METADATA_NAME, REFERENCE_METADATA_TYPE)VALUES('c82e8acf97754d5e893acc7568843d5c','StateProvCd','FIELD','2675f84d0534464bbae51120699ea27c','CounterSignature_Type','6240ce877a244a73a1253961131c6cc9','IndustryCode_Type','PRIMITIVE');
INSERT INTO PUBLIC.OBJECT_FIELD_METADATA (ID, NAME, METADATA_TYPE, PARENT_METADATA,PARENT_METADATA_NAME, REFERENCE_METADATA, REFERENCE_METADATA_NAME, REFERENCE_METADATA_TYPE)VALUES('ac96c88ffe7840028bdf4496ccd5951f','CommissionRatePct','FIELD','2675f84d0534464bbae51120699ea27c','CounterSignature_Type','d68704d271534c0a935a3012147640c4','PercentDecimal','PRIMITIVE');
INSERT INTO PUBLIC.OBJECT_FIELD_METADATA (ID, NAME, METADATA_TYPE, PARENT_METADATA,PARENT_METADATA_NAME, REFERENCE_METADATA, REFERENCE_METADATA_NAME, REFERENCE_METADATA_TYPE)VALUES('9bbeaa03b27d4493974d60beb3c3b1e7','CounterSignatureExt','FIELD','2675f84d0534464bbae51120699ea27c','CounterSignature_Type',null,null,null);
INSERT INTO PUBLIC.OBJECT_FIELD_METADATA (ID, NAME, METADATA_TYPE, PARENT_METADATA,PARENT_METADATA_NAME, REFERENCE_METADATA, REFERENCE_METADATA_NAME, REFERENCE_METADATA_TYPE)VALUES('6a5abcf7cbf5422ea9dbeb7e6338f88e','CounterSignature','MODEL_RELATION','a8485aa8f7a7481b8828e638330f5291','Policy_Type','2675f84d0534464bbae51120699ea27c','CounterSignature_Type','OBJECT');
INSERT INTO PUBLIC.OBJECT_FIELD_METADATA (ID, NAME, METADATA_TYPE, PARENT_METADATA,PARENT_METADATA_NAME, REFERENCE_METADATA, REFERENCE_METADATA_NAME, REFERENCE_METADATA_TYPE)VALUES('13f5fa2f67404155ad2a24f456cf8520','TaxCodeInfo','MODEL_RELATION','a8485aa8f7a7481b8828e638330f5291','Policy_Type','20d8174db8aa43d2ba6a6e9c69d43a94','TaxCodeInfo_Type','OBJECT');
INSERT INTO PUBLIC.OBJECT_FIELD_METADATA (ID, NAME, METADATA_TYPE, PARENT_METADATA,PARENT_METADATA_NAME, REFERENCE_METADATA, REFERENCE_METADATA_NAME, REFERENCE_METADATA_TYPE)VALUES('ce14b3a488c4437ca66f76fbe3846732','SubmissionReasonDesc','FIELD','a8485aa8f7a7481b8828e638330f5291','Policy_Type','395c33ebbd5b40f0aee8a4f93dbedf31','C-Infinite','PRIMITIVE');
INSERT INTO PUBLIC.OBJECT_FIELD_METADATA (ID, NAME, METADATA_TYPE, PARENT_METADATA,PARENT_METADATA_NAME, REFERENCE_METADATA, REFERENCE_METADATA_NAME, REFERENCE_METADATA_TYPE)VALUES('355a0689223640ed93d78f4bce77c389','OtherOrPriorPolicy','MODEL_RELATION','a8485aa8f7a7481b8828e638330f5291','Policy_Type','1412eb5b8fd04500a7cedfa63ff25261','OtherOrPriorPolicy_Type','OBJECT');
INSERT INTO PUBLIC.OBJECT_METADATA (ID, NAME, METADATA_TYPE, REFERENCE_METADATA, REFERENCE_METADATA_NAME) VALUES('c9a79e37a8ce4824944b38c376b81117','EPLILineBusiness_Type','MODEL',null,null);
INSERT INTO PUBLIC.OBJECT_FIELD_METADATA (ID, NAME, METADATA_TYPE, PARENT_METADATA,PARENT_METADATA_NAME, REFERENCE_METADATA, REFERENCE_METADATA_NAME, REFERENCE_METADATA_TYPE)VALUES('cdba532a136d42d79905dfb36c010919','WrittenAmt','MODEL_RELATION','c9a79e37a8ce4824944b38c376b81117','EPLILineBusiness_Type','4fa89203e94a4637baa0484d19b460c5','CURRENCY','OBJECT');
INSERT INTO PUBLIC.OBJECT_FIELD_METADATA (ID, NAME, METADATA_TYPE, PARENT_METADATA,PARENT_METADATA_NAME, REFERENCE_METADATA, REFERENCE_METADATA_NAME, REFERENCE_METADATA_TYPE)VALUES('c2eda936d32d4453bc9106ef346afff4','EmployeeCountInfo','MODEL_RELATION','c9a79e37a8ce4824944b38c376b81117','EPLILineBusiness_Type','f8395d5ebb3d4280bafe4d1aac59593f','EmployeeCountInfo_Type','OBJECT');
INSERT INTO PUBLIC.OBJECT_FIELD_METADATA (ID, NAME, METADATA_TYPE, PARENT_METADATA,PARENT_METADATA_NAME, REFERENCE_METADATA, REFERENCE_METADATA_NAME, REFERENCE_METADATA_TYPE)VALUES('2bb30a211b4c43638721cc55c7db10d2','HazardGradeInfo','MODEL_RELATION','c9a79e37a8ce4824944b38c376b81117','EPLILineBusiness_Type','27cb6123ae2a4e5da40275f0c5716a86','HazardGradeInfo_Type','OBJECT');
INSERT INTO PUBLIC.OBJECT_FIELD_METADATA (ID, NAME, METADATA_TYPE, PARENT_METADATA,PARENT_METADATA_NAME, REFERENCE_METADATA, REFERENCE_METADATA_NAME, REFERENCE_METADATA_TYPE)VALUES('54b2e32aad664e6b929f7138cb95fb34','MinPremAmt','MODEL_RELATION','c9a79e37a8ce4824944b38c376b81117','EPLILineBusiness_Type','4fa89203e94a4637baa0484d19b460c5','CURRENCY','OBJECT');
INSERT INTO PUBLIC.OBJECT_FIELD_METADATA (ID, NAME, METADATA_TYPE, PARENT_METADATA,PARENT_METADATA_NAME, REFERENCE_METADATA, REFERENCE_METADATA_NAME, REFERENCE_METADATA_TYPE)VALUES('b80870eb884640e3b47b63a322e44653','CurrentTermAmt','MODEL_RELATION','c9a79e37a8ce4824944b38c376b81117','EPLILineBusiness_Type','4fa89203e94a4637baa0484d19b460c5','CURRENCY','OBJECT');
INSERT INTO PUBLIC.OBJECT_FIELD_METADATA (ID, NAME, METADATA_TYPE, PARENT_METADATA,PARENT_METADATA_NAME, REFERENCE_METADATA, REFERENCE_METADATA_NAME, REFERENCE_METADATA_TYPE)VALUES('7b14f0705f8f49c088d055ebf4549018','CompanyProductCd','FIELD','c9a79e37a8ce4824944b38c376b81117','EPLILineBusiness_Type','6240ce877a244a73a1253961131c6cc9','IndustryCode_Type','PRIMITIVE');
INSERT INTO PUBLIC.OBJECT_FIELD_METADATA (ID, NAME, METADATA_TYPE, PARENT_METADATA,PARENT_METADATA_NAME, REFERENCE_METADATA, REFERENCE_METADATA_NAME, REFERENCE_METADATA_TYPE)VALUES('62848e000df54da0b82134bf08dd1440','CoverageAvailable','MODEL_RELATION','c9a79e37a8ce4824944b38c376b81117','EPLILineBusiness_Type','d0675b4bbe674c1fa08297c27c3cb675','Coverage_Type','OBJECT');
INSERT INTO PUBLIC.OBJECT_FIELD_METADATA (ID, NAME, METADATA_TYPE, PARENT_METADATA,PARENT_METADATA_NAME, REFERENCE_METADATA, REFERENCE_METADATA_NAME, REFERENCE_METADATA_TYPE)VALUES('9c50fcb0effb477aba0d27f822bd4b2b','HazardGradeCd','FIELD','c9a79e37a8ce4824944b38c376b81117','EPLILineBusiness_Type','6240ce877a244a73a1253961131c6cc9','IndustryCode_Type','PRIMITIVE');
INSERT INTO PUBLIC.OBJECT_FIELD_METADATA (ID, NAME, METADATA_TYPE, PARENT_METADATA,PARENT_METADATA_NAME, REFERENCE_METADATA, REFERENCE_METADATA_NAME, REFERENCE_METADATA_TYPE)VALUES('21a7edb63ee74a3e8e8a444df8acc0b5','MiscParty','MODEL_RELATION','c9a79e37a8ce4824944b38c376b81117','EPLILineBusiness_Type','0a76585a8ae342d897387f29800d50c8','MiscParty_Type','OBJECT');
INSERT INTO PUBLIC.OBJECT_FIELD_METADATA (ID, NAME, METADATA_TYPE, PARENT_METADATA,PARENT_METADATA_NAME, REFERENCE_METADATA, REFERENCE_METADATA_NAME, REFERENCE_METADATA_TYPE)VALUES('95ce8b4e72174f6d8bd2ad88e0cde99f','QuestionAnswer','MODEL_RELATION','c9a79e37a8ce4824944b38c376b81117','EPLILineBusiness_Type','152fefd4f3054b68b490c1af5c9c284c','QuestionAnswer_Type','OBJECT');
INSERT INTO PUBLIC.OBJECT_FIELD_METADATA (ID, NAME, METADATA_TYPE, PARENT_METADATA,PARENT_METADATA_NAME, REFERENCE_METADATA, REFERENCE_METADATA_NAME, REFERENCE_METADATA_TYPE)VALUES('36aa4a18d97341af81282a8306bde36d','EPLILineBusinessExt','FIELD','c9a79e37a8ce4824944b38c376b81117','EPLILineBusiness_Type',null,null,null);
INSERT INTO PUBLIC.OBJECT_FIELD_METADATA (ID, NAME, METADATA_TYPE, PARENT_METADATA,PARENT_METADATA_NAME, REFERENCE_METADATA, REFERENCE_METADATA_NAME, REFERENCE_METADATA_TYPE)VALUES('927c3d88154c4e57b8806d0ea42b9828','NAICCd','FIELD','c9a79e37a8ce4824944b38c376b81117','EPLILineBusiness_Type','6240ce877a244a73a1253961131c6cc9','IndustryCode_Type','PRIMITIVE');
INSERT INTO PUBLIC.OBJECT_FIELD_METADATA (ID, NAME, METADATA_TYPE, PARENT_METADATA,PARENT_METADATA_NAME, REFERENCE_METADATA, REFERENCE_METADATA_NAME, REFERENCE_METADATA_TYPE)VALUES('b4ef400c228f46929d0b37aeb8223567','SexualHarassmentTrainingFrequencyCd','FIELD','c9a79e37a8ce4824944b38c376b81117','EPLILineBusiness_Type','90030f3dd02843e3b982684d2bd6039d','Frequency','PRIMITIVE');
INSERT INTO PUBLIC.OBJECT_FIELD_METADATA (ID, NAME, METADATA_TYPE, PARENT_METADATA,PARENT_METADATA_NAME, REFERENCE_METADATA, REFERENCE_METADATA_NAME, REFERENCE_METADATA_TYPE)VALUES('9ffe3bff8a5e4fc8a5f094b783bbda78','AdditionalInterest','MODEL_RELATION','c9a79e37a8ce4824944b38c376b81117','EPLILineBusiness_Type','23a83d5912a54d0ca9b4669826684442','AdditionalInterest_Type','OBJECT');
INSERT INTO PUBLIC.OBJECT_FIELD_METADATA (ID, NAME, METADATA_TYPE, PARENT_METADATA,PARENT_METADATA_NAME, REFERENCE_METADATA, REFERENCE_METADATA_NAME, REFERENCE_METADATA_TYPE)VALUES('18dc2922fe784ceab2b464bfd5d4c888','AuditInfo','MODEL_RELATION','c9a79e37a8ce4824944b38c376b81117','EPLILineBusiness_Type','cafd893cc1ec4101a8df78b1c1a8c82e','AuditInfo_Type','OBJECT');
INSERT INTO PUBLIC.OBJECT_FIELD_METADATA (ID, NAME, METADATA_TYPE, PARENT_METADATA,PARENT_METADATA_NAME, REFERENCE_METADATA, REFERENCE_METADATA_NAME, REFERENCE_METADATA_TYPE)VALUES('9a0551c3f1294ab5b3660fc6f3af1c6d','MinPremInd','FIELD','c9a79e37a8ce4824944b38c376b81117','EPLILineBusiness_Type','4ffb0bcc3ec946d1af3ef883f4c3a4e6','Boolean','PRIMITIVE');
INSERT INTO PUBLIC.OBJECT_FIELD_METADATA (ID, NAME, METADATA_TYPE, PARENT_METADATA,PARENT_METADATA_NAME, REFERENCE_METADATA, REFERENCE_METADATA_NAME, REFERENCE_METADATA_TYPE)VALUES('166a3d5c09244e1692fa6fe2c7f02f28','NetChangeAmt','MODEL_RELATION','c9a79e37a8ce4824944b38c376b81117','EPLILineBusiness_Type','4fa89203e94a4637baa0484d19b460c5','CURRENCY','OBJECT');
INSERT INTO PUBLIC.OBJECT_FIELD_METADATA (ID, NAME, METADATA_TYPE, PARENT_METADATA,PARENT_METADATA_NAME, REFERENCE_METADATA, REFERENCE_METADATA_NAME, REFERENCE_METADATA_TYPE)VALUES('6a31cc2b97c94e2d94dd55ce965f9a63','Coverage','MODEL_RELATION','c9a79e37a8ce4824944b38c376b81117','EPLILineBusiness_Type','d0675b4bbe674c1fa08297c27c3cb675','Coverage_Type','OBJECT');
INSERT INTO PUBLIC.OBJECT_FIELD_METADATA (ID, NAME, METADATA_TYPE, PARENT_METADATA,PARENT_METADATA_NAME, REFERENCE_METADATA, REFERENCE_METADATA_NAME, REFERENCE_METADATA_TYPE)VALUES('1622d908b5d44714b0c5faff92f8f28a','PMACd','FIELD','c9a79e37a8ce4824944b38c376b81117','EPLILineBusiness_Type','6240ce877a244a73a1253961131c6cc9','IndustryCode_Type','PRIMITIVE');
INSERT INTO PUBLIC.OBJECT_FIELD_METADATA (ID, NAME, METADATA_TYPE, PARENT_METADATA,PARENT_METADATA_NAME, REFERENCE_METADATA, REFERENCE_METADATA_NAME, REFERENCE_METADATA_TYPE)VALUES('524bda097d274d4f855a396771b8f185','LOBSubCd','FIELD','c9a79e37a8ce4824944b38c376b81117','EPLILineBusiness_Type','8376159ebcf44685b36391928a67e333','LineOfBusinessSubCode','PRIMITIVE');
INSERT INTO PUBLIC.OBJECT_FIELD_METADATA (ID, NAME, METADATA_TYPE, PARENT_METADATA,PARENT_METADATA_NAME, REFERENCE_METADATA, REFERENCE_METADATA_NAME, REFERENCE_METADATA_TYPE)VALUES('6da6ee79dc504d3f8fbf5e131fedc5cf','GroupId','FIELD','c9a79e37a8ce4824944b38c376b81117','EPLILineBusiness_Type','3da4bbbc6bf44d5f941e647b8e8408dc','AssignedIdentifier','PRIMITIVE');
INSERT INTO PUBLIC.OBJECT_FIELD_METADATA (ID, NAME, METADATA_TYPE, PARENT_METADATA,PARENT_METADATA_NAME, REFERENCE_METADATA, REFERENCE_METADATA_NAME, REFERENCE_METADATA_TYPE)VALUES('0ef3f42d51e640efb7872de6ad9fcf8b','CommlCoverage','MODEL_RELATION','c9a79e37a8ce4824944b38c376b81117','EPLILineBusiness_Type','d0675b4bbe674c1fa08297c27c3cb675','Coverage_Type','OBJECT');
INSERT INTO PUBLIC.OBJECT_METADATA (ID, NAME, METADATA_TYPE, REFERENCE_METADATA, REFERENCE_METADATA_NAME) VALUES('c9688c16b17b4277ad2ab2cfef731d89','SalaryRangeInfo_Type','OBJECT',null,null);
INSERT INTO PUBLIC.OBJECT_FIELD_METADATA (ID, NAME, METADATA_TYPE, PARENT_METADATA,PARENT_METADATA_NAME, REFERENCE_METADATA, REFERENCE_METADATA_NAME, REFERENCE_METADATA_TYPE)VALUES('051858682a20490e8335e8e2d4480fc4','SalaryRangeInfoExt','FIELD','c9688c16b17b4277ad2ab2cfef731d89','SalaryRangeInfo_Type',null,null,null);
INSERT INTO PUBLIC.OBJECT_FIELD_METADATA (ID, NAME, METADATA_TYPE, PARENT_METADATA,PARENT_METADATA_NAME, REFERENCE_METADATA, REFERENCE_METADATA_NAME, REFERENCE_METADATA_TYPE)VALUES('477912475529472a89d90ac5725e088f','MaxAmt','MODEL_RELATION','c9688c16b17b4277ad2ab2cfef731d89','SalaryRangeInfo_Type','4fa89203e94a4637baa0484d19b460c5','CURRENCY','OBJECT');
INSERT INTO PUBLIC.OBJECT_FIELD_METADATA (ID, NAME, METADATA_TYPE, PARENT_METADATA,PARENT_METADATA_NAME, REFERENCE_METADATA, REFERENCE_METADATA_NAME, REFERENCE_METADATA_TYPE)VALUES('393a64daf77941359723e418c3d6c5e8','MinAmt','MODEL_RELATION','c9688c16b17b4277ad2ab2cfef731d89','SalaryRangeInfo_Type','4fa89203e94a4637baa0484d19b460c5','CURRENCY','OBJECT');
INSERT INTO PUBLIC.OBJECT_FIELD_METADATA (ID, NAME, METADATA_TYPE, PARENT_METADATA,PARENT_METADATA_NAME, REFERENCE_METADATA, REFERENCE_METADATA_NAME, REFERENCE_METADATA_TYPE)VALUES('885babe69bac4bab9e67c51ce725e895','EmployeesInRangePct','FIELD','c9688c16b17b4277ad2ab2cfef731d89','SalaryRangeInfo_Type','d68704d271534c0a935a3012147640c4','PercentDecimal','PRIMITIVE');
INSERT INTO PUBLIC.PRIMITIVE_METADATA (ID, NAME, METADATA_TYPE) VALUES('dc7ebe14736d4f5aa39867916e197254','EmployeeType','PRIMITIVE');
INSERT INTO PUBLIC.OBJECT_FIELD_METADATA (ID, NAME, METADATA_TYPE, PARENT_METADATA,PARENT_METADATA_NAME, REFERENCE_METADATA, REFERENCE_METADATA_NAME, REFERENCE_METADATA_TYPE)VALUES('ec9faaeaf95a4488bfdec389e9fc73b9','EmployeeTypeCd','FIELD','c9688c16b17b4277ad2ab2cfef731d89','SalaryRangeInfo_Type','dc7ebe14736d4f5aa39867916e197254','EmployeeType','PRIMITIVE');
INSERT INTO PUBLIC.OBJECT_FIELD_METADATA (ID, NAME, METADATA_TYPE, PARENT_METADATA,PARENT_METADATA_NAME, REFERENCE_METADATA, REFERENCE_METADATA_NAME, REFERENCE_METADATA_TYPE)VALUES('3edd4a3daf2f49cd9d9307b7504a62a9','SalaryRangeInfo','MODEL_RELATION','c9a79e37a8ce4824944b38c376b81117','EPLILineBusiness_Type','c9688c16b17b4277ad2ab2cfef731d89','SalaryRangeInfo_Type','OBJECT');
INSERT INTO PUBLIC.OBJECT_FIELD_METADATA (ID, NAME, METADATA_TYPE, PARENT_METADATA,PARENT_METADATA_NAME, REFERENCE_METADATA, REFERENCE_METADATA_NAME, REFERENCE_METADATA_TYPE)VALUES('240cedd5ba4c48fa9319669e2380cb97','LOBCd','FIELD','c9a79e37a8ce4824944b38c376b81117','EPLILineBusiness_Type','3b75decf3cfc42c496d4405220659cf0','LineOfBusiness','PRIMITIVE');
INSERT INTO PUBLIC.OBJECT_FIELD_METADATA (ID, NAME, METADATA_TYPE, PARENT_METADATA,PARENT_METADATA_NAME, REFERENCE_METADATA, REFERENCE_METADATA_NAME, REFERENCE_METADATA_TYPE)VALUES('bbcbc002755044459c92d50f229cfd33','RateEffectiveDt','FIELD','c9a79e37a8ce4824944b38c376b81117','EPLILineBusiness_Type','3b0a2ca6cf3a4fb19718e35aa60287cd','Date','PRIMITIVE');
INSERT INTO PUBLIC.OBJECT_FIELD_METADATA (ID, NAME, METADATA_TYPE, PARENT_METADATA,PARENT_METADATA_NAME, REFERENCE_METADATA, REFERENCE_METADATA_NAME, REFERENCE_METADATA_TYPE)VALUES('54940a03e09845dbba0b3e01713ee2c8','PendingPriorLitigationDt','FIELD','c9a79e37a8ce4824944b38c376b81117','EPLILineBusiness_Type','3b0a2ca6cf3a4fb19718e35aa60287cd','Date','PRIMITIVE');
INSERT INTO PUBLIC.OBJECT_FIELD_METADATA (ID, NAME, METADATA_TYPE, PARENT_METADATA,PARENT_METADATA_NAME, REFERENCE_METADATA, REFERENCE_METADATA_NAME, REFERENCE_METADATA_TYPE)VALUES('dc2a41f55be1427d9e1bd151932f3754','EPLILineBusiness','MODEL_RELATION','a8485aa8f7a7481b8828e638330f5291','Policy_Type','c9a79e37a8ce4824944b38c376b81117','EPLILineBusiness_Type','MODEL');
INSERT INTO PUBLIC.OBJECT_METADATA (ID, NAME, METADATA_TYPE, REFERENCE_METADATA, REFERENCE_METADATA_NAME) VALUES('7b98907e3a744b5683d326d0c88ee11c','WatercraftLineBusiness_Type','MODEL',null,null);
INSERT INTO PUBLIC.OBJECT_FIELD_METADATA (ID, NAME, METADATA_TYPE, PARENT_METADATA,PARENT_METADATA_NAME, REFERENCE_METADATA, REFERENCE_METADATA_NAME, REFERENCE_METADATA_TYPE)VALUES('3ac3531dc7144d949b1dc2918e7c5647','WrittenAmt','MODEL_RELATION','7b98907e3a744b5683d326d0c88ee11c','WatercraftLineBusiness_Type','4fa89203e94a4637baa0484d19b460c5','CURRENCY','OBJECT');
INSERT INTO PUBLIC.OBJECT_FIELD_METADATA (ID, NAME, METADATA_TYPE, PARENT_METADATA,PARENT_METADATA_NAME, REFERENCE_METADATA, REFERENCE_METADATA_NAME, REFERENCE_METADATA_TYPE)VALUES('4f26e2beaae84b40bb13a474a913baa2','HazardGradeInfo','MODEL_RELATION','7b98907e3a744b5683d326d0c88ee11c','WatercraftLineBusiness_Type','27cb6123ae2a4e5da40275f0c5716a86','HazardGradeInfo_Type','OBJECT');
INSERT INTO PUBLIC.OBJECT_FIELD_METADATA (ID, NAME, METADATA_TYPE, PARENT_METADATA,PARENT_METADATA_NAME, REFERENCE_METADATA, REFERENCE_METADATA_NAME, REFERENCE_METADATA_TYPE)VALUES('440322c2a4eb4dc1b414846ec7028f4d','Driver','MODEL_RELATION','7b98907e3a744b5683d326d0c88ee11c','WatercraftLineBusiness_Type','a642f88f7cbb45dcb8077b7cc5d6dc67','Driver_Type','OBJECT');
INSERT INTO PUBLIC.OBJECT_FIELD_METADATA (ID, NAME, METADATA_TYPE, PARENT_METADATA,PARENT_METADATA_NAME, REFERENCE_METADATA, REFERENCE_METADATA_NAME, REFERENCE_METADATA_TYPE)VALUES('1345396000df4a2483c9dff041cfc047','MinPremAmt','MODEL_RELATION','7b98907e3a744b5683d326d0c88ee11c','WatercraftLineBusiness_Type','4fa89203e94a4637baa0484d19b460c5','CURRENCY','OBJECT');
INSERT INTO PUBLIC.OBJECT_FIELD_METADATA (ID, NAME, METADATA_TYPE, PARENT_METADATA,PARENT_METADATA_NAME, REFERENCE_METADATA, REFERENCE_METADATA_NAME, REFERENCE_METADATA_TYPE)VALUES('02a7088379034e2eb497078f49fb9767','CurrentTermAmt','MODEL_RELATION','7b98907e3a744b5683d326d0c88ee11c','WatercraftLineBusiness_Type','4fa89203e94a4637baa0484d19b460c5','CURRENCY','OBJECT');
INSERT INTO PUBLIC.OBJECT_FIELD_METADATA (ID, NAME, METADATA_TYPE, PARENT_METADATA,PARENT_METADATA_NAME, REFERENCE_METADATA, REFERENCE_METADATA_NAME, REFERENCE_METADATA_TYPE)VALUES('e768379d420946918ff45f56ce264d84','CompanyProductCd','FIELD','7b98907e3a744b5683d326d0c88ee11c','WatercraftLineBusiness_Type','6240ce877a244a73a1253961131c6cc9','IndustryCode_Type','PRIMITIVE');
INSERT INTO PUBLIC.OBJECT_FIELD_METADATA (ID, NAME, METADATA_TYPE, PARENT_METADATA,PARENT_METADATA_NAME, REFERENCE_METADATA, REFERENCE_METADATA_NAME, REFERENCE_METADATA_TYPE)VALUES('0b2b3bd52d634877a30d14078ff9f03f','CoverageAvailable','MODEL_RELATION','7b98907e3a744b5683d326d0c88ee11c','WatercraftLineBusiness_Type','d0675b4bbe674c1fa08297c27c3cb675','Coverage_Type','OBJECT');
INSERT INTO PUBLIC.OBJECT_FIELD_METADATA (ID, NAME, METADATA_TYPE, PARENT_METADATA,PARENT_METADATA_NAME, REFERENCE_METADATA, REFERENCE_METADATA_NAME, REFERENCE_METADATA_TYPE)VALUES('449a77f1271a491cb0f0916a3b0c89d2','HazardGradeCd','FIELD','7b98907e3a744b5683d326d0c88ee11c','WatercraftLineBusiness_Type','6240ce877a244a73a1253961131c6cc9','IndustryCode_Type','PRIMITIVE');
INSERT INTO PUBLIC.OBJECT_FIELD_METADATA (ID, NAME, METADATA_TYPE, PARENT_METADATA,PARENT_METADATA_NAME, REFERENCE_METADATA, REFERENCE_METADATA_NAME, REFERENCE_METADATA_TYPE)VALUES('0e3e0979976f4ebf98e6d72e1a8bd33b','WatercraftAccessory','MODEL_RELATION','7b98907e3a744b5683d326d0c88ee11c','WatercraftLineBusiness_Type','f4fe52ea0f8b4f9cb071dcec5e329738','WatercraftAccessory_Type','OBJECT');
INSERT INTO PUBLIC.OBJECT_FIELD_METADATA (ID, NAME, METADATA_TYPE, PARENT_METADATA,PARENT_METADATA_NAME, REFERENCE_METADATA, REFERENCE_METADATA_NAME, REFERENCE_METADATA_TYPE)VALUES('5f5bf33244be491aa532688239ebdbb1','QuestionAnswer','MODEL_RELATION','7b98907e3a744b5683d326d0c88ee11c','WatercraftLineBusiness_Type','152fefd4f3054b68b490c1af5c9c284c','QuestionAnswer_Type','OBJECT');
INSERT INTO PUBLIC.OBJECT_FIELD_METADATA (ID, NAME, METADATA_TYPE, PARENT_METADATA,PARENT_METADATA_NAME, REFERENCE_METADATA, REFERENCE_METADATA_NAME, REFERENCE_METADATA_TYPE)VALUES('8ad23367c0e841258e3d1d7c33e7bb2a','NAICCd','FIELD','7b98907e3a744b5683d326d0c88ee11c','WatercraftLineBusiness_Type','6240ce877a244a73a1253961131c6cc9','IndustryCode_Type','PRIMITIVE');
INSERT INTO PUBLIC.OBJECT_FIELD_METADATA (ID, NAME, METADATA_TYPE, PARENT_METADATA,PARENT_METADATA_NAME, REFERENCE_METADATA, REFERENCE_METADATA_NAME, REFERENCE_METADATA_TYPE)VALUES('d0377a571213492190ac20ba3586d487','AdditionalInterest','MODEL_RELATION','7b98907e3a744b5683d326d0c88ee11c','WatercraftLineBusiness_Type','23a83d5912a54d0ca9b4669826684442','AdditionalInterest_Type','OBJECT');
INSERT INTO PUBLIC.OBJECT_FIELD_METADATA (ID, NAME, METADATA_TYPE, PARENT_METADATA,PARENT_METADATA_NAME, REFERENCE_METADATA, REFERENCE_METADATA_NAME, REFERENCE_METADATA_TYPE)VALUES('638c8373c77a43d984ef33549d24e790','AuditInfo','MODEL_RELATION','7b98907e3a744b5683d326d0c88ee11c','WatercraftLineBusiness_Type','cafd893cc1ec4101a8df78b1c1a8c82e','AuditInfo_Type','OBJECT');
INSERT INTO PUBLIC.OBJECT_METADATA (ID, NAME, METADATA_TYPE, REFERENCE_METADATA, REFERENCE_METADATA_NAME) VALUES('15748c27e2df4e5b8eef0a10af90692f','DriverExperience_Type','OBJECT',null,null);
INSERT INTO PUBLIC.OBJECT_FIELD_METADATA (ID, NAME, METADATA_TYPE, PARENT_METADATA,PARENT_METADATA_NAME, REFERENCE_METADATA, REFERENCE_METADATA_NAME, REFERENCE_METADATA_TYPE)VALUES('e3d5273facfa4b1bbf4501599aa802ed','Manufacturer','FIELD','15748c27e2df4e5b8eef0a10af90692f','DriverExperience_Type','4aa23ceca9374701b7716d432173c7c2','C-50','PRIMITIVE');
INSERT INTO PUBLIC.OBJECT_FIELD_METADATA (ID, NAME, METADATA_TYPE, PARENT_METADATA,PARENT_METADATA_NAME, REFERENCE_METADATA, REFERENCE_METADATA_NAME, REFERENCE_METADATA_TYPE)VALUES('ccdcb94fbb644d75b8c89d2a0d300dd3','Model','FIELD','15748c27e2df4e5b8eef0a10af90692f','DriverExperience_Type','4aa23ceca9374701b7716d432173c7c2','C-50','PRIMITIVE');
INSERT INTO PUBLIC.OBJECT_FIELD_METADATA (ID, NAME, METADATA_TYPE, PARENT_METADATA,PARENT_METADATA_NAME, REFERENCE_METADATA, REFERENCE_METADATA_NAME, REFERENCE_METADATA_TYPE)VALUES('1400aa2d946948e19a746cf1bda38b72','ModelYear','FIELD','15748c27e2df4e5b8eef0a10af90692f','DriverExperience_Type','838cab4e48a54d0bb23ca5ea9db454ab','Long','PRIMITIVE');
INSERT INTO PUBLIC.OBJECT_FIELD_METADATA (ID, NAME, METADATA_TYPE, PARENT_METADATA,PARENT_METADATA_NAME, REFERENCE_METADATA, REFERENCE_METADATA_NAME, REFERENCE_METADATA_TYPE)VALUES('d15a52d8cff24371a2866601ecdc9499','DriverExperienceExt','FIELD','15748c27e2df4e5b8eef0a10af90692f','DriverExperience_Type',null,null,null);
INSERT INTO PUBLIC.OBJECT_FIELD_METADATA (ID, NAME, METADATA_TYPE, PARENT_METADATA,PARENT_METADATA_NAME, REFERENCE_METADATA, REFERENCE_METADATA_NAME, REFERENCE_METADATA_TYPE)VALUES('cdaabf20be2444f5b882059b58d9dd8c','LengthTimeExperience','MODEL_RELATION','15748c27e2df4e5b8eef0a10af90692f','DriverExperience_Type','1df1057b06734b019460d9f8fb0a43b0','MEASUREMENT','OBJECT');
INSERT INTO PUBLIC.OBJECT_FIELD_METADATA (ID, NAME, METADATA_TYPE, PARENT_METADATA,PARENT_METADATA_NAME, REFERENCE_METADATA, REFERENCE_METADATA_NAME, REFERENCE_METADATA_TYPE)VALUES('9477f0410adb46dcad36433e0de2ba67','DriverExperience','MODEL_RELATION','7b98907e3a744b5683d326d0c88ee11c','WatercraftLineBusiness_Type','15748c27e2df4e5b8eef0a10af90692f','DriverExperience_Type','OBJECT');
INSERT INTO PUBLIC.OBJECT_FIELD_METADATA (ID, NAME, METADATA_TYPE, PARENT_METADATA,PARENT_METADATA_NAME, REFERENCE_METADATA, REFERENCE_METADATA_NAME, REFERENCE_METADATA_TYPE)VALUES('5d9393d3c98041fdac4e74a531b577a0','MinPremInd','FIELD','7b98907e3a744b5683d326d0c88ee11c','WatercraftLineBusiness_Type','4ffb0bcc3ec946d1af3ef883f4c3a4e6','Boolean','PRIMITIVE');
INSERT INTO PUBLIC.OBJECT_FIELD_METADATA (ID, NAME, METADATA_TYPE, PARENT_METADATA,PARENT_METADATA_NAME, REFERENCE_METADATA, REFERENCE_METADATA_NAME, REFERENCE_METADATA_TYPE)VALUES('d9bd8b120014470d93cd1c2c4896f190','WatercraftLineBusinessExt','FIELD','7b98907e3a744b5683d326d0c88ee11c','WatercraftLineBusiness_Type',null,null,null);
INSERT INTO PUBLIC.OBJECT_FIELD_METADATA (ID, NAME, METADATA_TYPE, PARENT_METADATA,PARENT_METADATA_NAME, REFERENCE_METADATA, REFERENCE_METADATA_NAME, REFERENCE_METADATA_TYPE)VALUES('866cd046a5454e1799524b5796c527a8','NetChangeAmt','MODEL_RELATION','7b98907e3a744b5683d326d0c88ee11c','WatercraftLineBusiness_Type','4fa89203e94a4637baa0484d19b460c5','CURRENCY','OBJECT');
INSERT INTO PUBLIC.OBJECT_FIELD_METADATA (ID, NAME, METADATA_TYPE, PARENT_METADATA,PARENT_METADATA_NAME, REFERENCE_METADATA, REFERENCE_METADATA_NAME, REFERENCE_METADATA_TYPE)VALUES('cb2c1de743fc4656bc9a059b474239ff','Coverage','MODEL_RELATION','7b98907e3a744b5683d326d0c88ee11c','WatercraftLineBusiness_Type','d0675b4bbe674c1fa08297c27c3cb675','Coverage_Type','OBJECT');
INSERT INTO PUBLIC.OBJECT_FIELD_METADATA (ID, NAME, METADATA_TYPE, PARENT_METADATA,PARENT_METADATA_NAME, REFERENCE_METADATA, REFERENCE_METADATA_NAME, REFERENCE_METADATA_TYPE)VALUES('e39645c7fb184db488accad4d3c92553','PMACd','FIELD','7b98907e3a744b5683d326d0c88ee11c','WatercraftLineBusiness_Type','6240ce877a244a73a1253961131c6cc9','IndustryCode_Type','PRIMITIVE');
INSERT INTO PUBLIC.OBJECT_FIELD_METADATA (ID, NAME, METADATA_TYPE, PARENT_METADATA,PARENT_METADATA_NAME, REFERENCE_METADATA, REFERENCE_METADATA_NAME, REFERENCE_METADATA_TYPE)VALUES('9825bcf17db948628a6f9758cf05bb6c','LOBSubCd','FIELD','7b98907e3a744b5683d326d0c88ee11c','WatercraftLineBusiness_Type','8376159ebcf44685b36391928a67e333','LineOfBusinessSubCode','PRIMITIVE');
INSERT INTO PUBLIC.OBJECT_FIELD_METADATA (ID, NAME, METADATA_TYPE, PARENT_METADATA,PARENT_METADATA_NAME, REFERENCE_METADATA, REFERENCE_METADATA_NAME, REFERENCE_METADATA_TYPE)VALUES('9f655e89cfae4e90aecf843154f9e9fc','GroupId','FIELD','7b98907e3a744b5683d326d0c88ee11c','WatercraftLineBusiness_Type','3da4bbbc6bf44d5f941e647b8e8408dc','AssignedIdentifier','PRIMITIVE');
INSERT INTO PUBLIC.OBJECT_FIELD_METADATA (ID, NAME, METADATA_TYPE, PARENT_METADATA,PARENT_METADATA_NAME, REFERENCE_METADATA, REFERENCE_METADATA_NAME, REFERENCE_METADATA_TYPE)VALUES('92e029a929fe43998c2daa51ffe15ef0','LOBCd','FIELD','7b98907e3a744b5683d326d0c88ee11c','WatercraftLineBusiness_Type','3b75decf3cfc42c496d4405220659cf0','LineOfBusiness','PRIMITIVE');
INSERT INTO PUBLIC.OBJECT_FIELD_METADATA (ID, NAME, METADATA_TYPE, PARENT_METADATA,PARENT_METADATA_NAME, REFERENCE_METADATA, REFERENCE_METADATA_NAME, REFERENCE_METADATA_TYPE)VALUES('9bc21c978c364eeebe46901394f8184c','RateEffectiveDt','FIELD','7b98907e3a744b5683d326d0c88ee11c','WatercraftLineBusiness_Type','3b0a2ca6cf3a4fb19718e35aa60287cd','Date','PRIMITIVE');
INSERT INTO PUBLIC.OBJECT_FIELD_METADATA (ID, NAME, METADATA_TYPE, PARENT_METADATA,PARENT_METADATA_NAME, REFERENCE_METADATA, REFERENCE_METADATA_NAME, REFERENCE_METADATA_TYPE)VALUES('0dfbaf385b914f64959017bf28537069','PersDriver','MODEL_RELATION','7b98907e3a744b5683d326d0c88ee11c','WatercraftLineBusiness_Type','a642f88f7cbb45dcb8077b7cc5d6dc67','Driver_Type','OBJECT');
INSERT INTO PUBLIC.OBJECT_FIELD_METADATA (ID, NAME, METADATA_TYPE, PARENT_METADATA,PARENT_METADATA_NAME, REFERENCE_METADATA, REFERENCE_METADATA_NAME, REFERENCE_METADATA_TYPE)VALUES('ad9d895b2b3a4bf8af04618f7c6780a3','Watercraft','MODEL_RELATION','7b98907e3a744b5683d326d0c88ee11c','WatercraftLineBusiness_Type','5a7ffcbfe09547a1a2add7327f0af9a7','Watercraft_Type','OBJECT');
INSERT INTO PUBLIC.OBJECT_FIELD_METADATA (ID, NAME, METADATA_TYPE, PARENT_METADATA,PARENT_METADATA_NAME, REFERENCE_METADATA, REFERENCE_METADATA_NAME, REFERENCE_METADATA_TYPE)VALUES('194e90e43d014160bdf119092ac79a8c','WatercraftLineBusiness','MODEL_RELATION','a8485aa8f7a7481b8828e638330f5291','Policy_Type','7b98907e3a744b5683d326d0c88ee11c','WatercraftLineBusiness_Type','MODEL');
INSERT INTO PUBLIC.OBJECT_METADATA (ID, NAME, METADATA_TYPE, REFERENCE_METADATA, REFERENCE_METADATA_NAME) VALUES('6c09f8c2987c434f9b8c1c468ac04085','DirectorsAndOfficersLineBusiness_Type','MODEL',null,null);
INSERT INTO PUBLIC.OBJECT_FIELD_METADATA (ID, NAME, METADATA_TYPE, PARENT_METADATA,PARENT_METADATA_NAME, REFERENCE_METADATA, REFERENCE_METADATA_NAME, REFERENCE_METADATA_TYPE)VALUES('fa2c953585f644658e7c374921695e38','WrittenAmt','MODEL_RELATION','6c09f8c2987c434f9b8c1c468ac04085','DirectorsAndOfficersLineBusiness_Type','4fa89203e94a4637baa0484d19b460c5','CURRENCY','OBJECT');
INSERT INTO PUBLIC.OBJECT_METADATA (ID, NAME, METADATA_TYPE, REFERENCE_METADATA, REFERENCE_METADATA_NAME) VALUES('fe8a76c8deb6469da993d2fa6beb2d25','StockInfo_Type','OBJECT',null,null);
INSERT INTO PUBLIC.OBJECT_FIELD_METADATA (ID, NAME, METADATA_TYPE, PARENT_METADATA,PARENT_METADATA_NAME, REFERENCE_METADATA, REFERENCE_METADATA_NAME, REFERENCE_METADATA_TYPE)VALUES('9fd9bc3f96bf45bea33bb4d638e3e2d2','ExchangeTickerSymbol','FIELD','fe8a76c8deb6469da993d2fa6beb2d25','StockInfo_Type','15814333b5aa47b2a194834a34e32e90','C-10','PRIMITIVE');
INSERT INTO PUBLIC.OBJECT_METADATA (ID, NAME, METADATA_TYPE, REFERENCE_METADATA, REFERENCE_METADATA_NAME) VALUES('6e08143e98ed42adb5a57dea0d52e8e0','SharesInfo_Type','OBJECT',null,null);
INSERT INTO PUBLIC.OBJECT_FIELD_METADATA (ID, NAME, METADATA_TYPE, PARENT_METADATA,PARENT_METADATA_NAME, REFERENCE_METADATA, REFERENCE_METADATA_NAME, REFERENCE_METADATA_TYPE)VALUES('2d74cfae4ccd4c4caf7a597ef23edbd2','SharePrice','MODEL_RELATION','6e08143e98ed42adb5a57dea0d52e8e0','SharesInfo_Type','4fa89203e94a4637baa0484d19b460c5','CURRENCY','OBJECT');
INSERT INTO PUBLIC.PRIMITIVE_METADATA (ID, NAME, METADATA_TYPE) VALUES('066ec5051261452e9afd070082aaca7c','SharesType','PRIMITIVE');
INSERT INTO PUBLIC.OBJECT_FIELD_METADATA (ID, NAME, METADATA_TYPE, PARENT_METADATA,PARENT_METADATA_NAME, REFERENCE_METADATA, REFERENCE_METADATA_NAME, REFERENCE_METADATA_TYPE)VALUES('b8110c4ddfcf40b69ae2de2dc3be750a','SharesTypeCd','FIELD','6e08143e98ed42adb5a57dea0d52e8e0','SharesInfo_Type','066ec5051261452e9afd070082aaca7c','SharesType','PRIMITIVE');
INSERT INTO PUBLIC.OBJECT_FIELD_METADATA (ID, NAME, METADATA_TYPE, PARENT_METADATA,PARENT_METADATA_NAME, REFERENCE_METADATA, REFERENCE_METADATA_NAME, REFERENCE_METADATA_TYPE)VALUES('c9ea5bcd3ca142479e869081fc3d7488','SharesInfoExt','FIELD','6e08143e98ed42adb5a57dea0d52e8e0','SharesInfo_Type',null,null,null);
INSERT INTO PUBLIC.OBJECT_FIELD_METADATA (ID, NAME, METADATA_TYPE, PARENT_METADATA,PARENT_METADATA_NAME, REFERENCE_METADATA, REFERENCE_METADATA_NAME, REFERENCE_METADATA_TYPE)VALUES('ff7910002e1647e8a5c656f370ae0684','AsOfDt','FIELD','6e08143e98ed42adb5a57dea0d52e8e0','SharesInfo_Type','3b0a2ca6cf3a4fb19718e35aa60287cd','Date','PRIMITIVE');
INSERT INTO PUBLIC.OBJECT_FIELD_METADATA (ID, NAME, METADATA_TYPE, PARENT_METADATA,PARENT_METADATA_NAME, REFERENCE_METADATA, REFERENCE_METADATA_NAME, REFERENCE_METADATA_TYPE)VALUES('4b49972509a542878958f0650626a666','NumShares','FIELD','6e08143e98ed42adb5a57dea0d52e8e0','SharesInfo_Type','838cab4e48a54d0bb23ca5ea9db454ab','Long','PRIMITIVE');
INSERT INTO PUBLIC.OBJECT_FIELD_METADATA (ID, NAME, METADATA_TYPE, PARENT_METADATA,PARENT_METADATA_NAME, REFERENCE_METADATA, REFERENCE_METADATA_NAME, REFERENCE_METADATA_TYPE)VALUES('cc507c778e1047119d80ade62e0f24a0','SharesInfo','MODEL_RELATION','fe8a76c8deb6469da993d2fa6beb2d25','StockInfo_Type','6e08143e98ed42adb5a57dea0d52e8e0','SharesInfo_Type','OBJECT');
INSERT INTO PUBLIC.OBJECT_FIELD_METADATA (ID, NAME, METADATA_TYPE, PARENT_METADATA,PARENT_METADATA_NAME, REFERENCE_METADATA, REFERENCE_METADATA_NAME, REFERENCE_METADATA_TYPE)VALUES('434e607f3e304d749b6615aaccd60471','StockLowAmt','MODEL_RELATION','fe8a76c8deb6469da993d2fa6beb2d25','StockInfo_Type','4fa89203e94a4637baa0484d19b460c5','CURRENCY','OBJECT');
INSERT INTO PUBLIC.OBJECT_FIELD_METADATA (ID, NAME, METADATA_TYPE, PARENT_METADATA,PARENT_METADATA_NAME, REFERENCE_METADATA, REFERENCE_METADATA_NAME, REFERENCE_METADATA_TYPE)VALUES('f77761ab875f4cccb8c430f9445e640e','DurationPeriod','MODEL_RELATION','fe8a76c8deb6469da993d2fa6beb2d25','StockInfo_Type','1df1057b06734b019460d9f8fb0a43b0','MEASUREMENT','OBJECT');
INSERT INTO PUBLIC.PRIMITIVE_METADATA (ID, NAME, METADATA_TYPE) VALUES('afccc3e58bab4a0db3500cfc1d689676','ExchangeTraded','PRIMITIVE');
INSERT INTO PUBLIC.OBJECT_FIELD_METADATA (ID, NAME, METADATA_TYPE, PARENT_METADATA,PARENT_METADATA_NAME, REFERENCE_METADATA, REFERENCE_METADATA_NAME, REFERENCE_METADATA_TYPE)VALUES('1a7f04407a814019bfe9d8eb397f399f','ExchangeTradedCd','FIELD','fe8a76c8deb6469da993d2fa6beb2d25','StockInfo_Type','afccc3e58bab4a0db3500cfc1d689676','ExchangeTraded','PRIMITIVE');
INSERT INTO PUBLIC.OBJECT_FIELD_METADATA (ID, NAME, METADATA_TYPE, PARENT_METADATA,PARENT_METADATA_NAME, REFERENCE_METADATA, REFERENCE_METADATA_NAME, REFERENCE_METADATA_TYPE)VALUES('7541a46246b64d6586f99c66a53a3ec7','StockInfoExt','FIELD','fe8a76c8deb6469da993d2fa6beb2d25','StockInfo_Type',null,null,null);
INSERT INTO PUBLIC.OBJECT_FIELD_METADATA (ID, NAME, METADATA_TYPE, PARENT_METADATA,PARENT_METADATA_NAME, REFERENCE_METADATA, REFERENCE_METADATA_NAME, REFERENCE_METADATA_TYPE)VALUES('ea905926eaf4481e94466ca5ae635e64','StockHighAmt','MODEL_RELATION','fe8a76c8deb6469da993d2fa6beb2d25','StockInfo_Type','4fa89203e94a4637baa0484d19b460c5','CURRENCY','OBJECT');
INSERT INTO PUBLIC.OBJECT_FIELD_METADATA (ID, NAME, METADATA_TYPE, PARENT_METADATA,PARENT_METADATA_NAME, REFERENCE_METADATA, REFERENCE_METADATA_NAME, REFERENCE_METADATA_TYPE)VALUES('80b25a7475184359b65fd76fbee3934a','StockInfo','MODEL_RELATION','6c09f8c2987c434f9b8c1c468ac04085','DirectorsAndOfficersLineBusiness_Type','fe8a76c8deb6469da993d2fa6beb2d25','StockInfo_Type','OBJECT');
INSERT INTO PUBLIC.OBJECT_FIELD_METADATA (ID, NAME, METADATA_TYPE, PARENT_METADATA,PARENT_METADATA_NAME, REFERENCE_METADATA, REFERENCE_METADATA_NAME, REFERENCE_METADATA_TYPE)VALUES('e61907ba0540443f8c74e7ce5660ad12','HazardGradeInfo','MODEL_RELATION','6c09f8c2987c434f9b8c1c468ac04085','DirectorsAndOfficersLineBusiness_Type','27cb6123ae2a4e5da40275f0c5716a86','HazardGradeInfo_Type','OBJECT');
INSERT INTO PUBLIC.OBJECT_FIELD_METADATA (ID, NAME, METADATA_TYPE, PARENT_METADATA,PARENT_METADATA_NAME, REFERENCE_METADATA, REFERENCE_METADATA_NAME, REFERENCE_METADATA_TYPE)VALUES('adfdffe1639b4838b3811b727fd6a4d7','MinPremAmt','MODEL_RELATION','6c09f8c2987c434f9b8c1c468ac04085','DirectorsAndOfficersLineBusiness_Type','4fa89203e94a4637baa0484d19b460c5','CURRENCY','OBJECT');
INSERT INTO PUBLIC.OBJECT_FIELD_METADATA (ID, NAME, METADATA_TYPE, PARENT_METADATA,PARENT_METADATA_NAME, REFERENCE_METADATA, REFERENCE_METADATA_NAME, REFERENCE_METADATA_TYPE)VALUES('2d92e9db7c7e43d0af8c7f20cd6414cc','CurrentTermAmt','MODEL_RELATION','6c09f8c2987c434f9b8c1c468ac04085','DirectorsAndOfficersLineBusiness_Type','4fa89203e94a4637baa0484d19b460c5','CURRENCY','OBJECT');
INSERT INTO PUBLIC.OBJECT_FIELD_METADATA (ID, NAME, METADATA_TYPE, PARENT_METADATA,PARENT_METADATA_NAME, REFERENCE_METADATA, REFERENCE_METADATA_NAME, REFERENCE_METADATA_TYPE)VALUES('acfcf9eeea884664ad8fc9518a0100b6','CompanyProductCd','FIELD','6c09f8c2987c434f9b8c1c468ac04085','DirectorsAndOfficersLineBusiness_Type','6240ce877a244a73a1253961131c6cc9','IndustryCode_Type','PRIMITIVE');
INSERT INTO PUBLIC.OBJECT_FIELD_METADATA (ID, NAME, METADATA_TYPE, PARENT_METADATA,PARENT_METADATA_NAME, REFERENCE_METADATA, REFERENCE_METADATA_NAME, REFERENCE_METADATA_TYPE)VALUES('51e160506483471a898e5d64f84e0c4c','CoverageAvailable','MODEL_RELATION','6c09f8c2987c434f9b8c1c468ac04085','DirectorsAndOfficersLineBusiness_Type','d0675b4bbe674c1fa08297c27c3cb675','Coverage_Type','OBJECT');
INSERT INTO PUBLIC.OBJECT_FIELD_METADATA (ID, NAME, METADATA_TYPE, PARENT_METADATA,PARENT_METADATA_NAME, REFERENCE_METADATA, REFERENCE_METADATA_NAME, REFERENCE_METADATA_TYPE)VALUES('67af4757df284c418964a4329025e40b','HazardGradeCd','FIELD','6c09f8c2987c434f9b8c1c468ac04085','DirectorsAndOfficersLineBusiness_Type','6240ce877a244a73a1253961131c6cc9','IndustryCode_Type','PRIMITIVE');
INSERT INTO PUBLIC.OBJECT_FIELD_METADATA (ID, NAME, METADATA_TYPE, PARENT_METADATA,PARENT_METADATA_NAME, REFERENCE_METADATA, REFERENCE_METADATA_NAME, REFERENCE_METADATA_TYPE)VALUES('91618b77fd0949b7803206040cfa835c','MiscParty','MODEL_RELATION','6c09f8c2987c434f9b8c1c468ac04085','DirectorsAndOfficersLineBusiness_Type','0a76585a8ae342d897387f29800d50c8','MiscParty_Type','OBJECT');
INSERT INTO PUBLIC.OBJECT_FIELD_METADATA (ID, NAME, METADATA_TYPE, PARENT_METADATA,PARENT_METADATA_NAME, REFERENCE_METADATA, REFERENCE_METADATA_NAME, REFERENCE_METADATA_TYPE)VALUES('3afcd5c5255d49a5ab82002b2bbdd7f7','QuestionAnswer','MODEL_RELATION','6c09f8c2987c434f9b8c1c468ac04085','DirectorsAndOfficersLineBusiness_Type','152fefd4f3054b68b490c1af5c9c284c','QuestionAnswer_Type','OBJECT');
INSERT INTO PUBLIC.OBJECT_FIELD_METADATA (ID, NAME, METADATA_TYPE, PARENT_METADATA,PARENT_METADATA_NAME, REFERENCE_METADATA, REFERENCE_METADATA_NAME, REFERENCE_METADATA_TYPE)VALUES('a6e2e87f79e3496e97ec4940524d3c84','DirectorsAndOfficersLineBusinessExt','FIELD','6c09f8c2987c434f9b8c1c468ac04085','DirectorsAndOfficersLineBusiness_Type',null,null,null);
INSERT INTO PUBLIC.OBJECT_FIELD_METADATA (ID, NAME, METADATA_TYPE, PARENT_METADATA,PARENT_METADATA_NAME, REFERENCE_METADATA, REFERENCE_METADATA_NAME, REFERENCE_METADATA_TYPE)VALUES('a45564066c0c4ad7bc4156dd19089494','NAICCd','FIELD','6c09f8c2987c434f9b8c1c468ac04085','DirectorsAndOfficersLineBusiness_Type','6240ce877a244a73a1253961131c6cc9','IndustryCode_Type','PRIMITIVE');
INSERT INTO PUBLIC.OBJECT_FIELD_METADATA (ID, NAME, METADATA_TYPE, PARENT_METADATA,PARENT_METADATA_NAME, REFERENCE_METADATA, REFERENCE_METADATA_NAME, REFERENCE_METADATA_TYPE)VALUES('e6baf3231d3045bd88845b9ff203a3e8','AdditionalInterest','MODEL_RELATION','6c09f8c2987c434f9b8c1c468ac04085','DirectorsAndOfficersLineBusiness_Type','23a83d5912a54d0ca9b4669826684442','AdditionalInterest_Type','OBJECT');
INSERT INTO PUBLIC.OBJECT_FIELD_METADATA (ID, NAME, METADATA_TYPE, PARENT_METADATA,PARENT_METADATA_NAME, REFERENCE_METADATA, REFERENCE_METADATA_NAME, REFERENCE_METADATA_TYPE)VALUES('fa766f71cb7542f390a52b4e1df93294','AuditInfo','MODEL_RELATION','6c09f8c2987c434f9b8c1c468ac04085','DirectorsAndOfficersLineBusiness_Type','cafd893cc1ec4101a8df78b1c1a8c82e','AuditInfo_Type','OBJECT');
INSERT INTO PUBLIC.OBJECT_FIELD_METADATA (ID, NAME, METADATA_TYPE, PARENT_METADATA,PARENT_METADATA_NAME, REFERENCE_METADATA, REFERENCE_METADATA_NAME, REFERENCE_METADATA_TYPE)VALUES('cef40bf4bb40437095889998a3a2f89c','MinPremInd','FIELD','6c09f8c2987c434f9b8c1c468ac04085','DirectorsAndOfficersLineBusiness_Type','4ffb0bcc3ec946d1af3ef883f4c3a4e6','Boolean','PRIMITIVE');
INSERT INTO PUBLIC.OBJECT_FIELD_METADATA (ID, NAME, METADATA_TYPE, PARENT_METADATA,PARENT_METADATA_NAME, REFERENCE_METADATA, REFERENCE_METADATA_NAME, REFERENCE_METADATA_TYPE)VALUES('bdabe4da99da4519a7be498749e29915','NetChangeAmt','MODEL_RELATION','6c09f8c2987c434f9b8c1c468ac04085','DirectorsAndOfficersLineBusiness_Type','4fa89203e94a4637baa0484d19b460c5','CURRENCY','OBJECT');
INSERT INTO PUBLIC.OBJECT_FIELD_METADATA (ID, NAME, METADATA_TYPE, PARENT_METADATA,PARENT_METADATA_NAME, REFERENCE_METADATA, REFERENCE_METADATA_NAME, REFERENCE_METADATA_TYPE)VALUES('863ccda887874cbe9a51dddacec3e7ba','Coverage','MODEL_RELATION','6c09f8c2987c434f9b8c1c468ac04085','DirectorsAndOfficersLineBusiness_Type','d0675b4bbe674c1fa08297c27c3cb675','Coverage_Type','OBJECT');
INSERT INTO PUBLIC.OBJECT_METADATA (ID, NAME, METADATA_TYPE, REFERENCE_METADATA, REFERENCE_METADATA_NAME) VALUES('d553551a768949f9876183538c8e12fa','ShareHoldersInfo_Type','OBJECT',null,null);
INSERT INTO PUBLIC.OBJECT_FIELD_METADATA (ID, NAME, METADATA_TYPE, PARENT_METADATA,PARENT_METADATA_NAME, REFERENCE_METADATA, REFERENCE_METADATA_NAME, REFERENCE_METADATA_TYPE)VALUES('dd01b51fb2e045c98ab9136a5cdfed18','BoardDirectorsRepInd','FIELD','d553551a768949f9876183538c8e12fa','ShareHoldersInfo_Type','4ffb0bcc3ec946d1af3ef883f4c3a4e6','Boolean','PRIMITIVE');
INSERT INTO PUBLIC.OBJECT_FIELD_METADATA (ID, NAME, METADATA_TYPE, PARENT_METADATA,PARENT_METADATA_NAME, REFERENCE_METADATA, REFERENCE_METADATA_NAME, REFERENCE_METADATA_TYPE)VALUES('415f32ea759749e49ceefefdcdff69c3','MiscParty','MODEL_RELATION','d553551a768949f9876183538c8e12fa','ShareHoldersInfo_Type','0a76585a8ae342d897387f29800d50c8','MiscParty_Type','OBJECT');
INSERT INTO PUBLIC.OBJECT_FIELD_METADATA (ID, NAME, METADATA_TYPE, PARENT_METADATA,PARENT_METADATA_NAME, REFERENCE_METADATA, REFERENCE_METADATA_NAME, REFERENCE_METADATA_TYPE)VALUES('b607e7611a1646dfbd1c654f5adea4e2','ShareHoldersInfoExt','FIELD','d553551a768949f9876183538c8e12fa','ShareHoldersInfo_Type',null,null,null);
INSERT INTO PUBLIC.OBJECT_FIELD_METADATA (ID, NAME, METADATA_TYPE, PARENT_METADATA,PARENT_METADATA_NAME, REFERENCE_METADATA, REFERENCE_METADATA_NAME, REFERENCE_METADATA_TYPE)VALUES('69aa699586a0488395f4471645162a55','SharesHeldPct','FIELD','d553551a768949f9876183538c8e12fa','ShareHoldersInfo_Type','d68704d271534c0a935a3012147640c4','PercentDecimal','PRIMITIVE');
INSERT INTO PUBLIC.OBJECT_FIELD_METADATA (ID, NAME, METADATA_TYPE, PARENT_METADATA,PARENT_METADATA_NAME, REFERENCE_METADATA, REFERENCE_METADATA_NAME, REFERENCE_METADATA_TYPE)VALUES('10e8964c9a534d188ce56c75e8622f7f','DirectorOrOfficerInd','FIELD','d553551a768949f9876183538c8e12fa','ShareHoldersInfo_Type','4ffb0bcc3ec946d1af3ef883f4c3a4e6','Boolean','PRIMITIVE');
INSERT INTO PUBLIC.OBJECT_FIELD_METADATA (ID, NAME, METADATA_TYPE, PARENT_METADATA,PARENT_METADATA_NAME, REFERENCE_METADATA, REFERENCE_METADATA_NAME, REFERENCE_METADATA_TYPE)VALUES('d9aa92219d044dd9bb5cfd906d573ef2','NumSharesHeld','FIELD','d553551a768949f9876183538c8e12fa','ShareHoldersInfo_Type','838cab4e48a54d0bb23ca5ea9db454ab','Long','PRIMITIVE');
INSERT INTO PUBLIC.OBJECT_FIELD_METADATA (ID, NAME, METADATA_TYPE, PARENT_METADATA,PARENT_METADATA_NAME, REFERENCE_METADATA, REFERENCE_METADATA_NAME, REFERENCE_METADATA_TYPE)VALUES('daa5f63d205346739291129299c35d7a','ShareHoldersInfo','MODEL_RELATION','6c09f8c2987c434f9b8c1c468ac04085','DirectorsAndOfficersLineBusiness_Type','d553551a768949f9876183538c8e12fa','ShareHoldersInfo_Type','OBJECT');
INSERT INTO PUBLIC.OBJECT_FIELD_METADATA (ID, NAME, METADATA_TYPE, PARENT_METADATA,PARENT_METADATA_NAME, REFERENCE_METADATA, REFERENCE_METADATA_NAME, REFERENCE_METADATA_TYPE)VALUES('a4afe3f6aa094f2cae354bd852689a25','PMACd','FIELD','6c09f8c2987c434f9b8c1c468ac04085','DirectorsAndOfficersLineBusiness_Type','6240ce877a244a73a1253961131c6cc9','IndustryCode_Type','PRIMITIVE');
INSERT INTO PUBLIC.OBJECT_FIELD_METADATA (ID, NAME, METADATA_TYPE, PARENT_METADATA,PARENT_METADATA_NAME, REFERENCE_METADATA, REFERENCE_METADATA_NAME, REFERENCE_METADATA_TYPE)VALUES('ebc0438a06e7440e8317d772534379d0','LOBSubCd','FIELD','6c09f8c2987c434f9b8c1c468ac04085','DirectorsAndOfficersLineBusiness_Type','8376159ebcf44685b36391928a67e333','LineOfBusinessSubCode','PRIMITIVE');
INSERT INTO PUBLIC.OBJECT_FIELD_METADATA (ID, NAME, METADATA_TYPE, PARENT_METADATA,PARENT_METADATA_NAME, REFERENCE_METADATA, REFERENCE_METADATA_NAME, REFERENCE_METADATA_TYPE)VALUES('1e15ebee73e64a33a4466dc017d93b75','GroupId','FIELD','6c09f8c2987c434f9b8c1c468ac04085','DirectorsAndOfficersLineBusiness_Type','3da4bbbc6bf44d5f941e647b8e8408dc','AssignedIdentifier','PRIMITIVE');
INSERT INTO PUBLIC.OBJECT_FIELD_METADATA (ID, NAME, METADATA_TYPE, PARENT_METADATA,PARENT_METADATA_NAME, REFERENCE_METADATA, REFERENCE_METADATA_NAME, REFERENCE_METADATA_TYPE)VALUES('e0d20258a6294bb085d99123d1df3525','CommlCoverage','MODEL_RELATION','6c09f8c2987c434f9b8c1c468ac04085','DirectorsAndOfficersLineBusiness_Type','d0675b4bbe674c1fa08297c27c3cb675','Coverage_Type','OBJECT');
INSERT INTO PUBLIC.OBJECT_FIELD_METADATA (ID, NAME, METADATA_TYPE, PARENT_METADATA,PARENT_METADATA_NAME, REFERENCE_METADATA, REFERENCE_METADATA_NAME, REFERENCE_METADATA_TYPE)VALUES('05558d01f40e453cbb86fa258f57cf7c','LOBCd','FIELD','6c09f8c2987c434f9b8c1c468ac04085','DirectorsAndOfficersLineBusiness_Type','3b75decf3cfc42c496d4405220659cf0','LineOfBusiness','PRIMITIVE');
INSERT INTO PUBLIC.OBJECT_FIELD_METADATA (ID, NAME, METADATA_TYPE, PARENT_METADATA,PARENT_METADATA_NAME, REFERENCE_METADATA, REFERENCE_METADATA_NAME, REFERENCE_METADATA_TYPE)VALUES('19cd04ff61f74ce8a889d6b1fa6fa448','RateEffectiveDt','FIELD','6c09f8c2987c434f9b8c1c468ac04085','DirectorsAndOfficersLineBusiness_Type','3b0a2ca6cf3a4fb19718e35aa60287cd','Date','PRIMITIVE');
INSERT INTO PUBLIC.OBJECT_METADATA (ID, NAME, METADATA_TYPE, REFERENCE_METADATA, REFERENCE_METADATA_NAME) VALUES('a415173ec1cb403eb0b0630bac16af5e','FinancialStatementInfo_Type','OBJECT',null,null);
INSERT INTO PUBLIC.OBJECT_FIELD_METADATA (ID, NAME, METADATA_TYPE, PARENT_METADATA,PARENT_METADATA_NAME, REFERENCE_METADATA, REFERENCE_METADATA_NAME, REFERENCE_METADATA_TYPE)VALUES('897a01914d704561bd7a39304dd6f620','LongTermDebtAmt','MODEL_RELATION','a415173ec1cb403eb0b0630bac16af5e','FinancialStatementInfo_Type','4fa89203e94a4637baa0484d19b460c5','CURRENCY','OBJECT');
INSERT INTO PUBLIC.OBJECT_FIELD_METADATA (ID, NAME, METADATA_TYPE, PARENT_METADATA,PARENT_METADATA_NAME, REFERENCE_METADATA, REFERENCE_METADATA_NAME, REFERENCE_METADATA_TYPE)VALUES('b7fae7a4835a4e26a1893eccdce9a687','ConsolidatedReportInd','FIELD','a415173ec1cb403eb0b0630bac16af5e','FinancialStatementInfo_Type','4ffb0bcc3ec946d1af3ef883f4c3a4e6','Boolean','PRIMITIVE');
INSERT INTO PUBLIC.OBJECT_FIELD_METADATA (ID, NAME, METADATA_TYPE, PARENT_METADATA,PARENT_METADATA_NAME, REFERENCE_METADATA, REFERENCE_METADATA_NAME, REFERENCE_METADATA_TYPE)VALUES('3fc5494f79484f83a07f0f5a2ca65604','TotalLiabilitiesAmt','MODEL_RELATION','a415173ec1cb403eb0b0630bac16af5e','FinancialStatementInfo_Type','4fa89203e94a4637baa0484d19b460c5','CURRENCY','OBJECT');
INSERT INTO PUBLIC.OBJECT_FIELD_METADATA (ID, NAME, METADATA_TYPE, PARENT_METADATA,PARENT_METADATA_NAME, REFERENCE_METADATA, REFERENCE_METADATA_NAME, REFERENCE_METADATA_TYPE)VALUES('66e806a8c5744e79ac07dc547dff73d7','FinancialTerm','MODEL_RELATION','a415173ec1cb403eb0b0630bac16af5e','FinancialStatementInfo_Type','2ba28904532b44bfb94bb9bca9b86a8a','DURATION','OBJECT');
INSERT INTO PUBLIC.OBJECT_FIELD_METADATA (ID, NAME, METADATA_TYPE, PARENT_METADATA,PARENT_METADATA_NAME, REFERENCE_METADATA, REFERENCE_METADATA_NAME, REFERENCE_METADATA_TYPE)VALUES('74ae9c84467c4422a2b7987efee77d3b','NetWorthAmt','MODEL_RELATION','a415173ec1cb403eb0b0630bac16af5e','FinancialStatementInfo_Type','4fa89203e94a4637baa0484d19b460c5','CURRENCY','OBJECT');
INSERT INTO PUBLIC.OBJECT_FIELD_METADATA (ID, NAME, METADATA_TYPE, PARENT_METADATA,PARENT_METADATA_NAME, REFERENCE_METADATA, REFERENCE_METADATA_NAME, REFERENCE_METADATA_TYPE)VALUES('7c9aef18bb9e4826a34adbe7abf88a16','NetIncomeAmt','MODEL_RELATION','a415173ec1cb403eb0b0630bac16af5e','FinancialStatementInfo_Type','4fa89203e94a4637baa0484d19b460c5','CURRENCY','OBJECT');
INSERT INTO PUBLIC.OBJECT_FIELD_METADATA (ID, NAME, METADATA_TYPE, PARENT_METADATA,PARENT_METADATA_NAME, REFERENCE_METADATA, REFERENCE_METADATA_NAME, REFERENCE_METADATA_TYPE)VALUES('b8be1d9bdada49aa86bf8e392d2d1d57','InventoryAmt','MODEL_RELATION','a415173ec1cb403eb0b0630bac16af5e','FinancialStatementInfo_Type','4fa89203e94a4637baa0484d19b460c5','CURRENCY','OBJECT');
INSERT INTO PUBLIC.OBJECT_FIELD_METADATA (ID, NAME, METADATA_TYPE, PARENT_METADATA,PARENT_METADATA_NAME, REFERENCE_METADATA, REFERENCE_METADATA_NAME, REFERENCE_METADATA_TYPE)VALUES('d315bc6e8d924991b3986dab72e1230e','FinancialStatementInfoExt','FIELD','a415173ec1cb403eb0b0630bac16af5e','FinancialStatementInfo_Type',null,null,null);
INSERT INTO PUBLIC.OBJECT_FIELD_METADATA (ID, NAME, METADATA_TYPE, PARENT_METADATA,PARENT_METADATA_NAME, REFERENCE_METADATA, REFERENCE_METADATA_NAME, REFERENCE_METADATA_TYPE)VALUES('7134a9e36b80417eb45bb18e456b4b20','TotalExpenseAmt','MODEL_RELATION','a415173ec1cb403eb0b0630bac16af5e','FinancialStatementInfo_Type','4fa89203e94a4637baa0484d19b460c5','CURRENCY','OBJECT');
INSERT INTO PUBLIC.OBJECT_FIELD_METADATA (ID, NAME, METADATA_TYPE, PARENT_METADATA,PARENT_METADATA_NAME, REFERENCE_METADATA, REFERENCE_METADATA_NAME, REFERENCE_METADATA_TYPE)VALUES('e7c1b37942aa4de6963c49e7cf7124be','FundBalanceAmt','MODEL_RELATION','a415173ec1cb403eb0b0630bac16af5e','FinancialStatementInfo_Type','4fa89203e94a4637baa0484d19b460c5','CURRENCY','OBJECT');
INSERT INTO PUBLIC.PRIMITIVE_METADATA (ID, NAME, METADATA_TYPE) VALUES('d25c4e0caf5b45e79838e80a7e0daa5d','FinancialType','PRIMITIVE');
INSERT INTO PUBLIC.OBJECT_FIELD_METADATA (ID, NAME, METADATA_TYPE, PARENT_METADATA,PARENT_METADATA_NAME, REFERENCE_METADATA, REFERENCE_METADATA_NAME, REFERENCE_METADATA_TYPE)VALUES('90d83d170cb84cbaa4ba8f51ddd49cb2','FinancialTypeCd','FIELD','a415173ec1cb403eb0b0630bac16af5e','FinancialStatementInfo_Type','d25c4e0caf5b45e79838e80a7e0daa5d','FinancialType','PRIMITIVE');
INSERT INTO PUBLIC.OBJECT_FIELD_METADATA (ID, NAME, METADATA_TYPE, PARENT_METADATA,PARENT_METADATA_NAME, REFERENCE_METADATA, REFERENCE_METADATA_NAME, REFERENCE_METADATA_TYPE)VALUES('f6d5328533664b5380d100a1d445ce6b','CurrentAssetsAmt','MODEL_RELATION','a415173ec1cb403eb0b0630bac16af5e','FinancialStatementInfo_Type','4fa89203e94a4637baa0484d19b460c5','CURRENCY','OBJECT');
INSERT INTO PUBLIC.OBJECT_FIELD_METADATA (ID, NAME, METADATA_TYPE, PARENT_METADATA,PARENT_METADATA_NAME, REFERENCE_METADATA, REFERENCE_METADATA_NAME, REFERENCE_METADATA_TYPE)VALUES('669c6319d5ad4257b4dd336cbe32eaf2','CurrentLiabilitiesAmt','MODEL_RELATION','a415173ec1cb403eb0b0630bac16af5e','FinancialStatementInfo_Type','4fa89203e94a4637baa0484d19b460c5','CURRENCY','OBJECT');
INSERT INTO PUBLIC.OBJECT_FIELD_METADATA (ID, NAME, METADATA_TYPE, PARENT_METADATA,PARENT_METADATA_NAME, REFERENCE_METADATA, REFERENCE_METADATA_NAME, REFERENCE_METADATA_TYPE)VALUES('3558f166558a437e86f52535c039d061','CashAmt','MODEL_RELATION','a415173ec1cb403eb0b0630bac16af5e','FinancialStatementInfo_Type','4fa89203e94a4637baa0484d19b460c5','CURRENCY','OBJECT');
INSERT INTO PUBLIC.OBJECT_FIELD_METADATA (ID, NAME, METADATA_TYPE, PARENT_METADATA,PARENT_METADATA_NAME, REFERENCE_METADATA, REFERENCE_METADATA_NAME, REFERENCE_METADATA_TYPE)VALUES('6dc5176ac877438ba1eb92f6ca2ccd93','TotalAssetsAmt','MODEL_RELATION','a415173ec1cb403eb0b0630bac16af5e','FinancialStatementInfo_Type','4fa89203e94a4637baa0484d19b460c5','CURRENCY','OBJECT');
INSERT INTO PUBLIC.OBJECT_FIELD_METADATA (ID, NAME, METADATA_TYPE, PARENT_METADATA,PARENT_METADATA_NAME, REFERENCE_METADATA, REFERENCE_METADATA_NAME, REFERENCE_METADATA_TYPE)VALUES('ecd69a02f81147818c0e3f7140b64c18','BudgetGrossRevenueAmt','MODEL_RELATION','a415173ec1cb403eb0b0630bac16af5e','FinancialStatementInfo_Type','4fa89203e94a4637baa0484d19b460c5','CURRENCY','OBJECT');
INSERT INTO PUBLIC.OBJECT_FIELD_METADATA (ID, NAME, METADATA_TYPE, PARENT_METADATA,PARENT_METADATA_NAME, REFERENCE_METADATA, REFERENCE_METADATA_NAME, REFERENCE_METADATA_TYPE)VALUES('17c0d8a8eed449f8b0bb467a46212caf','TotalRevenueAmt','MODEL_RELATION','a415173ec1cb403eb0b0630bac16af5e','FinancialStatementInfo_Type','4fa89203e94a4637baa0484d19b460c5','CURRENCY','OBJECT');
INSERT INTO PUBLIC.OBJECT_FIELD_METADATA (ID, NAME, METADATA_TYPE, PARENT_METADATA,PARENT_METADATA_NAME, REFERENCE_METADATA, REFERENCE_METADATA_NAME, REFERENCE_METADATA_TYPE)VALUES('fd2a82c664154b9f88887bcba96117aa','FinancialStatementInfo','MODEL_RELATION','6c09f8c2987c434f9b8c1c468ac04085','DirectorsAndOfficersLineBusiness_Type','a415173ec1cb403eb0b0630bac16af5e','FinancialStatementInfo_Type','OBJECT');
INSERT INTO PUBLIC.OBJECT_FIELD_METADATA (ID, NAME, METADATA_TYPE, PARENT_METADATA,PARENT_METADATA_NAME, REFERENCE_METADATA, REFERENCE_METADATA_NAME, REFERENCE_METADATA_TYPE)VALUES('d21c5bd003724edb9da0f40ffbb5ee42','DirectorsAndOfficersLineBusiness','MODEL_RELATION','a8485aa8f7a7481b8828e638330f5291','Policy_Type','6c09f8c2987c434f9b8c1c468ac04085','DirectorsAndOfficersLineBusiness_Type','MODEL');
INSERT INTO PUBLIC.OBJECT_FIELD_METADATA (ID, NAME, METADATA_TYPE, PARENT_METADATA,PARENT_METADATA_NAME, REFERENCE_METADATA, REFERENCE_METADATA_NAME, REFERENCE_METADATA_TYPE)VALUES('0ca3a9c709e049769fe4a32259d5a678','RenewalBillingMethodCd','FIELD','a8485aa8f7a7481b8828e638330f5291','Policy_Type','f2db22162eed44439a1b57cb7f575ae6','BillingMethod','PRIMITIVE');
INSERT INTO PUBLIC.OBJECT_FIELD_METADATA (ID, NAME, METADATA_TYPE, PARENT_METADATA,PARENT_METADATA_NAME, REFERENCE_METADATA, REFERENCE_METADATA_NAME, REFERENCE_METADATA_TYPE)VALUES('a94eb3b6aed24641888719e6af8782e1','PolicyTypeCd','FIELD','a8485aa8f7a7481b8828e638330f5291','Policy_Type','cf5a77523e8f4cccbdb97be5a12c28c4','PolicyType','PRIMITIVE');
INSERT INTO PUBLIC.OBJECT_FIELD_METADATA (ID, NAME, METADATA_TYPE, PARENT_METADATA,PARENT_METADATA_NAME, REFERENCE_METADATA, REFERENCE_METADATA_NAME, REFERENCE_METADATA_TYPE)VALUES('b20968c0036c4bb786d1a2badd460c30','CompanyProductSubCd','FIELD','a8485aa8f7a7481b8828e638330f5291','Policy_Type','6240ce877a244a73a1253961131c6cc9','IndustryCode_Type','PRIMITIVE');
INSERT INTO PUBLIC.OBJECT_FIELD_METADATA (ID, NAME, METADATA_TYPE, PARENT_METADATA,PARENT_METADATA_NAME, REFERENCE_METADATA, REFERENCE_METADATA_NAME, REFERENCE_METADATA_TYPE)VALUES('8f118dd886804d6b880412ea20123d09','RenewalTerm','MODEL_RELATION','a8485aa8f7a7481b8828e638330f5291','Policy_Type','2ba28904532b44bfb94bb9bca9b86a8a','DURATION','OBJECT');
INSERT INTO PUBLIC.PRIMITIVE_METADATA (ID, NAME, METADATA_TYPE) VALUES('1c07195be9244f4d86bd231036513177','BroadLineBusiness','PRIMITIVE');
INSERT INTO PUBLIC.OBJECT_FIELD_METADATA (ID, NAME, METADATA_TYPE, PARENT_METADATA,PARENT_METADATA_NAME, REFERENCE_METADATA, REFERENCE_METADATA_NAME, REFERENCE_METADATA_TYPE)VALUES('5bdfd1fb57e34dc1b87981a8dcc84e68','BroadLOBCd','FIELD','a8485aa8f7a7481b8828e638330f5291','Policy_Type','1c07195be9244f4d86bd231036513177','BroadLineBusiness','PRIMITIVE');
INSERT INTO PUBLIC.OBJECT_METADATA (ID, NAME, METADATA_TYPE, REFERENCE_METADATA, REFERENCE_METADATA_NAME) VALUES('4013863313c84e509e7e2a94f64c056d','Location_Type','OBJECT',null,null);
INSERT INTO PUBLIC.OBJECT_FIELD_METADATA (ID, NAME, METADATA_TYPE, PARENT_METADATA,PARENT_METADATA_NAME, REFERENCE_METADATA, REFERENCE_METADATA_NAME, REFERENCE_METADATA_TYPE)VALUES('9382e6f097c642999af395d027a61ffa','FireDistrictCd','FIELD','4013863313c84e509e7e2a94f64c056d','Location_Type','6240ce877a244a73a1253961131c6cc9','IndustryCode_Type','PRIMITIVE');
INSERT INTO PUBLIC.OBJECT_FIELD_METADATA (ID, NAME, METADATA_TYPE, PARENT_METADATA,PARENT_METADATA_NAME, REFERENCE_METADATA, REFERENCE_METADATA_NAME, REFERENCE_METADATA_TYPE)VALUES('84477ed766854ae1800ee7341ad55db7','RiskLocationCd','FIELD','4013863313c84e509e7e2a94f64c056d','Location_Type','45246dcfdc2c43918cf3ae5ca95b1b49','LocationType','PRIMITIVE');
INSERT INTO PUBLIC.OBJECT_FIELD_METADATA (ID, NAME, METADATA_TYPE, PARENT_METADATA,PARENT_METADATA_NAME, REFERENCE_METADATA, REFERENCE_METADATA_NAME, REFERENCE_METADATA_TYPE)VALUES('490d54c3c3434a5f8d60759c59cd83dc','AdditionalInterest','MODEL_RELATION','4013863313c84e509e7e2a94f64c056d','Location_Type','23a83d5912a54d0ca9b4669826684442','AdditionalInterest_Type','OBJECT');
INSERT INTO PUBLIC.OBJECT_FIELD_METADATA (ID, NAME, METADATA_TYPE, PARENT_METADATA,PARENT_METADATA_NAME, REFERENCE_METADATA, REFERENCE_METADATA_NAME, REFERENCE_METADATA_TYPE)VALUES('8644f6f72470468a876a7aaa3df55da9','EndorsementReasonCd','FIELD','4013863313c84e509e7e2a94f64c056d','Location_Type','76e07ae19c7745429a74f23dd18592fb','EndorsementReasonType','PRIMITIVE');
INSERT INTO PUBLIC.OBJECT_FIELD_METADATA (ID, NAME, METADATA_TYPE, PARENT_METADATA,PARENT_METADATA_NAME, REFERENCE_METADATA, REFERENCE_METADATA_NAME, REFERENCE_METADATA_TYPE)VALUES('0873d9ae4104416ca6bdc673cfa12e6e','FireStation','FIELD','4013863313c84e509e7e2a94f64c056d','Location_Type','507014f3187e4824bf7e1f18b5e26414','C-100','PRIMITIVE');
INSERT INTO PUBLIC.OBJECT_METADATA (ID, NAME, METADATA_TYPE, REFERENCE_METADATA, REFERENCE_METADATA_NAME) VALUES('97ec28514b044adb9c1d3e59ecfc4994','SubLocation_Type','OBJECT',null,null);
INSERT INTO PUBLIC.OBJECT_FIELD_METADATA (ID, NAME, METADATA_TYPE, PARENT_METADATA,PARENT_METADATA_NAME, REFERENCE_METADATA, REFERENCE_METADATA_NAME, REFERENCE_METADATA_TYPE)VALUES('6301005fb94944348efbe594924e6ba1','AdditionalInterest','MODEL_RELATION','97ec28514b044adb9c1d3e59ecfc4994','SubLocation_Type','23a83d5912a54d0ca9b4669826684442','AdditionalInterest_Type','OBJECT');
INSERT INTO PUBLIC.OBJECT_FIELD_METADATA (ID, NAME, METADATA_TYPE, PARENT_METADATA,PARENT_METADATA_NAME, REFERENCE_METADATA, REFERENCE_METADATA_NAME, REFERENCE_METADATA_TYPE)VALUES('957c98f396c64b50a1027dd5837d8ec0','NumMortgagees','FIELD','97ec28514b044adb9c1d3e59ecfc4994','SubLocation_Type','838cab4e48a54d0bb23ca5ea9db454ab','Long','PRIMITIVE');
INSERT INTO PUBLIC.OBJECT_FIELD_METADATA (ID, NAME, METADATA_TYPE, PARENT_METADATA,PARENT_METADATA_NAME, REFERENCE_METADATA, REFERENCE_METADATA_NAME, REFERENCE_METADATA_TYPE)VALUES('863bb6dd5284432aa619d549e85a0a38','SubLocationDesc','FIELD','97ec28514b044adb9c1d3e59ecfc4994','SubLocation_Type','395c33ebbd5b40f0aee8a4f93dbedf31','C-Infinite','PRIMITIVE');
INSERT INTO PUBLIC.OBJECT_FIELD_METADATA (ID, NAME, METADATA_TYPE, PARENT_METADATA,PARENT_METADATA_NAME, REFERENCE_METADATA, REFERENCE_METADATA_NAME, REFERENCE_METADATA_TYPE)VALUES('72a4c2aa72574e16811d0193f6518576','SubLocationName','FIELD','97ec28514b044adb9c1d3e59ecfc4994','SubLocation_Type','2344631100044813a5126adcfb93e80d','C-255','PRIMITIVE');
INSERT INTO PUBLIC.OBJECT_FIELD_METADATA (ID, NAME, METADATA_TYPE, PARENT_METADATA,PARENT_METADATA_NAME, REFERENCE_METADATA, REFERENCE_METADATA_NAME, REFERENCE_METADATA_TYPE)VALUES('34f29281b0f54fbeb2fdf87825815174','LegalAddr','MODEL_RELATION','97ec28514b044adb9c1d3e59ecfc4994','SubLocation_Type','d407969c2e4d4e3a9915b497eb1896e4','LegalAddr_Type','OBJECT');
INSERT INTO PUBLIC.OBJECT_FIELD_METADATA (ID, NAME, METADATA_TYPE, PARENT_METADATA,PARENT_METADATA_NAME, REFERENCE_METADATA, REFERENCE_METADATA_NAME, REFERENCE_METADATA_TYPE)VALUES('566eb94a135a4c78bbe09e56faa2cee0','ItemIdInfo','MODEL_RELATION','97ec28514b044adb9c1d3e59ecfc4994','SubLocation_Type','ba3be0e0317741b08f872c1fca47ad8f','ItemIdInfo_Type','OBJECT');
INSERT INTO PUBLIC.OBJECT_FIELD_METADATA (ID, NAME, METADATA_TYPE, PARENT_METADATA,PARENT_METADATA_NAME, REFERENCE_METADATA, REFERENCE_METADATA_NAME, REFERENCE_METADATA_TYPE)VALUES('457f45a14cd342bda7a82cbef374e71a','SubLocationExt','FIELD','97ec28514b044adb9c1d3e59ecfc4994','SubLocation_Type',null,null,null);
INSERT INTO PUBLIC.OBJECT_FIELD_METADATA (ID, NAME, METADATA_TYPE, PARENT_METADATA,PARENT_METADATA_NAME, REFERENCE_METADATA, REFERENCE_METADATA_NAME, REFERENCE_METADATA_TYPE)VALUES('449ebc592e00402f99d9bfe3e9c942d2','Link','MODEL_RELATION','97ec28514b044adb9c1d3e59ecfc4994','SubLocation_Type','366dc9a89db94de3b92abf43ef1bf084','Link_Type','OBJECT');
INSERT INTO PUBLIC.OBJECT_FIELD_METADATA (ID, NAME, METADATA_TYPE, PARENT_METADATA,PARENT_METADATA_NAME, REFERENCE_METADATA, REFERENCE_METADATA_NAME, REFERENCE_METADATA_TYPE)VALUES('aa4c085ab1cb49359985006f8d909a2a','Addr','MODEL_RELATION','97ec28514b044adb9c1d3e59ecfc4994','SubLocation_Type','759d14d8f09b4177b35c09e2f3403b97','Addr_Type','OBJECT');
INSERT INTO PUBLIC.OBJECT_FIELD_METADATA (ID, NAME, METADATA_TYPE, PARENT_METADATA,PARENT_METADATA_NAME, REFERENCE_METADATA, REFERENCE_METADATA_NAME, REFERENCE_METADATA_TYPE)VALUES('06b02cb19a8042c48ddbc2d3a07a5995','SubLocation','MODEL_RELATION','4013863313c84e509e7e2a94f64c056d','Location_Type','97ec28514b044adb9c1d3e59ecfc4994','SubLocation_Type','OBJECT');
INSERT INTO PUBLIC.OBJECT_FIELD_METADATA (ID, NAME, METADATA_TYPE, PARENT_METADATA,PARENT_METADATA_NAME, REFERENCE_METADATA, REFERENCE_METADATA_NAME, REFERENCE_METADATA_TYPE)VALUES('8217b5992b6f4c9c8a8d66b5a050019d','Communications','MODEL_RELATION','4013863313c84e509e7e2a94f64c056d','Location_Type','f385568ab6b54cc38c190ef5eeffe324','Communications_Type','OBJECT');
INSERT INTO PUBLIC.OBJECT_FIELD_METADATA (ID, NAME, METADATA_TYPE, PARENT_METADATA,PARENT_METADATA_NAME, REFERENCE_METADATA, REFERENCE_METADATA_NAME, REFERENCE_METADATA_TYPE)VALUES('da1d89a67e4d47529089b44e4d524097','FireDistrict','FIELD','4013863313c84e509e7e2a94f64c056d','Location_Type','55b59a1110684fd89e504a9f6215f5d2','C-64','PRIMITIVE');
INSERT INTO PUBLIC.OBJECT_FIELD_METADATA (ID, NAME, METADATA_TYPE, PARENT_METADATA,PARENT_METADATA_NAME, REFERENCE_METADATA, REFERENCE_METADATA_NAME, REFERENCE_METADATA_TYPE)VALUES('b4a26e3b119c45bfbbe4dcf09f1588de','LocationDesc','FIELD','4013863313c84e509e7e2a94f64c056d','Location_Type','395c33ebbd5b40f0aee8a4f93dbedf31','C-Infinite','PRIMITIVE');
INSERT INTO PUBLIC.OBJECT_FIELD_METADATA (ID, NAME, METADATA_TYPE, PARENT_METADATA,PARENT_METADATA_NAME, REFERENCE_METADATA, REFERENCE_METADATA_NAME, REFERENCE_METADATA_TYPE)VALUES('bd7f094accf84185bf127d7d83d2bebc','TaxCodeInfo','MODEL_RELATION','4013863313c84e509e7e2a94f64c056d','Location_Type','20d8174db8aa43d2ba6a6e9c69d43a94','TaxCodeInfo_Type','OBJECT');
INSERT INTO PUBLIC.OBJECT_FIELD_METADATA (ID, NAME, METADATA_TYPE, PARENT_METADATA,PARENT_METADATA_NAME, REFERENCE_METADATA, REFERENCE_METADATA_NAME, REFERENCE_METADATA_TYPE)VALUES('0d89309cad954bfe86c749d3e99ae39e','Addr','MODEL_RELATION','4013863313c84e509e7e2a94f64c056d','Location_Type','759d14d8f09b4177b35c09e2f3403b97','Addr_Type','OBJECT');
INSERT INTO PUBLIC.OBJECT_FIELD_METADATA (ID, NAME, METADATA_TYPE, PARENT_METADATA,PARENT_METADATA_NAME, REFERENCE_METADATA, REFERENCE_METADATA_NAME, REFERENCE_METADATA_TYPE)VALUES('3056c31f23fe459d980d9da01252ceea','LocationName','FIELD','4013863313c84e509e7e2a94f64c056d','Location_Type','2344631100044813a5126adcfb93e80d','C-255','PRIMITIVE');
INSERT INTO PUBLIC.OBJECT_FIELD_METADATA (ID, NAME, METADATA_TYPE, PARENT_METADATA,PARENT_METADATA_NAME, REFERENCE_METADATA, REFERENCE_METADATA_NAME, REFERENCE_METADATA_TYPE)VALUES('7528ecb7ba924f0a8a7a111de3b07643','CatastropheZoneCd','FIELD','4013863313c84e509e7e2a94f64c056d','Location_Type','6240ce877a244a73a1253961131c6cc9','IndustryCode_Type','PRIMITIVE');
INSERT INTO PUBLIC.OBJECT_FIELD_METADATA (ID, NAME, METADATA_TYPE, PARENT_METADATA,PARENT_METADATA_NAME, REFERENCE_METADATA, REFERENCE_METADATA_NAME, REFERENCE_METADATA_TYPE)VALUES('b43a7e1873ab464d812a5edb312f3260','EarthquakeZoneCd','FIELD','4013863313c84e509e7e2a94f64c056d','Location_Type','6240ce877a244a73a1253961131c6cc9','IndustryCode_Type','PRIMITIVE');
INSERT INTO PUBLIC.PRIMITIVE_METADATA (ID, NAME, METADATA_TYPE) VALUES('aec81f8a77484ec495b519dbadcadda6','ReportingTransactionType','PRIMITIVE');
INSERT INTO PUBLIC.OBJECT_FIELD_METADATA (ID, NAME, METADATA_TYPE, PARENT_METADATA,PARENT_METADATA_NAME, REFERENCE_METADATA, REFERENCE_METADATA_NAME, REFERENCE_METADATA_TYPE)VALUES('3be1f48922834a42b66becbeb14052d0','ReportingTransactionTypeCd','FIELD','4013863313c84e509e7e2a94f64c056d','Location_Type','aec81f8a77484ec495b519dbadcadda6','ReportingTransactionType','PRIMITIVE');
INSERT INTO PUBLIC.OBJECT_FIELD_METADATA (ID, NAME, METADATA_TYPE, PARENT_METADATA,PARENT_METADATA_NAME, REFERENCE_METADATA, REFERENCE_METADATA_NAME, REFERENCE_METADATA_TYPE)VALUES('f741aa25d157408698a398bf1aa39ade','NumMortgagees','FIELD','4013863313c84e509e7e2a94f64c056d','Location_Type','838cab4e48a54d0bb23ca5ea9db454ab','Long','PRIMITIVE');
INSERT INTO PUBLIC.OBJECT_FIELD_METADATA (ID, NAME, METADATA_TYPE, PARENT_METADATA,PARENT_METADATA_NAME, REFERENCE_METADATA, REFERENCE_METADATA_NAME, REFERENCE_METADATA_TYPE)VALUES('54953b93a07d4cfdbe327a8bb8d667e8','CountyTownCd','FIELD','4013863313c84e509e7e2a94f64c056d','Location_Type','6240ce877a244a73a1253961131c6cc9','IndustryCode_Type','PRIMITIVE');
INSERT INTO PUBLIC.OBJECT_FIELD_METADATA (ID, NAME, METADATA_TYPE, PARENT_METADATA,PARENT_METADATA_NAME, REFERENCE_METADATA, REFERENCE_METADATA_NAME, REFERENCE_METADATA_TYPE)VALUES('abefb547e0874892ad65698ac501104c','LocationExt','FIELD','4013863313c84e509e7e2a94f64c056d','Location_Type',null,null,null);
INSERT INTO PUBLIC.OBJECT_FIELD_METADATA (ID, NAME, METADATA_TYPE, PARENT_METADATA,PARENT_METADATA_NAME, REFERENCE_METADATA, REFERENCE_METADATA_NAME, REFERENCE_METADATA_TYPE)VALUES('4b928eff893e42dfa5a260692aae2a7e','ItemIdInfo','MODEL_RELATION','4013863313c84e509e7e2a94f64c056d','Location_Type','ba3be0e0317741b08f872c1fca47ad8f','ItemIdInfo_Type','OBJECT');
INSERT INTO PUBLIC.OBJECT_FIELD_METADATA (ID, NAME, METADATA_TYPE, PARENT_METADATA,PARENT_METADATA_NAME, REFERENCE_METADATA, REFERENCE_METADATA_NAME, REFERENCE_METADATA_TYPE)VALUES('7e586d0aac1540b9a1c75c390b11c831','Link','MODEL_RELATION','4013863313c84e509e7e2a94f64c056d','Location_Type','366dc9a89db94de3b92abf43ef1bf084','Link_Type','OBJECT');
INSERT INTO PUBLIC.OBJECT_FIELD_METADATA (ID, NAME, METADATA_TYPE, PARENT_METADATA,PARENT_METADATA_NAME, REFERENCE_METADATA, REFERENCE_METADATA_NAME, REFERENCE_METADATA_TYPE)VALUES('8ae944e19f6c48568647b67c2963a1c1','Location','MODEL_RELATION','a8485aa8f7a7481b8828e638330f5291','Policy_Type','4013863313c84e509e7e2a94f64c056d','Location_Type','OBJECT');
